Dataset;dataset1;dataset1;dataset2;dataset2;dataset2
Metric;accuracy;f1_score;accuracy;f1_score;precision
method3;96;0.8453900382478637;89;0.786813728485904;0.8732884096672802
method4;99;0.795735471908912;94;0.7155759764798395;0.8806310614874178
method5;90;0.8809080196934425;85;0.9204007509950887;0.9369070242531305
method6;91;0.9010996502485884;100;0.7927479191556596;0.8837699203031166
our_method1;100;0.93;;;
our_method2;90;0.85;100;;0.87
