experiment;dataset;metric_accuracy;metric_f1_score;metric_precision;metric_recall (TPR);metric_FPR;metric_FPS
temp_tpt;DFireStatic;0.7799999713897705;0.8253968358039856;0.9285714030265808;0.7428571581840515;0.13333334028720856;53.4329948425293
