video;frame_idx;num_frames;gt_label;video_path;temp_method_motion_block.AccMotionDet;temp_method_motion_block.AccMotionDet_dir;no_temp_method;no_temp_method_dir
aihub__lb_fire__1163.mp4;13;360;fire_smoke;/mnt/e/SyncData/paper2_main/datasets/UFireIndoorFull/test/test_firesmoke/aihub__lb_fire__1163.mp4;none;/mnt/e/SyncData/paper2_main/zout/reports/baseline_vs_accMotion/1GPU_SV__ds_UFireIndoorTest__mt_temp_method_motion_block__e1ccb7b889a0__20260401.144240;none;/mnt/e/SyncData/paper2_main/zout/reports/baseline_vs_accMotion/MainPC__ds_UFireIndoorTest__mt_no_temp_method__af4b0d32a3d2__20260330.205208
aihub__lb_fire__1163.mp4;14;360;fire_smoke;/mnt/e/SyncData/paper2_main/datasets/UFireIndoorFull/test/test_firesmoke/aihub__lb_fire__1163.mp4;none;/mnt/e/SyncData/paper2_main/zout/reports/baseline_vs_accMotion/1GPU_SV__ds_UFireIndoorTest__mt_temp_method_motion_block__e1ccb7b889a0__20260401.144240;none;/mnt/e/SyncData/paper2_main/zout/reports/baseline_vs_accMotion/MainPC__ds_UFireIndoorTest__mt_no_temp_method__af4b0d32a3d2__20260330.205208
aihub__lb_fire__1163.mp4;15;360;fire_smoke;/mnt/e/SyncData/paper2_main/datasets/UFireIndoorFull/test/test_firesmoke/aihub__lb_fire__1163.mp4;none;/mnt/e/SyncData/paper2_main/zout/reports/baseline_vs_accMotion/1GPU_SV__ds_UFireIndoorTest__mt_temp_method_motion_block__e1ccb7b889a0__20260401.144240;none;/mnt/e/SyncData/paper2_main/zout/reports/baseline_vs_accMotion/MainPC__ds_UFireIndoorTest__mt_no_temp_method__af4b0d32a3d2__20260330.205208
aihub__lb_fire__1163.mp4;16;360;fire_smoke;/mnt/e/SyncData/paper2_main/datasets/UFireIndoorFull/test/test_firesmoke/aihub__lb_fire__1163.mp4;none;/mnt/e/SyncData/paper2_main/zout/reports/baseline_vs_accMotion/1GPU_SV__ds_UFireIndoorTest__mt_temp_method_motion_block__e1ccb7b889a0__20260401.144240;none;/mnt/e/SyncData/paper2_main/zout/reports/baseline_vs_accMotion/MainPC__ds_UFireIndoorTest__mt_no_temp_method__af4b0d32a3d2__20260330.205208
aihub__lb_fire__1163.mp4;17;360;fire_smoke;/mnt/e/SyncData/paper2_main/datasets/UFireIndoorFull/test/test_firesmoke/aihub__lb_fire__1163.mp4;none;/mnt/e/SyncData/paper2_main/zout/reports/baseline_vs_accMotion/1GPU_SV__ds_UFireIndoorTest__mt_temp_method_motion_block__e1ccb7b889a0__20260401.144240;none;/mnt/e/SyncData/paper2_main/zout/reports/baseline_vs_accMotion/MainPC__ds_UFireIndoorTest__mt_no_temp_method__af4b0d32a3d2__20260330.205208
aihub__lb_fire__1163.mp4;19;360;fire_smoke;/mnt/e/SyncData/paper2_main/datasets/UFireIndoorFull/test/test_firesmoke/aihub__lb_fire__1163.mp4;none;/mnt/e/SyncData/paper2_main/zout/reports/baseline_vs_accMotion/1GPU_SV__ds_UFireIndoorTest__mt_temp_method_motion_block__e1ccb7b889a0__20260401.144240;none;/mnt/e/SyncData/paper2_main/zout/reports/baseline_vs_accMotion/MainPC__ds_UFireIndoorTest__mt_no_temp_method__af4b0d32a3d2__20260330.205208
aihub__lb_fire__1163.mp4;20;360;fire_smoke;/mnt/e/SyncData/paper2_main/datasets/UFireIndoorFull/test/test_firesmoke/aihub__lb_fire__1163.mp4;none;/mnt/e/SyncData/paper2_main/zout/reports/baseline_vs_accMotion/1GPU_SV__ds_UFireIndoorTest__mt_temp_method_motion_block__e1ccb7b889a0__20260401.144240;none;/mnt/e/SyncData/paper2_main/zout/reports/baseline_vs_accMotion/MainPC__ds_UFireIndoorTest__mt_no_temp_method__af4b0d32a3d2__20260330.205208
aihub__lb_fire__1163.mp4;36;360;fire_smoke;/mnt/e/SyncData/paper2_main/datasets/UFireIndoorFull/test/test_firesmoke/aihub__lb_fire__1163.mp4;none;/mnt/e/SyncData/paper2_main/zout/reports/baseline_vs_accMotion/1GPU_SV__ds_UFireIndoorTest__mt_temp_method_motion_block__e1ccb7b889a0__20260401.144240;none;/mnt/e/SyncData/paper2_main/zout/reports/baseline_vs_accMotion/MainPC__ds_UFireIndoorTest__mt_no_temp_method__af4b0d32a3d2__20260330.205208
aihub__lb_fire__1163.mp4;39;360;fire_smoke;/mnt/e/SyncData/paper2_main/datasets/UFireIndoorFull/test/test_firesmoke/aihub__lb_fire__1163.mp4;none;/mnt/e/SyncData/paper2_main/zout/reports/baseline_vs_accMotion/1GPU_SV__ds_UFireIndoorTest__mt_temp_method_motion_block__e1ccb7b889a0__20260401.144240;none;/mnt/e/SyncData/paper2_main/zout/reports/baseline_vs_accMotion/MainPC__ds_UFireIndoorTest__mt_no_temp_method__af4b0d32a3d2__20260330.205208
aihub__lb_fire__1163.mp4;40;360;fire_smoke;/mnt/e/SyncData/paper2_main/datasets/UFireIndoorFull/test/test_firesmoke/aihub__lb_fire__1163.mp4;none;/mnt/e/SyncData/paper2_main/zout/reports/baseline_vs_accMotion/1GPU_SV__ds_UFireIndoorTest__mt_temp_method_motion_block__e1ccb7b889a0__20260401.144240;none;/mnt/e/SyncData/paper2_main/zout/reports/baseline_vs_accMotion/MainPC__ds_UFireIndoorTest__mt_no_temp_method__af4b0d32a3d2__20260330.205208
aihub__lb_fire__1163.mp4;41;360;fire_smoke;/mnt/e/SyncData/paper2_main/datasets/UFireIndoorFull/test/test_firesmoke/aihub__lb_fire__1163.mp4;none;/mnt/e/SyncData/paper2_main/zout/reports/baseline_vs_accMotion/1GPU_SV__ds_UFireIndoorTest__mt_temp_method_motion_block__e1ccb7b889a0__20260401.144240;none;/mnt/e/SyncData/paper2_main/zout/reports/baseline_vs_accMotion/MainPC__ds_UFireIndoorTest__mt_no_temp_method__af4b0d32a3d2__20260330.205208
aihub__lb_fire__1163.mp4;42;360;fire_smoke;/mnt/e/SyncData/paper2_main/datasets/UFireIndoorFull/test/test_firesmoke/aihub__lb_fire__1163.mp4;none;/mnt/e/SyncData/paper2_main/zout/reports/baseline_vs_accMotion/1GPU_SV__ds_UFireIndoorTest__mt_temp_method_motion_block__e1ccb7b889a0__20260401.144240;none;/mnt/e/SyncData/paper2_main/zout/reports/baseline_vs_accMotion/MainPC__ds_UFireIndoorTest__mt_no_temp_method__af4b0d32a3d2__20260330.205208
aihub__lb_fire__1163.mp4;45;360;fire_smoke;/mnt/e/SyncData/paper2_main/datasets/UFireIndoorFull/test/test_firesmoke/aihub__lb_fire__1163.mp4;none;/mnt/e/SyncData/paper2_main/zout/reports/baseline_vs_accMotion/1GPU_SV__ds_UFireIndoorTest__mt_temp_method_motion_block__e1ccb7b889a0__20260401.144240;none;/mnt/e/SyncData/paper2_main/zout/reports/baseline_vs_accMotion/MainPC__ds_UFireIndoorTest__mt_no_temp_method__af4b0d32a3d2__20260330.205208
aihub__lb_fire__1163.mp4;78;360;fire_smoke;/mnt/e/SyncData/paper2_main/datasets/UFireIndoorFull/test/test_firesmoke/aihub__lb_fire__1163.mp4;none;/mnt/e/SyncData/paper2_main/zout/reports/baseline_vs_accMotion/1GPU_SV__ds_UFireIndoorTest__mt_temp_method_motion_block__e1ccb7b889a0__20260401.144240;none;/mnt/e/SyncData/paper2_main/zout/reports/baseline_vs_accMotion/MainPC__ds_UFireIndoorTest__mt_no_temp_method__af4b0d32a3d2__20260330.205208
aihub__lb_fire__1163.mp4;84;360;fire_smoke;/mnt/e/SyncData/paper2_main/datasets/UFireIndoorFull/test/test_firesmoke/aihub__lb_fire__1163.mp4;none;/mnt/e/SyncData/paper2_main/zout/reports/baseline_vs_accMotion/1GPU_SV__ds_UFireIndoorTest__mt_temp_method_motion_block__e1ccb7b889a0__20260401.144240;none;/mnt/e/SyncData/paper2_main/zout/reports/baseline_vs_accMotion/MainPC__ds_UFireIndoorTest__mt_no_temp_method__af4b0d32a3d2__20260330.205208
aihub__lb_fire__1163.mp4;174;360;fire_smoke;/mnt/e/SyncData/paper2_main/datasets/UFireIndoorFull/test/test_firesmoke/aihub__lb_fire__1163.mp4;none;/mnt/e/SyncData/paper2_main/zout/reports/baseline_vs_accMotion/1GPU_SV__ds_UFireIndoorTest__mt_temp_method_motion_block__e1ccb7b889a0__20260401.144240;none;/mnt/e/SyncData/paper2_main/zout/reports/baseline_vs_accMotion/MainPC__ds_UFireIndoorTest__mt_no_temp_method__af4b0d32a3d2__20260330.205208
aihub__lb_fire__1163.mp4;195;360;fire_smoke;/mnt/e/SyncData/paper2_main/datasets/UFireIndoorFull/test/test_firesmoke/aihub__lb_fire__1163.mp4;none;/mnt/e/SyncData/paper2_main/zout/reports/baseline_vs_accMotion/1GPU_SV__ds_UFireIndoorTest__mt_temp_method_motion_block__e1ccb7b889a0__20260401.144240;none;/mnt/e/SyncData/paper2_main/zout/reports/baseline_vs_accMotion/MainPC__ds_UFireIndoorTest__mt_no_temp_method__af4b0d32a3d2__20260330.205208
aihub__lb_fire__1163.mp4;240;360;fire_smoke;/mnt/e/SyncData/paper2_main/datasets/UFireIndoorFull/test/test_firesmoke/aihub__lb_fire__1163.mp4;none;/mnt/e/SyncData/paper2_main/zout/reports/baseline_vs_accMotion/1GPU_SV__ds_UFireIndoorTest__mt_temp_method_motion_block__e1ccb7b889a0__20260401.144240;none;/mnt/e/SyncData/paper2_main/zout/reports/baseline_vs_accMotion/MainPC__ds_UFireIndoorTest__mt_no_temp_method__af4b0d32a3d2__20260330.205208
aihub__lb_fire__1180.mp4;88;360;fire_smoke;/mnt/e/SyncData/paper2_main/datasets/UFireIndoorFull/test/test_firesmoke/aihub__lb_fire__1180.mp4;none;/mnt/e/SyncData/paper2_main/zout/reports/baseline_vs_accMotion/1GPU_SV__ds_UFireIndoorTest__mt_temp_method_motion_block__e1ccb7b889a0__20260401.144240;none;/mnt/e/SyncData/paper2_main/zout/reports/baseline_vs_accMotion/MainPC__ds_UFireIndoorTest__mt_no_temp_method__af4b0d32a3d2__20260330.205208
aihub__lb_fire__1261.mp4;4;360;fire_smoke;/mnt/e/SyncData/paper2_main/datasets/UFireIndoorFull/test/test_firesmoke/aihub__lb_fire__1261.mp4;none;/mnt/e/SyncData/paper2_main/zout/reports/baseline_vs_accMotion/1GPU_SV__ds_UFireIndoorTest__mt_temp_method_motion_block__e1ccb7b889a0__20260401.144240;none;/mnt/e/SyncData/paper2_main/zout/reports/baseline_vs_accMotion/MainPC__ds_UFireIndoorTest__mt_no_temp_method__af4b0d32a3d2__20260330.205208
aihub__lb_fire__1261.mp4;5;360;fire_smoke;/mnt/e/SyncData/paper2_main/datasets/UFireIndoorFull/test/test_firesmoke/aihub__lb_fire__1261.mp4;none;/mnt/e/SyncData/paper2_main/zout/reports/baseline_vs_accMotion/1GPU_SV__ds_UFireIndoorTest__mt_temp_method_motion_block__e1ccb7b889a0__20260401.144240;none;/mnt/e/SyncData/paper2_main/zout/reports/baseline_vs_accMotion/MainPC__ds_UFireIndoorTest__mt_no_temp_method__af4b0d32a3d2__20260330.205208
aihub__lb_fire__1261.mp4;6;360;fire_smoke;/mnt/e/SyncData/paper2_main/datasets/UFireIndoorFull/test/test_firesmoke/aihub__lb_fire__1261.mp4;none;/mnt/e/SyncData/paper2_main/zout/reports/baseline_vs_accMotion/1GPU_SV__ds_UFireIndoorTest__mt_temp_method_motion_block__e1ccb7b889a0__20260401.144240;none;/mnt/e/SyncData/paper2_main/zout/reports/baseline_vs_accMotion/MainPC__ds_UFireIndoorTest__mt_no_temp_method__af4b0d32a3d2__20260330.205208
aihub__lb_fire__1261.mp4;8;360;fire_smoke;/mnt/e/SyncData/paper2_main/datasets/UFireIndoorFull/test/test_firesmoke/aihub__lb_fire__1261.mp4;none;/mnt/e/SyncData/paper2_main/zout/reports/baseline_vs_accMotion/1GPU_SV__ds_UFireIndoorTest__mt_temp_method_motion_block__e1ccb7b889a0__20260401.144240;none;/mnt/e/SyncData/paper2_main/zout/reports/baseline_vs_accMotion/MainPC__ds_UFireIndoorTest__mt_no_temp_method__af4b0d32a3d2__20260330.205208
aihub__lb_fire__1261.mp4;15;360;fire_smoke;/mnt/e/SyncData/paper2_main/datasets/UFireIndoorFull/test/test_firesmoke/aihub__lb_fire__1261.mp4;none;/mnt/e/SyncData/paper2_main/zout/reports/baseline_vs_accMotion/1GPU_SV__ds_UFireIndoorTest__mt_temp_method_motion_block__e1ccb7b889a0__20260401.144240;none;/mnt/e/SyncData/paper2_main/zout/reports/baseline_vs_accMotion/MainPC__ds_UFireIndoorTest__mt_no_temp_method__af4b0d32a3d2__20260330.205208
aihub__lb_fire__1261.mp4;16;360;fire_smoke;/mnt/e/SyncData/paper2_main/datasets/UFireIndoorFull/test/test_firesmoke/aihub__lb_fire__1261.mp4;none;/mnt/e/SyncData/paper2_main/zout/reports/baseline_vs_accMotion/1GPU_SV__ds_UFireIndoorTest__mt_temp_method_motion_block__e1ccb7b889a0__20260401.144240;none;/mnt/e/SyncData/paper2_main/zout/reports/baseline_vs_accMotion/MainPC__ds_UFireIndoorTest__mt_no_temp_method__af4b0d32a3d2__20260330.205208
aihub__lb_fire__1261.mp4;18;360;fire_smoke;/mnt/e/SyncData/paper2_main/datasets/UFireIndoorFull/test/test_firesmoke/aihub__lb_fire__1261.mp4;none;/mnt/e/SyncData/paper2_main/zout/reports/baseline_vs_accMotion/1GPU_SV__ds_UFireIndoorTest__mt_temp_method_motion_block__e1ccb7b889a0__20260401.144240;none;/mnt/e/SyncData/paper2_main/zout/reports/baseline_vs_accMotion/MainPC__ds_UFireIndoorTest__mt_no_temp_method__af4b0d32a3d2__20260330.205208
aihub__lb_fire__1261.mp4;19;360;fire_smoke;/mnt/e/SyncData/paper2_main/datasets/UFireIndoorFull/test/test_firesmoke/aihub__lb_fire__1261.mp4;none;/mnt/e/SyncData/paper2_main/zout/reports/baseline_vs_accMotion/1GPU_SV__ds_UFireIndoorTest__mt_temp_method_motion_block__e1ccb7b889a0__20260401.144240;none;/mnt/e/SyncData/paper2_main/zout/reports/baseline_vs_accMotion/MainPC__ds_UFireIndoorTest__mt_no_temp_method__af4b0d32a3d2__20260330.205208
aihub__lb_fire__1261.mp4;24;360;fire_smoke;/mnt/e/SyncData/paper2_main/datasets/UFireIndoorFull/test/test_firesmoke/aihub__lb_fire__1261.mp4;none;/mnt/e/SyncData/paper2_main/zout/reports/baseline_vs_accMotion/1GPU_SV__ds_UFireIndoorTest__mt_temp_method_motion_block__e1ccb7b889a0__20260401.144240;none;/mnt/e/SyncData/paper2_main/zout/reports/baseline_vs_accMotion/MainPC__ds_UFireIndoorTest__mt_no_temp_method__af4b0d32a3d2__20260330.205208
aihub__lb_fire__1261.mp4;25;360;fire_smoke;/mnt/e/SyncData/paper2_main/datasets/UFireIndoorFull/test/test_firesmoke/aihub__lb_fire__1261.mp4;none;/mnt/e/SyncData/paper2_main/zout/reports/baseline_vs_accMotion/1GPU_SV__ds_UFireIndoorTest__mt_temp_method_motion_block__e1ccb7b889a0__20260401.144240;none;/mnt/e/SyncData/paper2_main/zout/reports/baseline_vs_accMotion/MainPC__ds_UFireIndoorTest__mt_no_temp_method__af4b0d32a3d2__20260330.205208
aihub__lb_fire__1261.mp4;138;360;fire_smoke;/mnt/e/SyncData/paper2_main/datasets/UFireIndoorFull/test/test_firesmoke/aihub__lb_fire__1261.mp4;none;/mnt/e/SyncData/paper2_main/zout/reports/baseline_vs_accMotion/1GPU_SV__ds_UFireIndoorTest__mt_temp_method_motion_block__e1ccb7b889a0__20260401.144240;none;/mnt/e/SyncData/paper2_main/zout/reports/baseline_vs_accMotion/MainPC__ds_UFireIndoorTest__mt_no_temp_method__af4b0d32a3d2__20260330.205208
aihub__lb_smoke__0208.mp4;13;360;fire_smoke;/mnt/e/SyncData/paper2_main/datasets/UFireIndoorFull/test/test_firesmoke/aihub__lb_smoke__0208.mp4;none;/mnt/e/SyncData/paper2_main/zout/reports/baseline_vs_accMotion/1GPU_SV__ds_UFireIndoorTest__mt_temp_method_motion_block__e1ccb7b889a0__20260401.144240;none;/mnt/e/SyncData/paper2_main/zout/reports/baseline_vs_accMotion/MainPC__ds_UFireIndoorTest__mt_no_temp_method__af4b0d32a3d2__20260330.205208
aihub__lb_smoke__0208.mp4;14;360;fire_smoke;/mnt/e/SyncData/paper2_main/datasets/UFireIndoorFull/test/test_firesmoke/aihub__lb_smoke__0208.mp4;none;/mnt/e/SyncData/paper2_main/zout/reports/baseline_vs_accMotion/1GPU_SV__ds_UFireIndoorTest__mt_temp_method_motion_block__e1ccb7b889a0__20260401.144240;none;/mnt/e/SyncData/paper2_main/zout/reports/baseline_vs_accMotion/MainPC__ds_UFireIndoorTest__mt_no_temp_method__af4b0d32a3d2__20260330.205208
aihub__lb_smoke__0208.mp4;15;360;fire_smoke;/mnt/e/SyncData/paper2_main/datasets/UFireIndoorFull/test/test_firesmoke/aihub__lb_smoke__0208.mp4;none;/mnt/e/SyncData/paper2_main/zout/reports/baseline_vs_accMotion/1GPU_SV__ds_UFireIndoorTest__mt_temp_method_motion_block__e1ccb7b889a0__20260401.144240;none;/mnt/e/SyncData/paper2_main/zout/reports/baseline_vs_accMotion/MainPC__ds_UFireIndoorTest__mt_no_temp_method__af4b0d32a3d2__20260330.205208
aihub__lb_smoke__0208.mp4;16;360;fire_smoke;/mnt/e/SyncData/paper2_main/datasets/UFireIndoorFull/test/test_firesmoke/aihub__lb_smoke__0208.mp4;none;/mnt/e/SyncData/paper2_main/zout/reports/baseline_vs_accMotion/1GPU_SV__ds_UFireIndoorTest__mt_temp_method_motion_block__e1ccb7b889a0__20260401.144240;none;/mnt/e/SyncData/paper2_main/zout/reports/baseline_vs_accMotion/MainPC__ds_UFireIndoorTest__mt_no_temp_method__af4b0d32a3d2__20260330.205208
aihub__lb_smoke__0208.mp4;71;360;fire_smoke;/mnt/e/SyncData/paper2_main/datasets/UFireIndoorFull/test/test_firesmoke/aihub__lb_smoke__0208.mp4;none;/mnt/e/SyncData/paper2_main/zout/reports/baseline_vs_accMotion/1GPU_SV__ds_UFireIndoorTest__mt_temp_method_motion_block__e1ccb7b889a0__20260401.144240;none;/mnt/e/SyncData/paper2_main/zout/reports/baseline_vs_accMotion/MainPC__ds_UFireIndoorTest__mt_no_temp_method__af4b0d32a3d2__20260330.205208
aihub__lb_smoke__0208.mp4;72;360;fire_smoke;/mnt/e/SyncData/paper2_main/datasets/UFireIndoorFull/test/test_firesmoke/aihub__lb_smoke__0208.mp4;none;/mnt/e/SyncData/paper2_main/zout/reports/baseline_vs_accMotion/1GPU_SV__ds_UFireIndoorTest__mt_temp_method_motion_block__e1ccb7b889a0__20260401.144240;none;/mnt/e/SyncData/paper2_main/zout/reports/baseline_vs_accMotion/MainPC__ds_UFireIndoorTest__mt_no_temp_method__af4b0d32a3d2__20260330.205208
aihub__lb_smoke__0208.mp4;73;360;fire_smoke;/mnt/e/SyncData/paper2_main/datasets/UFireIndoorFull/test/test_firesmoke/aihub__lb_smoke__0208.mp4;none;/mnt/e/SyncData/paper2_main/zout/reports/baseline_vs_accMotion/1GPU_SV__ds_UFireIndoorTest__mt_temp_method_motion_block__e1ccb7b889a0__20260401.144240;none;/mnt/e/SyncData/paper2_main/zout/reports/baseline_vs_accMotion/MainPC__ds_UFireIndoorTest__mt_no_temp_method__af4b0d32a3d2__20260330.205208
aihub__lb_smoke__0208.mp4;74;360;fire_smoke;/mnt/e/SyncData/paper2_main/datasets/UFireIndoorFull/test/test_firesmoke/aihub__lb_smoke__0208.mp4;none;/mnt/e/SyncData/paper2_main/zout/reports/baseline_vs_accMotion/1GPU_SV__ds_UFireIndoorTest__mt_temp_method_motion_block__e1ccb7b889a0__20260401.144240;none;/mnt/e/SyncData/paper2_main/zout/reports/baseline_vs_accMotion/MainPC__ds_UFireIndoorTest__mt_no_temp_method__af4b0d32a3d2__20260330.205208
aihub__lb_smoke__0208.mp4;75;360;fire_smoke;/mnt/e/SyncData/paper2_main/datasets/UFireIndoorFull/test/test_firesmoke/aihub__lb_smoke__0208.mp4;none;/mnt/e/SyncData/paper2_main/zout/reports/baseline_vs_accMotion/1GPU_SV__ds_UFireIndoorTest__mt_temp_method_motion_block__e1ccb7b889a0__20260401.144240;none;/mnt/e/SyncData/paper2_main/zout/reports/baseline_vs_accMotion/MainPC__ds_UFireIndoorTest__mt_no_temp_method__af4b0d32a3d2__20260330.205208
aihub__lb_smoke__0208.mp4;76;360;fire_smoke;/mnt/e/SyncData/paper2_main/datasets/UFireIndoorFull/test/test_firesmoke/aihub__lb_smoke__0208.mp4;none;/mnt/e/SyncData/paper2_main/zout/reports/baseline_vs_accMotion/1GPU_SV__ds_UFireIndoorTest__mt_temp_method_motion_block__e1ccb7b889a0__20260401.144240;none;/mnt/e/SyncData/paper2_main/zout/reports/baseline_vs_accMotion/MainPC__ds_UFireIndoorTest__mt_no_temp_method__af4b0d32a3d2__20260330.205208
aihub__lb_smoke__0208.mp4;77;360;fire_smoke;/mnt/e/SyncData/paper2_main/datasets/UFireIndoorFull/test/test_firesmoke/aihub__lb_smoke__0208.mp4;none;/mnt/e/SyncData/paper2_main/zout/reports/baseline_vs_accMotion/1GPU_SV__ds_UFireIndoorTest__mt_temp_method_motion_block__e1ccb7b889a0__20260401.144240;none;/mnt/e/SyncData/paper2_main/zout/reports/baseline_vs_accMotion/MainPC__ds_UFireIndoorTest__mt_no_temp_method__af4b0d32a3d2__20260330.205208
aihub__lb_smoke__0208.mp4;78;360;fire_smoke;/mnt/e/SyncData/paper2_main/datasets/UFireIndoorFull/test/test_firesmoke/aihub__lb_smoke__0208.mp4;none;/mnt/e/SyncData/paper2_main/zout/reports/baseline_vs_accMotion/1GPU_SV__ds_UFireIndoorTest__mt_temp_method_motion_block__e1ccb7b889a0__20260401.144240;none;/mnt/e/SyncData/paper2_main/zout/reports/baseline_vs_accMotion/MainPC__ds_UFireIndoorTest__mt_no_temp_method__af4b0d32a3d2__20260330.205208
aihub__lb_smoke__0208.mp4;79;360;fire_smoke;/mnt/e/SyncData/paper2_main/datasets/UFireIndoorFull/test/test_firesmoke/aihub__lb_smoke__0208.mp4;none;/mnt/e/SyncData/paper2_main/zout/reports/baseline_vs_accMotion/1GPU_SV__ds_UFireIndoorTest__mt_temp_method_motion_block__e1ccb7b889a0__20260401.144240;none;/mnt/e/SyncData/paper2_main/zout/reports/baseline_vs_accMotion/MainPC__ds_UFireIndoorTest__mt_no_temp_method__af4b0d32a3d2__20260330.205208
aihub__lb_smoke__0208.mp4;102;360;fire_smoke;/mnt/e/SyncData/paper2_main/datasets/UFireIndoorFull/test/test_firesmoke/aihub__lb_smoke__0208.mp4;none;/mnt/e/SyncData/paper2_main/zout/reports/baseline_vs_accMotion/1GPU_SV__ds_UFireIndoorTest__mt_temp_method_motion_block__e1ccb7b889a0__20260401.144240;none;/mnt/e/SyncData/paper2_main/zout/reports/baseline_vs_accMotion/MainPC__ds_UFireIndoorTest__mt_no_temp_method__af4b0d32a3d2__20260330.205208
aihub__lb_smoke__0208.mp4;103;360;fire_smoke;/mnt/e/SyncData/paper2_main/datasets/UFireIndoorFull/test/test_firesmoke/aihub__lb_smoke__0208.mp4;none;/mnt/e/SyncData/paper2_main/zout/reports/baseline_vs_accMotion/1GPU_SV__ds_UFireIndoorTest__mt_temp_method_motion_block__e1ccb7b889a0__20260401.144240;none;/mnt/e/SyncData/paper2_main/zout/reports/baseline_vs_accMotion/MainPC__ds_UFireIndoorTest__mt_no_temp_method__af4b0d32a3d2__20260330.205208
aihub__lb_smoke__0208.mp4;104;360;fire_smoke;/mnt/e/SyncData/paper2_main/datasets/UFireIndoorFull/test/test_firesmoke/aihub__lb_smoke__0208.mp4;none;/mnt/e/SyncData/paper2_main/zout/reports/baseline_vs_accMotion/1GPU_SV__ds_UFireIndoorTest__mt_temp_method_motion_block__e1ccb7b889a0__20260401.144240;none;/mnt/e/SyncData/paper2_main/zout/reports/baseline_vs_accMotion/MainPC__ds_UFireIndoorTest__mt_no_temp_method__af4b0d32a3d2__20260330.205208
aihub__lb_smoke__0208.mp4;107;360;fire_smoke;/mnt/e/SyncData/paper2_main/datasets/UFireIndoorFull/test/test_firesmoke/aihub__lb_smoke__0208.mp4;none;/mnt/e/SyncData/paper2_main/zout/reports/baseline_vs_accMotion/1GPU_SV__ds_UFireIndoorTest__mt_temp_method_motion_block__e1ccb7b889a0__20260401.144240;none;/mnt/e/SyncData/paper2_main/zout/reports/baseline_vs_accMotion/MainPC__ds_UFireIndoorTest__mt_no_temp_method__af4b0d32a3d2__20260330.205208
aihub__lb_smoke__0208.mp4;108;360;fire_smoke;/mnt/e/SyncData/paper2_main/datasets/UFireIndoorFull/test/test_firesmoke/aihub__lb_smoke__0208.mp4;none;/mnt/e/SyncData/paper2_main/zout/reports/baseline_vs_accMotion/1GPU_SV__ds_UFireIndoorTest__mt_temp_method_motion_block__e1ccb7b889a0__20260401.144240;none;/mnt/e/SyncData/paper2_main/zout/reports/baseline_vs_accMotion/MainPC__ds_UFireIndoorTest__mt_no_temp_method__af4b0d32a3d2__20260330.205208
aihub__lb_smoke__0208.mp4;109;360;fire_smoke;/mnt/e/SyncData/paper2_main/datasets/UFireIndoorFull/test/test_firesmoke/aihub__lb_smoke__0208.mp4;none;/mnt/e/SyncData/paper2_main/zout/reports/baseline_vs_accMotion/1GPU_SV__ds_UFireIndoorTest__mt_temp_method_motion_block__e1ccb7b889a0__20260401.144240;none;/mnt/e/SyncData/paper2_main/zout/reports/baseline_vs_accMotion/MainPC__ds_UFireIndoorTest__mt_no_temp_method__af4b0d32a3d2__20260330.205208
aihub__lb_smoke__0208.mp4;132;360;fire_smoke;/mnt/e/SyncData/paper2_main/datasets/UFireIndoorFull/test/test_firesmoke/aihub__lb_smoke__0208.mp4;none;/mnt/e/SyncData/paper2_main/zout/reports/baseline_vs_accMotion/1GPU_SV__ds_UFireIndoorTest__mt_temp_method_motion_block__e1ccb7b889a0__20260401.144240;none;/mnt/e/SyncData/paper2_main/zout/reports/baseline_vs_accMotion/MainPC__ds_UFireIndoorTest__mt_no_temp_method__af4b0d32a3d2__20260330.205208
aihub__lb_smoke__0208.mp4;133;360;fire_smoke;/mnt/e/SyncData/paper2_main/datasets/UFireIndoorFull/test/test_firesmoke/aihub__lb_smoke__0208.mp4;none;/mnt/e/SyncData/paper2_main/zout/reports/baseline_vs_accMotion/1GPU_SV__ds_UFireIndoorTest__mt_temp_method_motion_block__e1ccb7b889a0__20260401.144240;none;/mnt/e/SyncData/paper2_main/zout/reports/baseline_vs_accMotion/MainPC__ds_UFireIndoorTest__mt_no_temp_method__af4b0d32a3d2__20260330.205208
aihub__lb_smoke__0208.mp4;134;360;fire_smoke;/mnt/e/SyncData/paper2_main/datasets/UFireIndoorFull/test/test_firesmoke/aihub__lb_smoke__0208.mp4;none;/mnt/e/SyncData/paper2_main/zout/reports/baseline_vs_accMotion/1GPU_SV__ds_UFireIndoorTest__mt_temp_method_motion_block__e1ccb7b889a0__20260401.144240;none;/mnt/e/SyncData/paper2_main/zout/reports/baseline_vs_accMotion/MainPC__ds_UFireIndoorTest__mt_no_temp_method__af4b0d32a3d2__20260330.205208
aihub__lb_smoke__0208.mp4;163;360;fire_smoke;/mnt/e/SyncData/paper2_main/datasets/UFireIndoorFull/test/test_firesmoke/aihub__lb_smoke__0208.mp4;none;/mnt/e/SyncData/paper2_main/zout/reports/baseline_vs_accMotion/1GPU_SV__ds_UFireIndoorTest__mt_temp_method_motion_block__e1ccb7b889a0__20260401.144240;none;/mnt/e/SyncData/paper2_main/zout/reports/baseline_vs_accMotion/MainPC__ds_UFireIndoorTest__mt_no_temp_method__af4b0d32a3d2__20260330.205208
aihub__lb_smoke__0208.mp4;164;360;fire_smoke;/mnt/e/SyncData/paper2_main/datasets/UFireIndoorFull/test/test_firesmoke/aihub__lb_smoke__0208.mp4;none;/mnt/e/SyncData/paper2_main/zout/reports/baseline_vs_accMotion/1GPU_SV__ds_UFireIndoorTest__mt_temp_method_motion_block__e1ccb7b889a0__20260401.144240;none;/mnt/e/SyncData/paper2_main/zout/reports/baseline_vs_accMotion/MainPC__ds_UFireIndoorTest__mt_no_temp_method__af4b0d32a3d2__20260330.205208
aihub__lb_smoke__3028.mp4;3;360;fire_smoke;/mnt/e/SyncData/paper2_main/datasets/UFireIndoorFull/test/test_firesmoke/aihub__lb_smoke__3028.mp4;none;/mnt/e/SyncData/paper2_main/zout/reports/baseline_vs_accMotion/1GPU_SV__ds_UFireIndoorTest__mt_temp_method_motion_block__e1ccb7b889a0__20260401.144240;none;/mnt/e/SyncData/paper2_main/zout/reports/baseline_vs_accMotion/MainPC__ds_UFireIndoorTest__mt_no_temp_method__af4b0d32a3d2__20260330.205208
aihub__lb_smoke__3028.mp4;4;360;fire_smoke;/mnt/e/SyncData/paper2_main/datasets/UFireIndoorFull/test/test_firesmoke/aihub__lb_smoke__3028.mp4;none;/mnt/e/SyncData/paper2_main/zout/reports/baseline_vs_accMotion/1GPU_SV__ds_UFireIndoorTest__mt_temp_method_motion_block__e1ccb7b889a0__20260401.144240;none;/mnt/e/SyncData/paper2_main/zout/reports/baseline_vs_accMotion/MainPC__ds_UFireIndoorTest__mt_no_temp_method__af4b0d32a3d2__20260330.205208
aihub__lb_smoke__3031.mp4;3;360;fire_smoke;/mnt/e/SyncData/paper2_main/datasets/UFireIndoorFull/test/test_firesmoke/aihub__lb_smoke__3031.mp4;none;/mnt/e/SyncData/paper2_main/zout/reports/baseline_vs_accMotion/1GPU_SV__ds_UFireIndoorTest__mt_temp_method_motion_block__e1ccb7b889a0__20260401.144240;none;/mnt/e/SyncData/paper2_main/zout/reports/baseline_vs_accMotion/MainPC__ds_UFireIndoorTest__mt_no_temp_method__af4b0d32a3d2__20260330.205208
aihub__lb_smoke__3031.mp4;4;360;fire_smoke;/mnt/e/SyncData/paper2_main/datasets/UFireIndoorFull/test/test_firesmoke/aihub__lb_smoke__3031.mp4;none;/mnt/e/SyncData/paper2_main/zout/reports/baseline_vs_accMotion/1GPU_SV__ds_UFireIndoorTest__mt_temp_method_motion_block__e1ccb7b889a0__20260401.144240;none;/mnt/e/SyncData/paper2_main/zout/reports/baseline_vs_accMotion/MainPC__ds_UFireIndoorTest__mt_no_temp_method__af4b0d32a3d2__20260330.205208
aihub__lb_smoke__3031.mp4;5;360;fire_smoke;/mnt/e/SyncData/paper2_main/datasets/UFireIndoorFull/test/test_firesmoke/aihub__lb_smoke__3031.mp4;none;/mnt/e/SyncData/paper2_main/zout/reports/baseline_vs_accMotion/1GPU_SV__ds_UFireIndoorTest__mt_temp_method_motion_block__e1ccb7b889a0__20260401.144240;none;/mnt/e/SyncData/paper2_main/zout/reports/baseline_vs_accMotion/MainPC__ds_UFireIndoorTest__mt_no_temp_method__af4b0d32a3d2__20260330.205208
aihub__lb_smoke__3031.mp4;6;360;fire_smoke;/mnt/e/SyncData/paper2_main/datasets/UFireIndoorFull/test/test_firesmoke/aihub__lb_smoke__3031.mp4;none;/mnt/e/SyncData/paper2_main/zout/reports/baseline_vs_accMotion/1GPU_SV__ds_UFireIndoorTest__mt_temp_method_motion_block__e1ccb7b889a0__20260401.144240;none;/mnt/e/SyncData/paper2_main/zout/reports/baseline_vs_accMotion/MainPC__ds_UFireIndoorTest__mt_no_temp_method__af4b0d32a3d2__20260330.205208
aihub__lb_smoke__3031.mp4;7;360;fire_smoke;/mnt/e/SyncData/paper2_main/datasets/UFireIndoorFull/test/test_firesmoke/aihub__lb_smoke__3031.mp4;none;/mnt/e/SyncData/paper2_main/zout/reports/baseline_vs_accMotion/1GPU_SV__ds_UFireIndoorTest__mt_temp_method_motion_block__e1ccb7b889a0__20260401.144240;none;/mnt/e/SyncData/paper2_main/zout/reports/baseline_vs_accMotion/MainPC__ds_UFireIndoorTest__mt_no_temp_method__af4b0d32a3d2__20260330.205208
aihub__lb_smoke__3031.mp4;8;360;fire_smoke;/mnt/e/SyncData/paper2_main/datasets/UFireIndoorFull/test/test_firesmoke/aihub__lb_smoke__3031.mp4;none;/mnt/e/SyncData/paper2_main/zout/reports/baseline_vs_accMotion/1GPU_SV__ds_UFireIndoorTest__mt_temp_method_motion_block__e1ccb7b889a0__20260401.144240;none;/mnt/e/SyncData/paper2_main/zout/reports/baseline_vs_accMotion/MainPC__ds_UFireIndoorTest__mt_no_temp_method__af4b0d32a3d2__20260330.205208
aihub__lb_smoke__3031.mp4;9;360;fire_smoke;/mnt/e/SyncData/paper2_main/datasets/UFireIndoorFull/test/test_firesmoke/aihub__lb_smoke__3031.mp4;none;/mnt/e/SyncData/paper2_main/zout/reports/baseline_vs_accMotion/1GPU_SV__ds_UFireIndoorTest__mt_temp_method_motion_block__e1ccb7b889a0__20260401.144240;none;/mnt/e/SyncData/paper2_main/zout/reports/baseline_vs_accMotion/MainPC__ds_UFireIndoorTest__mt_no_temp_method__af4b0d32a3d2__20260330.205208
aihub__lb_smoke__3031.mp4;10;360;fire_smoke;/mnt/e/SyncData/paper2_main/datasets/UFireIndoorFull/test/test_firesmoke/aihub__lb_smoke__3031.mp4;none;/mnt/e/SyncData/paper2_main/zout/reports/baseline_vs_accMotion/1GPU_SV__ds_UFireIndoorTest__mt_temp_method_motion_block__e1ccb7b889a0__20260401.144240;none;/mnt/e/SyncData/paper2_main/zout/reports/baseline_vs_accMotion/MainPC__ds_UFireIndoorTest__mt_no_temp_method__af4b0d32a3d2__20260330.205208
aihub__lb_smoke__3031.mp4;11;360;fire_smoke;/mnt/e/SyncData/paper2_main/datasets/UFireIndoorFull/test/test_firesmoke/aihub__lb_smoke__3031.mp4;none;/mnt/e/SyncData/paper2_main/zout/reports/baseline_vs_accMotion/1GPU_SV__ds_UFireIndoorTest__mt_temp_method_motion_block__e1ccb7b889a0__20260401.144240;none;/mnt/e/SyncData/paper2_main/zout/reports/baseline_vs_accMotion/MainPC__ds_UFireIndoorTest__mt_no_temp_method__af4b0d32a3d2__20260330.205208
aihub__lb_smoke__3031.mp4;12;360;fire_smoke;/mnt/e/SyncData/paper2_main/datasets/UFireIndoorFull/test/test_firesmoke/aihub__lb_smoke__3031.mp4;none;/mnt/e/SyncData/paper2_main/zout/reports/baseline_vs_accMotion/1GPU_SV__ds_UFireIndoorTest__mt_temp_method_motion_block__e1ccb7b889a0__20260401.144240;none;/mnt/e/SyncData/paper2_main/zout/reports/baseline_vs_accMotion/MainPC__ds_UFireIndoorTest__mt_no_temp_method__af4b0d32a3d2__20260330.205208
aihub__lb_smoke__3031.mp4;13;360;fire_smoke;/mnt/e/SyncData/paper2_main/datasets/UFireIndoorFull/test/test_firesmoke/aihub__lb_smoke__3031.mp4;none;/mnt/e/SyncData/paper2_main/zout/reports/baseline_vs_accMotion/1GPU_SV__ds_UFireIndoorTest__mt_temp_method_motion_block__e1ccb7b889a0__20260401.144240;none;/mnt/e/SyncData/paper2_main/zout/reports/baseline_vs_accMotion/MainPC__ds_UFireIndoorTest__mt_no_temp_method__af4b0d32a3d2__20260330.205208
aihub__lb_smoke__3031.mp4;14;360;fire_smoke;/mnt/e/SyncData/paper2_main/datasets/UFireIndoorFull/test/test_firesmoke/aihub__lb_smoke__3031.mp4;none;/mnt/e/SyncData/paper2_main/zout/reports/baseline_vs_accMotion/1GPU_SV__ds_UFireIndoorTest__mt_temp_method_motion_block__e1ccb7b889a0__20260401.144240;none;/mnt/e/SyncData/paper2_main/zout/reports/baseline_vs_accMotion/MainPC__ds_UFireIndoorTest__mt_no_temp_method__af4b0d32a3d2__20260330.205208
aihub__lb_smoke__3031.mp4;15;360;fire_smoke;/mnt/e/SyncData/paper2_main/datasets/UFireIndoorFull/test/test_firesmoke/aihub__lb_smoke__3031.mp4;none;/mnt/e/SyncData/paper2_main/zout/reports/baseline_vs_accMotion/1GPU_SV__ds_UFireIndoorTest__mt_temp_method_motion_block__e1ccb7b889a0__20260401.144240;none;/mnt/e/SyncData/paper2_main/zout/reports/baseline_vs_accMotion/MainPC__ds_UFireIndoorTest__mt_no_temp_method__af4b0d32a3d2__20260330.205208
aihub__lb_smoke__3031.mp4;16;360;fire_smoke;/mnt/e/SyncData/paper2_main/datasets/UFireIndoorFull/test/test_firesmoke/aihub__lb_smoke__3031.mp4;none;/mnt/e/SyncData/paper2_main/zout/reports/baseline_vs_accMotion/1GPU_SV__ds_UFireIndoorTest__mt_temp_method_motion_block__e1ccb7b889a0__20260401.144240;none;/mnt/e/SyncData/paper2_main/zout/reports/baseline_vs_accMotion/MainPC__ds_UFireIndoorTest__mt_no_temp_method__af4b0d32a3d2__20260330.205208
aihub__lb_smoke__3031.mp4;17;360;fire_smoke;/mnt/e/SyncData/paper2_main/datasets/UFireIndoorFull/test/test_firesmoke/aihub__lb_smoke__3031.mp4;none;/mnt/e/SyncData/paper2_main/zout/reports/baseline_vs_accMotion/1GPU_SV__ds_UFireIndoorTest__mt_temp_method_motion_block__e1ccb7b889a0__20260401.144240;none;/mnt/e/SyncData/paper2_main/zout/reports/baseline_vs_accMotion/MainPC__ds_UFireIndoorTest__mt_no_temp_method__af4b0d32a3d2__20260330.205208
aihub__lb_smoke__3031.mp4;18;360;fire_smoke;/mnt/e/SyncData/paper2_main/datasets/UFireIndoorFull/test/test_firesmoke/aihub__lb_smoke__3031.mp4;none;/mnt/e/SyncData/paper2_main/zout/reports/baseline_vs_accMotion/1GPU_SV__ds_UFireIndoorTest__mt_temp_method_motion_block__e1ccb7b889a0__20260401.144240;none;/mnt/e/SyncData/paper2_main/zout/reports/baseline_vs_accMotion/MainPC__ds_UFireIndoorTest__mt_no_temp_method__af4b0d32a3d2__20260330.205208
aihub__lb_smoke__3031.mp4;19;360;fire_smoke;/mnt/e/SyncData/paper2_main/datasets/UFireIndoorFull/test/test_firesmoke/aihub__lb_smoke__3031.mp4;none;/mnt/e/SyncData/paper2_main/zout/reports/baseline_vs_accMotion/1GPU_SV__ds_UFireIndoorTest__mt_temp_method_motion_block__e1ccb7b889a0__20260401.144240;none;/mnt/e/SyncData/paper2_main/zout/reports/baseline_vs_accMotion/MainPC__ds_UFireIndoorTest__mt_no_temp_method__af4b0d32a3d2__20260330.205208
aihub__lb_smoke__3031.mp4;20;360;fire_smoke;/mnt/e/SyncData/paper2_main/datasets/UFireIndoorFull/test/test_firesmoke/aihub__lb_smoke__3031.mp4;none;/mnt/e/SyncData/paper2_main/zout/reports/baseline_vs_accMotion/1GPU_SV__ds_UFireIndoorTest__mt_temp_method_motion_block__e1ccb7b889a0__20260401.144240;none;/mnt/e/SyncData/paper2_main/zout/reports/baseline_vs_accMotion/MainPC__ds_UFireIndoorTest__mt_no_temp_method__af4b0d32a3d2__20260330.205208
aihub__lb_smoke__3031.mp4;21;360;fire_smoke;/mnt/e/SyncData/paper2_main/datasets/UFireIndoorFull/test/test_firesmoke/aihub__lb_smoke__3031.mp4;none;/mnt/e/SyncData/paper2_main/zout/reports/baseline_vs_accMotion/1GPU_SV__ds_UFireIndoorTest__mt_temp_method_motion_block__e1ccb7b889a0__20260401.144240;none;/mnt/e/SyncData/paper2_main/zout/reports/baseline_vs_accMotion/MainPC__ds_UFireIndoorTest__mt_no_temp_method__af4b0d32a3d2__20260330.205208
aihub__lb_smoke__3031.mp4;28;360;fire_smoke;/mnt/e/SyncData/paper2_main/datasets/UFireIndoorFull/test/test_firesmoke/aihub__lb_smoke__3031.mp4;none;/mnt/e/SyncData/paper2_main/zout/reports/baseline_vs_accMotion/1GPU_SV__ds_UFireIndoorTest__mt_temp_method_motion_block__e1ccb7b889a0__20260401.144240;none;/mnt/e/SyncData/paper2_main/zout/reports/baseline_vs_accMotion/MainPC__ds_UFireIndoorTest__mt_no_temp_method__af4b0d32a3d2__20260330.205208
aihub__lb_smoke__3031.mp4;31;360;fire_smoke;/mnt/e/SyncData/paper2_main/datasets/UFireIndoorFull/test/test_firesmoke/aihub__lb_smoke__3031.mp4;none;/mnt/e/SyncData/paper2_main/zout/reports/baseline_vs_accMotion/1GPU_SV__ds_UFireIndoorTest__mt_temp_method_motion_block__e1ccb7b889a0__20260401.144240;none;/mnt/e/SyncData/paper2_main/zout/reports/baseline_vs_accMotion/MainPC__ds_UFireIndoorTest__mt_no_temp_method__af4b0d32a3d2__20260330.205208
aihub__lb_smoke__3031.mp4;32;360;fire_smoke;/mnt/e/SyncData/paper2_main/datasets/UFireIndoorFull/test/test_firesmoke/aihub__lb_smoke__3031.mp4;none;/mnt/e/SyncData/paper2_main/zout/reports/baseline_vs_accMotion/1GPU_SV__ds_UFireIndoorTest__mt_temp_method_motion_block__e1ccb7b889a0__20260401.144240;none;/mnt/e/SyncData/paper2_main/zout/reports/baseline_vs_accMotion/MainPC__ds_UFireIndoorTest__mt_no_temp_method__af4b0d32a3d2__20260330.205208
aihub__lb_smoke__3031.mp4;33;360;fire_smoke;/mnt/e/SyncData/paper2_main/datasets/UFireIndoorFull/test/test_firesmoke/aihub__lb_smoke__3031.mp4;none;/mnt/e/SyncData/paper2_main/zout/reports/baseline_vs_accMotion/1GPU_SV__ds_UFireIndoorTest__mt_temp_method_motion_block__e1ccb7b889a0__20260401.144240;none;/mnt/e/SyncData/paper2_main/zout/reports/baseline_vs_accMotion/MainPC__ds_UFireIndoorTest__mt_no_temp_method__af4b0d32a3d2__20260330.205208
aihub__lb_smoke__3031.mp4;37;360;fire_smoke;/mnt/e/SyncData/paper2_main/datasets/UFireIndoorFull/test/test_firesmoke/aihub__lb_smoke__3031.mp4;none;/mnt/e/SyncData/paper2_main/zout/reports/baseline_vs_accMotion/1GPU_SV__ds_UFireIndoorTest__mt_temp_method_motion_block__e1ccb7b889a0__20260401.144240;none;/mnt/e/SyncData/paper2_main/zout/reports/baseline_vs_accMotion/MainPC__ds_UFireIndoorTest__mt_no_temp_method__af4b0d32a3d2__20260330.205208
aihub__lb_smoke__3031.mp4;38;360;fire_smoke;/mnt/e/SyncData/paper2_main/datasets/UFireIndoorFull/test/test_firesmoke/aihub__lb_smoke__3031.mp4;none;/mnt/e/SyncData/paper2_main/zout/reports/baseline_vs_accMotion/1GPU_SV__ds_UFireIndoorTest__mt_temp_method_motion_block__e1ccb7b889a0__20260401.144240;none;/mnt/e/SyncData/paper2_main/zout/reports/baseline_vs_accMotion/MainPC__ds_UFireIndoorTest__mt_no_temp_method__af4b0d32a3d2__20260330.205208
aihub__lb_smoke__3031.mp4;39;360;fire_smoke;/mnt/e/SyncData/paper2_main/datasets/UFireIndoorFull/test/test_firesmoke/aihub__lb_smoke__3031.mp4;none;/mnt/e/SyncData/paper2_main/zout/reports/baseline_vs_accMotion/1GPU_SV__ds_UFireIndoorTest__mt_temp_method_motion_block__e1ccb7b889a0__20260401.144240;none;/mnt/e/SyncData/paper2_main/zout/reports/baseline_vs_accMotion/MainPC__ds_UFireIndoorTest__mt_no_temp_method__af4b0d32a3d2__20260330.205208
aihub__lb_smoke__3031.mp4;130;360;fire_smoke;/mnt/e/SyncData/paper2_main/datasets/UFireIndoorFull/test/test_firesmoke/aihub__lb_smoke__3031.mp4;none;/mnt/e/SyncData/paper2_main/zout/reports/baseline_vs_accMotion/1GPU_SV__ds_UFireIndoorTest__mt_temp_method_motion_block__e1ccb7b889a0__20260401.144240;none;/mnt/e/SyncData/paper2_main/zout/reports/baseline_vs_accMotion/MainPC__ds_UFireIndoorTest__mt_no_temp_method__af4b0d32a3d2__20260330.205208
aihub__lb_smoke__3031.mp4;131;360;fire_smoke;/mnt/e/SyncData/paper2_main/datasets/UFireIndoorFull/test/test_firesmoke/aihub__lb_smoke__3031.mp4;none;/mnt/e/SyncData/paper2_main/zout/reports/baseline_vs_accMotion/1GPU_SV__ds_UFireIndoorTest__mt_temp_method_motion_block__e1ccb7b889a0__20260401.144240;none;/mnt/e/SyncData/paper2_main/zout/reports/baseline_vs_accMotion/MainPC__ds_UFireIndoorTest__mt_no_temp_method__af4b0d32a3d2__20260330.205208
aihub__lb_smoke__3031.mp4;132;360;fire_smoke;/mnt/e/SyncData/paper2_main/datasets/UFireIndoorFull/test/test_firesmoke/aihub__lb_smoke__3031.mp4;none;/mnt/e/SyncData/paper2_main/zout/reports/baseline_vs_accMotion/1GPU_SV__ds_UFireIndoorTest__mt_temp_method_motion_block__e1ccb7b889a0__20260401.144240;none;/mnt/e/SyncData/paper2_main/zout/reports/baseline_vs_accMotion/MainPC__ds_UFireIndoorTest__mt_no_temp_method__af4b0d32a3d2__20260330.205208
aihub__lb_smoke__3031.mp4;133;360;fire_smoke;/mnt/e/SyncData/paper2_main/datasets/UFireIndoorFull/test/test_firesmoke/aihub__lb_smoke__3031.mp4;none;/mnt/e/SyncData/paper2_main/zout/reports/baseline_vs_accMotion/1GPU_SV__ds_UFireIndoorTest__mt_temp_method_motion_block__e1ccb7b889a0__20260401.144240;none;/mnt/e/SyncData/paper2_main/zout/reports/baseline_vs_accMotion/MainPC__ds_UFireIndoorTest__mt_no_temp_method__af4b0d32a3d2__20260330.205208
aihub__lb_smoke__3031.mp4;134;360;fire_smoke;/mnt/e/SyncData/paper2_main/datasets/UFireIndoorFull/test/test_firesmoke/aihub__lb_smoke__3031.mp4;none;/mnt/e/SyncData/paper2_main/zout/reports/baseline_vs_accMotion/1GPU_SV__ds_UFireIndoorTest__mt_temp_method_motion_block__e1ccb7b889a0__20260401.144240;none;/mnt/e/SyncData/paper2_main/zout/reports/baseline_vs_accMotion/MainPC__ds_UFireIndoorTest__mt_no_temp_method__af4b0d32a3d2__20260330.205208
aihub__lb_smoke__3031.mp4;135;360;fire_smoke;/mnt/e/SyncData/paper2_main/datasets/UFireIndoorFull/test/test_firesmoke/aihub__lb_smoke__3031.mp4;none;/mnt/e/SyncData/paper2_main/zout/reports/baseline_vs_accMotion/1GPU_SV__ds_UFireIndoorTest__mt_temp_method_motion_block__e1ccb7b889a0__20260401.144240;none;/mnt/e/SyncData/paper2_main/zout/reports/baseline_vs_accMotion/MainPC__ds_UFireIndoorTest__mt_no_temp_method__af4b0d32a3d2__20260330.205208
aihub__lb_smoke__3031.mp4;136;360;fire_smoke;/mnt/e/SyncData/paper2_main/datasets/UFireIndoorFull/test/test_firesmoke/aihub__lb_smoke__3031.mp4;none;/mnt/e/SyncData/paper2_main/zout/reports/baseline_vs_accMotion/1GPU_SV__ds_UFireIndoorTest__mt_temp_method_motion_block__e1ccb7b889a0__20260401.144240;none;/mnt/e/SyncData/paper2_main/zout/reports/baseline_vs_accMotion/MainPC__ds_UFireIndoorTest__mt_no_temp_method__af4b0d32a3d2__20260330.205208
aihub__lb_smoke__3031.mp4;137;360;fire_smoke;/mnt/e/SyncData/paper2_main/datasets/UFireIndoorFull/test/test_firesmoke/aihub__lb_smoke__3031.mp4;none;/mnt/e/SyncData/paper2_main/zout/reports/baseline_vs_accMotion/1GPU_SV__ds_UFireIndoorTest__mt_temp_method_motion_block__e1ccb7b889a0__20260401.144240;none;/mnt/e/SyncData/paper2_main/zout/reports/baseline_vs_accMotion/MainPC__ds_UFireIndoorTest__mt_no_temp_method__af4b0d32a3d2__20260330.205208
aihub__lb_smoke__3274.mp4;267;360;fire_smoke;/mnt/e/SyncData/paper2_main/datasets/UFireIndoorFull/test/test_firesmoke/aihub__lb_smoke__3274.mp4;none;/mnt/e/SyncData/paper2_main/zout/reports/baseline_vs_accMotion/1GPU_SV__ds_UFireIndoorTest__mt_temp_method_motion_block__e1ccb7b889a0__20260401.144240;none;/mnt/e/SyncData/paper2_main/zout/reports/baseline_vs_accMotion/MainPC__ds_UFireIndoorTest__mt_no_temp_method__af4b0d32a3d2__20260330.205208
aihub__lb_smoke__3274.mp4;287;360;fire_smoke;/mnt/e/SyncData/paper2_main/datasets/UFireIndoorFull/test/test_firesmoke/aihub__lb_smoke__3274.mp4;none;/mnt/e/SyncData/paper2_main/zout/reports/baseline_vs_accMotion/1GPU_SV__ds_UFireIndoorTest__mt_temp_method_motion_block__e1ccb7b889a0__20260401.144240;none;/mnt/e/SyncData/paper2_main/zout/reports/baseline_vs_accMotion/MainPC__ds_UFireIndoorTest__mt_no_temp_method__af4b0d32a3d2__20260330.205208
aihub__lb_smoke__3274.mp4;288;360;fire_smoke;/mnt/e/SyncData/paper2_main/datasets/UFireIndoorFull/test/test_firesmoke/aihub__lb_smoke__3274.mp4;none;/mnt/e/SyncData/paper2_main/zout/reports/baseline_vs_accMotion/1GPU_SV__ds_UFireIndoorTest__mt_temp_method_motion_block__e1ccb7b889a0__20260401.144240;none;/mnt/e/SyncData/paper2_main/zout/reports/baseline_vs_accMotion/MainPC__ds_UFireIndoorTest__mt_no_temp_method__af4b0d32a3d2__20260330.205208
aihub__lb_smoke__3274.mp4;289;360;fire_smoke;/mnt/e/SyncData/paper2_main/datasets/UFireIndoorFull/test/test_firesmoke/aihub__lb_smoke__3274.mp4;none;/mnt/e/SyncData/paper2_main/zout/reports/baseline_vs_accMotion/1GPU_SV__ds_UFireIndoorTest__mt_temp_method_motion_block__e1ccb7b889a0__20260401.144240;none;/mnt/e/SyncData/paper2_main/zout/reports/baseline_vs_accMotion/MainPC__ds_UFireIndoorTest__mt_no_temp_method__af4b0d32a3d2__20260330.205208
aihub__lb_smoke__3274.mp4;290;360;fire_smoke;/mnt/e/SyncData/paper2_main/datasets/UFireIndoorFull/test/test_firesmoke/aihub__lb_smoke__3274.mp4;none;/mnt/e/SyncData/paper2_main/zout/reports/baseline_vs_accMotion/1GPU_SV__ds_UFireIndoorTest__mt_temp_method_motion_block__e1ccb7b889a0__20260401.144240;none;/mnt/e/SyncData/paper2_main/zout/reports/baseline_vs_accMotion/MainPC__ds_UFireIndoorTest__mt_no_temp_method__af4b0d32a3d2__20260330.205208
aihub__lb_smoke__3274.mp4;291;360;fire_smoke;/mnt/e/SyncData/paper2_main/datasets/UFireIndoorFull/test/test_firesmoke/aihub__lb_smoke__3274.mp4;none;/mnt/e/SyncData/paper2_main/zout/reports/baseline_vs_accMotion/1GPU_SV__ds_UFireIndoorTest__mt_temp_method_motion_block__e1ccb7b889a0__20260401.144240;none;/mnt/e/SyncData/paper2_main/zout/reports/baseline_vs_accMotion/MainPC__ds_UFireIndoorTest__mt_no_temp_method__af4b0d32a3d2__20260330.205208
aihub__lb_smoke__3274.mp4;292;360;fire_smoke;/mnt/e/SyncData/paper2_main/datasets/UFireIndoorFull/test/test_firesmoke/aihub__lb_smoke__3274.mp4;none;/mnt/e/SyncData/paper2_main/zout/reports/baseline_vs_accMotion/1GPU_SV__ds_UFireIndoorTest__mt_temp_method_motion_block__e1ccb7b889a0__20260401.144240;none;/mnt/e/SyncData/paper2_main/zout/reports/baseline_vs_accMotion/MainPC__ds_UFireIndoorTest__mt_no_temp_method__af4b0d32a3d2__20260330.205208
aihub__lb_smoke__3274.mp4;357;360;fire_smoke;/mnt/e/SyncData/paper2_main/datasets/UFireIndoorFull/test/test_firesmoke/aihub__lb_smoke__3274.mp4;none;/mnt/e/SyncData/paper2_main/zout/reports/baseline_vs_accMotion/1GPU_SV__ds_UFireIndoorTest__mt_temp_method_motion_block__e1ccb7b889a0__20260401.144240;none;/mnt/e/SyncData/paper2_main/zout/reports/baseline_vs_accMotion/MainPC__ds_UFireIndoorTest__mt_no_temp_method__af4b0d32a3d2__20260330.205208
aihub__lb_smoke__3274.mp4;359;360;fire_smoke;/mnt/e/SyncData/paper2_main/datasets/UFireIndoorFull/test/test_firesmoke/aihub__lb_smoke__3274.mp4;none;/mnt/e/SyncData/paper2_main/zout/reports/baseline_vs_accMotion/1GPU_SV__ds_UFireIndoorTest__mt_temp_method_motion_block__e1ccb7b889a0__20260401.144240;none;/mnt/e/SyncData/paper2_main/zout/reports/baseline_vs_accMotion/MainPC__ds_UFireIndoorTest__mt_no_temp_method__af4b0d32a3d2__20260330.205208
aihub__lb_smoke__6383.mp4;36;360;fire_smoke;/mnt/e/SyncData/paper2_main/datasets/UFireIndoorFull/test/test_firesmoke/aihub__lb_smoke__6383.mp4;none;/mnt/e/SyncData/paper2_main/zout/reports/baseline_vs_accMotion/1GPU_SV__ds_UFireIndoorTest__mt_temp_method_motion_block__e1ccb7b889a0__20260401.144240;none;/mnt/e/SyncData/paper2_main/zout/reports/baseline_vs_accMotion/MainPC__ds_UFireIndoorTest__mt_no_temp_method__af4b0d32a3d2__20260330.205208
aihub__lb_smoke__6383.mp4;88;360;fire_smoke;/mnt/e/SyncData/paper2_main/datasets/UFireIndoorFull/test/test_firesmoke/aihub__lb_smoke__6383.mp4;none;/mnt/e/SyncData/paper2_main/zout/reports/baseline_vs_accMotion/1GPU_SV__ds_UFireIndoorTest__mt_temp_method_motion_block__e1ccb7b889a0__20260401.144240;none;/mnt/e/SyncData/paper2_main/zout/reports/baseline_vs_accMotion/MainPC__ds_UFireIndoorTest__mt_no_temp_method__af4b0d32a3d2__20260330.205208
aihub__lb_smoke__6383.mp4;89;360;fire_smoke;/mnt/e/SyncData/paper2_main/datasets/UFireIndoorFull/test/test_firesmoke/aihub__lb_smoke__6383.mp4;none;/mnt/e/SyncData/paper2_main/zout/reports/baseline_vs_accMotion/1GPU_SV__ds_UFireIndoorTest__mt_temp_method_motion_block__e1ccb7b889a0__20260401.144240;none;/mnt/e/SyncData/paper2_main/zout/reports/baseline_vs_accMotion/MainPC__ds_UFireIndoorTest__mt_no_temp_method__af4b0d32a3d2__20260330.205208
pixabay__lb_fire__chef-cook-cooking-hibachi-show-174220.mp4;184;812;fire_smoke;/mnt/e/SyncData/paper2_main/datasets/UFireIndoorFull/test/test_firesmoke/pixabay__lb_fire__chef-cook-cooking-hibachi-show-174220.mp4;none;/mnt/e/SyncData/paper2_main/zout/reports/baseline_vs_accMotion/1GPU_SV__ds_UFireIndoorTest__mt_temp_method_motion_block__e1ccb7b889a0__20260401.144240;none;/mnt/e/SyncData/paper2_main/zout/reports/baseline_vs_accMotion/MainPC__ds_UFireIndoorTest__mt_no_temp_method__af4b0d32a3d2__20260330.205208
pixabay__lb_fire__chef-cook-cooking-hibachi-show-174220.mp4;466;812;fire_smoke;/mnt/e/SyncData/paper2_main/datasets/UFireIndoorFull/test/test_firesmoke/pixabay__lb_fire__chef-cook-cooking-hibachi-show-174220.mp4;none;/mnt/e/SyncData/paper2_main/zout/reports/baseline_vs_accMotion/1GPU_SV__ds_UFireIndoorTest__mt_temp_method_motion_block__e1ccb7b889a0__20260401.144240;none;/mnt/e/SyncData/paper2_main/zout/reports/baseline_vs_accMotion/MainPC__ds_UFireIndoorTest__mt_no_temp_method__af4b0d32a3d2__20260330.205208
pixabay__lb_fire__chef-cook-cooking-hibachi-show-174220.mp4;467;812;fire_smoke;/mnt/e/SyncData/paper2_main/datasets/UFireIndoorFull/test/test_firesmoke/pixabay__lb_fire__chef-cook-cooking-hibachi-show-174220.mp4;none;/mnt/e/SyncData/paper2_main/zout/reports/baseline_vs_accMotion/1GPU_SV__ds_UFireIndoorTest__mt_temp_method_motion_block__e1ccb7b889a0__20260401.144240;none;/mnt/e/SyncData/paper2_main/zout/reports/baseline_vs_accMotion/MainPC__ds_UFireIndoorTest__mt_no_temp_method__af4b0d32a3d2__20260330.205208
VSD3__lb_mixed_firesmoke__video2.avi;1635;8950;fire_smoke;/mnt/e/SyncData/paper2_main/datasets/UFireIndoorFull/test/test_firesmoke/VSD3__lb_mixed_firesmoke__video2.avi;none;/mnt/e/SyncData/paper2_main/zout/reports/baseline_vs_accMotion/1GPU_SV__ds_UFireIndoorTest__mt_temp_method_motion_block__e1ccb7b889a0__20260401.144240;none;/mnt/e/SyncData/paper2_main/zout/reports/baseline_vs_accMotion/MainPC__ds_UFireIndoorTest__mt_no_temp_method__af4b0d32a3d2__20260330.205208
VSD3__lb_mixed_firesmoke__video2.avi;1636;8950;fire_smoke;/mnt/e/SyncData/paper2_main/datasets/UFireIndoorFull/test/test_firesmoke/VSD3__lb_mixed_firesmoke__video2.avi;none;/mnt/e/SyncData/paper2_main/zout/reports/baseline_vs_accMotion/1GPU_SV__ds_UFireIndoorTest__mt_temp_method_motion_block__e1ccb7b889a0__20260401.144240;none;/mnt/e/SyncData/paper2_main/zout/reports/baseline_vs_accMotion/MainPC__ds_UFireIndoorTest__mt_no_temp_method__af4b0d32a3d2__20260330.205208
VSD3__lb_mixed_firesmoke__video2.avi;1637;8950;fire_smoke;/mnt/e/SyncData/paper2_main/datasets/UFireIndoorFull/test/test_firesmoke/VSD3__lb_mixed_firesmoke__video2.avi;none;/mnt/e/SyncData/paper2_main/zout/reports/baseline_vs_accMotion/1GPU_SV__ds_UFireIndoorTest__mt_temp_method_motion_block__e1ccb7b889a0__20260401.144240;none;/mnt/e/SyncData/paper2_main/zout/reports/baseline_vs_accMotion/MainPC__ds_UFireIndoorTest__mt_no_temp_method__af4b0d32a3d2__20260330.205208
VSD3__lb_mixed_firesmoke__video2.avi;1638;8950;fire_smoke;/mnt/e/SyncData/paper2_main/datasets/UFireIndoorFull/test/test_firesmoke/VSD3__lb_mixed_firesmoke__video2.avi;none;/mnt/e/SyncData/paper2_main/zout/reports/baseline_vs_accMotion/1GPU_SV__ds_UFireIndoorTest__mt_temp_method_motion_block__e1ccb7b889a0__20260401.144240;none;/mnt/e/SyncData/paper2_main/zout/reports/baseline_vs_accMotion/MainPC__ds_UFireIndoorTest__mt_no_temp_method__af4b0d32a3d2__20260330.205208
VSD3__lb_mixed_firesmoke__video2.avi;1639;8950;fire_smoke;/mnt/e/SyncData/paper2_main/datasets/UFireIndoorFull/test/test_firesmoke/VSD3__lb_mixed_firesmoke__video2.avi;none;/mnt/e/SyncData/paper2_main/zout/reports/baseline_vs_accMotion/1GPU_SV__ds_UFireIndoorTest__mt_temp_method_motion_block__e1ccb7b889a0__20260401.144240;none;/mnt/e/SyncData/paper2_main/zout/reports/baseline_vs_accMotion/MainPC__ds_UFireIndoorTest__mt_no_temp_method__af4b0d32a3d2__20260330.205208
VSD3__lb_mixed_firesmoke__video2.avi;1640;8950;fire_smoke;/mnt/e/SyncData/paper2_main/datasets/UFireIndoorFull/test/test_firesmoke/VSD3__lb_mixed_firesmoke__video2.avi;none;/mnt/e/SyncData/paper2_main/zout/reports/baseline_vs_accMotion/1GPU_SV__ds_UFireIndoorTest__mt_temp_method_motion_block__e1ccb7b889a0__20260401.144240;none;/mnt/e/SyncData/paper2_main/zout/reports/baseline_vs_accMotion/MainPC__ds_UFireIndoorTest__mt_no_temp_method__af4b0d32a3d2__20260330.205208
VSD3__lb_mixed_firesmoke__video2.avi;1641;8950;fire_smoke;/mnt/e/SyncData/paper2_main/datasets/UFireIndoorFull/test/test_firesmoke/VSD3__lb_mixed_firesmoke__video2.avi;none;/mnt/e/SyncData/paper2_main/zout/reports/baseline_vs_accMotion/1GPU_SV__ds_UFireIndoorTest__mt_temp_method_motion_block__e1ccb7b889a0__20260401.144240;none;/mnt/e/SyncData/paper2_main/zout/reports/baseline_vs_accMotion/MainPC__ds_UFireIndoorTest__mt_no_temp_method__af4b0d32a3d2__20260330.205208
VSD3__lb_mixed_firesmoke__video2.avi;1642;8950;fire_smoke;/mnt/e/SyncData/paper2_main/datasets/UFireIndoorFull/test/test_firesmoke/VSD3__lb_mixed_firesmoke__video2.avi;none;/mnt/e/SyncData/paper2_main/zout/reports/baseline_vs_accMotion/1GPU_SV__ds_UFireIndoorTest__mt_temp_method_motion_block__e1ccb7b889a0__20260401.144240;none;/mnt/e/SyncData/paper2_main/zout/reports/baseline_vs_accMotion/MainPC__ds_UFireIndoorTest__mt_no_temp_method__af4b0d32a3d2__20260330.205208
VSD3__lb_mixed_firesmoke__video2.avi;1643;8950;fire_smoke;/mnt/e/SyncData/paper2_main/datasets/UFireIndoorFull/test/test_firesmoke/VSD3__lb_mixed_firesmoke__video2.avi;none;/mnt/e/SyncData/paper2_main/zout/reports/baseline_vs_accMotion/1GPU_SV__ds_UFireIndoorTest__mt_temp_method_motion_block__e1ccb7b889a0__20260401.144240;none;/mnt/e/SyncData/paper2_main/zout/reports/baseline_vs_accMotion/MainPC__ds_UFireIndoorTest__mt_no_temp_method__af4b0d32a3d2__20260330.205208
VSD3__lb_mixed_firesmoke__video2.avi;1644;8950;fire_smoke;/mnt/e/SyncData/paper2_main/datasets/UFireIndoorFull/test/test_firesmoke/VSD3__lb_mixed_firesmoke__video2.avi;none;/mnt/e/SyncData/paper2_main/zout/reports/baseline_vs_accMotion/1GPU_SV__ds_UFireIndoorTest__mt_temp_method_motion_block__e1ccb7b889a0__20260401.144240;none;/mnt/e/SyncData/paper2_main/zout/reports/baseline_vs_accMotion/MainPC__ds_UFireIndoorTest__mt_no_temp_method__af4b0d32a3d2__20260330.205208
VSD3__lb_mixed_firesmoke__video2.avi;1645;8950;fire_smoke;/mnt/e/SyncData/paper2_main/datasets/UFireIndoorFull/test/test_firesmoke/VSD3__lb_mixed_firesmoke__video2.avi;none;/mnt/e/SyncData/paper2_main/zout/reports/baseline_vs_accMotion/1GPU_SV__ds_UFireIndoorTest__mt_temp_method_motion_block__e1ccb7b889a0__20260401.144240;none;/mnt/e/SyncData/paper2_main/zout/reports/baseline_vs_accMotion/MainPC__ds_UFireIndoorTest__mt_no_temp_method__af4b0d32a3d2__20260330.205208
VSD3__lb_mixed_firesmoke__video2.avi;1646;8950;fire_smoke;/mnt/e/SyncData/paper2_main/datasets/UFireIndoorFull/test/test_firesmoke/VSD3__lb_mixed_firesmoke__video2.avi;none;/mnt/e/SyncData/paper2_main/zout/reports/baseline_vs_accMotion/1GPU_SV__ds_UFireIndoorTest__mt_temp_method_motion_block__e1ccb7b889a0__20260401.144240;none;/mnt/e/SyncData/paper2_main/zout/reports/baseline_vs_accMotion/MainPC__ds_UFireIndoorTest__mt_no_temp_method__af4b0d32a3d2__20260330.205208
VSD3__lb_mixed_firesmoke__video2.avi;1647;8950;fire_smoke;/mnt/e/SyncData/paper2_main/datasets/UFireIndoorFull/test/test_firesmoke/VSD3__lb_mixed_firesmoke__video2.avi;none;/mnt/e/SyncData/paper2_main/zout/reports/baseline_vs_accMotion/1GPU_SV__ds_UFireIndoorTest__mt_temp_method_motion_block__e1ccb7b889a0__20260401.144240;none;/mnt/e/SyncData/paper2_main/zout/reports/baseline_vs_accMotion/MainPC__ds_UFireIndoorTest__mt_no_temp_method__af4b0d32a3d2__20260330.205208
VSD3__lb_mixed_firesmoke__video2.avi;1648;8950;fire_smoke;/mnt/e/SyncData/paper2_main/datasets/UFireIndoorFull/test/test_firesmoke/VSD3__lb_mixed_firesmoke__video2.avi;none;/mnt/e/SyncData/paper2_main/zout/reports/baseline_vs_accMotion/1GPU_SV__ds_UFireIndoorTest__mt_temp_method_motion_block__e1ccb7b889a0__20260401.144240;none;/mnt/e/SyncData/paper2_main/zout/reports/baseline_vs_accMotion/MainPC__ds_UFireIndoorTest__mt_no_temp_method__af4b0d32a3d2__20260330.205208
VSD3__lb_mixed_firesmoke__video2.avi;1649;8950;fire_smoke;/mnt/e/SyncData/paper2_main/datasets/UFireIndoorFull/test/test_firesmoke/VSD3__lb_mixed_firesmoke__video2.avi;none;/mnt/e/SyncData/paper2_main/zout/reports/baseline_vs_accMotion/1GPU_SV__ds_UFireIndoorTest__mt_temp_method_motion_block__e1ccb7b889a0__20260401.144240;none;/mnt/e/SyncData/paper2_main/zout/reports/baseline_vs_accMotion/MainPC__ds_UFireIndoorTest__mt_no_temp_method__af4b0d32a3d2__20260330.205208
VSD3__lb_mixed_firesmoke__video2.avi;1650;8950;fire_smoke;/mnt/e/SyncData/paper2_main/datasets/UFireIndoorFull/test/test_firesmoke/VSD3__lb_mixed_firesmoke__video2.avi;none;/mnt/e/SyncData/paper2_main/zout/reports/baseline_vs_accMotion/1GPU_SV__ds_UFireIndoorTest__mt_temp_method_motion_block__e1ccb7b889a0__20260401.144240;none;/mnt/e/SyncData/paper2_main/zout/reports/baseline_vs_accMotion/MainPC__ds_UFireIndoorTest__mt_no_temp_method__af4b0d32a3d2__20260330.205208
VSD3__lb_mixed_firesmoke__video2.avi;1651;8950;fire_smoke;/mnt/e/SyncData/paper2_main/datasets/UFireIndoorFull/test/test_firesmoke/VSD3__lb_mixed_firesmoke__video2.avi;none;/mnt/e/SyncData/paper2_main/zout/reports/baseline_vs_accMotion/1GPU_SV__ds_UFireIndoorTest__mt_temp_method_motion_block__e1ccb7b889a0__20260401.144240;none;/mnt/e/SyncData/paper2_main/zout/reports/baseline_vs_accMotion/MainPC__ds_UFireIndoorTest__mt_no_temp_method__af4b0d32a3d2__20260330.205208
VSD3__lb_mixed_firesmoke__video2.avi;1652;8950;fire_smoke;/mnt/e/SyncData/paper2_main/datasets/UFireIndoorFull/test/test_firesmoke/VSD3__lb_mixed_firesmoke__video2.avi;none;/mnt/e/SyncData/paper2_main/zout/reports/baseline_vs_accMotion/1GPU_SV__ds_UFireIndoorTest__mt_temp_method_motion_block__e1ccb7b889a0__20260401.144240;none;/mnt/e/SyncData/paper2_main/zout/reports/baseline_vs_accMotion/MainPC__ds_UFireIndoorTest__mt_no_temp_method__af4b0d32a3d2__20260330.205208
VSD3__lb_mixed_firesmoke__video2.avi;1653;8950;fire_smoke;/mnt/e/SyncData/paper2_main/datasets/UFireIndoorFull/test/test_firesmoke/VSD3__lb_mixed_firesmoke__video2.avi;none;/mnt/e/SyncData/paper2_main/zout/reports/baseline_vs_accMotion/1GPU_SV__ds_UFireIndoorTest__mt_temp_method_motion_block__e1ccb7b889a0__20260401.144240;none;/mnt/e/SyncData/paper2_main/zout/reports/baseline_vs_accMotion/MainPC__ds_UFireIndoorTest__mt_no_temp_method__af4b0d32a3d2__20260330.205208
VSD3__lb_mixed_firesmoke__video2.avi;1654;8950;fire_smoke;/mnt/e/SyncData/paper2_main/datasets/UFireIndoorFull/test/test_firesmoke/VSD3__lb_mixed_firesmoke__video2.avi;none;/mnt/e/SyncData/paper2_main/zout/reports/baseline_vs_accMotion/1GPU_SV__ds_UFireIndoorTest__mt_temp_method_motion_block__e1ccb7b889a0__20260401.144240;none;/mnt/e/SyncData/paper2_main/zout/reports/baseline_vs_accMotion/MainPC__ds_UFireIndoorTest__mt_no_temp_method__af4b0d32a3d2__20260330.205208
VSD3__lb_mixed_firesmoke__video2.avi;1655;8950;fire_smoke;/mnt/e/SyncData/paper2_main/datasets/UFireIndoorFull/test/test_firesmoke/VSD3__lb_mixed_firesmoke__video2.avi;none;/mnt/e/SyncData/paper2_main/zout/reports/baseline_vs_accMotion/1GPU_SV__ds_UFireIndoorTest__mt_temp_method_motion_block__e1ccb7b889a0__20260401.144240;none;/mnt/e/SyncData/paper2_main/zout/reports/baseline_vs_accMotion/MainPC__ds_UFireIndoorTest__mt_no_temp_method__af4b0d32a3d2__20260330.205208
VSD3__lb_mixed_firesmoke__video2.avi;1656;8950;fire_smoke;/mnt/e/SyncData/paper2_main/datasets/UFireIndoorFull/test/test_firesmoke/VSD3__lb_mixed_firesmoke__video2.avi;none;/mnt/e/SyncData/paper2_main/zout/reports/baseline_vs_accMotion/1GPU_SV__ds_UFireIndoorTest__mt_temp_method_motion_block__e1ccb7b889a0__20260401.144240;none;/mnt/e/SyncData/paper2_main/zout/reports/baseline_vs_accMotion/MainPC__ds_UFireIndoorTest__mt_no_temp_method__af4b0d32a3d2__20260330.205208
VSD3__lb_mixed_firesmoke__video2.avi;1657;8950;fire_smoke;/mnt/e/SyncData/paper2_main/datasets/UFireIndoorFull/test/test_firesmoke/VSD3__lb_mixed_firesmoke__video2.avi;none;/mnt/e/SyncData/paper2_main/zout/reports/baseline_vs_accMotion/1GPU_SV__ds_UFireIndoorTest__mt_temp_method_motion_block__e1ccb7b889a0__20260401.144240;none;/mnt/e/SyncData/paper2_main/zout/reports/baseline_vs_accMotion/MainPC__ds_UFireIndoorTest__mt_no_temp_method__af4b0d32a3d2__20260330.205208
VSD3__lb_mixed_firesmoke__video2.avi;1658;8950;fire_smoke;/mnt/e/SyncData/paper2_main/datasets/UFireIndoorFull/test/test_firesmoke/VSD3__lb_mixed_firesmoke__video2.avi;none;/mnt/e/SyncData/paper2_main/zout/reports/baseline_vs_accMotion/1GPU_SV__ds_UFireIndoorTest__mt_temp_method_motion_block__e1ccb7b889a0__20260401.144240;none;/mnt/e/SyncData/paper2_main/zout/reports/baseline_vs_accMotion/MainPC__ds_UFireIndoorTest__mt_no_temp_method__af4b0d32a3d2__20260330.205208
VSD3__lb_mixed_firesmoke__video2.avi;1659;8950;fire_smoke;/mnt/e/SyncData/paper2_main/datasets/UFireIndoorFull/test/test_firesmoke/VSD3__lb_mixed_firesmoke__video2.avi;none;/mnt/e/SyncData/paper2_main/zout/reports/baseline_vs_accMotion/1GPU_SV__ds_UFireIndoorTest__mt_temp_method_motion_block__e1ccb7b889a0__20260401.144240;none;/mnt/e/SyncData/paper2_main/zout/reports/baseline_vs_accMotion/MainPC__ds_UFireIndoorTest__mt_no_temp_method__af4b0d32a3d2__20260330.205208
VSD3__lb_mixed_firesmoke__video2.avi;1660;8950;fire_smoke;/mnt/e/SyncData/paper2_main/datasets/UFireIndoorFull/test/test_firesmoke/VSD3__lb_mixed_firesmoke__video2.avi;none;/mnt/e/SyncData/paper2_main/zout/reports/baseline_vs_accMotion/1GPU_SV__ds_UFireIndoorTest__mt_temp_method_motion_block__e1ccb7b889a0__20260401.144240;none;/mnt/e/SyncData/paper2_main/zout/reports/baseline_vs_accMotion/MainPC__ds_UFireIndoorTest__mt_no_temp_method__af4b0d32a3d2__20260330.205208
VSD3__lb_mixed_firesmoke__video2.avi;1661;8950;fire_smoke;/mnt/e/SyncData/paper2_main/datasets/UFireIndoorFull/test/test_firesmoke/VSD3__lb_mixed_firesmoke__video2.avi;none;/mnt/e/SyncData/paper2_main/zout/reports/baseline_vs_accMotion/1GPU_SV__ds_UFireIndoorTest__mt_temp_method_motion_block__e1ccb7b889a0__20260401.144240;none;/mnt/e/SyncData/paper2_main/zout/reports/baseline_vs_accMotion/MainPC__ds_UFireIndoorTest__mt_no_temp_method__af4b0d32a3d2__20260330.205208
VSD3__lb_mixed_firesmoke__video2.avi;1662;8950;fire_smoke;/mnt/e/SyncData/paper2_main/datasets/UFireIndoorFull/test/test_firesmoke/VSD3__lb_mixed_firesmoke__video2.avi;none;/mnt/e/SyncData/paper2_main/zout/reports/baseline_vs_accMotion/1GPU_SV__ds_UFireIndoorTest__mt_temp_method_motion_block__e1ccb7b889a0__20260401.144240;none;/mnt/e/SyncData/paper2_main/zout/reports/baseline_vs_accMotion/MainPC__ds_UFireIndoorTest__mt_no_temp_method__af4b0d32a3d2__20260330.205208
VSD3__lb_mixed_firesmoke__video2.avi;1663;8950;fire_smoke;/mnt/e/SyncData/paper2_main/datasets/UFireIndoorFull/test/test_firesmoke/VSD3__lb_mixed_firesmoke__video2.avi;none;/mnt/e/SyncData/paper2_main/zout/reports/baseline_vs_accMotion/1GPU_SV__ds_UFireIndoorTest__mt_temp_method_motion_block__e1ccb7b889a0__20260401.144240;none;/mnt/e/SyncData/paper2_main/zout/reports/baseline_vs_accMotion/MainPC__ds_UFireIndoorTest__mt_no_temp_method__af4b0d32a3d2__20260330.205208
VSD3__lb_mixed_firesmoke__video2.avi;1664;8950;fire_smoke;/mnt/e/SyncData/paper2_main/datasets/UFireIndoorFull/test/test_firesmoke/VSD3__lb_mixed_firesmoke__video2.avi;none;/mnt/e/SyncData/paper2_main/zout/reports/baseline_vs_accMotion/1GPU_SV__ds_UFireIndoorTest__mt_temp_method_motion_block__e1ccb7b889a0__20260401.144240;none;/mnt/e/SyncData/paper2_main/zout/reports/baseline_vs_accMotion/MainPC__ds_UFireIndoorTest__mt_no_temp_method__af4b0d32a3d2__20260330.205208
VSD3__lb_mixed_firesmoke__video2.avi;1665;8950;fire_smoke;/mnt/e/SyncData/paper2_main/datasets/UFireIndoorFull/test/test_firesmoke/VSD3__lb_mixed_firesmoke__video2.avi;none;/mnt/e/SyncData/paper2_main/zout/reports/baseline_vs_accMotion/1GPU_SV__ds_UFireIndoorTest__mt_temp_method_motion_block__e1ccb7b889a0__20260401.144240;none;/mnt/e/SyncData/paper2_main/zout/reports/baseline_vs_accMotion/MainPC__ds_UFireIndoorTest__mt_no_temp_method__af4b0d32a3d2__20260330.205208
VSD3__lb_mixed_firesmoke__video2.avi;1666;8950;fire_smoke;/mnt/e/SyncData/paper2_main/datasets/UFireIndoorFull/test/test_firesmoke/VSD3__lb_mixed_firesmoke__video2.avi;none;/mnt/e/SyncData/paper2_main/zout/reports/baseline_vs_accMotion/1GPU_SV__ds_UFireIndoorTest__mt_temp_method_motion_block__e1ccb7b889a0__20260401.144240;none;/mnt/e/SyncData/paper2_main/zout/reports/baseline_vs_accMotion/MainPC__ds_UFireIndoorTest__mt_no_temp_method__af4b0d32a3d2__20260330.205208
VSD3__lb_mixed_firesmoke__video2.avi;1667;8950;fire_smoke;/mnt/e/SyncData/paper2_main/datasets/UFireIndoorFull/test/test_firesmoke/VSD3__lb_mixed_firesmoke__video2.avi;none;/mnt/e/SyncData/paper2_main/zout/reports/baseline_vs_accMotion/1GPU_SV__ds_UFireIndoorTest__mt_temp_method_motion_block__e1ccb7b889a0__20260401.144240;none;/mnt/e/SyncData/paper2_main/zout/reports/baseline_vs_accMotion/MainPC__ds_UFireIndoorTest__mt_no_temp_method__af4b0d32a3d2__20260330.205208
VSD3__lb_mixed_firesmoke__video2.avi;1668;8950;fire_smoke;/mnt/e/SyncData/paper2_main/datasets/UFireIndoorFull/test/test_firesmoke/VSD3__lb_mixed_firesmoke__video2.avi;none;/mnt/e/SyncData/paper2_main/zout/reports/baseline_vs_accMotion/1GPU_SV__ds_UFireIndoorTest__mt_temp_method_motion_block__e1ccb7b889a0__20260401.144240;none;/mnt/e/SyncData/paper2_main/zout/reports/baseline_vs_accMotion/MainPC__ds_UFireIndoorTest__mt_no_temp_method__af4b0d32a3d2__20260330.205208
VSD3__lb_mixed_firesmoke__video2.avi;1669;8950;fire_smoke;/mnt/e/SyncData/paper2_main/datasets/UFireIndoorFull/test/test_firesmoke/VSD3__lb_mixed_firesmoke__video2.avi;none;/mnt/e/SyncData/paper2_main/zout/reports/baseline_vs_accMotion/1GPU_SV__ds_UFireIndoorTest__mt_temp_method_motion_block__e1ccb7b889a0__20260401.144240;none;/mnt/e/SyncData/paper2_main/zout/reports/baseline_vs_accMotion/MainPC__ds_UFireIndoorTest__mt_no_temp_method__af4b0d32a3d2__20260330.205208
VSD3__lb_mixed_firesmoke__video2.avi;1670;8950;fire_smoke;/mnt/e/SyncData/paper2_main/datasets/UFireIndoorFull/test/test_firesmoke/VSD3__lb_mixed_firesmoke__video2.avi;none;/mnt/e/SyncData/paper2_main/zout/reports/baseline_vs_accMotion/1GPU_SV__ds_UFireIndoorTest__mt_temp_method_motion_block__e1ccb7b889a0__20260401.144240;none;/mnt/e/SyncData/paper2_main/zout/reports/baseline_vs_accMotion/MainPC__ds_UFireIndoorTest__mt_no_temp_method__af4b0d32a3d2__20260330.205208
VSD3__lb_mixed_firesmoke__video2.avi;1671;8950;fire_smoke;/mnt/e/SyncData/paper2_main/datasets/UFireIndoorFull/test/test_firesmoke/VSD3__lb_mixed_firesmoke__video2.avi;none;/mnt/e/SyncData/paper2_main/zout/reports/baseline_vs_accMotion/1GPU_SV__ds_UFireIndoorTest__mt_temp_method_motion_block__e1ccb7b889a0__20260401.144240;none;/mnt/e/SyncData/paper2_main/zout/reports/baseline_vs_accMotion/MainPC__ds_UFireIndoorTest__mt_no_temp_method__af4b0d32a3d2__20260330.205208
VSD3__lb_mixed_firesmoke__video2.avi;1672;8950;fire_smoke;/mnt/e/SyncData/paper2_main/datasets/UFireIndoorFull/test/test_firesmoke/VSD3__lb_mixed_firesmoke__video2.avi;none;/mnt/e/SyncData/paper2_main/zout/reports/baseline_vs_accMotion/1GPU_SV__ds_UFireIndoorTest__mt_temp_method_motion_block__e1ccb7b889a0__20260401.144240;none;/mnt/e/SyncData/paper2_main/zout/reports/baseline_vs_accMotion/MainPC__ds_UFireIndoorTest__mt_no_temp_method__af4b0d32a3d2__20260330.205208
VSD3__lb_mixed_firesmoke__video2.avi;1673;8950;fire_smoke;/mnt/e/SyncData/paper2_main/datasets/UFireIndoorFull/test/test_firesmoke/VSD3__lb_mixed_firesmoke__video2.avi;none;/mnt/e/SyncData/paper2_main/zout/reports/baseline_vs_accMotion/1GPU_SV__ds_UFireIndoorTest__mt_temp_method_motion_block__e1ccb7b889a0__20260401.144240;none;/mnt/e/SyncData/paper2_main/zout/reports/baseline_vs_accMotion/MainPC__ds_UFireIndoorTest__mt_no_temp_method__af4b0d32a3d2__20260330.205208
VSD3__lb_mixed_firesmoke__video2.avi;1674;8950;fire_smoke;/mnt/e/SyncData/paper2_main/datasets/UFireIndoorFull/test/test_firesmoke/VSD3__lb_mixed_firesmoke__video2.avi;none;/mnt/e/SyncData/paper2_main/zout/reports/baseline_vs_accMotion/1GPU_SV__ds_UFireIndoorTest__mt_temp_method_motion_block__e1ccb7b889a0__20260401.144240;none;/mnt/e/SyncData/paper2_main/zout/reports/baseline_vs_accMotion/MainPC__ds_UFireIndoorTest__mt_no_temp_method__af4b0d32a3d2__20260330.205208
VSD3__lb_mixed_firesmoke__video2.avi;1675;8950;fire_smoke;/mnt/e/SyncData/paper2_main/datasets/UFireIndoorFull/test/test_firesmoke/VSD3__lb_mixed_firesmoke__video2.avi;none;/mnt/e/SyncData/paper2_main/zout/reports/baseline_vs_accMotion/1GPU_SV__ds_UFireIndoorTest__mt_temp_method_motion_block__e1ccb7b889a0__20260401.144240;none;/mnt/e/SyncData/paper2_main/zout/reports/baseline_vs_accMotion/MainPC__ds_UFireIndoorTest__mt_no_temp_method__af4b0d32a3d2__20260330.205208
VSD3__lb_mixed_firesmoke__video2.avi;1676;8950;fire_smoke;/mnt/e/SyncData/paper2_main/datasets/UFireIndoorFull/test/test_firesmoke/VSD3__lb_mixed_firesmoke__video2.avi;none;/mnt/e/SyncData/paper2_main/zout/reports/baseline_vs_accMotion/1GPU_SV__ds_UFireIndoorTest__mt_temp_method_motion_block__e1ccb7b889a0__20260401.144240;none;/mnt/e/SyncData/paper2_main/zout/reports/baseline_vs_accMotion/MainPC__ds_UFireIndoorTest__mt_no_temp_method__af4b0d32a3d2__20260330.205208
VSD3__lb_mixed_firesmoke__video2.avi;1677;8950;fire_smoke;/mnt/e/SyncData/paper2_main/datasets/UFireIndoorFull/test/test_firesmoke/VSD3__lb_mixed_firesmoke__video2.avi;none;/mnt/e/SyncData/paper2_main/zout/reports/baseline_vs_accMotion/1GPU_SV__ds_UFireIndoorTest__mt_temp_method_motion_block__e1ccb7b889a0__20260401.144240;none;/mnt/e/SyncData/paper2_main/zout/reports/baseline_vs_accMotion/MainPC__ds_UFireIndoorTest__mt_no_temp_method__af4b0d32a3d2__20260330.205208
VSD3__lb_mixed_firesmoke__video2.avi;1678;8950;fire_smoke;/mnt/e/SyncData/paper2_main/datasets/UFireIndoorFull/test/test_firesmoke/VSD3__lb_mixed_firesmoke__video2.avi;none;/mnt/e/SyncData/paper2_main/zout/reports/baseline_vs_accMotion/1GPU_SV__ds_UFireIndoorTest__mt_temp_method_motion_block__e1ccb7b889a0__20260401.144240;none;/mnt/e/SyncData/paper2_main/zout/reports/baseline_vs_accMotion/MainPC__ds_UFireIndoorTest__mt_no_temp_method__af4b0d32a3d2__20260330.205208
VSD3__lb_mixed_firesmoke__video2.avi;1679;8950;fire_smoke;/mnt/e/SyncData/paper2_main/datasets/UFireIndoorFull/test/test_firesmoke/VSD3__lb_mixed_firesmoke__video2.avi;none;/mnt/e/SyncData/paper2_main/zout/reports/baseline_vs_accMotion/1GPU_SV__ds_UFireIndoorTest__mt_temp_method_motion_block__e1ccb7b889a0__20260401.144240;none;/mnt/e/SyncData/paper2_main/zout/reports/baseline_vs_accMotion/MainPC__ds_UFireIndoorTest__mt_no_temp_method__af4b0d32a3d2__20260330.205208
VSD3__lb_mixed_firesmoke__video2.avi;1680;8950;fire_smoke;/mnt/e/SyncData/paper2_main/datasets/UFireIndoorFull/test/test_firesmoke/VSD3__lb_mixed_firesmoke__video2.avi;none;/mnt/e/SyncData/paper2_main/zout/reports/baseline_vs_accMotion/1GPU_SV__ds_UFireIndoorTest__mt_temp_method_motion_block__e1ccb7b889a0__20260401.144240;none;/mnt/e/SyncData/paper2_main/zout/reports/baseline_vs_accMotion/MainPC__ds_UFireIndoorTest__mt_no_temp_method__af4b0d32a3d2__20260330.205208
VSD3__lb_mixed_firesmoke__video2.avi;1681;8950;fire_smoke;/mnt/e/SyncData/paper2_main/datasets/UFireIndoorFull/test/test_firesmoke/VSD3__lb_mixed_firesmoke__video2.avi;none;/mnt/e/SyncData/paper2_main/zout/reports/baseline_vs_accMotion/1GPU_SV__ds_UFireIndoorTest__mt_temp_method_motion_block__e1ccb7b889a0__20260401.144240;none;/mnt/e/SyncData/paper2_main/zout/reports/baseline_vs_accMotion/MainPC__ds_UFireIndoorTest__mt_no_temp_method__af4b0d32a3d2__20260330.205208
VSD3__lb_mixed_firesmoke__video2.avi;1682;8950;fire_smoke;/mnt/e/SyncData/paper2_main/datasets/UFireIndoorFull/test/test_firesmoke/VSD3__lb_mixed_firesmoke__video2.avi;none;/mnt/e/SyncData/paper2_main/zout/reports/baseline_vs_accMotion/1GPU_SV__ds_UFireIndoorTest__mt_temp_method_motion_block__e1ccb7b889a0__20260401.144240;none;/mnt/e/SyncData/paper2_main/zout/reports/baseline_vs_accMotion/MainPC__ds_UFireIndoorTest__mt_no_temp_method__af4b0d32a3d2__20260330.205208
VSD3__lb_mixed_firesmoke__video2.avi;1683;8950;fire_smoke;/mnt/e/SyncData/paper2_main/datasets/UFireIndoorFull/test/test_firesmoke/VSD3__lb_mixed_firesmoke__video2.avi;none;/mnt/e/SyncData/paper2_main/zout/reports/baseline_vs_accMotion/1GPU_SV__ds_UFireIndoorTest__mt_temp_method_motion_block__e1ccb7b889a0__20260401.144240;none;/mnt/e/SyncData/paper2_main/zout/reports/baseline_vs_accMotion/MainPC__ds_UFireIndoorTest__mt_no_temp_method__af4b0d32a3d2__20260330.205208
VSD3__lb_mixed_firesmoke__video2.avi;1684;8950;fire_smoke;/mnt/e/SyncData/paper2_main/datasets/UFireIndoorFull/test/test_firesmoke/VSD3__lb_mixed_firesmoke__video2.avi;none;/mnt/e/SyncData/paper2_main/zout/reports/baseline_vs_accMotion/1GPU_SV__ds_UFireIndoorTest__mt_temp_method_motion_block__e1ccb7b889a0__20260401.144240;none;/mnt/e/SyncData/paper2_main/zout/reports/baseline_vs_accMotion/MainPC__ds_UFireIndoorTest__mt_no_temp_method__af4b0d32a3d2__20260330.205208
VSD3__lb_mixed_firesmoke__video2.avi;1685;8950;fire_smoke;/mnt/e/SyncData/paper2_main/datasets/UFireIndoorFull/test/test_firesmoke/VSD3__lb_mixed_firesmoke__video2.avi;none;/mnt/e/SyncData/paper2_main/zout/reports/baseline_vs_accMotion/1GPU_SV__ds_UFireIndoorTest__mt_temp_method_motion_block__e1ccb7b889a0__20260401.144240;none;/mnt/e/SyncData/paper2_main/zout/reports/baseline_vs_accMotion/MainPC__ds_UFireIndoorTest__mt_no_temp_method__af4b0d32a3d2__20260330.205208
VSD3__lb_mixed_firesmoke__video2.avi;1686;8950;fire_smoke;/mnt/e/SyncData/paper2_main/datasets/UFireIndoorFull/test/test_firesmoke/VSD3__lb_mixed_firesmoke__video2.avi;none;/mnt/e/SyncData/paper2_main/zout/reports/baseline_vs_accMotion/1GPU_SV__ds_UFireIndoorTest__mt_temp_method_motion_block__e1ccb7b889a0__20260401.144240;none;/mnt/e/SyncData/paper2_main/zout/reports/baseline_vs_accMotion/MainPC__ds_UFireIndoorTest__mt_no_temp_method__af4b0d32a3d2__20260330.205208
VSD3__lb_mixed_firesmoke__video2.avi;1687;8950;fire_smoke;/mnt/e/SyncData/paper2_main/datasets/UFireIndoorFull/test/test_firesmoke/VSD3__lb_mixed_firesmoke__video2.avi;none;/mnt/e/SyncData/paper2_main/zout/reports/baseline_vs_accMotion/1GPU_SV__ds_UFireIndoorTest__mt_temp_method_motion_block__e1ccb7b889a0__20260401.144240;none;/mnt/e/SyncData/paper2_main/zout/reports/baseline_vs_accMotion/MainPC__ds_UFireIndoorTest__mt_no_temp_method__af4b0d32a3d2__20260330.205208
VSD3__lb_mixed_firesmoke__video2.avi;1688;8950;fire_smoke;/mnt/e/SyncData/paper2_main/datasets/UFireIndoorFull/test/test_firesmoke/VSD3__lb_mixed_firesmoke__video2.avi;none;/mnt/e/SyncData/paper2_main/zout/reports/baseline_vs_accMotion/1GPU_SV__ds_UFireIndoorTest__mt_temp_method_motion_block__e1ccb7b889a0__20260401.144240;none;/mnt/e/SyncData/paper2_main/zout/reports/baseline_vs_accMotion/MainPC__ds_UFireIndoorTest__mt_no_temp_method__af4b0d32a3d2__20260330.205208
VSD3__lb_mixed_firesmoke__video2.avi;1689;8950;fire_smoke;/mnt/e/SyncData/paper2_main/datasets/UFireIndoorFull/test/test_firesmoke/VSD3__lb_mixed_firesmoke__video2.avi;none;/mnt/e/SyncData/paper2_main/zout/reports/baseline_vs_accMotion/1GPU_SV__ds_UFireIndoorTest__mt_temp_method_motion_block__e1ccb7b889a0__20260401.144240;none;/mnt/e/SyncData/paper2_main/zout/reports/baseline_vs_accMotion/MainPC__ds_UFireIndoorTest__mt_no_temp_method__af4b0d32a3d2__20260330.205208
VSD3__lb_mixed_firesmoke__video2.avi;1690;8950;fire_smoke;/mnt/e/SyncData/paper2_main/datasets/UFireIndoorFull/test/test_firesmoke/VSD3__lb_mixed_firesmoke__video2.avi;none;/mnt/e/SyncData/paper2_main/zout/reports/baseline_vs_accMotion/1GPU_SV__ds_UFireIndoorTest__mt_temp_method_motion_block__e1ccb7b889a0__20260401.144240;none;/mnt/e/SyncData/paper2_main/zout/reports/baseline_vs_accMotion/MainPC__ds_UFireIndoorTest__mt_no_temp_method__af4b0d32a3d2__20260330.205208
VSD3__lb_mixed_firesmoke__video2.avi;1691;8950;fire_smoke;/mnt/e/SyncData/paper2_main/datasets/UFireIndoorFull/test/test_firesmoke/VSD3__lb_mixed_firesmoke__video2.avi;none;/mnt/e/SyncData/paper2_main/zout/reports/baseline_vs_accMotion/1GPU_SV__ds_UFireIndoorTest__mt_temp_method_motion_block__e1ccb7b889a0__20260401.144240;none;/mnt/e/SyncData/paper2_main/zout/reports/baseline_vs_accMotion/MainPC__ds_UFireIndoorTest__mt_no_temp_method__af4b0d32a3d2__20260330.205208
VSD3__lb_mixed_firesmoke__video2.avi;1692;8950;fire_smoke;/mnt/e/SyncData/paper2_main/datasets/UFireIndoorFull/test/test_firesmoke/VSD3__lb_mixed_firesmoke__video2.avi;none;/mnt/e/SyncData/paper2_main/zout/reports/baseline_vs_accMotion/1GPU_SV__ds_UFireIndoorTest__mt_temp_method_motion_block__e1ccb7b889a0__20260401.144240;none;/mnt/e/SyncData/paper2_main/zout/reports/baseline_vs_accMotion/MainPC__ds_UFireIndoorTest__mt_no_temp_method__af4b0d32a3d2__20260330.205208
VSD3__lb_mixed_firesmoke__video2.avi;1693;8950;fire_smoke;/mnt/e/SyncData/paper2_main/datasets/UFireIndoorFull/test/test_firesmoke/VSD3__lb_mixed_firesmoke__video2.avi;none;/mnt/e/SyncData/paper2_main/zout/reports/baseline_vs_accMotion/1GPU_SV__ds_UFireIndoorTest__mt_temp_method_motion_block__e1ccb7b889a0__20260401.144240;none;/mnt/e/SyncData/paper2_main/zout/reports/baseline_vs_accMotion/MainPC__ds_UFireIndoorTest__mt_no_temp_method__af4b0d32a3d2__20260330.205208
VSD3__lb_mixed_firesmoke__video2.avi;1694;8950;fire_smoke;/mnt/e/SyncData/paper2_main/datasets/UFireIndoorFull/test/test_firesmoke/VSD3__lb_mixed_firesmoke__video2.avi;none;/mnt/e/SyncData/paper2_main/zout/reports/baseline_vs_accMotion/1GPU_SV__ds_UFireIndoorTest__mt_temp_method_motion_block__e1ccb7b889a0__20260401.144240;none;/mnt/e/SyncData/paper2_main/zout/reports/baseline_vs_accMotion/MainPC__ds_UFireIndoorTest__mt_no_temp_method__af4b0d32a3d2__20260330.205208
VSD3__lb_mixed_firesmoke__video2.avi;1695;8950;fire_smoke;/mnt/e/SyncData/paper2_main/datasets/UFireIndoorFull/test/test_firesmoke/VSD3__lb_mixed_firesmoke__video2.avi;none;/mnt/e/SyncData/paper2_main/zout/reports/baseline_vs_accMotion/1GPU_SV__ds_UFireIndoorTest__mt_temp_method_motion_block__e1ccb7b889a0__20260401.144240;none;/mnt/e/SyncData/paper2_main/zout/reports/baseline_vs_accMotion/MainPC__ds_UFireIndoorTest__mt_no_temp_method__af4b0d32a3d2__20260330.205208
VSD3__lb_mixed_firesmoke__video2.avi;1696;8950;fire_smoke;/mnt/e/SyncData/paper2_main/datasets/UFireIndoorFull/test/test_firesmoke/VSD3__lb_mixed_firesmoke__video2.avi;none;/mnt/e/SyncData/paper2_main/zout/reports/baseline_vs_accMotion/1GPU_SV__ds_UFireIndoorTest__mt_temp_method_motion_block__e1ccb7b889a0__20260401.144240;none;/mnt/e/SyncData/paper2_main/zout/reports/baseline_vs_accMotion/MainPC__ds_UFireIndoorTest__mt_no_temp_method__af4b0d32a3d2__20260330.205208
VSD3__lb_mixed_firesmoke__video2.avi;1697;8950;fire_smoke;/mnt/e/SyncData/paper2_main/datasets/UFireIndoorFull/test/test_firesmoke/VSD3__lb_mixed_firesmoke__video2.avi;none;/mnt/e/SyncData/paper2_main/zout/reports/baseline_vs_accMotion/1GPU_SV__ds_UFireIndoorTest__mt_temp_method_motion_block__e1ccb7b889a0__20260401.144240;none;/mnt/e/SyncData/paper2_main/zout/reports/baseline_vs_accMotion/MainPC__ds_UFireIndoorTest__mt_no_temp_method__af4b0d32a3d2__20260330.205208
VSD3__lb_mixed_firesmoke__video2.avi;1698;8950;fire_smoke;/mnt/e/SyncData/paper2_main/datasets/UFireIndoorFull/test/test_firesmoke/VSD3__lb_mixed_firesmoke__video2.avi;none;/mnt/e/SyncData/paper2_main/zout/reports/baseline_vs_accMotion/1GPU_SV__ds_UFireIndoorTest__mt_temp_method_motion_block__e1ccb7b889a0__20260401.144240;none;/mnt/e/SyncData/paper2_main/zout/reports/baseline_vs_accMotion/MainPC__ds_UFireIndoorTest__mt_no_temp_method__af4b0d32a3d2__20260330.205208
VSD3__lb_mixed_firesmoke__video2.avi;1699;8950;fire_smoke;/mnt/e/SyncData/paper2_main/datasets/UFireIndoorFull/test/test_firesmoke/VSD3__lb_mixed_firesmoke__video2.avi;none;/mnt/e/SyncData/paper2_main/zout/reports/baseline_vs_accMotion/1GPU_SV__ds_UFireIndoorTest__mt_temp_method_motion_block__e1ccb7b889a0__20260401.144240;none;/mnt/e/SyncData/paper2_main/zout/reports/baseline_vs_accMotion/MainPC__ds_UFireIndoorTest__mt_no_temp_method__af4b0d32a3d2__20260330.205208
VSD3__lb_mixed_firesmoke__video2.avi;1700;8950;fire_smoke;/mnt/e/SyncData/paper2_main/datasets/UFireIndoorFull/test/test_firesmoke/VSD3__lb_mixed_firesmoke__video2.avi;none;/mnt/e/SyncData/paper2_main/zout/reports/baseline_vs_accMotion/1GPU_SV__ds_UFireIndoorTest__mt_temp_method_motion_block__e1ccb7b889a0__20260401.144240;none;/mnt/e/SyncData/paper2_main/zout/reports/baseline_vs_accMotion/MainPC__ds_UFireIndoorTest__mt_no_temp_method__af4b0d32a3d2__20260330.205208
VSD3__lb_mixed_firesmoke__video2.avi;1701;8950;fire_smoke;/mnt/e/SyncData/paper2_main/datasets/UFireIndoorFull/test/test_firesmoke/VSD3__lb_mixed_firesmoke__video2.avi;none;/mnt/e/SyncData/paper2_main/zout/reports/baseline_vs_accMotion/1GPU_SV__ds_UFireIndoorTest__mt_temp_method_motion_block__e1ccb7b889a0__20260401.144240;none;/mnt/e/SyncData/paper2_main/zout/reports/baseline_vs_accMotion/MainPC__ds_UFireIndoorTest__mt_no_temp_method__af4b0d32a3d2__20260330.205208
VSD3__lb_mixed_firesmoke__video2.avi;1702;8950;fire_smoke;/mnt/e/SyncData/paper2_main/datasets/UFireIndoorFull/test/test_firesmoke/VSD3__lb_mixed_firesmoke__video2.avi;none;/mnt/e/SyncData/paper2_main/zout/reports/baseline_vs_accMotion/1GPU_SV__ds_UFireIndoorTest__mt_temp_method_motion_block__e1ccb7b889a0__20260401.144240;none;/mnt/e/SyncData/paper2_main/zout/reports/baseline_vs_accMotion/MainPC__ds_UFireIndoorTest__mt_no_temp_method__af4b0d32a3d2__20260330.205208
VSD3__lb_mixed_firesmoke__video2.avi;1703;8950;fire_smoke;/mnt/e/SyncData/paper2_main/datasets/UFireIndoorFull/test/test_firesmoke/VSD3__lb_mixed_firesmoke__video2.avi;none;/mnt/e/SyncData/paper2_main/zout/reports/baseline_vs_accMotion/1GPU_SV__ds_UFireIndoorTest__mt_temp_method_motion_block__e1ccb7b889a0__20260401.144240;none;/mnt/e/SyncData/paper2_main/zout/reports/baseline_vs_accMotion/MainPC__ds_UFireIndoorTest__mt_no_temp_method__af4b0d32a3d2__20260330.205208
VSD3__lb_mixed_firesmoke__video2.avi;1704;8950;fire_smoke;/mnt/e/SyncData/paper2_main/datasets/UFireIndoorFull/test/test_firesmoke/VSD3__lb_mixed_firesmoke__video2.avi;none;/mnt/e/SyncData/paper2_main/zout/reports/baseline_vs_accMotion/1GPU_SV__ds_UFireIndoorTest__mt_temp_method_motion_block__e1ccb7b889a0__20260401.144240;none;/mnt/e/SyncData/paper2_main/zout/reports/baseline_vs_accMotion/MainPC__ds_UFireIndoorTest__mt_no_temp_method__af4b0d32a3d2__20260330.205208
VSD3__lb_mixed_firesmoke__video2.avi;1705;8950;fire_smoke;/mnt/e/SyncData/paper2_main/datasets/UFireIndoorFull/test/test_firesmoke/VSD3__lb_mixed_firesmoke__video2.avi;none;/mnt/e/SyncData/paper2_main/zout/reports/baseline_vs_accMotion/1GPU_SV__ds_UFireIndoorTest__mt_temp_method_motion_block__e1ccb7b889a0__20260401.144240;none;/mnt/e/SyncData/paper2_main/zout/reports/baseline_vs_accMotion/MainPC__ds_UFireIndoorTest__mt_no_temp_method__af4b0d32a3d2__20260330.205208
VSD3__lb_mixed_firesmoke__video2.avi;1706;8950;fire_smoke;/mnt/e/SyncData/paper2_main/datasets/UFireIndoorFull/test/test_firesmoke/VSD3__lb_mixed_firesmoke__video2.avi;none;/mnt/e/SyncData/paper2_main/zout/reports/baseline_vs_accMotion/1GPU_SV__ds_UFireIndoorTest__mt_temp_method_motion_block__e1ccb7b889a0__20260401.144240;none;/mnt/e/SyncData/paper2_main/zout/reports/baseline_vs_accMotion/MainPC__ds_UFireIndoorTest__mt_no_temp_method__af4b0d32a3d2__20260330.205208
VSD3__lb_mixed_firesmoke__video2.avi;1707;8950;fire_smoke;/mnt/e/SyncData/paper2_main/datasets/UFireIndoorFull/test/test_firesmoke/VSD3__lb_mixed_firesmoke__video2.avi;none;/mnt/e/SyncData/paper2_main/zout/reports/baseline_vs_accMotion/1GPU_SV__ds_UFireIndoorTest__mt_temp_method_motion_block__e1ccb7b889a0__20260401.144240;none;/mnt/e/SyncData/paper2_main/zout/reports/baseline_vs_accMotion/MainPC__ds_UFireIndoorTest__mt_no_temp_method__af4b0d32a3d2__20260330.205208
VSD3__lb_mixed_firesmoke__video2.avi;1708;8950;fire_smoke;/mnt/e/SyncData/paper2_main/datasets/UFireIndoorFull/test/test_firesmoke/VSD3__lb_mixed_firesmoke__video2.avi;none;/mnt/e/SyncData/paper2_main/zout/reports/baseline_vs_accMotion/1GPU_SV__ds_UFireIndoorTest__mt_temp_method_motion_block__e1ccb7b889a0__20260401.144240;none;/mnt/e/SyncData/paper2_main/zout/reports/baseline_vs_accMotion/MainPC__ds_UFireIndoorTest__mt_no_temp_method__af4b0d32a3d2__20260330.205208
VSD3__lb_mixed_firesmoke__video2.avi;1710;8950;fire_smoke;/mnt/e/SyncData/paper2_main/datasets/UFireIndoorFull/test/test_firesmoke/VSD3__lb_mixed_firesmoke__video2.avi;none;/mnt/e/SyncData/paper2_main/zout/reports/baseline_vs_accMotion/1GPU_SV__ds_UFireIndoorTest__mt_temp_method_motion_block__e1ccb7b889a0__20260401.144240;none;/mnt/e/SyncData/paper2_main/zout/reports/baseline_vs_accMotion/MainPC__ds_UFireIndoorTest__mt_no_temp_method__af4b0d32a3d2__20260330.205208
VSD3__lb_mixed_firesmoke__video2.avi;1711;8950;fire_smoke;/mnt/e/SyncData/paper2_main/datasets/UFireIndoorFull/test/test_firesmoke/VSD3__lb_mixed_firesmoke__video2.avi;none;/mnt/e/SyncData/paper2_main/zout/reports/baseline_vs_accMotion/1GPU_SV__ds_UFireIndoorTest__mt_temp_method_motion_block__e1ccb7b889a0__20260401.144240;none;/mnt/e/SyncData/paper2_main/zout/reports/baseline_vs_accMotion/MainPC__ds_UFireIndoorTest__mt_no_temp_method__af4b0d32a3d2__20260330.205208
VSD3__lb_mixed_firesmoke__video2.avi;1712;8950;fire_smoke;/mnt/e/SyncData/paper2_main/datasets/UFireIndoorFull/test/test_firesmoke/VSD3__lb_mixed_firesmoke__video2.avi;none;/mnt/e/SyncData/paper2_main/zout/reports/baseline_vs_accMotion/1GPU_SV__ds_UFireIndoorTest__mt_temp_method_motion_block__e1ccb7b889a0__20260401.144240;none;/mnt/e/SyncData/paper2_main/zout/reports/baseline_vs_accMotion/MainPC__ds_UFireIndoorTest__mt_no_temp_method__af4b0d32a3d2__20260330.205208
VSD3__lb_mixed_firesmoke__video2.avi;1713;8950;fire_smoke;/mnt/e/SyncData/paper2_main/datasets/UFireIndoorFull/test/test_firesmoke/VSD3__lb_mixed_firesmoke__video2.avi;none;/mnt/e/SyncData/paper2_main/zout/reports/baseline_vs_accMotion/1GPU_SV__ds_UFireIndoorTest__mt_temp_method_motion_block__e1ccb7b889a0__20260401.144240;none;/mnt/e/SyncData/paper2_main/zout/reports/baseline_vs_accMotion/MainPC__ds_UFireIndoorTest__mt_no_temp_method__af4b0d32a3d2__20260330.205208
VSD3__lb_mixed_firesmoke__video2.avi;1714;8950;fire_smoke;/mnt/e/SyncData/paper2_main/datasets/UFireIndoorFull/test/test_firesmoke/VSD3__lb_mixed_firesmoke__video2.avi;none;/mnt/e/SyncData/paper2_main/zout/reports/baseline_vs_accMotion/1GPU_SV__ds_UFireIndoorTest__mt_temp_method_motion_block__e1ccb7b889a0__20260401.144240;none;/mnt/e/SyncData/paper2_main/zout/reports/baseline_vs_accMotion/MainPC__ds_UFireIndoorTest__mt_no_temp_method__af4b0d32a3d2__20260330.205208
VSD3__lb_mixed_firesmoke__video2.avi;1720;8950;fire_smoke;/mnt/e/SyncData/paper2_main/datasets/UFireIndoorFull/test/test_firesmoke/VSD3__lb_mixed_firesmoke__video2.avi;none;/mnt/e/SyncData/paper2_main/zout/reports/baseline_vs_accMotion/1GPU_SV__ds_UFireIndoorTest__mt_temp_method_motion_block__e1ccb7b889a0__20260401.144240;none;/mnt/e/SyncData/paper2_main/zout/reports/baseline_vs_accMotion/MainPC__ds_UFireIndoorTest__mt_no_temp_method__af4b0d32a3d2__20260330.205208
VSD3__lb_mixed_firesmoke__video2.avi;1724;8950;fire_smoke;/mnt/e/SyncData/paper2_main/datasets/UFireIndoorFull/test/test_firesmoke/VSD3__lb_mixed_firesmoke__video2.avi;none;/mnt/e/SyncData/paper2_main/zout/reports/baseline_vs_accMotion/1GPU_SV__ds_UFireIndoorTest__mt_temp_method_motion_block__e1ccb7b889a0__20260401.144240;none;/mnt/e/SyncData/paper2_main/zout/reports/baseline_vs_accMotion/MainPC__ds_UFireIndoorTest__mt_no_temp_method__af4b0d32a3d2__20260330.205208
VSD3__lb_mixed_firesmoke__video2.avi;1725;8950;fire_smoke;/mnt/e/SyncData/paper2_main/datasets/UFireIndoorFull/test/test_firesmoke/VSD3__lb_mixed_firesmoke__video2.avi;none;/mnt/e/SyncData/paper2_main/zout/reports/baseline_vs_accMotion/1GPU_SV__ds_UFireIndoorTest__mt_temp_method_motion_block__e1ccb7b889a0__20260401.144240;none;/mnt/e/SyncData/paper2_main/zout/reports/baseline_vs_accMotion/MainPC__ds_UFireIndoorTest__mt_no_temp_method__af4b0d32a3d2__20260330.205208
VSD3__lb_mixed_firesmoke__video2.avi;1726;8950;fire_smoke;/mnt/e/SyncData/paper2_main/datasets/UFireIndoorFull/test/test_firesmoke/VSD3__lb_mixed_firesmoke__video2.avi;none;/mnt/e/SyncData/paper2_main/zout/reports/baseline_vs_accMotion/1GPU_SV__ds_UFireIndoorTest__mt_temp_method_motion_block__e1ccb7b889a0__20260401.144240;none;/mnt/e/SyncData/paper2_main/zout/reports/baseline_vs_accMotion/MainPC__ds_UFireIndoorTest__mt_no_temp_method__af4b0d32a3d2__20260330.205208
VSD3__lb_mixed_firesmoke__video2.avi;1727;8950;fire_smoke;/mnt/e/SyncData/paper2_main/datasets/UFireIndoorFull/test/test_firesmoke/VSD3__lb_mixed_firesmoke__video2.avi;none;/mnt/e/SyncData/paper2_main/zout/reports/baseline_vs_accMotion/1GPU_SV__ds_UFireIndoorTest__mt_temp_method_motion_block__e1ccb7b889a0__20260401.144240;none;/mnt/e/SyncData/paper2_main/zout/reports/baseline_vs_accMotion/MainPC__ds_UFireIndoorTest__mt_no_temp_method__af4b0d32a3d2__20260330.205208
VSD3__lb_mixed_firesmoke__video2.avi;1736;8950;fire_smoke;/mnt/e/SyncData/paper2_main/datasets/UFireIndoorFull/test/test_firesmoke/VSD3__lb_mixed_firesmoke__video2.avi;none;/mnt/e/SyncData/paper2_main/zout/reports/baseline_vs_accMotion/1GPU_SV__ds_UFireIndoorTest__mt_temp_method_motion_block__e1ccb7b889a0__20260401.144240;none;/mnt/e/SyncData/paper2_main/zout/reports/baseline_vs_accMotion/MainPC__ds_UFireIndoorTest__mt_no_temp_method__af4b0d32a3d2__20260330.205208
VSD3__lb_mixed_firesmoke__video2.avi;7295;8950;fire_smoke;/mnt/e/SyncData/paper2_main/datasets/UFireIndoorFull/test/test_firesmoke/VSD3__lb_mixed_firesmoke__video2.avi;none;/mnt/e/SyncData/paper2_main/zout/reports/baseline_vs_accMotion/1GPU_SV__ds_UFireIndoorTest__mt_temp_method_motion_block__e1ccb7b889a0__20260401.144240;none;/mnt/e/SyncData/paper2_main/zout/reports/baseline_vs_accMotion/MainPC__ds_UFireIndoorTest__mt_no_temp_method__af4b0d32a3d2__20260330.205208
VSD3__lb_mixed_firesmoke__video2.avi;7766;8950;fire_smoke;/mnt/e/SyncData/paper2_main/datasets/UFireIndoorFull/test/test_firesmoke/VSD3__lb_mixed_firesmoke__video2.avi;none;/mnt/e/SyncData/paper2_main/zout/reports/baseline_vs_accMotion/1GPU_SV__ds_UFireIndoorTest__mt_temp_method_motion_block__e1ccb7b889a0__20260401.144240;none;/mnt/e/SyncData/paper2_main/zout/reports/baseline_vs_accMotion/MainPC__ds_UFireIndoorTest__mt_no_temp_method__af4b0d32a3d2__20260330.205208
VSD3__lb_mixed_firesmoke__video2.avi;7816;8950;fire_smoke;/mnt/e/SyncData/paper2_main/datasets/UFireIndoorFull/test/test_firesmoke/VSD3__lb_mixed_firesmoke__video2.avi;none;/mnt/e/SyncData/paper2_main/zout/reports/baseline_vs_accMotion/1GPU_SV__ds_UFireIndoorTest__mt_temp_method_motion_block__e1ccb7b889a0__20260401.144240;none;/mnt/e/SyncData/paper2_main/zout/reports/baseline_vs_accMotion/MainPC__ds_UFireIndoorTest__mt_no_temp_method__af4b0d32a3d2__20260330.205208
VSD3__lb_mixed_firesmoke__video2.avi;7856;8950;fire_smoke;/mnt/e/SyncData/paper2_main/datasets/UFireIndoorFull/test/test_firesmoke/VSD3__lb_mixed_firesmoke__video2.avi;none;/mnt/e/SyncData/paper2_main/zout/reports/baseline_vs_accMotion/1GPU_SV__ds_UFireIndoorTest__mt_temp_method_motion_block__e1ccb7b889a0__20260401.144240;none;/mnt/e/SyncData/paper2_main/zout/reports/baseline_vs_accMotion/MainPC__ds_UFireIndoorTest__mt_no_temp_method__af4b0d32a3d2__20260330.205208
VSD3__lb_mixed_firesmoke__video2.avi;7874;8950;fire_smoke;/mnt/e/SyncData/paper2_main/datasets/UFireIndoorFull/test/test_firesmoke/VSD3__lb_mixed_firesmoke__video2.avi;none;/mnt/e/SyncData/paper2_main/zout/reports/baseline_vs_accMotion/1GPU_SV__ds_UFireIndoorTest__mt_temp_method_motion_block__e1ccb7b889a0__20260401.144240;none;/mnt/e/SyncData/paper2_main/zout/reports/baseline_vs_accMotion/MainPC__ds_UFireIndoorTest__mt_no_temp_method__af4b0d32a3d2__20260330.205208
VSD3__lb_mixed_firesmoke__video2.avi;7883;8950;fire_smoke;/mnt/e/SyncData/paper2_main/datasets/UFireIndoorFull/test/test_firesmoke/VSD3__lb_mixed_firesmoke__video2.avi;none;/mnt/e/SyncData/paper2_main/zout/reports/baseline_vs_accMotion/1GPU_SV__ds_UFireIndoorTest__mt_temp_method_motion_block__e1ccb7b889a0__20260401.144240;none;/mnt/e/SyncData/paper2_main/zout/reports/baseline_vs_accMotion/MainPC__ds_UFireIndoorTest__mt_no_temp_method__af4b0d32a3d2__20260330.205208
VSD3__lb_mixed_firesmoke__video2.avi;7936;8950;fire_smoke;/mnt/e/SyncData/paper2_main/datasets/UFireIndoorFull/test/test_firesmoke/VSD3__lb_mixed_firesmoke__video2.avi;none;/mnt/e/SyncData/paper2_main/zout/reports/baseline_vs_accMotion/1GPU_SV__ds_UFireIndoorTest__mt_temp_method_motion_block__e1ccb7b889a0__20260401.144240;none;/mnt/e/SyncData/paper2_main/zout/reports/baseline_vs_accMotion/MainPC__ds_UFireIndoorTest__mt_no_temp_method__af4b0d32a3d2__20260330.205208
VSD3__lb_mixed_firesmoke__video2.avi;7999;8950;fire_smoke;/mnt/e/SyncData/paper2_main/datasets/UFireIndoorFull/test/test_firesmoke/VSD3__lb_mixed_firesmoke__video2.avi;none;/mnt/e/SyncData/paper2_main/zout/reports/baseline_vs_accMotion/1GPU_SV__ds_UFireIndoorTest__mt_temp_method_motion_block__e1ccb7b889a0__20260401.144240;none;/mnt/e/SyncData/paper2_main/zout/reports/baseline_vs_accMotion/MainPC__ds_UFireIndoorTest__mt_no_temp_method__af4b0d32a3d2__20260330.205208
VSD3__lb_mixed_firesmoke__video2.avi;8201;8950;fire_smoke;/mnt/e/SyncData/paper2_main/datasets/UFireIndoorFull/test/test_firesmoke/VSD3__lb_mixed_firesmoke__video2.avi;none;/mnt/e/SyncData/paper2_main/zout/reports/baseline_vs_accMotion/1GPU_SV__ds_UFireIndoorTest__mt_temp_method_motion_block__e1ccb7b889a0__20260401.144240;none;/mnt/e/SyncData/paper2_main/zout/reports/baseline_vs_accMotion/MainPC__ds_UFireIndoorTest__mt_no_temp_method__af4b0d32a3d2__20260330.205208
VSD3__lb_mixed_firesmoke__video2.avi;8490;8950;fire_smoke;/mnt/e/SyncData/paper2_main/datasets/UFireIndoorFull/test/test_firesmoke/VSD3__lb_mixed_firesmoke__video2.avi;none;/mnt/e/SyncData/paper2_main/zout/reports/baseline_vs_accMotion/1GPU_SV__ds_UFireIndoorTest__mt_temp_method_motion_block__e1ccb7b889a0__20260401.144240;none;/mnt/e/SyncData/paper2_main/zout/reports/baseline_vs_accMotion/MainPC__ds_UFireIndoorTest__mt_no_temp_method__af4b0d32a3d2__20260330.205208
VSD3__lb_mixed_firesmoke__video2.avi;8612;8950;fire_smoke;/mnt/e/SyncData/paper2_main/datasets/UFireIndoorFull/test/test_firesmoke/VSD3__lb_mixed_firesmoke__video2.avi;none;/mnt/e/SyncData/paper2_main/zout/reports/baseline_vs_accMotion/1GPU_SV__ds_UFireIndoorTest__mt_temp_method_motion_block__e1ccb7b889a0__20260401.144240;none;/mnt/e/SyncData/paper2_main/zout/reports/baseline_vs_accMotion/MainPC__ds_UFireIndoorTest__mt_no_temp_method__af4b0d32a3d2__20260330.205208
VSD3__lb_mixed_firesmoke__video2.avi;8629;8950;fire_smoke;/mnt/e/SyncData/paper2_main/datasets/UFireIndoorFull/test/test_firesmoke/VSD3__lb_mixed_firesmoke__video2.avi;none;/mnt/e/SyncData/paper2_main/zout/reports/baseline_vs_accMotion/1GPU_SV__ds_UFireIndoorTest__mt_temp_method_motion_block__e1ccb7b889a0__20260401.144240;none;/mnt/e/SyncData/paper2_main/zout/reports/baseline_vs_accMotion/MainPC__ds_UFireIndoorTest__mt_no_temp_method__af4b0d32a3d2__20260330.205208
VSD3__lb_mixed_firesmoke__video2.avi;8646;8950;fire_smoke;/mnt/e/SyncData/paper2_main/datasets/UFireIndoorFull/test/test_firesmoke/VSD3__lb_mixed_firesmoke__video2.avi;none;/mnt/e/SyncData/paper2_main/zout/reports/baseline_vs_accMotion/1GPU_SV__ds_UFireIndoorTest__mt_temp_method_motion_block__e1ccb7b889a0__20260401.144240;none;/mnt/e/SyncData/paper2_main/zout/reports/baseline_vs_accMotion/MainPC__ds_UFireIndoorTest__mt_no_temp_method__af4b0d32a3d2__20260330.205208
VSD3__lb_mixed_firesmoke__video2.avi;8659;8950;fire_smoke;/mnt/e/SyncData/paper2_main/datasets/UFireIndoorFull/test/test_firesmoke/VSD3__lb_mixed_firesmoke__video2.avi;none;/mnt/e/SyncData/paper2_main/zout/reports/baseline_vs_accMotion/1GPU_SV__ds_UFireIndoorTest__mt_temp_method_motion_block__e1ccb7b889a0__20260401.144240;none;/mnt/e/SyncData/paper2_main/zout/reports/baseline_vs_accMotion/MainPC__ds_UFireIndoorTest__mt_no_temp_method__af4b0d32a3d2__20260330.205208
VSD3__lb_mixed_firesmoke__video2.avi;8661;8950;fire_smoke;/mnt/e/SyncData/paper2_main/datasets/UFireIndoorFull/test/test_firesmoke/VSD3__lb_mixed_firesmoke__video2.avi;none;/mnt/e/SyncData/paper2_main/zout/reports/baseline_vs_accMotion/1GPU_SV__ds_UFireIndoorTest__mt_temp_method_motion_block__e1ccb7b889a0__20260401.144240;none;/mnt/e/SyncData/paper2_main/zout/reports/baseline_vs_accMotion/MainPC__ds_UFireIndoorTest__mt_no_temp_method__af4b0d32a3d2__20260330.205208
VSD3__lb_mixed_firesmoke__video2.avi;8662;8950;fire_smoke;/mnt/e/SyncData/paper2_main/datasets/UFireIndoorFull/test/test_firesmoke/VSD3__lb_mixed_firesmoke__video2.avi;none;/mnt/e/SyncData/paper2_main/zout/reports/baseline_vs_accMotion/1GPU_SV__ds_UFireIndoorTest__mt_temp_method_motion_block__e1ccb7b889a0__20260401.144240;none;/mnt/e/SyncData/paper2_main/zout/reports/baseline_vs_accMotion/MainPC__ds_UFireIndoorTest__mt_no_temp_method__af4b0d32a3d2__20260330.205208
VSD3__lb_mixed_firesmoke__video2.avi;8663;8950;fire_smoke;/mnt/e/SyncData/paper2_main/datasets/UFireIndoorFull/test/test_firesmoke/VSD3__lb_mixed_firesmoke__video2.avi;none;/mnt/e/SyncData/paper2_main/zout/reports/baseline_vs_accMotion/1GPU_SV__ds_UFireIndoorTest__mt_temp_method_motion_block__e1ccb7b889a0__20260401.144240;none;/mnt/e/SyncData/paper2_main/zout/reports/baseline_vs_accMotion/MainPC__ds_UFireIndoorTest__mt_no_temp_method__af4b0d32a3d2__20260330.205208
VSD3__lb_mixed_firesmoke__video2.avi;8678;8950;fire_smoke;/mnt/e/SyncData/paper2_main/datasets/UFireIndoorFull/test/test_firesmoke/VSD3__lb_mixed_firesmoke__video2.avi;none;/mnt/e/SyncData/paper2_main/zout/reports/baseline_vs_accMotion/1GPU_SV__ds_UFireIndoorTest__mt_temp_method_motion_block__e1ccb7b889a0__20260401.144240;none;/mnt/e/SyncData/paper2_main/zout/reports/baseline_vs_accMotion/MainPC__ds_UFireIndoorTest__mt_no_temp_method__af4b0d32a3d2__20260330.205208
VSD3__lb_mixed_firesmoke__video2.avi;8689;8950;fire_smoke;/mnt/e/SyncData/paper2_main/datasets/UFireIndoorFull/test/test_firesmoke/VSD3__lb_mixed_firesmoke__video2.avi;none;/mnt/e/SyncData/paper2_main/zout/reports/baseline_vs_accMotion/1GPU_SV__ds_UFireIndoorTest__mt_temp_method_motion_block__e1ccb7b889a0__20260401.144240;none;/mnt/e/SyncData/paper2_main/zout/reports/baseline_vs_accMotion/MainPC__ds_UFireIndoorTest__mt_no_temp_method__af4b0d32a3d2__20260330.205208
VSD3__lb_mixed_firesmoke__video2.avi;8697;8950;fire_smoke;/mnt/e/SyncData/paper2_main/datasets/UFireIndoorFull/test/test_firesmoke/VSD3__lb_mixed_firesmoke__video2.avi;none;/mnt/e/SyncData/paper2_main/zout/reports/baseline_vs_accMotion/1GPU_SV__ds_UFireIndoorTest__mt_temp_method_motion_block__e1ccb7b889a0__20260401.144240;none;/mnt/e/SyncData/paper2_main/zout/reports/baseline_vs_accMotion/MainPC__ds_UFireIndoorTest__mt_no_temp_method__af4b0d32a3d2__20260330.205208
VSD3__lb_mixed_firesmoke__video2.avi;8699;8950;fire_smoke;/mnt/e/SyncData/paper2_main/datasets/UFireIndoorFull/test/test_firesmoke/VSD3__lb_mixed_firesmoke__video2.avi;none;/mnt/e/SyncData/paper2_main/zout/reports/baseline_vs_accMotion/1GPU_SV__ds_UFireIndoorTest__mt_temp_method_motion_block__e1ccb7b889a0__20260401.144240;none;/mnt/e/SyncData/paper2_main/zout/reports/baseline_vs_accMotion/MainPC__ds_UFireIndoorTest__mt_no_temp_method__af4b0d32a3d2__20260330.205208
VSD3__lb_mixed_firesmoke__video2.avi;8700;8950;fire_smoke;/mnt/e/SyncData/paper2_main/datasets/UFireIndoorFull/test/test_firesmoke/VSD3__lb_mixed_firesmoke__video2.avi;none;/mnt/e/SyncData/paper2_main/zout/reports/baseline_vs_accMotion/1GPU_SV__ds_UFireIndoorTest__mt_temp_method_motion_block__e1ccb7b889a0__20260401.144240;none;/mnt/e/SyncData/paper2_main/zout/reports/baseline_vs_accMotion/MainPC__ds_UFireIndoorTest__mt_no_temp_method__af4b0d32a3d2__20260330.205208
VSD3__lb_mixed_firesmoke__video2.avi;8721;8950;fire_smoke;/mnt/e/SyncData/paper2_main/datasets/UFireIndoorFull/test/test_firesmoke/VSD3__lb_mixed_firesmoke__video2.avi;none;/mnt/e/SyncData/paper2_main/zout/reports/baseline_vs_accMotion/1GPU_SV__ds_UFireIndoorTest__mt_temp_method_motion_block__e1ccb7b889a0__20260401.144240;none;/mnt/e/SyncData/paper2_main/zout/reports/baseline_vs_accMotion/MainPC__ds_UFireIndoorTest__mt_no_temp_method__af4b0d32a3d2__20260330.205208
VSD3__lb_mixed_firesmoke__video2.avi;8723;8950;fire_smoke;/mnt/e/SyncData/paper2_main/datasets/UFireIndoorFull/test/test_firesmoke/VSD3__lb_mixed_firesmoke__video2.avi;none;/mnt/e/SyncData/paper2_main/zout/reports/baseline_vs_accMotion/1GPU_SV__ds_UFireIndoorTest__mt_temp_method_motion_block__e1ccb7b889a0__20260401.144240;none;/mnt/e/SyncData/paper2_main/zout/reports/baseline_vs_accMotion/MainPC__ds_UFireIndoorTest__mt_no_temp_method__af4b0d32a3d2__20260330.205208
VSD3__lb_mixed_firesmoke__video2.avi;8726;8950;fire_smoke;/mnt/e/SyncData/paper2_main/datasets/UFireIndoorFull/test/test_firesmoke/VSD3__lb_mixed_firesmoke__video2.avi;none;/mnt/e/SyncData/paper2_main/zout/reports/baseline_vs_accMotion/1GPU_SV__ds_UFireIndoorTest__mt_temp_method_motion_block__e1ccb7b889a0__20260401.144240;none;/mnt/e/SyncData/paper2_main/zout/reports/baseline_vs_accMotion/MainPC__ds_UFireIndoorTest__mt_no_temp_method__af4b0d32a3d2__20260330.205208
VSD3__lb_mixed_firesmoke__video2.avi;8745;8950;fire_smoke;/mnt/e/SyncData/paper2_main/datasets/UFireIndoorFull/test/test_firesmoke/VSD3__lb_mixed_firesmoke__video2.avi;none;/mnt/e/SyncData/paper2_main/zout/reports/baseline_vs_accMotion/1GPU_SV__ds_UFireIndoorTest__mt_temp_method_motion_block__e1ccb7b889a0__20260401.144240;none;/mnt/e/SyncData/paper2_main/zout/reports/baseline_vs_accMotion/MainPC__ds_UFireIndoorTest__mt_no_temp_method__af4b0d32a3d2__20260330.205208
VSD3__lb_mixed_firesmoke__video2.avi;8746;8950;fire_smoke;/mnt/e/SyncData/paper2_main/datasets/UFireIndoorFull/test/test_firesmoke/VSD3__lb_mixed_firesmoke__video2.avi;none;/mnt/e/SyncData/paper2_main/zout/reports/baseline_vs_accMotion/1GPU_SV__ds_UFireIndoorTest__mt_temp_method_motion_block__e1ccb7b889a0__20260401.144240;none;/mnt/e/SyncData/paper2_main/zout/reports/baseline_vs_accMotion/MainPC__ds_UFireIndoorTest__mt_no_temp_method__af4b0d32a3d2__20260330.205208
VSD3__lb_mixed_firesmoke__video2.avi;8763;8950;fire_smoke;/mnt/e/SyncData/paper2_main/datasets/UFireIndoorFull/test/test_firesmoke/VSD3__lb_mixed_firesmoke__video2.avi;none;/mnt/e/SyncData/paper2_main/zout/reports/baseline_vs_accMotion/1GPU_SV__ds_UFireIndoorTest__mt_temp_method_motion_block__e1ccb7b889a0__20260401.144240;none;/mnt/e/SyncData/paper2_main/zout/reports/baseline_vs_accMotion/MainPC__ds_UFireIndoorTest__mt_no_temp_method__af4b0d32a3d2__20260330.205208
VSD3__lb_mixed_firesmoke__video2.avi;8764;8950;fire_smoke;/mnt/e/SyncData/paper2_main/datasets/UFireIndoorFull/test/test_firesmoke/VSD3__lb_mixed_firesmoke__video2.avi;none;/mnt/e/SyncData/paper2_main/zout/reports/baseline_vs_accMotion/1GPU_SV__ds_UFireIndoorTest__mt_temp_method_motion_block__e1ccb7b889a0__20260401.144240;none;/mnt/e/SyncData/paper2_main/zout/reports/baseline_vs_accMotion/MainPC__ds_UFireIndoorTest__mt_no_temp_method__af4b0d32a3d2__20260330.205208
VSD3__lb_mixed_firesmoke__video2.avi;8765;8950;fire_smoke;/mnt/e/SyncData/paper2_main/datasets/UFireIndoorFull/test/test_firesmoke/VSD3__lb_mixed_firesmoke__video2.avi;none;/mnt/e/SyncData/paper2_main/zout/reports/baseline_vs_accMotion/1GPU_SV__ds_UFireIndoorTest__mt_temp_method_motion_block__e1ccb7b889a0__20260401.144240;none;/mnt/e/SyncData/paper2_main/zout/reports/baseline_vs_accMotion/MainPC__ds_UFireIndoorTest__mt_no_temp_method__af4b0d32a3d2__20260330.205208
VSD3__lb_mixed_firesmoke__video2.avi;8766;8950;fire_smoke;/mnt/e/SyncData/paper2_main/datasets/UFireIndoorFull/test/test_firesmoke/VSD3__lb_mixed_firesmoke__video2.avi;none;/mnt/e/SyncData/paper2_main/zout/reports/baseline_vs_accMotion/1GPU_SV__ds_UFireIndoorTest__mt_temp_method_motion_block__e1ccb7b889a0__20260401.144240;none;/mnt/e/SyncData/paper2_main/zout/reports/baseline_vs_accMotion/MainPC__ds_UFireIndoorTest__mt_no_temp_method__af4b0d32a3d2__20260330.205208
VSD3__lb_mixed_firesmoke__video2.avi;8767;8950;fire_smoke;/mnt/e/SyncData/paper2_main/datasets/UFireIndoorFull/test/test_firesmoke/VSD3__lb_mixed_firesmoke__video2.avi;none;/mnt/e/SyncData/paper2_main/zout/reports/baseline_vs_accMotion/1GPU_SV__ds_UFireIndoorTest__mt_temp_method_motion_block__e1ccb7b889a0__20260401.144240;none;/mnt/e/SyncData/paper2_main/zout/reports/baseline_vs_accMotion/MainPC__ds_UFireIndoorTest__mt_no_temp_method__af4b0d32a3d2__20260330.205208
VSD3__lb_mixed_firesmoke__video2.avi;8768;8950;fire_smoke;/mnt/e/SyncData/paper2_main/datasets/UFireIndoorFull/test/test_firesmoke/VSD3__lb_mixed_firesmoke__video2.avi;none;/mnt/e/SyncData/paper2_main/zout/reports/baseline_vs_accMotion/1GPU_SV__ds_UFireIndoorTest__mt_temp_method_motion_block__e1ccb7b889a0__20260401.144240;none;/mnt/e/SyncData/paper2_main/zout/reports/baseline_vs_accMotion/MainPC__ds_UFireIndoorTest__mt_no_temp_method__af4b0d32a3d2__20260330.205208
VSD3__lb_mixed_firesmoke__video2.avi;8769;8950;fire_smoke;/mnt/e/SyncData/paper2_main/datasets/UFireIndoorFull/test/test_firesmoke/VSD3__lb_mixed_firesmoke__video2.avi;none;/mnt/e/SyncData/paper2_main/zout/reports/baseline_vs_accMotion/1GPU_SV__ds_UFireIndoorTest__mt_temp_method_motion_block__e1ccb7b889a0__20260401.144240;none;/mnt/e/SyncData/paper2_main/zout/reports/baseline_vs_accMotion/MainPC__ds_UFireIndoorTest__mt_no_temp_method__af4b0d32a3d2__20260330.205208
VSD3__lb_mixed_firesmoke__video2.avi;8770;8950;fire_smoke;/mnt/e/SyncData/paper2_main/datasets/UFireIndoorFull/test/test_firesmoke/VSD3__lb_mixed_firesmoke__video2.avi;none;/mnt/e/SyncData/paper2_main/zout/reports/baseline_vs_accMotion/1GPU_SV__ds_UFireIndoorTest__mt_temp_method_motion_block__e1ccb7b889a0__20260401.144240;none;/mnt/e/SyncData/paper2_main/zout/reports/baseline_vs_accMotion/MainPC__ds_UFireIndoorTest__mt_no_temp_method__af4b0d32a3d2__20260330.205208
VSD3__lb_mixed_firesmoke__video2.avi;8781;8950;fire_smoke;/mnt/e/SyncData/paper2_main/datasets/UFireIndoorFull/test/test_firesmoke/VSD3__lb_mixed_firesmoke__video2.avi;none;/mnt/e/SyncData/paper2_main/zout/reports/baseline_vs_accMotion/1GPU_SV__ds_UFireIndoorTest__mt_temp_method_motion_block__e1ccb7b889a0__20260401.144240;none;/mnt/e/SyncData/paper2_main/zout/reports/baseline_vs_accMotion/MainPC__ds_UFireIndoorTest__mt_no_temp_method__af4b0d32a3d2__20260330.205208
VSD3__lb_mixed_firesmoke__video2.avi;8782;8950;fire_smoke;/mnt/e/SyncData/paper2_main/datasets/UFireIndoorFull/test/test_firesmoke/VSD3__lb_mixed_firesmoke__video2.avi;none;/mnt/e/SyncData/paper2_main/zout/reports/baseline_vs_accMotion/1GPU_SV__ds_UFireIndoorTest__mt_temp_method_motion_block__e1ccb7b889a0__20260401.144240;none;/mnt/e/SyncData/paper2_main/zout/reports/baseline_vs_accMotion/MainPC__ds_UFireIndoorTest__mt_no_temp_method__af4b0d32a3d2__20260330.205208
VSD3__lb_mixed_firesmoke__video2.avi;8783;8950;fire_smoke;/mnt/e/SyncData/paper2_main/datasets/UFireIndoorFull/test/test_firesmoke/VSD3__lb_mixed_firesmoke__video2.avi;none;/mnt/e/SyncData/paper2_main/zout/reports/baseline_vs_accMotion/1GPU_SV__ds_UFireIndoorTest__mt_temp_method_motion_block__e1ccb7b889a0__20260401.144240;none;/mnt/e/SyncData/paper2_main/zout/reports/baseline_vs_accMotion/MainPC__ds_UFireIndoorTest__mt_no_temp_method__af4b0d32a3d2__20260330.205208
VSD3__lb_mixed_firesmoke__video2.avi;8784;8950;fire_smoke;/mnt/e/SyncData/paper2_main/datasets/UFireIndoorFull/test/test_firesmoke/VSD3__lb_mixed_firesmoke__video2.avi;none;/mnt/e/SyncData/paper2_main/zout/reports/baseline_vs_accMotion/1GPU_SV__ds_UFireIndoorTest__mt_temp_method_motion_block__e1ccb7b889a0__20260401.144240;none;/mnt/e/SyncData/paper2_main/zout/reports/baseline_vs_accMotion/MainPC__ds_UFireIndoorTest__mt_no_temp_method__af4b0d32a3d2__20260330.205208
VSD3__lb_mixed_firesmoke__video2.avi;8785;8950;fire_smoke;/mnt/e/SyncData/paper2_main/datasets/UFireIndoorFull/test/test_firesmoke/VSD3__lb_mixed_firesmoke__video2.avi;none;/mnt/e/SyncData/paper2_main/zout/reports/baseline_vs_accMotion/1GPU_SV__ds_UFireIndoorTest__mt_temp_method_motion_block__e1ccb7b889a0__20260401.144240;none;/mnt/e/SyncData/paper2_main/zout/reports/baseline_vs_accMotion/MainPC__ds_UFireIndoorTest__mt_no_temp_method__af4b0d32a3d2__20260330.205208
VSD3__lb_mixed_firesmoke__video2.avi;8786;8950;fire_smoke;/mnt/e/SyncData/paper2_main/datasets/UFireIndoorFull/test/test_firesmoke/VSD3__lb_mixed_firesmoke__video2.avi;none;/mnt/e/SyncData/paper2_main/zout/reports/baseline_vs_accMotion/1GPU_SV__ds_UFireIndoorTest__mt_temp_method_motion_block__e1ccb7b889a0__20260401.144240;none;/mnt/e/SyncData/paper2_main/zout/reports/baseline_vs_accMotion/MainPC__ds_UFireIndoorTest__mt_no_temp_method__af4b0d32a3d2__20260330.205208
VSD3__lb_mixed_firesmoke__video2.avi;8787;8950;fire_smoke;/mnt/e/SyncData/paper2_main/datasets/UFireIndoorFull/test/test_firesmoke/VSD3__lb_mixed_firesmoke__video2.avi;none;/mnt/e/SyncData/paper2_main/zout/reports/baseline_vs_accMotion/1GPU_SV__ds_UFireIndoorTest__mt_temp_method_motion_block__e1ccb7b889a0__20260401.144240;none;/mnt/e/SyncData/paper2_main/zout/reports/baseline_vs_accMotion/MainPC__ds_UFireIndoorTest__mt_no_temp_method__af4b0d32a3d2__20260330.205208
VSD3__lb_mixed_firesmoke__video2.avi;8788;8950;fire_smoke;/mnt/e/SyncData/paper2_main/datasets/UFireIndoorFull/test/test_firesmoke/VSD3__lb_mixed_firesmoke__video2.avi;none;/mnt/e/SyncData/paper2_main/zout/reports/baseline_vs_accMotion/1GPU_SV__ds_UFireIndoorTest__mt_temp_method_motion_block__e1ccb7b889a0__20260401.144240;none;/mnt/e/SyncData/paper2_main/zout/reports/baseline_vs_accMotion/MainPC__ds_UFireIndoorTest__mt_no_temp_method__af4b0d32a3d2__20260330.205208
VSD3__lb_mixed_firesmoke__video2.avi;8789;8950;fire_smoke;/mnt/e/SyncData/paper2_main/datasets/UFireIndoorFull/test/test_firesmoke/VSD3__lb_mixed_firesmoke__video2.avi;none;/mnt/e/SyncData/paper2_main/zout/reports/baseline_vs_accMotion/1GPU_SV__ds_UFireIndoorTest__mt_temp_method_motion_block__e1ccb7b889a0__20260401.144240;none;/mnt/e/SyncData/paper2_main/zout/reports/baseline_vs_accMotion/MainPC__ds_UFireIndoorTest__mt_no_temp_method__af4b0d32a3d2__20260330.205208
VSD3__lb_mixed_firesmoke__video2.avi;8790;8950;fire_smoke;/mnt/e/SyncData/paper2_main/datasets/UFireIndoorFull/test/test_firesmoke/VSD3__lb_mixed_firesmoke__video2.avi;none;/mnt/e/SyncData/paper2_main/zout/reports/baseline_vs_accMotion/1GPU_SV__ds_UFireIndoorTest__mt_temp_method_motion_block__e1ccb7b889a0__20260401.144240;none;/mnt/e/SyncData/paper2_main/zout/reports/baseline_vs_accMotion/MainPC__ds_UFireIndoorTest__mt_no_temp_method__af4b0d32a3d2__20260330.205208
VSD3__lb_mixed_firesmoke__video2.avi;8791;8950;fire_smoke;/mnt/e/SyncData/paper2_main/datasets/UFireIndoorFull/test/test_firesmoke/VSD3__lb_mixed_firesmoke__video2.avi;none;/mnt/e/SyncData/paper2_main/zout/reports/baseline_vs_accMotion/1GPU_SV__ds_UFireIndoorTest__mt_temp_method_motion_block__e1ccb7b889a0__20260401.144240;none;/mnt/e/SyncData/paper2_main/zout/reports/baseline_vs_accMotion/MainPC__ds_UFireIndoorTest__mt_no_temp_method__af4b0d32a3d2__20260330.205208
VSD3__lb_mixed_firesmoke__video2.avi;8792;8950;fire_smoke;/mnt/e/SyncData/paper2_main/datasets/UFireIndoorFull/test/test_firesmoke/VSD3__lb_mixed_firesmoke__video2.avi;none;/mnt/e/SyncData/paper2_main/zout/reports/baseline_vs_accMotion/1GPU_SV__ds_UFireIndoorTest__mt_temp_method_motion_block__e1ccb7b889a0__20260401.144240;none;/mnt/e/SyncData/paper2_main/zout/reports/baseline_vs_accMotion/MainPC__ds_UFireIndoorTest__mt_no_temp_method__af4b0d32a3d2__20260330.205208
VSD3__lb_mixed_firesmoke__video2.avi;8793;8950;fire_smoke;/mnt/e/SyncData/paper2_main/datasets/UFireIndoorFull/test/test_firesmoke/VSD3__lb_mixed_firesmoke__video2.avi;none;/mnt/e/SyncData/paper2_main/zout/reports/baseline_vs_accMotion/1GPU_SV__ds_UFireIndoorTest__mt_temp_method_motion_block__e1ccb7b889a0__20260401.144240;none;/mnt/e/SyncData/paper2_main/zout/reports/baseline_vs_accMotion/MainPC__ds_UFireIndoorTest__mt_no_temp_method__af4b0d32a3d2__20260330.205208
VSD3__lb_mixed_firesmoke__video2.avi;8795;8950;fire_smoke;/mnt/e/SyncData/paper2_main/datasets/UFireIndoorFull/test/test_firesmoke/VSD3__lb_mixed_firesmoke__video2.avi;none;/mnt/e/SyncData/paper2_main/zout/reports/baseline_vs_accMotion/1GPU_SV__ds_UFireIndoorTest__mt_temp_method_motion_block__e1ccb7b889a0__20260401.144240;none;/mnt/e/SyncData/paper2_main/zout/reports/baseline_vs_accMotion/MainPC__ds_UFireIndoorTest__mt_no_temp_method__af4b0d32a3d2__20260330.205208
VSD3__lb_mixed_firesmoke__video2.avi;8796;8950;fire_smoke;/mnt/e/SyncData/paper2_main/datasets/UFireIndoorFull/test/test_firesmoke/VSD3__lb_mixed_firesmoke__video2.avi;none;/mnt/e/SyncData/paper2_main/zout/reports/baseline_vs_accMotion/1GPU_SV__ds_UFireIndoorTest__mt_temp_method_motion_block__e1ccb7b889a0__20260401.144240;none;/mnt/e/SyncData/paper2_main/zout/reports/baseline_vs_accMotion/MainPC__ds_UFireIndoorTest__mt_no_temp_method__af4b0d32a3d2__20260330.205208
VSD3__lb_mixed_firesmoke__video2.avi;8797;8950;fire_smoke;/mnt/e/SyncData/paper2_main/datasets/UFireIndoorFull/test/test_firesmoke/VSD3__lb_mixed_firesmoke__video2.avi;none;/mnt/e/SyncData/paper2_main/zout/reports/baseline_vs_accMotion/1GPU_SV__ds_UFireIndoorTest__mt_temp_method_motion_block__e1ccb7b889a0__20260401.144240;none;/mnt/e/SyncData/paper2_main/zout/reports/baseline_vs_accMotion/MainPC__ds_UFireIndoorTest__mt_no_temp_method__af4b0d32a3d2__20260330.205208
VSD3__lb_mixed_firesmoke__video2.avi;8798;8950;fire_smoke;/mnt/e/SyncData/paper2_main/datasets/UFireIndoorFull/test/test_firesmoke/VSD3__lb_mixed_firesmoke__video2.avi;none;/mnt/e/SyncData/paper2_main/zout/reports/baseline_vs_accMotion/1GPU_SV__ds_UFireIndoorTest__mt_temp_method_motion_block__e1ccb7b889a0__20260401.144240;none;/mnt/e/SyncData/paper2_main/zout/reports/baseline_vs_accMotion/MainPC__ds_UFireIndoorTest__mt_no_temp_method__af4b0d32a3d2__20260330.205208
VSD3__lb_mixed_firesmoke__video2.avi;8799;8950;fire_smoke;/mnt/e/SyncData/paper2_main/datasets/UFireIndoorFull/test/test_firesmoke/VSD3__lb_mixed_firesmoke__video2.avi;none;/mnt/e/SyncData/paper2_main/zout/reports/baseline_vs_accMotion/1GPU_SV__ds_UFireIndoorTest__mt_temp_method_motion_block__e1ccb7b889a0__20260401.144240;none;/mnt/e/SyncData/paper2_main/zout/reports/baseline_vs_accMotion/MainPC__ds_UFireIndoorTest__mt_no_temp_method__af4b0d32a3d2__20260330.205208
VSD3__lb_mixed_firesmoke__video2.avi;8800;8950;fire_smoke;/mnt/e/SyncData/paper2_main/datasets/UFireIndoorFull/test/test_firesmoke/VSD3__lb_mixed_firesmoke__video2.avi;none;/mnt/e/SyncData/paper2_main/zout/reports/baseline_vs_accMotion/1GPU_SV__ds_UFireIndoorTest__mt_temp_method_motion_block__e1ccb7b889a0__20260401.144240;none;/mnt/e/SyncData/paper2_main/zout/reports/baseline_vs_accMotion/MainPC__ds_UFireIndoorTest__mt_no_temp_method__af4b0d32a3d2__20260330.205208
VSD3__lb_mixed_firesmoke__video2.avi;8805;8950;fire_smoke;/mnt/e/SyncData/paper2_main/datasets/UFireIndoorFull/test/test_firesmoke/VSD3__lb_mixed_firesmoke__video2.avi;none;/mnt/e/SyncData/paper2_main/zout/reports/baseline_vs_accMotion/1GPU_SV__ds_UFireIndoorTest__mt_temp_method_motion_block__e1ccb7b889a0__20260401.144240;none;/mnt/e/SyncData/paper2_main/zout/reports/baseline_vs_accMotion/MainPC__ds_UFireIndoorTest__mt_no_temp_method__af4b0d32a3d2__20260330.205208
VSD3__lb_mixed_firesmoke__video2.avi;8806;8950;fire_smoke;/mnt/e/SyncData/paper2_main/datasets/UFireIndoorFull/test/test_firesmoke/VSD3__lb_mixed_firesmoke__video2.avi;none;/mnt/e/SyncData/paper2_main/zout/reports/baseline_vs_accMotion/1GPU_SV__ds_UFireIndoorTest__mt_temp_method_motion_block__e1ccb7b889a0__20260401.144240;none;/mnt/e/SyncData/paper2_main/zout/reports/baseline_vs_accMotion/MainPC__ds_UFireIndoorTest__mt_no_temp_method__af4b0d32a3d2__20260330.205208
VSD3__lb_mixed_firesmoke__video2.avi;8807;8950;fire_smoke;/mnt/e/SyncData/paper2_main/datasets/UFireIndoorFull/test/test_firesmoke/VSD3__lb_mixed_firesmoke__video2.avi;none;/mnt/e/SyncData/paper2_main/zout/reports/baseline_vs_accMotion/1GPU_SV__ds_UFireIndoorTest__mt_temp_method_motion_block__e1ccb7b889a0__20260401.144240;none;/mnt/e/SyncData/paper2_main/zout/reports/baseline_vs_accMotion/MainPC__ds_UFireIndoorTest__mt_no_temp_method__af4b0d32a3d2__20260330.205208
VSD3__lb_mixed_firesmoke__video2.avi;8828;8950;fire_smoke;/mnt/e/SyncData/paper2_main/datasets/UFireIndoorFull/test/test_firesmoke/VSD3__lb_mixed_firesmoke__video2.avi;none;/mnt/e/SyncData/paper2_main/zout/reports/baseline_vs_accMotion/1GPU_SV__ds_UFireIndoorTest__mt_temp_method_motion_block__e1ccb7b889a0__20260401.144240;none;/mnt/e/SyncData/paper2_main/zout/reports/baseline_vs_accMotion/MainPC__ds_UFireIndoorTest__mt_no_temp_method__af4b0d32a3d2__20260330.205208
VSD3__lb_mixed_firesmoke__video2.avi;8833;8950;fire_smoke;/mnt/e/SyncData/paper2_main/datasets/UFireIndoorFull/test/test_firesmoke/VSD3__lb_mixed_firesmoke__video2.avi;none;/mnt/e/SyncData/paper2_main/zout/reports/baseline_vs_accMotion/1GPU_SV__ds_UFireIndoorTest__mt_temp_method_motion_block__e1ccb7b889a0__20260401.144240;none;/mnt/e/SyncData/paper2_main/zout/reports/baseline_vs_accMotion/MainPC__ds_UFireIndoorTest__mt_no_temp_method__af4b0d32a3d2__20260330.205208
VSD3__lb_mixed_firesmoke__video2.avi;8834;8950;fire_smoke;/mnt/e/SyncData/paper2_main/datasets/UFireIndoorFull/test/test_firesmoke/VSD3__lb_mixed_firesmoke__video2.avi;none;/mnt/e/SyncData/paper2_main/zout/reports/baseline_vs_accMotion/1GPU_SV__ds_UFireIndoorTest__mt_temp_method_motion_block__e1ccb7b889a0__20260401.144240;none;/mnt/e/SyncData/paper2_main/zout/reports/baseline_vs_accMotion/MainPC__ds_UFireIndoorTest__mt_no_temp_method__af4b0d32a3d2__20260330.205208
VSD3__lb_mixed_firesmoke__video2.avi;8835;8950;fire_smoke;/mnt/e/SyncData/paper2_main/datasets/UFireIndoorFull/test/test_firesmoke/VSD3__lb_mixed_firesmoke__video2.avi;none;/mnt/e/SyncData/paper2_main/zout/reports/baseline_vs_accMotion/1GPU_SV__ds_UFireIndoorTest__mt_temp_method_motion_block__e1ccb7b889a0__20260401.144240;none;/mnt/e/SyncData/paper2_main/zout/reports/baseline_vs_accMotion/MainPC__ds_UFireIndoorTest__mt_no_temp_method__af4b0d32a3d2__20260330.205208
VSD3__lb_mixed_firesmoke__video2.avi;8836;8950;fire_smoke;/mnt/e/SyncData/paper2_main/datasets/UFireIndoorFull/test/test_firesmoke/VSD3__lb_mixed_firesmoke__video2.avi;none;/mnt/e/SyncData/paper2_main/zout/reports/baseline_vs_accMotion/1GPU_SV__ds_UFireIndoorTest__mt_temp_method_motion_block__e1ccb7b889a0__20260401.144240;none;/mnt/e/SyncData/paper2_main/zout/reports/baseline_vs_accMotion/MainPC__ds_UFireIndoorTest__mt_no_temp_method__af4b0d32a3d2__20260330.205208
VSD3__lb_mixed_firesmoke__video2.avi;8837;8950;fire_smoke;/mnt/e/SyncData/paper2_main/datasets/UFireIndoorFull/test/test_firesmoke/VSD3__lb_mixed_firesmoke__video2.avi;none;/mnt/e/SyncData/paper2_main/zout/reports/baseline_vs_accMotion/1GPU_SV__ds_UFireIndoorTest__mt_temp_method_motion_block__e1ccb7b889a0__20260401.144240;none;/mnt/e/SyncData/paper2_main/zout/reports/baseline_vs_accMotion/MainPC__ds_UFireIndoorTest__mt_no_temp_method__af4b0d32a3d2__20260330.205208
VSD3__lb_mixed_firesmoke__video2.avi;8838;8950;fire_smoke;/mnt/e/SyncData/paper2_main/datasets/UFireIndoorFull/test/test_firesmoke/VSD3__lb_mixed_firesmoke__video2.avi;none;/mnt/e/SyncData/paper2_main/zout/reports/baseline_vs_accMotion/1GPU_SV__ds_UFireIndoorTest__mt_temp_method_motion_block__e1ccb7b889a0__20260401.144240;none;/mnt/e/SyncData/paper2_main/zout/reports/baseline_vs_accMotion/MainPC__ds_UFireIndoorTest__mt_no_temp_method__af4b0d32a3d2__20260330.205208
VSD3__lb_mixed_firesmoke__video2.avi;8840;8950;fire_smoke;/mnt/e/SyncData/paper2_main/datasets/UFireIndoorFull/test/test_firesmoke/VSD3__lb_mixed_firesmoke__video2.avi;none;/mnt/e/SyncData/paper2_main/zout/reports/baseline_vs_accMotion/1GPU_SV__ds_UFireIndoorTest__mt_temp_method_motion_block__e1ccb7b889a0__20260401.144240;none;/mnt/e/SyncData/paper2_main/zout/reports/baseline_vs_accMotion/MainPC__ds_UFireIndoorTest__mt_no_temp_method__af4b0d32a3d2__20260330.205208
VSD3__lb_mixed_firesmoke__video2.avi;8841;8950;fire_smoke;/mnt/e/SyncData/paper2_main/datasets/UFireIndoorFull/test/test_firesmoke/VSD3__lb_mixed_firesmoke__video2.avi;none;/mnt/e/SyncData/paper2_main/zout/reports/baseline_vs_accMotion/1GPU_SV__ds_UFireIndoorTest__mt_temp_method_motion_block__e1ccb7b889a0__20260401.144240;none;/mnt/e/SyncData/paper2_main/zout/reports/baseline_vs_accMotion/MainPC__ds_UFireIndoorTest__mt_no_temp_method__af4b0d32a3d2__20260330.205208
VSD3__lb_mixed_firesmoke__video2.avi;8842;8950;fire_smoke;/mnt/e/SyncData/paper2_main/datasets/UFireIndoorFull/test/test_firesmoke/VSD3__lb_mixed_firesmoke__video2.avi;none;/mnt/e/SyncData/paper2_main/zout/reports/baseline_vs_accMotion/1GPU_SV__ds_UFireIndoorTest__mt_temp_method_motion_block__e1ccb7b889a0__20260401.144240;none;/mnt/e/SyncData/paper2_main/zout/reports/baseline_vs_accMotion/MainPC__ds_UFireIndoorTest__mt_no_temp_method__af4b0d32a3d2__20260330.205208
VSD3__lb_mixed_firesmoke__video2.avi;8843;8950;fire_smoke;/mnt/e/SyncData/paper2_main/datasets/UFireIndoorFull/test/test_firesmoke/VSD3__lb_mixed_firesmoke__video2.avi;none;/mnt/e/SyncData/paper2_main/zout/reports/baseline_vs_accMotion/1GPU_SV__ds_UFireIndoorTest__mt_temp_method_motion_block__e1ccb7b889a0__20260401.144240;none;/mnt/e/SyncData/paper2_main/zout/reports/baseline_vs_accMotion/MainPC__ds_UFireIndoorTest__mt_no_temp_method__af4b0d32a3d2__20260330.205208
VSD3__lb_mixed_firesmoke__video2.avi;8846;8950;fire_smoke;/mnt/e/SyncData/paper2_main/datasets/UFireIndoorFull/test/test_firesmoke/VSD3__lb_mixed_firesmoke__video2.avi;none;/mnt/e/SyncData/paper2_main/zout/reports/baseline_vs_accMotion/1GPU_SV__ds_UFireIndoorTest__mt_temp_method_motion_block__e1ccb7b889a0__20260401.144240;none;/mnt/e/SyncData/paper2_main/zout/reports/baseline_vs_accMotion/MainPC__ds_UFireIndoorTest__mt_no_temp_method__af4b0d32a3d2__20260330.205208
VSD3__lb_mixed_firesmoke__video2.avi;8847;8950;fire_smoke;/mnt/e/SyncData/paper2_main/datasets/UFireIndoorFull/test/test_firesmoke/VSD3__lb_mixed_firesmoke__video2.avi;none;/mnt/e/SyncData/paper2_main/zout/reports/baseline_vs_accMotion/1GPU_SV__ds_UFireIndoorTest__mt_temp_method_motion_block__e1ccb7b889a0__20260401.144240;none;/mnt/e/SyncData/paper2_main/zout/reports/baseline_vs_accMotion/MainPC__ds_UFireIndoorTest__mt_no_temp_method__af4b0d32a3d2__20260330.205208
VSD3__lb_mixed_firesmoke__video2.avi;8848;8950;fire_smoke;/mnt/e/SyncData/paper2_main/datasets/UFireIndoorFull/test/test_firesmoke/VSD3__lb_mixed_firesmoke__video2.avi;none;/mnt/e/SyncData/paper2_main/zout/reports/baseline_vs_accMotion/1GPU_SV__ds_UFireIndoorTest__mt_temp_method_motion_block__e1ccb7b889a0__20260401.144240;none;/mnt/e/SyncData/paper2_main/zout/reports/baseline_vs_accMotion/MainPC__ds_UFireIndoorTest__mt_no_temp_method__af4b0d32a3d2__20260330.205208
VSD3__lb_mixed_firesmoke__video2.avi;8849;8950;fire_smoke;/mnt/e/SyncData/paper2_main/datasets/UFireIndoorFull/test/test_firesmoke/VSD3__lb_mixed_firesmoke__video2.avi;none;/mnt/e/SyncData/paper2_main/zout/reports/baseline_vs_accMotion/1GPU_SV__ds_UFireIndoorTest__mt_temp_method_motion_block__e1ccb7b889a0__20260401.144240;none;/mnt/e/SyncData/paper2_main/zout/reports/baseline_vs_accMotion/MainPC__ds_UFireIndoorTest__mt_no_temp_method__af4b0d32a3d2__20260330.205208
VSD3__lb_mixed_firesmoke__video2.avi;8850;8950;fire_smoke;/mnt/e/SyncData/paper2_main/datasets/UFireIndoorFull/test/test_firesmoke/VSD3__lb_mixed_firesmoke__video2.avi;none;/mnt/e/SyncData/paper2_main/zout/reports/baseline_vs_accMotion/1GPU_SV__ds_UFireIndoorTest__mt_temp_method_motion_block__e1ccb7b889a0__20260401.144240;none;/mnt/e/SyncData/paper2_main/zout/reports/baseline_vs_accMotion/MainPC__ds_UFireIndoorTest__mt_no_temp_method__af4b0d32a3d2__20260330.205208
VSD3__lb_mixed_firesmoke__video2.avi;8854;8950;fire_smoke;/mnt/e/SyncData/paper2_main/datasets/UFireIndoorFull/test/test_firesmoke/VSD3__lb_mixed_firesmoke__video2.avi;none;/mnt/e/SyncData/paper2_main/zout/reports/baseline_vs_accMotion/1GPU_SV__ds_UFireIndoorTest__mt_temp_method_motion_block__e1ccb7b889a0__20260401.144240;none;/mnt/e/SyncData/paper2_main/zout/reports/baseline_vs_accMotion/MainPC__ds_UFireIndoorTest__mt_no_temp_method__af4b0d32a3d2__20260330.205208
VSD3__lb_mixed_firesmoke__video2.avi;8855;8950;fire_smoke;/mnt/e/SyncData/paper2_main/datasets/UFireIndoorFull/test/test_firesmoke/VSD3__lb_mixed_firesmoke__video2.avi;none;/mnt/e/SyncData/paper2_main/zout/reports/baseline_vs_accMotion/1GPU_SV__ds_UFireIndoorTest__mt_temp_method_motion_block__e1ccb7b889a0__20260401.144240;none;/mnt/e/SyncData/paper2_main/zout/reports/baseline_vs_accMotion/MainPC__ds_UFireIndoorTest__mt_no_temp_method__af4b0d32a3d2__20260330.205208
VSD3__lb_mixed_firesmoke__video2.avi;8856;8950;fire_smoke;/mnt/e/SyncData/paper2_main/datasets/UFireIndoorFull/test/test_firesmoke/VSD3__lb_mixed_firesmoke__video2.avi;none;/mnt/e/SyncData/paper2_main/zout/reports/baseline_vs_accMotion/1GPU_SV__ds_UFireIndoorTest__mt_temp_method_motion_block__e1ccb7b889a0__20260401.144240;none;/mnt/e/SyncData/paper2_main/zout/reports/baseline_vs_accMotion/MainPC__ds_UFireIndoorTest__mt_no_temp_method__af4b0d32a3d2__20260330.205208
VSD3__lb_mixed_firesmoke__video2.avi;8857;8950;fire_smoke;/mnt/e/SyncData/paper2_main/datasets/UFireIndoorFull/test/test_firesmoke/VSD3__lb_mixed_firesmoke__video2.avi;none;/mnt/e/SyncData/paper2_main/zout/reports/baseline_vs_accMotion/1GPU_SV__ds_UFireIndoorTest__mt_temp_method_motion_block__e1ccb7b889a0__20260401.144240;none;/mnt/e/SyncData/paper2_main/zout/reports/baseline_vs_accMotion/MainPC__ds_UFireIndoorTest__mt_no_temp_method__af4b0d32a3d2__20260330.205208
VSD3__lb_mixed_firesmoke__video2.avi;8858;8950;fire_smoke;/mnt/e/SyncData/paper2_main/datasets/UFireIndoorFull/test/test_firesmoke/VSD3__lb_mixed_firesmoke__video2.avi;none;/mnt/e/SyncData/paper2_main/zout/reports/baseline_vs_accMotion/1GPU_SV__ds_UFireIndoorTest__mt_temp_method_motion_block__e1ccb7b889a0__20260401.144240;none;/mnt/e/SyncData/paper2_main/zout/reports/baseline_vs_accMotion/MainPC__ds_UFireIndoorTest__mt_no_temp_method__af4b0d32a3d2__20260330.205208
VSD3__lb_mixed_firesmoke__video2.avi;8859;8950;fire_smoke;/mnt/e/SyncData/paper2_main/datasets/UFireIndoorFull/test/test_firesmoke/VSD3__lb_mixed_firesmoke__video2.avi;none;/mnt/e/SyncData/paper2_main/zout/reports/baseline_vs_accMotion/1GPU_SV__ds_UFireIndoorTest__mt_temp_method_motion_block__e1ccb7b889a0__20260401.144240;none;/mnt/e/SyncData/paper2_main/zout/reports/baseline_vs_accMotion/MainPC__ds_UFireIndoorTest__mt_no_temp_method__af4b0d32a3d2__20260330.205208
VSD3__lb_mixed_firesmoke__video2.avi;8860;8950;fire_smoke;/mnt/e/SyncData/paper2_main/datasets/UFireIndoorFull/test/test_firesmoke/VSD3__lb_mixed_firesmoke__video2.avi;none;/mnt/e/SyncData/paper2_main/zout/reports/baseline_vs_accMotion/1GPU_SV__ds_UFireIndoorTest__mt_temp_method_motion_block__e1ccb7b889a0__20260401.144240;none;/mnt/e/SyncData/paper2_main/zout/reports/baseline_vs_accMotion/MainPC__ds_UFireIndoorTest__mt_no_temp_method__af4b0d32a3d2__20260330.205208
VSD3__lb_mixed_firesmoke__video2.avi;8861;8950;fire_smoke;/mnt/e/SyncData/paper2_main/datasets/UFireIndoorFull/test/test_firesmoke/VSD3__lb_mixed_firesmoke__video2.avi;none;/mnt/e/SyncData/paper2_main/zout/reports/baseline_vs_accMotion/1GPU_SV__ds_UFireIndoorTest__mt_temp_method_motion_block__e1ccb7b889a0__20260401.144240;none;/mnt/e/SyncData/paper2_main/zout/reports/baseline_vs_accMotion/MainPC__ds_UFireIndoorTest__mt_no_temp_method__af4b0d32a3d2__20260330.205208
VSD3__lb_mixed_firesmoke__video2.avi;8862;8950;fire_smoke;/mnt/e/SyncData/paper2_main/datasets/UFireIndoorFull/test/test_firesmoke/VSD3__lb_mixed_firesmoke__video2.avi;none;/mnt/e/SyncData/paper2_main/zout/reports/baseline_vs_accMotion/1GPU_SV__ds_UFireIndoorTest__mt_temp_method_motion_block__e1ccb7b889a0__20260401.144240;none;/mnt/e/SyncData/paper2_main/zout/reports/baseline_vs_accMotion/MainPC__ds_UFireIndoorTest__mt_no_temp_method__af4b0d32a3d2__20260330.205208
VSD3__lb_mixed_firesmoke__video2.avi;8863;8950;fire_smoke;/mnt/e/SyncData/paper2_main/datasets/UFireIndoorFull/test/test_firesmoke/VSD3__lb_mixed_firesmoke__video2.avi;none;/mnt/e/SyncData/paper2_main/zout/reports/baseline_vs_accMotion/1GPU_SV__ds_UFireIndoorTest__mt_temp_method_motion_block__e1ccb7b889a0__20260401.144240;none;/mnt/e/SyncData/paper2_main/zout/reports/baseline_vs_accMotion/MainPC__ds_UFireIndoorTest__mt_no_temp_method__af4b0d32a3d2__20260330.205208
VSD3__lb_mixed_firesmoke__video2.avi;8864;8950;fire_smoke;/mnt/e/SyncData/paper2_main/datasets/UFireIndoorFull/test/test_firesmoke/VSD3__lb_mixed_firesmoke__video2.avi;none;/mnt/e/SyncData/paper2_main/zout/reports/baseline_vs_accMotion/1GPU_SV__ds_UFireIndoorTest__mt_temp_method_motion_block__e1ccb7b889a0__20260401.144240;none;/mnt/e/SyncData/paper2_main/zout/reports/baseline_vs_accMotion/MainPC__ds_UFireIndoorTest__mt_no_temp_method__af4b0d32a3d2__20260330.205208
VSD3__lb_mixed_firesmoke__video2.avi;8865;8950;fire_smoke;/mnt/e/SyncData/paper2_main/datasets/UFireIndoorFull/test/test_firesmoke/VSD3__lb_mixed_firesmoke__video2.avi;none;/mnt/e/SyncData/paper2_main/zout/reports/baseline_vs_accMotion/1GPU_SV__ds_UFireIndoorTest__mt_temp_method_motion_block__e1ccb7b889a0__20260401.144240;none;/mnt/e/SyncData/paper2_main/zout/reports/baseline_vs_accMotion/MainPC__ds_UFireIndoorTest__mt_no_temp_method__af4b0d32a3d2__20260330.205208
VSD3__lb_mixed_firesmoke__video2.avi;8866;8950;fire_smoke;/mnt/e/SyncData/paper2_main/datasets/UFireIndoorFull/test/test_firesmoke/VSD3__lb_mixed_firesmoke__video2.avi;none;/mnt/e/SyncData/paper2_main/zout/reports/baseline_vs_accMotion/1GPU_SV__ds_UFireIndoorTest__mt_temp_method_motion_block__e1ccb7b889a0__20260401.144240;none;/mnt/e/SyncData/paper2_main/zout/reports/baseline_vs_accMotion/MainPC__ds_UFireIndoorTest__mt_no_temp_method__af4b0d32a3d2__20260330.205208
VSD3__lb_mixed_firesmoke__video2.avi;8867;8950;fire_smoke;/mnt/e/SyncData/paper2_main/datasets/UFireIndoorFull/test/test_firesmoke/VSD3__lb_mixed_firesmoke__video2.avi;none;/mnt/e/SyncData/paper2_main/zout/reports/baseline_vs_accMotion/1GPU_SV__ds_UFireIndoorTest__mt_temp_method_motion_block__e1ccb7b889a0__20260401.144240;none;/mnt/e/SyncData/paper2_main/zout/reports/baseline_vs_accMotion/MainPC__ds_UFireIndoorTest__mt_no_temp_method__af4b0d32a3d2__20260330.205208
VSD3__lb_mixed_firesmoke__video2.avi;8868;8950;fire_smoke;/mnt/e/SyncData/paper2_main/datasets/UFireIndoorFull/test/test_firesmoke/VSD3__lb_mixed_firesmoke__video2.avi;none;/mnt/e/SyncData/paper2_main/zout/reports/baseline_vs_accMotion/1GPU_SV__ds_UFireIndoorTest__mt_temp_method_motion_block__e1ccb7b889a0__20260401.144240;none;/mnt/e/SyncData/paper2_main/zout/reports/baseline_vs_accMotion/MainPC__ds_UFireIndoorTest__mt_no_temp_method__af4b0d32a3d2__20260330.205208
VSD3__lb_mixed_firesmoke__video2.avi;8869;8950;fire_smoke;/mnt/e/SyncData/paper2_main/datasets/UFireIndoorFull/test/test_firesmoke/VSD3__lb_mixed_firesmoke__video2.avi;none;/mnt/e/SyncData/paper2_main/zout/reports/baseline_vs_accMotion/1GPU_SV__ds_UFireIndoorTest__mt_temp_method_motion_block__e1ccb7b889a0__20260401.144240;none;/mnt/e/SyncData/paper2_main/zout/reports/baseline_vs_accMotion/MainPC__ds_UFireIndoorTest__mt_no_temp_method__af4b0d32a3d2__20260330.205208
VSD3__lb_mixed_firesmoke__video2.avi;8872;8950;fire_smoke;/mnt/e/SyncData/paper2_main/datasets/UFireIndoorFull/test/test_firesmoke/VSD3__lb_mixed_firesmoke__video2.avi;none;/mnt/e/SyncData/paper2_main/zout/reports/baseline_vs_accMotion/1GPU_SV__ds_UFireIndoorTest__mt_temp_method_motion_block__e1ccb7b889a0__20260401.144240;none;/mnt/e/SyncData/paper2_main/zout/reports/baseline_vs_accMotion/MainPC__ds_UFireIndoorTest__mt_no_temp_method__af4b0d32a3d2__20260330.205208
VSD3__lb_mixed_firesmoke__video2.avi;8876;8950;fire_smoke;/mnt/e/SyncData/paper2_main/datasets/UFireIndoorFull/test/test_firesmoke/VSD3__lb_mixed_firesmoke__video2.avi;none;/mnt/e/SyncData/paper2_main/zout/reports/baseline_vs_accMotion/1GPU_SV__ds_UFireIndoorTest__mt_temp_method_motion_block__e1ccb7b889a0__20260401.144240;none;/mnt/e/SyncData/paper2_main/zout/reports/baseline_vs_accMotion/MainPC__ds_UFireIndoorTest__mt_no_temp_method__af4b0d32a3d2__20260330.205208
VSD3__lb_mixed_firesmoke__video2.avi;8881;8950;fire_smoke;/mnt/e/SyncData/paper2_main/datasets/UFireIndoorFull/test/test_firesmoke/VSD3__lb_mixed_firesmoke__video2.avi;none;/mnt/e/SyncData/paper2_main/zout/reports/baseline_vs_accMotion/1GPU_SV__ds_UFireIndoorTest__mt_temp_method_motion_block__e1ccb7b889a0__20260401.144240;none;/mnt/e/SyncData/paper2_main/zout/reports/baseline_vs_accMotion/MainPC__ds_UFireIndoorTest__mt_no_temp_method__af4b0d32a3d2__20260330.205208
VSD3__lb_mixed_firesmoke__video2.avi;8882;8950;fire_smoke;/mnt/e/SyncData/paper2_main/datasets/UFireIndoorFull/test/test_firesmoke/VSD3__lb_mixed_firesmoke__video2.avi;none;/mnt/e/SyncData/paper2_main/zout/reports/baseline_vs_accMotion/1GPU_SV__ds_UFireIndoorTest__mt_temp_method_motion_block__e1ccb7b889a0__20260401.144240;none;/mnt/e/SyncData/paper2_main/zout/reports/baseline_vs_accMotion/MainPC__ds_UFireIndoorTest__mt_no_temp_method__af4b0d32a3d2__20260330.205208
VSD3__lb_mixed_firesmoke__video2.avi;8883;8950;fire_smoke;/mnt/e/SyncData/paper2_main/datasets/UFireIndoorFull/test/test_firesmoke/VSD3__lb_mixed_firesmoke__video2.avi;none;/mnt/e/SyncData/paper2_main/zout/reports/baseline_vs_accMotion/1GPU_SV__ds_UFireIndoorTest__mt_temp_method_motion_block__e1ccb7b889a0__20260401.144240;none;/mnt/e/SyncData/paper2_main/zout/reports/baseline_vs_accMotion/MainPC__ds_UFireIndoorTest__mt_no_temp_method__af4b0d32a3d2__20260330.205208
VSD3__lb_mixed_firesmoke__video2.avi;8884;8950;fire_smoke;/mnt/e/SyncData/paper2_main/datasets/UFireIndoorFull/test/test_firesmoke/VSD3__lb_mixed_firesmoke__video2.avi;none;/mnt/e/SyncData/paper2_main/zout/reports/baseline_vs_accMotion/1GPU_SV__ds_UFireIndoorTest__mt_temp_method_motion_block__e1ccb7b889a0__20260401.144240;none;/mnt/e/SyncData/paper2_main/zout/reports/baseline_vs_accMotion/MainPC__ds_UFireIndoorTest__mt_no_temp_method__af4b0d32a3d2__20260330.205208
VSD3__lb_mixed_firesmoke__video2.avi;8885;8950;fire_smoke;/mnt/e/SyncData/paper2_main/datasets/UFireIndoorFull/test/test_firesmoke/VSD3__lb_mixed_firesmoke__video2.avi;none;/mnt/e/SyncData/paper2_main/zout/reports/baseline_vs_accMotion/1GPU_SV__ds_UFireIndoorTest__mt_temp_method_motion_block__e1ccb7b889a0__20260401.144240;none;/mnt/e/SyncData/paper2_main/zout/reports/baseline_vs_accMotion/MainPC__ds_UFireIndoorTest__mt_no_temp_method__af4b0d32a3d2__20260330.205208
VSD3__lb_mixed_firesmoke__video2.avi;8886;8950;fire_smoke;/mnt/e/SyncData/paper2_main/datasets/UFireIndoorFull/test/test_firesmoke/VSD3__lb_mixed_firesmoke__video2.avi;none;/mnt/e/SyncData/paper2_main/zout/reports/baseline_vs_accMotion/1GPU_SV__ds_UFireIndoorTest__mt_temp_method_motion_block__e1ccb7b889a0__20260401.144240;none;/mnt/e/SyncData/paper2_main/zout/reports/baseline_vs_accMotion/MainPC__ds_UFireIndoorTest__mt_no_temp_method__af4b0d32a3d2__20260330.205208
VSD3__lb_mixed_firesmoke__video2.avi;8887;8950;fire_smoke;/mnt/e/SyncData/paper2_main/datasets/UFireIndoorFull/test/test_firesmoke/VSD3__lb_mixed_firesmoke__video2.avi;none;/mnt/e/SyncData/paper2_main/zout/reports/baseline_vs_accMotion/1GPU_SV__ds_UFireIndoorTest__mt_temp_method_motion_block__e1ccb7b889a0__20260401.144240;none;/mnt/e/SyncData/paper2_main/zout/reports/baseline_vs_accMotion/MainPC__ds_UFireIndoorTest__mt_no_temp_method__af4b0d32a3d2__20260330.205208
VSD3__lb_mixed_firesmoke__video2.avi;8888;8950;fire_smoke;/mnt/e/SyncData/paper2_main/datasets/UFireIndoorFull/test/test_firesmoke/VSD3__lb_mixed_firesmoke__video2.avi;none;/mnt/e/SyncData/paper2_main/zout/reports/baseline_vs_accMotion/1GPU_SV__ds_UFireIndoorTest__mt_temp_method_motion_block__e1ccb7b889a0__20260401.144240;none;/mnt/e/SyncData/paper2_main/zout/reports/baseline_vs_accMotion/MainPC__ds_UFireIndoorTest__mt_no_temp_method__af4b0d32a3d2__20260330.205208
VSD3__lb_mixed_firesmoke__video2.avi;8889;8950;fire_smoke;/mnt/e/SyncData/paper2_main/datasets/UFireIndoorFull/test/test_firesmoke/VSD3__lb_mixed_firesmoke__video2.avi;none;/mnt/e/SyncData/paper2_main/zout/reports/baseline_vs_accMotion/1GPU_SV__ds_UFireIndoorTest__mt_temp_method_motion_block__e1ccb7b889a0__20260401.144240;none;/mnt/e/SyncData/paper2_main/zout/reports/baseline_vs_accMotion/MainPC__ds_UFireIndoorTest__mt_no_temp_method__af4b0d32a3d2__20260330.205208
VSD3__lb_mixed_firesmoke__video2.avi;8890;8950;fire_smoke;/mnt/e/SyncData/paper2_main/datasets/UFireIndoorFull/test/test_firesmoke/VSD3__lb_mixed_firesmoke__video2.avi;none;/mnt/e/SyncData/paper2_main/zout/reports/baseline_vs_accMotion/1GPU_SV__ds_UFireIndoorTest__mt_temp_method_motion_block__e1ccb7b889a0__20260401.144240;none;/mnt/e/SyncData/paper2_main/zout/reports/baseline_vs_accMotion/MainPC__ds_UFireIndoorTest__mt_no_temp_method__af4b0d32a3d2__20260330.205208
VSD3__lb_mixed_firesmoke__video2.avi;8891;8950;fire_smoke;/mnt/e/SyncData/paper2_main/datasets/UFireIndoorFull/test/test_firesmoke/VSD3__lb_mixed_firesmoke__video2.avi;none;/mnt/e/SyncData/paper2_main/zout/reports/baseline_vs_accMotion/1GPU_SV__ds_UFireIndoorTest__mt_temp_method_motion_block__e1ccb7b889a0__20260401.144240;none;/mnt/e/SyncData/paper2_main/zout/reports/baseline_vs_accMotion/MainPC__ds_UFireIndoorTest__mt_no_temp_method__af4b0d32a3d2__20260330.205208
VSD3__lb_mixed_firesmoke__video2.avi;8892;8950;fire_smoke;/mnt/e/SyncData/paper2_main/datasets/UFireIndoorFull/test/test_firesmoke/VSD3__lb_mixed_firesmoke__video2.avi;none;/mnt/e/SyncData/paper2_main/zout/reports/baseline_vs_accMotion/1GPU_SV__ds_UFireIndoorTest__mt_temp_method_motion_block__e1ccb7b889a0__20260401.144240;none;/mnt/e/SyncData/paper2_main/zout/reports/baseline_vs_accMotion/MainPC__ds_UFireIndoorTest__mt_no_temp_method__af4b0d32a3d2__20260330.205208
VSD3__lb_mixed_firesmoke__video2.avi;8893;8950;fire_smoke;/mnt/e/SyncData/paper2_main/datasets/UFireIndoorFull/test/test_firesmoke/VSD3__lb_mixed_firesmoke__video2.avi;none;/mnt/e/SyncData/paper2_main/zout/reports/baseline_vs_accMotion/1GPU_SV__ds_UFireIndoorTest__mt_temp_method_motion_block__e1ccb7b889a0__20260401.144240;none;/mnt/e/SyncData/paper2_main/zout/reports/baseline_vs_accMotion/MainPC__ds_UFireIndoorTest__mt_no_temp_method__af4b0d32a3d2__20260330.205208
VSD3__lb_mixed_firesmoke__video2.avi;8894;8950;fire_smoke;/mnt/e/SyncData/paper2_main/datasets/UFireIndoorFull/test/test_firesmoke/VSD3__lb_mixed_firesmoke__video2.avi;none;/mnt/e/SyncData/paper2_main/zout/reports/baseline_vs_accMotion/1GPU_SV__ds_UFireIndoorTest__mt_temp_method_motion_block__e1ccb7b889a0__20260401.144240;none;/mnt/e/SyncData/paper2_main/zout/reports/baseline_vs_accMotion/MainPC__ds_UFireIndoorTest__mt_no_temp_method__af4b0d32a3d2__20260330.205208
VSD3__lb_mixed_firesmoke__video2.avi;8895;8950;fire_smoke;/mnt/e/SyncData/paper2_main/datasets/UFireIndoorFull/test/test_firesmoke/VSD3__lb_mixed_firesmoke__video2.avi;none;/mnt/e/SyncData/paper2_main/zout/reports/baseline_vs_accMotion/1GPU_SV__ds_UFireIndoorTest__mt_temp_method_motion_block__e1ccb7b889a0__20260401.144240;none;/mnt/e/SyncData/paper2_main/zout/reports/baseline_vs_accMotion/MainPC__ds_UFireIndoorTest__mt_no_temp_method__af4b0d32a3d2__20260330.205208
VSD3__lb_mixed_firesmoke__video2.avi;8896;8950;fire_smoke;/mnt/e/SyncData/paper2_main/datasets/UFireIndoorFull/test/test_firesmoke/VSD3__lb_mixed_firesmoke__video2.avi;none;/mnt/e/SyncData/paper2_main/zout/reports/baseline_vs_accMotion/1GPU_SV__ds_UFireIndoorTest__mt_temp_method_motion_block__e1ccb7b889a0__20260401.144240;none;/mnt/e/SyncData/paper2_main/zout/reports/baseline_vs_accMotion/MainPC__ds_UFireIndoorTest__mt_no_temp_method__af4b0d32a3d2__20260330.205208
VSD3__lb_mixed_firesmoke__video2.avi;8897;8950;fire_smoke;/mnt/e/SyncData/paper2_main/datasets/UFireIndoorFull/test/test_firesmoke/VSD3__lb_mixed_firesmoke__video2.avi;none;/mnt/e/SyncData/paper2_main/zout/reports/baseline_vs_accMotion/1GPU_SV__ds_UFireIndoorTest__mt_temp_method_motion_block__e1ccb7b889a0__20260401.144240;none;/mnt/e/SyncData/paper2_main/zout/reports/baseline_vs_accMotion/MainPC__ds_UFireIndoorTest__mt_no_temp_method__af4b0d32a3d2__20260330.205208
VSD3__lb_mixed_firesmoke__video2.avi;8898;8950;fire_smoke;/mnt/e/SyncData/paper2_main/datasets/UFireIndoorFull/test/test_firesmoke/VSD3__lb_mixed_firesmoke__video2.avi;none;/mnt/e/SyncData/paper2_main/zout/reports/baseline_vs_accMotion/1GPU_SV__ds_UFireIndoorTest__mt_temp_method_motion_block__e1ccb7b889a0__20260401.144240;none;/mnt/e/SyncData/paper2_main/zout/reports/baseline_vs_accMotion/MainPC__ds_UFireIndoorTest__mt_no_temp_method__af4b0d32a3d2__20260330.205208
VSD3__lb_mixed_firesmoke__video2.avi;8899;8950;fire_smoke;/mnt/e/SyncData/paper2_main/datasets/UFireIndoorFull/test/test_firesmoke/VSD3__lb_mixed_firesmoke__video2.avi;none;/mnt/e/SyncData/paper2_main/zout/reports/baseline_vs_accMotion/1GPU_SV__ds_UFireIndoorTest__mt_temp_method_motion_block__e1ccb7b889a0__20260401.144240;none;/mnt/e/SyncData/paper2_main/zout/reports/baseline_vs_accMotion/MainPC__ds_UFireIndoorTest__mt_no_temp_method__af4b0d32a3d2__20260330.205208
VSD3__lb_mixed_firesmoke__video2.avi;8900;8950;fire_smoke;/mnt/e/SyncData/paper2_main/datasets/UFireIndoorFull/test/test_firesmoke/VSD3__lb_mixed_firesmoke__video2.avi;none;/mnt/e/SyncData/paper2_main/zout/reports/baseline_vs_accMotion/1GPU_SV__ds_UFireIndoorTest__mt_temp_method_motion_block__e1ccb7b889a0__20260401.144240;none;/mnt/e/SyncData/paper2_main/zout/reports/baseline_vs_accMotion/MainPC__ds_UFireIndoorTest__mt_no_temp_method__af4b0d32a3d2__20260330.205208
VSD3__lb_mixed_firesmoke__video2.avi;8902;8950;fire_smoke;/mnt/e/SyncData/paper2_main/datasets/UFireIndoorFull/test/test_firesmoke/VSD3__lb_mixed_firesmoke__video2.avi;none;/mnt/e/SyncData/paper2_main/zout/reports/baseline_vs_accMotion/1GPU_SV__ds_UFireIndoorTest__mt_temp_method_motion_block__e1ccb7b889a0__20260401.144240;none;/mnt/e/SyncData/paper2_main/zout/reports/baseline_vs_accMotion/MainPC__ds_UFireIndoorTest__mt_no_temp_method__af4b0d32a3d2__20260330.205208
VSD3__lb_mixed_firesmoke__video2.avi;8904;8950;fire_smoke;/mnt/e/SyncData/paper2_main/datasets/UFireIndoorFull/test/test_firesmoke/VSD3__lb_mixed_firesmoke__video2.avi;none;/mnt/e/SyncData/paper2_main/zout/reports/baseline_vs_accMotion/1GPU_SV__ds_UFireIndoorTest__mt_temp_method_motion_block__e1ccb7b889a0__20260401.144240;none;/mnt/e/SyncData/paper2_main/zout/reports/baseline_vs_accMotion/MainPC__ds_UFireIndoorTest__mt_no_temp_method__af4b0d32a3d2__20260330.205208
VSD3__lb_mixed_firesmoke__video2.avi;8905;8950;fire_smoke;/mnt/e/SyncData/paper2_main/datasets/UFireIndoorFull/test/test_firesmoke/VSD3__lb_mixed_firesmoke__video2.avi;none;/mnt/e/SyncData/paper2_main/zout/reports/baseline_vs_accMotion/1GPU_SV__ds_UFireIndoorTest__mt_temp_method_motion_block__e1ccb7b889a0__20260401.144240;none;/mnt/e/SyncData/paper2_main/zout/reports/baseline_vs_accMotion/MainPC__ds_UFireIndoorTest__mt_no_temp_method__af4b0d32a3d2__20260330.205208
VSD3__lb_mixed_firesmoke__video2.avi;8906;8950;fire_smoke;/mnt/e/SyncData/paper2_main/datasets/UFireIndoorFull/test/test_firesmoke/VSD3__lb_mixed_firesmoke__video2.avi;none;/mnt/e/SyncData/paper2_main/zout/reports/baseline_vs_accMotion/1GPU_SV__ds_UFireIndoorTest__mt_temp_method_motion_block__e1ccb7b889a0__20260401.144240;none;/mnt/e/SyncData/paper2_main/zout/reports/baseline_vs_accMotion/MainPC__ds_UFireIndoorTest__mt_no_temp_method__af4b0d32a3d2__20260330.205208
VSD3__lb_mixed_firesmoke__video2.avi;8907;8950;fire_smoke;/mnt/e/SyncData/paper2_main/datasets/UFireIndoorFull/test/test_firesmoke/VSD3__lb_mixed_firesmoke__video2.avi;none;/mnt/e/SyncData/paper2_main/zout/reports/baseline_vs_accMotion/1GPU_SV__ds_UFireIndoorTest__mt_temp_method_motion_block__e1ccb7b889a0__20260401.144240;none;/mnt/e/SyncData/paper2_main/zout/reports/baseline_vs_accMotion/MainPC__ds_UFireIndoorTest__mt_no_temp_method__af4b0d32a3d2__20260330.205208
VSD3__lb_mixed_firesmoke__video2.avi;8908;8950;fire_smoke;/mnt/e/SyncData/paper2_main/datasets/UFireIndoorFull/test/test_firesmoke/VSD3__lb_mixed_firesmoke__video2.avi;none;/mnt/e/SyncData/paper2_main/zout/reports/baseline_vs_accMotion/1GPU_SV__ds_UFireIndoorTest__mt_temp_method_motion_block__e1ccb7b889a0__20260401.144240;none;/mnt/e/SyncData/paper2_main/zout/reports/baseline_vs_accMotion/MainPC__ds_UFireIndoorTest__mt_no_temp_method__af4b0d32a3d2__20260330.205208
VSD3__lb_mixed_firesmoke__video2.avi;8909;8950;fire_smoke;/mnt/e/SyncData/paper2_main/datasets/UFireIndoorFull/test/test_firesmoke/VSD3__lb_mixed_firesmoke__video2.avi;none;/mnt/e/SyncData/paper2_main/zout/reports/baseline_vs_accMotion/1GPU_SV__ds_UFireIndoorTest__mt_temp_method_motion_block__e1ccb7b889a0__20260401.144240;none;/mnt/e/SyncData/paper2_main/zout/reports/baseline_vs_accMotion/MainPC__ds_UFireIndoorTest__mt_no_temp_method__af4b0d32a3d2__20260330.205208
VSD3__lb_mixed_firesmoke__video2.avi;8910;8950;fire_smoke;/mnt/e/SyncData/paper2_main/datasets/UFireIndoorFull/test/test_firesmoke/VSD3__lb_mixed_firesmoke__video2.avi;none;/mnt/e/SyncData/paper2_main/zout/reports/baseline_vs_accMotion/1GPU_SV__ds_UFireIndoorTest__mt_temp_method_motion_block__e1ccb7b889a0__20260401.144240;none;/mnt/e/SyncData/paper2_main/zout/reports/baseline_vs_accMotion/MainPC__ds_UFireIndoorTest__mt_no_temp_method__af4b0d32a3d2__20260330.205208
VSD3__lb_mixed_firesmoke__video2.avi;8911;8950;fire_smoke;/mnt/e/SyncData/paper2_main/datasets/UFireIndoorFull/test/test_firesmoke/VSD3__lb_mixed_firesmoke__video2.avi;none;/mnt/e/SyncData/paper2_main/zout/reports/baseline_vs_accMotion/1GPU_SV__ds_UFireIndoorTest__mt_temp_method_motion_block__e1ccb7b889a0__20260401.144240;none;/mnt/e/SyncData/paper2_main/zout/reports/baseline_vs_accMotion/MainPC__ds_UFireIndoorTest__mt_no_temp_method__af4b0d32a3d2__20260330.205208
VSD3__lb_mixed_firesmoke__video2.avi;8912;8950;fire_smoke;/mnt/e/SyncData/paper2_main/datasets/UFireIndoorFull/test/test_firesmoke/VSD3__lb_mixed_firesmoke__video2.avi;none;/mnt/e/SyncData/paper2_main/zout/reports/baseline_vs_accMotion/1GPU_SV__ds_UFireIndoorTest__mt_temp_method_motion_block__e1ccb7b889a0__20260401.144240;none;/mnt/e/SyncData/paper2_main/zout/reports/baseline_vs_accMotion/MainPC__ds_UFireIndoorTest__mt_no_temp_method__af4b0d32a3d2__20260330.205208
VSD3__lb_mixed_firesmoke__video2.avi;8913;8950;fire_smoke;/mnt/e/SyncData/paper2_main/datasets/UFireIndoorFull/test/test_firesmoke/VSD3__lb_mixed_firesmoke__video2.avi;none;/mnt/e/SyncData/paper2_main/zout/reports/baseline_vs_accMotion/1GPU_SV__ds_UFireIndoorTest__mt_temp_method_motion_block__e1ccb7b889a0__20260401.144240;none;/mnt/e/SyncData/paper2_main/zout/reports/baseline_vs_accMotion/MainPC__ds_UFireIndoorTest__mt_no_temp_method__af4b0d32a3d2__20260330.205208
VSD3__lb_mixed_firesmoke__video2.avi;8914;8950;fire_smoke;/mnt/e/SyncData/paper2_main/datasets/UFireIndoorFull/test/test_firesmoke/VSD3__lb_mixed_firesmoke__video2.avi;none;/mnt/e/SyncData/paper2_main/zout/reports/baseline_vs_accMotion/1GPU_SV__ds_UFireIndoorTest__mt_temp_method_motion_block__e1ccb7b889a0__20260401.144240;none;/mnt/e/SyncData/paper2_main/zout/reports/baseline_vs_accMotion/MainPC__ds_UFireIndoorTest__mt_no_temp_method__af4b0d32a3d2__20260330.205208
VSD3__lb_mixed_firesmoke__video2.avi;8915;8950;fire_smoke;/mnt/e/SyncData/paper2_main/datasets/UFireIndoorFull/test/test_firesmoke/VSD3__lb_mixed_firesmoke__video2.avi;none;/mnt/e/SyncData/paper2_main/zout/reports/baseline_vs_accMotion/1GPU_SV__ds_UFireIndoorTest__mt_temp_method_motion_block__e1ccb7b889a0__20260401.144240;none;/mnt/e/SyncData/paper2_main/zout/reports/baseline_vs_accMotion/MainPC__ds_UFireIndoorTest__mt_no_temp_method__af4b0d32a3d2__20260330.205208
VSD3__lb_mixed_firesmoke__video2.avi;8916;8950;fire_smoke;/mnt/e/SyncData/paper2_main/datasets/UFireIndoorFull/test/test_firesmoke/VSD3__lb_mixed_firesmoke__video2.avi;none;/mnt/e/SyncData/paper2_main/zout/reports/baseline_vs_accMotion/1GPU_SV__ds_UFireIndoorTest__mt_temp_method_motion_block__e1ccb7b889a0__20260401.144240;none;/mnt/e/SyncData/paper2_main/zout/reports/baseline_vs_accMotion/MainPC__ds_UFireIndoorTest__mt_no_temp_method__af4b0d32a3d2__20260330.205208
VSD3__lb_mixed_firesmoke__video2.avi;8917;8950;fire_smoke;/mnt/e/SyncData/paper2_main/datasets/UFireIndoorFull/test/test_firesmoke/VSD3__lb_mixed_firesmoke__video2.avi;none;/mnt/e/SyncData/paper2_main/zout/reports/baseline_vs_accMotion/1GPU_SV__ds_UFireIndoorTest__mt_temp_method_motion_block__e1ccb7b889a0__20260401.144240;none;/mnt/e/SyncData/paper2_main/zout/reports/baseline_vs_accMotion/MainPC__ds_UFireIndoorTest__mt_no_temp_method__af4b0d32a3d2__20260330.205208
VSD3__lb_mixed_firesmoke__video2.avi;8918;8950;fire_smoke;/mnt/e/SyncData/paper2_main/datasets/UFireIndoorFull/test/test_firesmoke/VSD3__lb_mixed_firesmoke__video2.avi;none;/mnt/e/SyncData/paper2_main/zout/reports/baseline_vs_accMotion/1GPU_SV__ds_UFireIndoorTest__mt_temp_method_motion_block__e1ccb7b889a0__20260401.144240;none;/mnt/e/SyncData/paper2_main/zout/reports/baseline_vs_accMotion/MainPC__ds_UFireIndoorTest__mt_no_temp_method__af4b0d32a3d2__20260330.205208
VSD3__lb_mixed_firesmoke__video2.avi;8919;8950;fire_smoke;/mnt/e/SyncData/paper2_main/datasets/UFireIndoorFull/test/test_firesmoke/VSD3__lb_mixed_firesmoke__video2.avi;none;/mnt/e/SyncData/paper2_main/zout/reports/baseline_vs_accMotion/1GPU_SV__ds_UFireIndoorTest__mt_temp_method_motion_block__e1ccb7b889a0__20260401.144240;none;/mnt/e/SyncData/paper2_main/zout/reports/baseline_vs_accMotion/MainPC__ds_UFireIndoorTest__mt_no_temp_method__af4b0d32a3d2__20260330.205208
VSD3__lb_mixed_firesmoke__video2.avi;8920;8950;fire_smoke;/mnt/e/SyncData/paper2_main/datasets/UFireIndoorFull/test/test_firesmoke/VSD3__lb_mixed_firesmoke__video2.avi;none;/mnt/e/SyncData/paper2_main/zout/reports/baseline_vs_accMotion/1GPU_SV__ds_UFireIndoorTest__mt_temp_method_motion_block__e1ccb7b889a0__20260401.144240;none;/mnt/e/SyncData/paper2_main/zout/reports/baseline_vs_accMotion/MainPC__ds_UFireIndoorTest__mt_no_temp_method__af4b0d32a3d2__20260330.205208
VSD3__lb_mixed_firesmoke__video2.avi;8921;8950;fire_smoke;/mnt/e/SyncData/paper2_main/datasets/UFireIndoorFull/test/test_firesmoke/VSD3__lb_mixed_firesmoke__video2.avi;none;/mnt/e/SyncData/paper2_main/zout/reports/baseline_vs_accMotion/1GPU_SV__ds_UFireIndoorTest__mt_temp_method_motion_block__e1ccb7b889a0__20260401.144240;none;/mnt/e/SyncData/paper2_main/zout/reports/baseline_vs_accMotion/MainPC__ds_UFireIndoorTest__mt_no_temp_method__af4b0d32a3d2__20260330.205208
VSD3__lb_mixed_firesmoke__video2.avi;8928;8950;fire_smoke;/mnt/e/SyncData/paper2_main/datasets/UFireIndoorFull/test/test_firesmoke/VSD3__lb_mixed_firesmoke__video2.avi;none;/mnt/e/SyncData/paper2_main/zout/reports/baseline_vs_accMotion/1GPU_SV__ds_UFireIndoorTest__mt_temp_method_motion_block__e1ccb7b889a0__20260401.144240;none;/mnt/e/SyncData/paper2_main/zout/reports/baseline_vs_accMotion/MainPC__ds_UFireIndoorTest__mt_no_temp_method__af4b0d32a3d2__20260330.205208
VSD3__lb_mixed_firesmoke__video2.avi;8932;8950;fire_smoke;/mnt/e/SyncData/paper2_main/datasets/UFireIndoorFull/test/test_firesmoke/VSD3__lb_mixed_firesmoke__video2.avi;none;/mnt/e/SyncData/paper2_main/zout/reports/baseline_vs_accMotion/1GPU_SV__ds_UFireIndoorTest__mt_temp_method_motion_block__e1ccb7b889a0__20260401.144240;none;/mnt/e/SyncData/paper2_main/zout/reports/baseline_vs_accMotion/MainPC__ds_UFireIndoorTest__mt_no_temp_method__af4b0d32a3d2__20260330.205208
VSD3__lb_mixed_firesmoke__video2.avi;8933;8950;fire_smoke;/mnt/e/SyncData/paper2_main/datasets/UFireIndoorFull/test/test_firesmoke/VSD3__lb_mixed_firesmoke__video2.avi;none;/mnt/e/SyncData/paper2_main/zout/reports/baseline_vs_accMotion/1GPU_SV__ds_UFireIndoorTest__mt_temp_method_motion_block__e1ccb7b889a0__20260401.144240;none;/mnt/e/SyncData/paper2_main/zout/reports/baseline_vs_accMotion/MainPC__ds_UFireIndoorTest__mt_no_temp_method__af4b0d32a3d2__20260330.205208
VSD3__lb_mixed_firesmoke__video2.avi;8936;8950;fire_smoke;/mnt/e/SyncData/paper2_main/datasets/UFireIndoorFull/test/test_firesmoke/VSD3__lb_mixed_firesmoke__video2.avi;none;/mnt/e/SyncData/paper2_main/zout/reports/baseline_vs_accMotion/1GPU_SV__ds_UFireIndoorTest__mt_temp_method_motion_block__e1ccb7b889a0__20260401.144240;none;/mnt/e/SyncData/paper2_main/zout/reports/baseline_vs_accMotion/MainPC__ds_UFireIndoorTest__mt_no_temp_method__af4b0d32a3d2__20260330.205208
VSD3__lb_mixed_firesmoke__video2.avi;8937;8950;fire_smoke;/mnt/e/SyncData/paper2_main/datasets/UFireIndoorFull/test/test_firesmoke/VSD3__lb_mixed_firesmoke__video2.avi;none;/mnt/e/SyncData/paper2_main/zout/reports/baseline_vs_accMotion/1GPU_SV__ds_UFireIndoorTest__mt_temp_method_motion_block__e1ccb7b889a0__20260401.144240;none;/mnt/e/SyncData/paper2_main/zout/reports/baseline_vs_accMotion/MainPC__ds_UFireIndoorTest__mt_no_temp_method__af4b0d32a3d2__20260330.205208
VSD3__lb_mixed_firesmoke__video2.avi;8938;8950;fire_smoke;/mnt/e/SyncData/paper2_main/datasets/UFireIndoorFull/test/test_firesmoke/VSD3__lb_mixed_firesmoke__video2.avi;none;/mnt/e/SyncData/paper2_main/zout/reports/baseline_vs_accMotion/1GPU_SV__ds_UFireIndoorTest__mt_temp_method_motion_block__e1ccb7b889a0__20260401.144240;none;/mnt/e/SyncData/paper2_main/zout/reports/baseline_vs_accMotion/MainPC__ds_UFireIndoorTest__mt_no_temp_method__af4b0d32a3d2__20260330.205208
VSD3__lb_mixed_firesmoke__video2.avi;8943;8950;fire_smoke;/mnt/e/SyncData/paper2_main/datasets/UFireIndoorFull/test/test_firesmoke/VSD3__lb_mixed_firesmoke__video2.avi;none;/mnt/e/SyncData/paper2_main/zout/reports/baseline_vs_accMotion/1GPU_SV__ds_UFireIndoorTest__mt_temp_method_motion_block__e1ccb7b889a0__20260401.144240;none;/mnt/e/SyncData/paper2_main/zout/reports/baseline_vs_accMotion/MainPC__ds_UFireIndoorTest__mt_no_temp_method__af4b0d32a3d2__20260330.205208
VSD3__lb_mixed_firesmoke__video2.avi;8946;8950;fire_smoke;/mnt/e/SyncData/paper2_main/datasets/UFireIndoorFull/test/test_firesmoke/VSD3__lb_mixed_firesmoke__video2.avi;none;/mnt/e/SyncData/paper2_main/zout/reports/baseline_vs_accMotion/1GPU_SV__ds_UFireIndoorTest__mt_temp_method_motion_block__e1ccb7b889a0__20260401.144240;none;/mnt/e/SyncData/paper2_main/zout/reports/baseline_vs_accMotion/MainPC__ds_UFireIndoorTest__mt_no_temp_method__af4b0d32a3d2__20260330.205208
VSD3__lb_mixed_firesmoke__video2.avi;8947;8950;fire_smoke;/mnt/e/SyncData/paper2_main/datasets/UFireIndoorFull/test/test_firesmoke/VSD3__lb_mixed_firesmoke__video2.avi;none;/mnt/e/SyncData/paper2_main/zout/reports/baseline_vs_accMotion/1GPU_SV__ds_UFireIndoorTest__mt_temp_method_motion_block__e1ccb7b889a0__20260401.144240;none;/mnt/e/SyncData/paper2_main/zout/reports/baseline_vs_accMotion/MainPC__ds_UFireIndoorTest__mt_no_temp_method__af4b0d32a3d2__20260330.205208
VSD3__lb_mixed_firesmoke__video2.avi;8948;8950;fire_smoke;/mnt/e/SyncData/paper2_main/datasets/UFireIndoorFull/test/test_firesmoke/VSD3__lb_mixed_firesmoke__video2.avi;none;/mnt/e/SyncData/paper2_main/zout/reports/baseline_vs_accMotion/1GPU_SV__ds_UFireIndoorTest__mt_temp_method_motion_block__e1ccb7b889a0__20260401.144240;none;/mnt/e/SyncData/paper2_main/zout/reports/baseline_vs_accMotion/MainPC__ds_UFireIndoorTest__mt_no_temp_method__af4b0d32a3d2__20260330.205208
VSD3__lb_mixed_firesmoke__video2.avi;8949;8950;fire_smoke;/mnt/e/SyncData/paper2_main/datasets/UFireIndoorFull/test/test_firesmoke/VSD3__lb_mixed_firesmoke__video2.avi;none;/mnt/e/SyncData/paper2_main/zout/reports/baseline_vs_accMotion/1GPU_SV__ds_UFireIndoorTest__mt_temp_method_motion_block__e1ccb7b889a0__20260401.144240;none;/mnt/e/SyncData/paper2_main/zout/reports/baseline_vs_accMotion/MainPC__ds_UFireIndoorTest__mt_no_temp_method__af4b0d32a3d2__20260330.205208
VSD3__lb_mixed_firesmoke__video2.avi;8950;8950;fire_smoke;/mnt/e/SyncData/paper2_main/datasets/UFireIndoorFull/test/test_firesmoke/VSD3__lb_mixed_firesmoke__video2.avi;none;/mnt/e/SyncData/paper2_main/zout/reports/baseline_vs_accMotion/1GPU_SV__ds_UFireIndoorTest__mt_temp_method_motion_block__e1ccb7b889a0__20260401.144240;none;/mnt/e/SyncData/paper2_main/zout/reports/baseline_vs_accMotion/MainPC__ds_UFireIndoorTest__mt_no_temp_method__af4b0d32a3d2__20260330.205208
VSD3__lb_mixed_firesmoke__video5.mp4;969;9018;fire_smoke;/mnt/e/SyncData/paper2_main/datasets/UFireIndoorFull/test/test_firesmoke/VSD3__lb_mixed_firesmoke__video5.mp4;none;/mnt/e/SyncData/paper2_main/zout/reports/baseline_vs_accMotion/1GPU_SV__ds_UFireIndoorTest__mt_temp_method_motion_block__e1ccb7b889a0__20260401.144240;none;/mnt/e/SyncData/paper2_main/zout/reports/baseline_vs_accMotion/MainPC__ds_UFireIndoorTest__mt_no_temp_method__af4b0d32a3d2__20260330.205208
VSD3__lb_mixed_firesmoke__video5.mp4;970;9018;fire_smoke;/mnt/e/SyncData/paper2_main/datasets/UFireIndoorFull/test/test_firesmoke/VSD3__lb_mixed_firesmoke__video5.mp4;none;/mnt/e/SyncData/paper2_main/zout/reports/baseline_vs_accMotion/1GPU_SV__ds_UFireIndoorTest__mt_temp_method_motion_block__e1ccb7b889a0__20260401.144240;none;/mnt/e/SyncData/paper2_main/zout/reports/baseline_vs_accMotion/MainPC__ds_UFireIndoorTest__mt_no_temp_method__af4b0d32a3d2__20260330.205208
VSD3__lb_mixed_firesmoke__video5.mp4;971;9018;fire_smoke;/mnt/e/SyncData/paper2_main/datasets/UFireIndoorFull/test/test_firesmoke/VSD3__lb_mixed_firesmoke__video5.mp4;none;/mnt/e/SyncData/paper2_main/zout/reports/baseline_vs_accMotion/1GPU_SV__ds_UFireIndoorTest__mt_temp_method_motion_block__e1ccb7b889a0__20260401.144240;none;/mnt/e/SyncData/paper2_main/zout/reports/baseline_vs_accMotion/MainPC__ds_UFireIndoorTest__mt_no_temp_method__af4b0d32a3d2__20260330.205208
VSD3__lb_mixed_firesmoke__video5.mp4;972;9018;fire_smoke;/mnt/e/SyncData/paper2_main/datasets/UFireIndoorFull/test/test_firesmoke/VSD3__lb_mixed_firesmoke__video5.mp4;none;/mnt/e/SyncData/paper2_main/zout/reports/baseline_vs_accMotion/1GPU_SV__ds_UFireIndoorTest__mt_temp_method_motion_block__e1ccb7b889a0__20260401.144240;none;/mnt/e/SyncData/paper2_main/zout/reports/baseline_vs_accMotion/MainPC__ds_UFireIndoorTest__mt_no_temp_method__af4b0d32a3d2__20260330.205208
VSD3__lb_mixed_firesmoke__video5.mp4;975;9018;fire_smoke;/mnt/e/SyncData/paper2_main/datasets/UFireIndoorFull/test/test_firesmoke/VSD3__lb_mixed_firesmoke__video5.mp4;none;/mnt/e/SyncData/paper2_main/zout/reports/baseline_vs_accMotion/1GPU_SV__ds_UFireIndoorTest__mt_temp_method_motion_block__e1ccb7b889a0__20260401.144240;none;/mnt/e/SyncData/paper2_main/zout/reports/baseline_vs_accMotion/MainPC__ds_UFireIndoorTest__mt_no_temp_method__af4b0d32a3d2__20260330.205208
VSD3__lb_mixed_firesmoke__video5.mp4;976;9018;fire_smoke;/mnt/e/SyncData/paper2_main/datasets/UFireIndoorFull/test/test_firesmoke/VSD3__lb_mixed_firesmoke__video5.mp4;none;/mnt/e/SyncData/paper2_main/zout/reports/baseline_vs_accMotion/1GPU_SV__ds_UFireIndoorTest__mt_temp_method_motion_block__e1ccb7b889a0__20260401.144240;none;/mnt/e/SyncData/paper2_main/zout/reports/baseline_vs_accMotion/MainPC__ds_UFireIndoorTest__mt_no_temp_method__af4b0d32a3d2__20260330.205208
VSD3__lb_mixed_firesmoke__video5.mp4;997;9018;fire_smoke;/mnt/e/SyncData/paper2_main/datasets/UFireIndoorFull/test/test_firesmoke/VSD3__lb_mixed_firesmoke__video5.mp4;none;/mnt/e/SyncData/paper2_main/zout/reports/baseline_vs_accMotion/1GPU_SV__ds_UFireIndoorTest__mt_temp_method_motion_block__e1ccb7b889a0__20260401.144240;none;/mnt/e/SyncData/paper2_main/zout/reports/baseline_vs_accMotion/MainPC__ds_UFireIndoorTest__mt_no_temp_method__af4b0d32a3d2__20260330.205208
VSD3__lb_mixed_firesmoke__video5.mp4;998;9018;fire_smoke;/mnt/e/SyncData/paper2_main/datasets/UFireIndoorFull/test/test_firesmoke/VSD3__lb_mixed_firesmoke__video5.mp4;none;/mnt/e/SyncData/paper2_main/zout/reports/baseline_vs_accMotion/1GPU_SV__ds_UFireIndoorTest__mt_temp_method_motion_block__e1ccb7b889a0__20260401.144240;none;/mnt/e/SyncData/paper2_main/zout/reports/baseline_vs_accMotion/MainPC__ds_UFireIndoorTest__mt_no_temp_method__af4b0d32a3d2__20260330.205208
VSD3__lb_mixed_firesmoke__video5.mp4;999;9018;fire_smoke;/mnt/e/SyncData/paper2_main/datasets/UFireIndoorFull/test/test_firesmoke/VSD3__lb_mixed_firesmoke__video5.mp4;none;/mnt/e/SyncData/paper2_main/zout/reports/baseline_vs_accMotion/1GPU_SV__ds_UFireIndoorTest__mt_temp_method_motion_block__e1ccb7b889a0__20260401.144240;none;/mnt/e/SyncData/paper2_main/zout/reports/baseline_vs_accMotion/MainPC__ds_UFireIndoorTest__mt_no_temp_method__af4b0d32a3d2__20260330.205208
VSD3__lb_mixed_firesmoke__video5.mp4;1000;9018;fire_smoke;/mnt/e/SyncData/paper2_main/datasets/UFireIndoorFull/test/test_firesmoke/VSD3__lb_mixed_firesmoke__video5.mp4;none;/mnt/e/SyncData/paper2_main/zout/reports/baseline_vs_accMotion/1GPU_SV__ds_UFireIndoorTest__mt_temp_method_motion_block__e1ccb7b889a0__20260401.144240;none;/mnt/e/SyncData/paper2_main/zout/reports/baseline_vs_accMotion/MainPC__ds_UFireIndoorTest__mt_no_temp_method__af4b0d32a3d2__20260330.205208
VSD3__lb_mixed_firesmoke__video5.mp4;1003;9018;fire_smoke;/mnt/e/SyncData/paper2_main/datasets/UFireIndoorFull/test/test_firesmoke/VSD3__lb_mixed_firesmoke__video5.mp4;none;/mnt/e/SyncData/paper2_main/zout/reports/baseline_vs_accMotion/1GPU_SV__ds_UFireIndoorTest__mt_temp_method_motion_block__e1ccb7b889a0__20260401.144240;none;/mnt/e/SyncData/paper2_main/zout/reports/baseline_vs_accMotion/MainPC__ds_UFireIndoorTest__mt_no_temp_method__af4b0d32a3d2__20260330.205208
VSD3__lb_mixed_firesmoke__video5.mp4;1004;9018;fire_smoke;/mnt/e/SyncData/paper2_main/datasets/UFireIndoorFull/test/test_firesmoke/VSD3__lb_mixed_firesmoke__video5.mp4;none;/mnt/e/SyncData/paper2_main/zout/reports/baseline_vs_accMotion/1GPU_SV__ds_UFireIndoorTest__mt_temp_method_motion_block__e1ccb7b889a0__20260401.144240;none;/mnt/e/SyncData/paper2_main/zout/reports/baseline_vs_accMotion/MainPC__ds_UFireIndoorTest__mt_no_temp_method__af4b0d32a3d2__20260330.205208
VSD3__lb_mixed_firesmoke__video5.mp4;1005;9018;fire_smoke;/mnt/e/SyncData/paper2_main/datasets/UFireIndoorFull/test/test_firesmoke/VSD3__lb_mixed_firesmoke__video5.mp4;none;/mnt/e/SyncData/paper2_main/zout/reports/baseline_vs_accMotion/1GPU_SV__ds_UFireIndoorTest__mt_temp_method_motion_block__e1ccb7b889a0__20260401.144240;none;/mnt/e/SyncData/paper2_main/zout/reports/baseline_vs_accMotion/MainPC__ds_UFireIndoorTest__mt_no_temp_method__af4b0d32a3d2__20260330.205208
VSD3__lb_mixed_firesmoke__video5.mp4;1006;9018;fire_smoke;/mnt/e/SyncData/paper2_main/datasets/UFireIndoorFull/test/test_firesmoke/VSD3__lb_mixed_firesmoke__video5.mp4;none;/mnt/e/SyncData/paper2_main/zout/reports/baseline_vs_accMotion/1GPU_SV__ds_UFireIndoorTest__mt_temp_method_motion_block__e1ccb7b889a0__20260401.144240;none;/mnt/e/SyncData/paper2_main/zout/reports/baseline_vs_accMotion/MainPC__ds_UFireIndoorTest__mt_no_temp_method__af4b0d32a3d2__20260330.205208
VSD3__lb_mixed_firesmoke__video5.mp4;1009;9018;fire_smoke;/mnt/e/SyncData/paper2_main/datasets/UFireIndoorFull/test/test_firesmoke/VSD3__lb_mixed_firesmoke__video5.mp4;none;/mnt/e/SyncData/paper2_main/zout/reports/baseline_vs_accMotion/1GPU_SV__ds_UFireIndoorTest__mt_temp_method_motion_block__e1ccb7b889a0__20260401.144240;none;/mnt/e/SyncData/paper2_main/zout/reports/baseline_vs_accMotion/MainPC__ds_UFireIndoorTest__mt_no_temp_method__af4b0d32a3d2__20260330.205208
VSD3__lb_mixed_firesmoke__video5.mp4;1010;9018;fire_smoke;/mnt/e/SyncData/paper2_main/datasets/UFireIndoorFull/test/test_firesmoke/VSD3__lb_mixed_firesmoke__video5.mp4;none;/mnt/e/SyncData/paper2_main/zout/reports/baseline_vs_accMotion/1GPU_SV__ds_UFireIndoorTest__mt_temp_method_motion_block__e1ccb7b889a0__20260401.144240;none;/mnt/e/SyncData/paper2_main/zout/reports/baseline_vs_accMotion/MainPC__ds_UFireIndoorTest__mt_no_temp_method__af4b0d32a3d2__20260330.205208
VSD3__lb_mixed_firesmoke__video5.mp4;1025;9018;fire_smoke;/mnt/e/SyncData/paper2_main/datasets/UFireIndoorFull/test/test_firesmoke/VSD3__lb_mixed_firesmoke__video5.mp4;none;/mnt/e/SyncData/paper2_main/zout/reports/baseline_vs_accMotion/1GPU_SV__ds_UFireIndoorTest__mt_temp_method_motion_block__e1ccb7b889a0__20260401.144240;none;/mnt/e/SyncData/paper2_main/zout/reports/baseline_vs_accMotion/MainPC__ds_UFireIndoorTest__mt_no_temp_method__af4b0d32a3d2__20260330.205208
VSD3__lb_mixed_firesmoke__video5.mp4;1026;9018;fire_smoke;/mnt/e/SyncData/paper2_main/datasets/UFireIndoorFull/test/test_firesmoke/VSD3__lb_mixed_firesmoke__video5.mp4;none;/mnt/e/SyncData/paper2_main/zout/reports/baseline_vs_accMotion/1GPU_SV__ds_UFireIndoorTest__mt_temp_method_motion_block__e1ccb7b889a0__20260401.144240;none;/mnt/e/SyncData/paper2_main/zout/reports/baseline_vs_accMotion/MainPC__ds_UFireIndoorTest__mt_no_temp_method__af4b0d32a3d2__20260330.205208
VSD3__lb_mixed_firesmoke__video5.mp4;1027;9018;fire_smoke;/mnt/e/SyncData/paper2_main/datasets/UFireIndoorFull/test/test_firesmoke/VSD3__lb_mixed_firesmoke__video5.mp4;none;/mnt/e/SyncData/paper2_main/zout/reports/baseline_vs_accMotion/1GPU_SV__ds_UFireIndoorTest__mt_temp_method_motion_block__e1ccb7b889a0__20260401.144240;none;/mnt/e/SyncData/paper2_main/zout/reports/baseline_vs_accMotion/MainPC__ds_UFireIndoorTest__mt_no_temp_method__af4b0d32a3d2__20260330.205208
VSD3__lb_mixed_firesmoke__video5.mp4;1028;9018;fire_smoke;/mnt/e/SyncData/paper2_main/datasets/UFireIndoorFull/test/test_firesmoke/VSD3__lb_mixed_firesmoke__video5.mp4;none;/mnt/e/SyncData/paper2_main/zout/reports/baseline_vs_accMotion/1GPU_SV__ds_UFireIndoorTest__mt_temp_method_motion_block__e1ccb7b889a0__20260401.144240;none;/mnt/e/SyncData/paper2_main/zout/reports/baseline_vs_accMotion/MainPC__ds_UFireIndoorTest__mt_no_temp_method__af4b0d32a3d2__20260330.205208
VSD3__lb_mixed_firesmoke__video5.mp4;1029;9018;fire_smoke;/mnt/e/SyncData/paper2_main/datasets/UFireIndoorFull/test/test_firesmoke/VSD3__lb_mixed_firesmoke__video5.mp4;none;/mnt/e/SyncData/paper2_main/zout/reports/baseline_vs_accMotion/1GPU_SV__ds_UFireIndoorTest__mt_temp_method_motion_block__e1ccb7b889a0__20260401.144240;none;/mnt/e/SyncData/paper2_main/zout/reports/baseline_vs_accMotion/MainPC__ds_UFireIndoorTest__mt_no_temp_method__af4b0d32a3d2__20260330.205208
VSD3__lb_mixed_firesmoke__video5.mp4;1030;9018;fire_smoke;/mnt/e/SyncData/paper2_main/datasets/UFireIndoorFull/test/test_firesmoke/VSD3__lb_mixed_firesmoke__video5.mp4;none;/mnt/e/SyncData/paper2_main/zout/reports/baseline_vs_accMotion/1GPU_SV__ds_UFireIndoorTest__mt_temp_method_motion_block__e1ccb7b889a0__20260401.144240;none;/mnt/e/SyncData/paper2_main/zout/reports/baseline_vs_accMotion/MainPC__ds_UFireIndoorTest__mt_no_temp_method__af4b0d32a3d2__20260330.205208
VSD3__lb_mixed_firesmoke__video5.mp4;1045;9018;fire_smoke;/mnt/e/SyncData/paper2_main/datasets/UFireIndoorFull/test/test_firesmoke/VSD3__lb_mixed_firesmoke__video5.mp4;none;/mnt/e/SyncData/paper2_main/zout/reports/baseline_vs_accMotion/1GPU_SV__ds_UFireIndoorTest__mt_temp_method_motion_block__e1ccb7b889a0__20260401.144240;none;/mnt/e/SyncData/paper2_main/zout/reports/baseline_vs_accMotion/MainPC__ds_UFireIndoorTest__mt_no_temp_method__af4b0d32a3d2__20260330.205208
VSD3__lb_mixed_firesmoke__video5.mp4;1046;9018;fire_smoke;/mnt/e/SyncData/paper2_main/datasets/UFireIndoorFull/test/test_firesmoke/VSD3__lb_mixed_firesmoke__video5.mp4;none;/mnt/e/SyncData/paper2_main/zout/reports/baseline_vs_accMotion/1GPU_SV__ds_UFireIndoorTest__mt_temp_method_motion_block__e1ccb7b889a0__20260401.144240;none;/mnt/e/SyncData/paper2_main/zout/reports/baseline_vs_accMotion/MainPC__ds_UFireIndoorTest__mt_no_temp_method__af4b0d32a3d2__20260330.205208
VSD3__lb_mixed_firesmoke__video5.mp4;1055;9018;fire_smoke;/mnt/e/SyncData/paper2_main/datasets/UFireIndoorFull/test/test_firesmoke/VSD3__lb_mixed_firesmoke__video5.mp4;none;/mnt/e/SyncData/paper2_main/zout/reports/baseline_vs_accMotion/1GPU_SV__ds_UFireIndoorTest__mt_temp_method_motion_block__e1ccb7b889a0__20260401.144240;none;/mnt/e/SyncData/paper2_main/zout/reports/baseline_vs_accMotion/MainPC__ds_UFireIndoorTest__mt_no_temp_method__af4b0d32a3d2__20260330.205208
VSD3__lb_mixed_firesmoke__video5.mp4;1056;9018;fire_smoke;/mnt/e/SyncData/paper2_main/datasets/UFireIndoorFull/test/test_firesmoke/VSD3__lb_mixed_firesmoke__video5.mp4;none;/mnt/e/SyncData/paper2_main/zout/reports/baseline_vs_accMotion/1GPU_SV__ds_UFireIndoorTest__mt_temp_method_motion_block__e1ccb7b889a0__20260401.144240;none;/mnt/e/SyncData/paper2_main/zout/reports/baseline_vs_accMotion/MainPC__ds_UFireIndoorTest__mt_no_temp_method__af4b0d32a3d2__20260330.205208
VSD3__lb_mixed_firesmoke__video5.mp4;1057;9018;fire_smoke;/mnt/e/SyncData/paper2_main/datasets/UFireIndoorFull/test/test_firesmoke/VSD3__lb_mixed_firesmoke__video5.mp4;none;/mnt/e/SyncData/paper2_main/zout/reports/baseline_vs_accMotion/1GPU_SV__ds_UFireIndoorTest__mt_temp_method_motion_block__e1ccb7b889a0__20260401.144240;none;/mnt/e/SyncData/paper2_main/zout/reports/baseline_vs_accMotion/MainPC__ds_UFireIndoorTest__mt_no_temp_method__af4b0d32a3d2__20260330.205208
VSD3__lb_mixed_firesmoke__video5.mp4;1058;9018;fire_smoke;/mnt/e/SyncData/paper2_main/datasets/UFireIndoorFull/test/test_firesmoke/VSD3__lb_mixed_firesmoke__video5.mp4;none;/mnt/e/SyncData/paper2_main/zout/reports/baseline_vs_accMotion/1GPU_SV__ds_UFireIndoorTest__mt_temp_method_motion_block__e1ccb7b889a0__20260401.144240;none;/mnt/e/SyncData/paper2_main/zout/reports/baseline_vs_accMotion/MainPC__ds_UFireIndoorTest__mt_no_temp_method__af4b0d32a3d2__20260330.205208
VSD3__lb_mixed_firesmoke__video5.mp4;1059;9018;fire_smoke;/mnt/e/SyncData/paper2_main/datasets/UFireIndoorFull/test/test_firesmoke/VSD3__lb_mixed_firesmoke__video5.mp4;none;/mnt/e/SyncData/paper2_main/zout/reports/baseline_vs_accMotion/1GPU_SV__ds_UFireIndoorTest__mt_temp_method_motion_block__e1ccb7b889a0__20260401.144240;none;/mnt/e/SyncData/paper2_main/zout/reports/baseline_vs_accMotion/MainPC__ds_UFireIndoorTest__mt_no_temp_method__af4b0d32a3d2__20260330.205208
VSD3__lb_mixed_firesmoke__video5.mp4;1060;9018;fire_smoke;/mnt/e/SyncData/paper2_main/datasets/UFireIndoorFull/test/test_firesmoke/VSD3__lb_mixed_firesmoke__video5.mp4;none;/mnt/e/SyncData/paper2_main/zout/reports/baseline_vs_accMotion/1GPU_SV__ds_UFireIndoorTest__mt_temp_method_motion_block__e1ccb7b889a0__20260401.144240;none;/mnt/e/SyncData/paper2_main/zout/reports/baseline_vs_accMotion/MainPC__ds_UFireIndoorTest__mt_no_temp_method__af4b0d32a3d2__20260330.205208
VSD3__lb_mixed_firesmoke__video5.mp4;1061;9018;fire_smoke;/mnt/e/SyncData/paper2_main/datasets/UFireIndoorFull/test/test_firesmoke/VSD3__lb_mixed_firesmoke__video5.mp4;none;/mnt/e/SyncData/paper2_main/zout/reports/baseline_vs_accMotion/1GPU_SV__ds_UFireIndoorTest__mt_temp_method_motion_block__e1ccb7b889a0__20260401.144240;none;/mnt/e/SyncData/paper2_main/zout/reports/baseline_vs_accMotion/MainPC__ds_UFireIndoorTest__mt_no_temp_method__af4b0d32a3d2__20260330.205208
VSD3__lb_mixed_firesmoke__video5.mp4;1062;9018;fire_smoke;/mnt/e/SyncData/paper2_main/datasets/UFireIndoorFull/test/test_firesmoke/VSD3__lb_mixed_firesmoke__video5.mp4;none;/mnt/e/SyncData/paper2_main/zout/reports/baseline_vs_accMotion/1GPU_SV__ds_UFireIndoorTest__mt_temp_method_motion_block__e1ccb7b889a0__20260401.144240;none;/mnt/e/SyncData/paper2_main/zout/reports/baseline_vs_accMotion/MainPC__ds_UFireIndoorTest__mt_no_temp_method__af4b0d32a3d2__20260330.205208
VSD3__lb_mixed_firesmoke__video5.mp4;1065;9018;fire_smoke;/mnt/e/SyncData/paper2_main/datasets/UFireIndoorFull/test/test_firesmoke/VSD3__lb_mixed_firesmoke__video5.mp4;none;/mnt/e/SyncData/paper2_main/zout/reports/baseline_vs_accMotion/1GPU_SV__ds_UFireIndoorTest__mt_temp_method_motion_block__e1ccb7b889a0__20260401.144240;none;/mnt/e/SyncData/paper2_main/zout/reports/baseline_vs_accMotion/MainPC__ds_UFireIndoorTest__mt_no_temp_method__af4b0d32a3d2__20260330.205208
VSD3__lb_mixed_firesmoke__video5.mp4;1066;9018;fire_smoke;/mnt/e/SyncData/paper2_main/datasets/UFireIndoorFull/test/test_firesmoke/VSD3__lb_mixed_firesmoke__video5.mp4;none;/mnt/e/SyncData/paper2_main/zout/reports/baseline_vs_accMotion/1GPU_SV__ds_UFireIndoorTest__mt_temp_method_motion_block__e1ccb7b889a0__20260401.144240;none;/mnt/e/SyncData/paper2_main/zout/reports/baseline_vs_accMotion/MainPC__ds_UFireIndoorTest__mt_no_temp_method__af4b0d32a3d2__20260330.205208
VSD3__lb_mixed_firesmoke__video5.mp4;1068;9018;fire_smoke;/mnt/e/SyncData/paper2_main/datasets/UFireIndoorFull/test/test_firesmoke/VSD3__lb_mixed_firesmoke__video5.mp4;none;/mnt/e/SyncData/paper2_main/zout/reports/baseline_vs_accMotion/1GPU_SV__ds_UFireIndoorTest__mt_temp_method_motion_block__e1ccb7b889a0__20260401.144240;none;/mnt/e/SyncData/paper2_main/zout/reports/baseline_vs_accMotion/MainPC__ds_UFireIndoorTest__mt_no_temp_method__af4b0d32a3d2__20260330.205208
VSD3__lb_mixed_firesmoke__video5.mp4;1069;9018;fire_smoke;/mnt/e/SyncData/paper2_main/datasets/UFireIndoorFull/test/test_firesmoke/VSD3__lb_mixed_firesmoke__video5.mp4;none;/mnt/e/SyncData/paper2_main/zout/reports/baseline_vs_accMotion/1GPU_SV__ds_UFireIndoorTest__mt_temp_method_motion_block__e1ccb7b889a0__20260401.144240;none;/mnt/e/SyncData/paper2_main/zout/reports/baseline_vs_accMotion/MainPC__ds_UFireIndoorTest__mt_no_temp_method__af4b0d32a3d2__20260330.205208
VSD3__lb_mixed_firesmoke__video5.mp4;1070;9018;fire_smoke;/mnt/e/SyncData/paper2_main/datasets/UFireIndoorFull/test/test_firesmoke/VSD3__lb_mixed_firesmoke__video5.mp4;none;/mnt/e/SyncData/paper2_main/zout/reports/baseline_vs_accMotion/1GPU_SV__ds_UFireIndoorTest__mt_temp_method_motion_block__e1ccb7b889a0__20260401.144240;none;/mnt/e/SyncData/paper2_main/zout/reports/baseline_vs_accMotion/MainPC__ds_UFireIndoorTest__mt_no_temp_method__af4b0d32a3d2__20260330.205208
VSD3__lb_mixed_firesmoke__video5.mp4;1071;9018;fire_smoke;/mnt/e/SyncData/paper2_main/datasets/UFireIndoorFull/test/test_firesmoke/VSD3__lb_mixed_firesmoke__video5.mp4;none;/mnt/e/SyncData/paper2_main/zout/reports/baseline_vs_accMotion/1GPU_SV__ds_UFireIndoorTest__mt_temp_method_motion_block__e1ccb7b889a0__20260401.144240;none;/mnt/e/SyncData/paper2_main/zout/reports/baseline_vs_accMotion/MainPC__ds_UFireIndoorTest__mt_no_temp_method__af4b0d32a3d2__20260330.205208
VSD3__lb_mixed_firesmoke__video5.mp4;1072;9018;fire_smoke;/mnt/e/SyncData/paper2_main/datasets/UFireIndoorFull/test/test_firesmoke/VSD3__lb_mixed_firesmoke__video5.mp4;none;/mnt/e/SyncData/paper2_main/zout/reports/baseline_vs_accMotion/1GPU_SV__ds_UFireIndoorTest__mt_temp_method_motion_block__e1ccb7b889a0__20260401.144240;none;/mnt/e/SyncData/paper2_main/zout/reports/baseline_vs_accMotion/MainPC__ds_UFireIndoorTest__mt_no_temp_method__af4b0d32a3d2__20260330.205208
VSD3__lb_mixed_firesmoke__video5.mp4;1073;9018;fire_smoke;/mnt/e/SyncData/paper2_main/datasets/UFireIndoorFull/test/test_firesmoke/VSD3__lb_mixed_firesmoke__video5.mp4;none;/mnt/e/SyncData/paper2_main/zout/reports/baseline_vs_accMotion/1GPU_SV__ds_UFireIndoorTest__mt_temp_method_motion_block__e1ccb7b889a0__20260401.144240;none;/mnt/e/SyncData/paper2_main/zout/reports/baseline_vs_accMotion/MainPC__ds_UFireIndoorTest__mt_no_temp_method__af4b0d32a3d2__20260330.205208
VSD3__lb_mixed_firesmoke__video5.mp4;1074;9018;fire_smoke;/mnt/e/SyncData/paper2_main/datasets/UFireIndoorFull/test/test_firesmoke/VSD3__lb_mixed_firesmoke__video5.mp4;none;/mnt/e/SyncData/paper2_main/zout/reports/baseline_vs_accMotion/1GPU_SV__ds_UFireIndoorTest__mt_temp_method_motion_block__e1ccb7b889a0__20260401.144240;none;/mnt/e/SyncData/paper2_main/zout/reports/baseline_vs_accMotion/MainPC__ds_UFireIndoorTest__mt_no_temp_method__af4b0d32a3d2__20260330.205208
VSD3__lb_mixed_firesmoke__video5.mp4;1075;9018;fire_smoke;/mnt/e/SyncData/paper2_main/datasets/UFireIndoorFull/test/test_firesmoke/VSD3__lb_mixed_firesmoke__video5.mp4;none;/mnt/e/SyncData/paper2_main/zout/reports/baseline_vs_accMotion/1GPU_SV__ds_UFireIndoorTest__mt_temp_method_motion_block__e1ccb7b889a0__20260401.144240;none;/mnt/e/SyncData/paper2_main/zout/reports/baseline_vs_accMotion/MainPC__ds_UFireIndoorTest__mt_no_temp_method__af4b0d32a3d2__20260330.205208
VSD3__lb_mixed_firesmoke__video5.mp4;1076;9018;fire_smoke;/mnt/e/SyncData/paper2_main/datasets/UFireIndoorFull/test/test_firesmoke/VSD3__lb_mixed_firesmoke__video5.mp4;none;/mnt/e/SyncData/paper2_main/zout/reports/baseline_vs_accMotion/1GPU_SV__ds_UFireIndoorTest__mt_temp_method_motion_block__e1ccb7b889a0__20260401.144240;none;/mnt/e/SyncData/paper2_main/zout/reports/baseline_vs_accMotion/MainPC__ds_UFireIndoorTest__mt_no_temp_method__af4b0d32a3d2__20260330.205208
VSD3__lb_mixed_firesmoke__video5.mp4;1077;9018;fire_smoke;/mnt/e/SyncData/paper2_main/datasets/UFireIndoorFull/test/test_firesmoke/VSD3__lb_mixed_firesmoke__video5.mp4;none;/mnt/e/SyncData/paper2_main/zout/reports/baseline_vs_accMotion/1GPU_SV__ds_UFireIndoorTest__mt_temp_method_motion_block__e1ccb7b889a0__20260401.144240;none;/mnt/e/SyncData/paper2_main/zout/reports/baseline_vs_accMotion/MainPC__ds_UFireIndoorTest__mt_no_temp_method__af4b0d32a3d2__20260330.205208
VSD3__lb_mixed_firesmoke__video5.mp4;1078;9018;fire_smoke;/mnt/e/SyncData/paper2_main/datasets/UFireIndoorFull/test/test_firesmoke/VSD3__lb_mixed_firesmoke__video5.mp4;none;/mnt/e/SyncData/paper2_main/zout/reports/baseline_vs_accMotion/1GPU_SV__ds_UFireIndoorTest__mt_temp_method_motion_block__e1ccb7b889a0__20260401.144240;none;/mnt/e/SyncData/paper2_main/zout/reports/baseline_vs_accMotion/MainPC__ds_UFireIndoorTest__mt_no_temp_method__af4b0d32a3d2__20260330.205208
VSD3__lb_mixed_firesmoke__video5.mp4;1079;9018;fire_smoke;/mnt/e/SyncData/paper2_main/datasets/UFireIndoorFull/test/test_firesmoke/VSD3__lb_mixed_firesmoke__video5.mp4;none;/mnt/e/SyncData/paper2_main/zout/reports/baseline_vs_accMotion/1GPU_SV__ds_UFireIndoorTest__mt_temp_method_motion_block__e1ccb7b889a0__20260401.144240;none;/mnt/e/SyncData/paper2_main/zout/reports/baseline_vs_accMotion/MainPC__ds_UFireIndoorTest__mt_no_temp_method__af4b0d32a3d2__20260330.205208
VSD3__lb_mixed_firesmoke__video5.mp4;1080;9018;fire_smoke;/mnt/e/SyncData/paper2_main/datasets/UFireIndoorFull/test/test_firesmoke/VSD3__lb_mixed_firesmoke__video5.mp4;none;/mnt/e/SyncData/paper2_main/zout/reports/baseline_vs_accMotion/1GPU_SV__ds_UFireIndoorTest__mt_temp_method_motion_block__e1ccb7b889a0__20260401.144240;none;/mnt/e/SyncData/paper2_main/zout/reports/baseline_vs_accMotion/MainPC__ds_UFireIndoorTest__mt_no_temp_method__af4b0d32a3d2__20260330.205208
VSD3__lb_mixed_firesmoke__video5.mp4;1081;9018;fire_smoke;/mnt/e/SyncData/paper2_main/datasets/UFireIndoorFull/test/test_firesmoke/VSD3__lb_mixed_firesmoke__video5.mp4;none;/mnt/e/SyncData/paper2_main/zout/reports/baseline_vs_accMotion/1GPU_SV__ds_UFireIndoorTest__mt_temp_method_motion_block__e1ccb7b889a0__20260401.144240;none;/mnt/e/SyncData/paper2_main/zout/reports/baseline_vs_accMotion/MainPC__ds_UFireIndoorTest__mt_no_temp_method__af4b0d32a3d2__20260330.205208
VSD3__lb_mixed_firesmoke__video5.mp4;1082;9018;fire_smoke;/mnt/e/SyncData/paper2_main/datasets/UFireIndoorFull/test/test_firesmoke/VSD3__lb_mixed_firesmoke__video5.mp4;none;/mnt/e/SyncData/paper2_main/zout/reports/baseline_vs_accMotion/1GPU_SV__ds_UFireIndoorTest__mt_temp_method_motion_block__e1ccb7b889a0__20260401.144240;none;/mnt/e/SyncData/paper2_main/zout/reports/baseline_vs_accMotion/MainPC__ds_UFireIndoorTest__mt_no_temp_method__af4b0d32a3d2__20260330.205208
VSD3__lb_mixed_firesmoke__video5.mp4;1083;9018;fire_smoke;/mnt/e/SyncData/paper2_main/datasets/UFireIndoorFull/test/test_firesmoke/VSD3__lb_mixed_firesmoke__video5.mp4;none;/mnt/e/SyncData/paper2_main/zout/reports/baseline_vs_accMotion/1GPU_SV__ds_UFireIndoorTest__mt_temp_method_motion_block__e1ccb7b889a0__20260401.144240;none;/mnt/e/SyncData/paper2_main/zout/reports/baseline_vs_accMotion/MainPC__ds_UFireIndoorTest__mt_no_temp_method__af4b0d32a3d2__20260330.205208
VSD3__lb_mixed_firesmoke__video5.mp4;1084;9018;fire_smoke;/mnt/e/SyncData/paper2_main/datasets/UFireIndoorFull/test/test_firesmoke/VSD3__lb_mixed_firesmoke__video5.mp4;none;/mnt/e/SyncData/paper2_main/zout/reports/baseline_vs_accMotion/1GPU_SV__ds_UFireIndoorTest__mt_temp_method_motion_block__e1ccb7b889a0__20260401.144240;none;/mnt/e/SyncData/paper2_main/zout/reports/baseline_vs_accMotion/MainPC__ds_UFireIndoorTest__mt_no_temp_method__af4b0d32a3d2__20260330.205208
VSD3__lb_mixed_firesmoke__video5.mp4;1085;9018;fire_smoke;/mnt/e/SyncData/paper2_main/datasets/UFireIndoorFull/test/test_firesmoke/VSD3__lb_mixed_firesmoke__video5.mp4;none;/mnt/e/SyncData/paper2_main/zout/reports/baseline_vs_accMotion/1GPU_SV__ds_UFireIndoorTest__mt_temp_method_motion_block__e1ccb7b889a0__20260401.144240;none;/mnt/e/SyncData/paper2_main/zout/reports/baseline_vs_accMotion/MainPC__ds_UFireIndoorTest__mt_no_temp_method__af4b0d32a3d2__20260330.205208
VSD3__lb_mixed_firesmoke__video5.mp4;1086;9018;fire_smoke;/mnt/e/SyncData/paper2_main/datasets/UFireIndoorFull/test/test_firesmoke/VSD3__lb_mixed_firesmoke__video5.mp4;none;/mnt/e/SyncData/paper2_main/zout/reports/baseline_vs_accMotion/1GPU_SV__ds_UFireIndoorTest__mt_temp_method_motion_block__e1ccb7b889a0__20260401.144240;none;/mnt/e/SyncData/paper2_main/zout/reports/baseline_vs_accMotion/MainPC__ds_UFireIndoorTest__mt_no_temp_method__af4b0d32a3d2__20260330.205208
VSD3__lb_mixed_firesmoke__video5.mp4;1099;9018;fire_smoke;/mnt/e/SyncData/paper2_main/datasets/UFireIndoorFull/test/test_firesmoke/VSD3__lb_mixed_firesmoke__video5.mp4;none;/mnt/e/SyncData/paper2_main/zout/reports/baseline_vs_accMotion/1GPU_SV__ds_UFireIndoorTest__mt_temp_method_motion_block__e1ccb7b889a0__20260401.144240;none;/mnt/e/SyncData/paper2_main/zout/reports/baseline_vs_accMotion/MainPC__ds_UFireIndoorTest__mt_no_temp_method__af4b0d32a3d2__20260330.205208
VSD3__lb_mixed_firesmoke__video5.mp4;1100;9018;fire_smoke;/mnt/e/SyncData/paper2_main/datasets/UFireIndoorFull/test/test_firesmoke/VSD3__lb_mixed_firesmoke__video5.mp4;none;/mnt/e/SyncData/paper2_main/zout/reports/baseline_vs_accMotion/1GPU_SV__ds_UFireIndoorTest__mt_temp_method_motion_block__e1ccb7b889a0__20260401.144240;none;/mnt/e/SyncData/paper2_main/zout/reports/baseline_vs_accMotion/MainPC__ds_UFireIndoorTest__mt_no_temp_method__af4b0d32a3d2__20260330.205208
VSD3__lb_mixed_firesmoke__video5.mp4;1101;9018;fire_smoke;/mnt/e/SyncData/paper2_main/datasets/UFireIndoorFull/test/test_firesmoke/VSD3__lb_mixed_firesmoke__video5.mp4;none;/mnt/e/SyncData/paper2_main/zout/reports/baseline_vs_accMotion/1GPU_SV__ds_UFireIndoorTest__mt_temp_method_motion_block__e1ccb7b889a0__20260401.144240;none;/mnt/e/SyncData/paper2_main/zout/reports/baseline_vs_accMotion/MainPC__ds_UFireIndoorTest__mt_no_temp_method__af4b0d32a3d2__20260330.205208
VSD3__lb_mixed_firesmoke__video5.mp4;1102;9018;fire_smoke;/mnt/e/SyncData/paper2_main/datasets/UFireIndoorFull/test/test_firesmoke/VSD3__lb_mixed_firesmoke__video5.mp4;none;/mnt/e/SyncData/paper2_main/zout/reports/baseline_vs_accMotion/1GPU_SV__ds_UFireIndoorTest__mt_temp_method_motion_block__e1ccb7b889a0__20260401.144240;none;/mnt/e/SyncData/paper2_main/zout/reports/baseline_vs_accMotion/MainPC__ds_UFireIndoorTest__mt_no_temp_method__af4b0d32a3d2__20260330.205208
VSD3__lb_mixed_firesmoke__video5.mp4;1103;9018;fire_smoke;/mnt/e/SyncData/paper2_main/datasets/UFireIndoorFull/test/test_firesmoke/VSD3__lb_mixed_firesmoke__video5.mp4;none;/mnt/e/SyncData/paper2_main/zout/reports/baseline_vs_accMotion/1GPU_SV__ds_UFireIndoorTest__mt_temp_method_motion_block__e1ccb7b889a0__20260401.144240;none;/mnt/e/SyncData/paper2_main/zout/reports/baseline_vs_accMotion/MainPC__ds_UFireIndoorTest__mt_no_temp_method__af4b0d32a3d2__20260330.205208
VSD3__lb_mixed_firesmoke__video5.mp4;1104;9018;fire_smoke;/mnt/e/SyncData/paper2_main/datasets/UFireIndoorFull/test/test_firesmoke/VSD3__lb_mixed_firesmoke__video5.mp4;none;/mnt/e/SyncData/paper2_main/zout/reports/baseline_vs_accMotion/1GPU_SV__ds_UFireIndoorTest__mt_temp_method_motion_block__e1ccb7b889a0__20260401.144240;none;/mnt/e/SyncData/paper2_main/zout/reports/baseline_vs_accMotion/MainPC__ds_UFireIndoorTest__mt_no_temp_method__af4b0d32a3d2__20260330.205208
VSD3__lb_mixed_firesmoke__video5.mp4;1105;9018;fire_smoke;/mnt/e/SyncData/paper2_main/datasets/UFireIndoorFull/test/test_firesmoke/VSD3__lb_mixed_firesmoke__video5.mp4;none;/mnt/e/SyncData/paper2_main/zout/reports/baseline_vs_accMotion/1GPU_SV__ds_UFireIndoorTest__mt_temp_method_motion_block__e1ccb7b889a0__20260401.144240;none;/mnt/e/SyncData/paper2_main/zout/reports/baseline_vs_accMotion/MainPC__ds_UFireIndoorTest__mt_no_temp_method__af4b0d32a3d2__20260330.205208
VSD3__lb_mixed_firesmoke__video5.mp4;1106;9018;fire_smoke;/mnt/e/SyncData/paper2_main/datasets/UFireIndoorFull/test/test_firesmoke/VSD3__lb_mixed_firesmoke__video5.mp4;none;/mnt/e/SyncData/paper2_main/zout/reports/baseline_vs_accMotion/1GPU_SV__ds_UFireIndoorTest__mt_temp_method_motion_block__e1ccb7b889a0__20260401.144240;none;/mnt/e/SyncData/paper2_main/zout/reports/baseline_vs_accMotion/MainPC__ds_UFireIndoorTest__mt_no_temp_method__af4b0d32a3d2__20260330.205208
VSD3__lb_mixed_firesmoke__video5.mp4;1107;9018;fire_smoke;/mnt/e/SyncData/paper2_main/datasets/UFireIndoorFull/test/test_firesmoke/VSD3__lb_mixed_firesmoke__video5.mp4;none;/mnt/e/SyncData/paper2_main/zout/reports/baseline_vs_accMotion/1GPU_SV__ds_UFireIndoorTest__mt_temp_method_motion_block__e1ccb7b889a0__20260401.144240;none;/mnt/e/SyncData/paper2_main/zout/reports/baseline_vs_accMotion/MainPC__ds_UFireIndoorTest__mt_no_temp_method__af4b0d32a3d2__20260330.205208
VSD3__lb_mixed_firesmoke__video5.mp4;1108;9018;fire_smoke;/mnt/e/SyncData/paper2_main/datasets/UFireIndoorFull/test/test_firesmoke/VSD3__lb_mixed_firesmoke__video5.mp4;none;/mnt/e/SyncData/paper2_main/zout/reports/baseline_vs_accMotion/1GPU_SV__ds_UFireIndoorTest__mt_temp_method_motion_block__e1ccb7b889a0__20260401.144240;none;/mnt/e/SyncData/paper2_main/zout/reports/baseline_vs_accMotion/MainPC__ds_UFireIndoorTest__mt_no_temp_method__af4b0d32a3d2__20260330.205208
VSD3__lb_mixed_firesmoke__video5.mp4;1109;9018;fire_smoke;/mnt/e/SyncData/paper2_main/datasets/UFireIndoorFull/test/test_firesmoke/VSD3__lb_mixed_firesmoke__video5.mp4;none;/mnt/e/SyncData/paper2_main/zout/reports/baseline_vs_accMotion/1GPU_SV__ds_UFireIndoorTest__mt_temp_method_motion_block__e1ccb7b889a0__20260401.144240;none;/mnt/e/SyncData/paper2_main/zout/reports/baseline_vs_accMotion/MainPC__ds_UFireIndoorTest__mt_no_temp_method__af4b0d32a3d2__20260330.205208
VSD3__lb_mixed_firesmoke__video5.mp4;1110;9018;fire_smoke;/mnt/e/SyncData/paper2_main/datasets/UFireIndoorFull/test/test_firesmoke/VSD3__lb_mixed_firesmoke__video5.mp4;none;/mnt/e/SyncData/paper2_main/zout/reports/baseline_vs_accMotion/1GPU_SV__ds_UFireIndoorTest__mt_temp_method_motion_block__e1ccb7b889a0__20260401.144240;none;/mnt/e/SyncData/paper2_main/zout/reports/baseline_vs_accMotion/MainPC__ds_UFireIndoorTest__mt_no_temp_method__af4b0d32a3d2__20260330.205208
VSD3__lb_mixed_firesmoke__video5.mp4;1111;9018;fire_smoke;/mnt/e/SyncData/paper2_main/datasets/UFireIndoorFull/test/test_firesmoke/VSD3__lb_mixed_firesmoke__video5.mp4;none;/mnt/e/SyncData/paper2_main/zout/reports/baseline_vs_accMotion/1GPU_SV__ds_UFireIndoorTest__mt_temp_method_motion_block__e1ccb7b889a0__20260401.144240;none;/mnt/e/SyncData/paper2_main/zout/reports/baseline_vs_accMotion/MainPC__ds_UFireIndoorTest__mt_no_temp_method__af4b0d32a3d2__20260330.205208
VSD3__lb_mixed_firesmoke__video5.mp4;1112;9018;fire_smoke;/mnt/e/SyncData/paper2_main/datasets/UFireIndoorFull/test/test_firesmoke/VSD3__lb_mixed_firesmoke__video5.mp4;none;/mnt/e/SyncData/paper2_main/zout/reports/baseline_vs_accMotion/1GPU_SV__ds_UFireIndoorTest__mt_temp_method_motion_block__e1ccb7b889a0__20260401.144240;none;/mnt/e/SyncData/paper2_main/zout/reports/baseline_vs_accMotion/MainPC__ds_UFireIndoorTest__mt_no_temp_method__af4b0d32a3d2__20260330.205208
VSD3__lb_mixed_firesmoke__video5.mp4;1115;9018;fire_smoke;/mnt/e/SyncData/paper2_main/datasets/UFireIndoorFull/test/test_firesmoke/VSD3__lb_mixed_firesmoke__video5.mp4;none;/mnt/e/SyncData/paper2_main/zout/reports/baseline_vs_accMotion/1GPU_SV__ds_UFireIndoorTest__mt_temp_method_motion_block__e1ccb7b889a0__20260401.144240;none;/mnt/e/SyncData/paper2_main/zout/reports/baseline_vs_accMotion/MainPC__ds_UFireIndoorTest__mt_no_temp_method__af4b0d32a3d2__20260330.205208
VSD3__lb_mixed_firesmoke__video5.mp4;1116;9018;fire_smoke;/mnt/e/SyncData/paper2_main/datasets/UFireIndoorFull/test/test_firesmoke/VSD3__lb_mixed_firesmoke__video5.mp4;none;/mnt/e/SyncData/paper2_main/zout/reports/baseline_vs_accMotion/1GPU_SV__ds_UFireIndoorTest__mt_temp_method_motion_block__e1ccb7b889a0__20260401.144240;none;/mnt/e/SyncData/paper2_main/zout/reports/baseline_vs_accMotion/MainPC__ds_UFireIndoorTest__mt_no_temp_method__af4b0d32a3d2__20260330.205208
VSD3__lb_mixed_firesmoke__video5.mp4;1117;9018;fire_smoke;/mnt/e/SyncData/paper2_main/datasets/UFireIndoorFull/test/test_firesmoke/VSD3__lb_mixed_firesmoke__video5.mp4;none;/mnt/e/SyncData/paper2_main/zout/reports/baseline_vs_accMotion/1GPU_SV__ds_UFireIndoorTest__mt_temp_method_motion_block__e1ccb7b889a0__20260401.144240;none;/mnt/e/SyncData/paper2_main/zout/reports/baseline_vs_accMotion/MainPC__ds_UFireIndoorTest__mt_no_temp_method__af4b0d32a3d2__20260330.205208
VSD3__lb_mixed_firesmoke__video5.mp4;1123;9018;fire_smoke;/mnt/e/SyncData/paper2_main/datasets/UFireIndoorFull/test/test_firesmoke/VSD3__lb_mixed_firesmoke__video5.mp4;none;/mnt/e/SyncData/paper2_main/zout/reports/baseline_vs_accMotion/1GPU_SV__ds_UFireIndoorTest__mt_temp_method_motion_block__e1ccb7b889a0__20260401.144240;none;/mnt/e/SyncData/paper2_main/zout/reports/baseline_vs_accMotion/MainPC__ds_UFireIndoorTest__mt_no_temp_method__af4b0d32a3d2__20260330.205208
VSD3__lb_mixed_firesmoke__video5.mp4;1124;9018;fire_smoke;/mnt/e/SyncData/paper2_main/datasets/UFireIndoorFull/test/test_firesmoke/VSD3__lb_mixed_firesmoke__video5.mp4;none;/mnt/e/SyncData/paper2_main/zout/reports/baseline_vs_accMotion/1GPU_SV__ds_UFireIndoorTest__mt_temp_method_motion_block__e1ccb7b889a0__20260401.144240;none;/mnt/e/SyncData/paper2_main/zout/reports/baseline_vs_accMotion/MainPC__ds_UFireIndoorTest__mt_no_temp_method__af4b0d32a3d2__20260330.205208
VSD3__lb_mixed_firesmoke__video5.mp4;1125;9018;fire_smoke;/mnt/e/SyncData/paper2_main/datasets/UFireIndoorFull/test/test_firesmoke/VSD3__lb_mixed_firesmoke__video5.mp4;none;/mnt/e/SyncData/paper2_main/zout/reports/baseline_vs_accMotion/1GPU_SV__ds_UFireIndoorTest__mt_temp_method_motion_block__e1ccb7b889a0__20260401.144240;none;/mnt/e/SyncData/paper2_main/zout/reports/baseline_vs_accMotion/MainPC__ds_UFireIndoorTest__mt_no_temp_method__af4b0d32a3d2__20260330.205208
VSD3__lb_mixed_firesmoke__video5.mp4;1143;9018;fire_smoke;/mnt/e/SyncData/paper2_main/datasets/UFireIndoorFull/test/test_firesmoke/VSD3__lb_mixed_firesmoke__video5.mp4;none;/mnt/e/SyncData/paper2_main/zout/reports/baseline_vs_accMotion/1GPU_SV__ds_UFireIndoorTest__mt_temp_method_motion_block__e1ccb7b889a0__20260401.144240;none;/mnt/e/SyncData/paper2_main/zout/reports/baseline_vs_accMotion/MainPC__ds_UFireIndoorTest__mt_no_temp_method__af4b0d32a3d2__20260330.205208
VSD3__lb_mixed_firesmoke__video5.mp4;1144;9018;fire_smoke;/mnt/e/SyncData/paper2_main/datasets/UFireIndoorFull/test/test_firesmoke/VSD3__lb_mixed_firesmoke__video5.mp4;none;/mnt/e/SyncData/paper2_main/zout/reports/baseline_vs_accMotion/1GPU_SV__ds_UFireIndoorTest__mt_temp_method_motion_block__e1ccb7b889a0__20260401.144240;none;/mnt/e/SyncData/paper2_main/zout/reports/baseline_vs_accMotion/MainPC__ds_UFireIndoorTest__mt_no_temp_method__af4b0d32a3d2__20260330.205208
VSD3__lb_mixed_firesmoke__video5.mp4;1145;9018;fire_smoke;/mnt/e/SyncData/paper2_main/datasets/UFireIndoorFull/test/test_firesmoke/VSD3__lb_mixed_firesmoke__video5.mp4;none;/mnt/e/SyncData/paper2_main/zout/reports/baseline_vs_accMotion/1GPU_SV__ds_UFireIndoorTest__mt_temp_method_motion_block__e1ccb7b889a0__20260401.144240;none;/mnt/e/SyncData/paper2_main/zout/reports/baseline_vs_accMotion/MainPC__ds_UFireIndoorTest__mt_no_temp_method__af4b0d32a3d2__20260330.205208
VSD3__lb_mixed_firesmoke__video5.mp4;1146;9018;fire_smoke;/mnt/e/SyncData/paper2_main/datasets/UFireIndoorFull/test/test_firesmoke/VSD3__lb_mixed_firesmoke__video5.mp4;none;/mnt/e/SyncData/paper2_main/zout/reports/baseline_vs_accMotion/1GPU_SV__ds_UFireIndoorTest__mt_temp_method_motion_block__e1ccb7b889a0__20260401.144240;none;/mnt/e/SyncData/paper2_main/zout/reports/baseline_vs_accMotion/MainPC__ds_UFireIndoorTest__mt_no_temp_method__af4b0d32a3d2__20260330.205208
VSD3__lb_mixed_firesmoke__video5.mp4;1147;9018;fire_smoke;/mnt/e/SyncData/paper2_main/datasets/UFireIndoorFull/test/test_firesmoke/VSD3__lb_mixed_firesmoke__video5.mp4;none;/mnt/e/SyncData/paper2_main/zout/reports/baseline_vs_accMotion/1GPU_SV__ds_UFireIndoorTest__mt_temp_method_motion_block__e1ccb7b889a0__20260401.144240;none;/mnt/e/SyncData/paper2_main/zout/reports/baseline_vs_accMotion/MainPC__ds_UFireIndoorTest__mt_no_temp_method__af4b0d32a3d2__20260330.205208
VSD3__lb_mixed_firesmoke__video5.mp4;1148;9018;fire_smoke;/mnt/e/SyncData/paper2_main/datasets/UFireIndoorFull/test/test_firesmoke/VSD3__lb_mixed_firesmoke__video5.mp4;none;/mnt/e/SyncData/paper2_main/zout/reports/baseline_vs_accMotion/1GPU_SV__ds_UFireIndoorTest__mt_temp_method_motion_block__e1ccb7b889a0__20260401.144240;none;/mnt/e/SyncData/paper2_main/zout/reports/baseline_vs_accMotion/MainPC__ds_UFireIndoorTest__mt_no_temp_method__af4b0d32a3d2__20260330.205208
VSD3__lb_mixed_firesmoke__video5.mp4;1149;9018;fire_smoke;/mnt/e/SyncData/paper2_main/datasets/UFireIndoorFull/test/test_firesmoke/VSD3__lb_mixed_firesmoke__video5.mp4;none;/mnt/e/SyncData/paper2_main/zout/reports/baseline_vs_accMotion/1GPU_SV__ds_UFireIndoorTest__mt_temp_method_motion_block__e1ccb7b889a0__20260401.144240;none;/mnt/e/SyncData/paper2_main/zout/reports/baseline_vs_accMotion/MainPC__ds_UFireIndoorTest__mt_no_temp_method__af4b0d32a3d2__20260330.205208
VSD3__lb_mixed_firesmoke__video5.mp4;1150;9018;fire_smoke;/mnt/e/SyncData/paper2_main/datasets/UFireIndoorFull/test/test_firesmoke/VSD3__lb_mixed_firesmoke__video5.mp4;none;/mnt/e/SyncData/paper2_main/zout/reports/baseline_vs_accMotion/1GPU_SV__ds_UFireIndoorTest__mt_temp_method_motion_block__e1ccb7b889a0__20260401.144240;none;/mnt/e/SyncData/paper2_main/zout/reports/baseline_vs_accMotion/MainPC__ds_UFireIndoorTest__mt_no_temp_method__af4b0d32a3d2__20260330.205208
VSD3__lb_mixed_firesmoke__video5.mp4;1151;9018;fire_smoke;/mnt/e/SyncData/paper2_main/datasets/UFireIndoorFull/test/test_firesmoke/VSD3__lb_mixed_firesmoke__video5.mp4;none;/mnt/e/SyncData/paper2_main/zout/reports/baseline_vs_accMotion/1GPU_SV__ds_UFireIndoorTest__mt_temp_method_motion_block__e1ccb7b889a0__20260401.144240;none;/mnt/e/SyncData/paper2_main/zout/reports/baseline_vs_accMotion/MainPC__ds_UFireIndoorTest__mt_no_temp_method__af4b0d32a3d2__20260330.205208
VSD3__lb_mixed_firesmoke__video5.mp4;1152;9018;fire_smoke;/mnt/e/SyncData/paper2_main/datasets/UFireIndoorFull/test/test_firesmoke/VSD3__lb_mixed_firesmoke__video5.mp4;none;/mnt/e/SyncData/paper2_main/zout/reports/baseline_vs_accMotion/1GPU_SV__ds_UFireIndoorTest__mt_temp_method_motion_block__e1ccb7b889a0__20260401.144240;none;/mnt/e/SyncData/paper2_main/zout/reports/baseline_vs_accMotion/MainPC__ds_UFireIndoorTest__mt_no_temp_method__af4b0d32a3d2__20260330.205208
VSD3__lb_mixed_firesmoke__video5.mp4;1153;9018;fire_smoke;/mnt/e/SyncData/paper2_main/datasets/UFireIndoorFull/test/test_firesmoke/VSD3__lb_mixed_firesmoke__video5.mp4;none;/mnt/e/SyncData/paper2_main/zout/reports/baseline_vs_accMotion/1GPU_SV__ds_UFireIndoorTest__mt_temp_method_motion_block__e1ccb7b889a0__20260401.144240;none;/mnt/e/SyncData/paper2_main/zout/reports/baseline_vs_accMotion/MainPC__ds_UFireIndoorTest__mt_no_temp_method__af4b0d32a3d2__20260330.205208
VSD3__lb_mixed_firesmoke__video5.mp4;1154;9018;fire_smoke;/mnt/e/SyncData/paper2_main/datasets/UFireIndoorFull/test/test_firesmoke/VSD3__lb_mixed_firesmoke__video5.mp4;none;/mnt/e/SyncData/paper2_main/zout/reports/baseline_vs_accMotion/1GPU_SV__ds_UFireIndoorTest__mt_temp_method_motion_block__e1ccb7b889a0__20260401.144240;none;/mnt/e/SyncData/paper2_main/zout/reports/baseline_vs_accMotion/MainPC__ds_UFireIndoorTest__mt_no_temp_method__af4b0d32a3d2__20260330.205208
VSD3__lb_mixed_firesmoke__video5.mp4;1155;9018;fire_smoke;/mnt/e/SyncData/paper2_main/datasets/UFireIndoorFull/test/test_firesmoke/VSD3__lb_mixed_firesmoke__video5.mp4;none;/mnt/e/SyncData/paper2_main/zout/reports/baseline_vs_accMotion/1GPU_SV__ds_UFireIndoorTest__mt_temp_method_motion_block__e1ccb7b889a0__20260401.144240;none;/mnt/e/SyncData/paper2_main/zout/reports/baseline_vs_accMotion/MainPC__ds_UFireIndoorTest__mt_no_temp_method__af4b0d32a3d2__20260330.205208
VSD3__lb_mixed_firesmoke__video5.mp4;1156;9018;fire_smoke;/mnt/e/SyncData/paper2_main/datasets/UFireIndoorFull/test/test_firesmoke/VSD3__lb_mixed_firesmoke__video5.mp4;none;/mnt/e/SyncData/paper2_main/zout/reports/baseline_vs_accMotion/1GPU_SV__ds_UFireIndoorTest__mt_temp_method_motion_block__e1ccb7b889a0__20260401.144240;none;/mnt/e/SyncData/paper2_main/zout/reports/baseline_vs_accMotion/MainPC__ds_UFireIndoorTest__mt_no_temp_method__af4b0d32a3d2__20260330.205208
VSD3__lb_mixed_firesmoke__video5.mp4;1157;9018;fire_smoke;/mnt/e/SyncData/paper2_main/datasets/UFireIndoorFull/test/test_firesmoke/VSD3__lb_mixed_firesmoke__video5.mp4;none;/mnt/e/SyncData/paper2_main/zout/reports/baseline_vs_accMotion/1GPU_SV__ds_UFireIndoorTest__mt_temp_method_motion_block__e1ccb7b889a0__20260401.144240;none;/mnt/e/SyncData/paper2_main/zout/reports/baseline_vs_accMotion/MainPC__ds_UFireIndoorTest__mt_no_temp_method__af4b0d32a3d2__20260330.205208
VSD3__lb_mixed_firesmoke__video5.mp4;1158;9018;fire_smoke;/mnt/e/SyncData/paper2_main/datasets/UFireIndoorFull/test/test_firesmoke/VSD3__lb_mixed_firesmoke__video5.mp4;none;/mnt/e/SyncData/paper2_main/zout/reports/baseline_vs_accMotion/1GPU_SV__ds_UFireIndoorTest__mt_temp_method_motion_block__e1ccb7b889a0__20260401.144240;none;/mnt/e/SyncData/paper2_main/zout/reports/baseline_vs_accMotion/MainPC__ds_UFireIndoorTest__mt_no_temp_method__af4b0d32a3d2__20260330.205208
VSD3__lb_mixed_firesmoke__video5.mp4;1159;9018;fire_smoke;/mnt/e/SyncData/paper2_main/datasets/UFireIndoorFull/test/test_firesmoke/VSD3__lb_mixed_firesmoke__video5.mp4;none;/mnt/e/SyncData/paper2_main/zout/reports/baseline_vs_accMotion/1GPU_SV__ds_UFireIndoorTest__mt_temp_method_motion_block__e1ccb7b889a0__20260401.144240;none;/mnt/e/SyncData/paper2_main/zout/reports/baseline_vs_accMotion/MainPC__ds_UFireIndoorTest__mt_no_temp_method__af4b0d32a3d2__20260330.205208
VSD3__lb_mixed_firesmoke__video5.mp4;1160;9018;fire_smoke;/mnt/e/SyncData/paper2_main/datasets/UFireIndoorFull/test/test_firesmoke/VSD3__lb_mixed_firesmoke__video5.mp4;none;/mnt/e/SyncData/paper2_main/zout/reports/baseline_vs_accMotion/1GPU_SV__ds_UFireIndoorTest__mt_temp_method_motion_block__e1ccb7b889a0__20260401.144240;none;/mnt/e/SyncData/paper2_main/zout/reports/baseline_vs_accMotion/MainPC__ds_UFireIndoorTest__mt_no_temp_method__af4b0d32a3d2__20260330.205208
VSD3__lb_mixed_firesmoke__video5.mp4;1161;9018;fire_smoke;/mnt/e/SyncData/paper2_main/datasets/UFireIndoorFull/test/test_firesmoke/VSD3__lb_mixed_firesmoke__video5.mp4;none;/mnt/e/SyncData/paper2_main/zout/reports/baseline_vs_accMotion/1GPU_SV__ds_UFireIndoorTest__mt_temp_method_motion_block__e1ccb7b889a0__20260401.144240;none;/mnt/e/SyncData/paper2_main/zout/reports/baseline_vs_accMotion/MainPC__ds_UFireIndoorTest__mt_no_temp_method__af4b0d32a3d2__20260330.205208
VSD3__lb_mixed_firesmoke__video5.mp4;1162;9018;fire_smoke;/mnt/e/SyncData/paper2_main/datasets/UFireIndoorFull/test/test_firesmoke/VSD3__lb_mixed_firesmoke__video5.mp4;none;/mnt/e/SyncData/paper2_main/zout/reports/baseline_vs_accMotion/1GPU_SV__ds_UFireIndoorTest__mt_temp_method_motion_block__e1ccb7b889a0__20260401.144240;none;/mnt/e/SyncData/paper2_main/zout/reports/baseline_vs_accMotion/MainPC__ds_UFireIndoorTest__mt_no_temp_method__af4b0d32a3d2__20260330.205208
VSD3__lb_mixed_firesmoke__video5.mp4;1163;9018;fire_smoke;/mnt/e/SyncData/paper2_main/datasets/UFireIndoorFull/test/test_firesmoke/VSD3__lb_mixed_firesmoke__video5.mp4;none;/mnt/e/SyncData/paper2_main/zout/reports/baseline_vs_accMotion/1GPU_SV__ds_UFireIndoorTest__mt_temp_method_motion_block__e1ccb7b889a0__20260401.144240;none;/mnt/e/SyncData/paper2_main/zout/reports/baseline_vs_accMotion/MainPC__ds_UFireIndoorTest__mt_no_temp_method__af4b0d32a3d2__20260330.205208
VSD3__lb_mixed_firesmoke__video5.mp4;1164;9018;fire_smoke;/mnt/e/SyncData/paper2_main/datasets/UFireIndoorFull/test/test_firesmoke/VSD3__lb_mixed_firesmoke__video5.mp4;none;/mnt/e/SyncData/paper2_main/zout/reports/baseline_vs_accMotion/1GPU_SV__ds_UFireIndoorTest__mt_temp_method_motion_block__e1ccb7b889a0__20260401.144240;none;/mnt/e/SyncData/paper2_main/zout/reports/baseline_vs_accMotion/MainPC__ds_UFireIndoorTest__mt_no_temp_method__af4b0d32a3d2__20260330.205208
VSD3__lb_mixed_firesmoke__video5.mp4;1165;9018;fire_smoke;/mnt/e/SyncData/paper2_main/datasets/UFireIndoorFull/test/test_firesmoke/VSD3__lb_mixed_firesmoke__video5.mp4;none;/mnt/e/SyncData/paper2_main/zout/reports/baseline_vs_accMotion/1GPU_SV__ds_UFireIndoorTest__mt_temp_method_motion_block__e1ccb7b889a0__20260401.144240;none;/mnt/e/SyncData/paper2_main/zout/reports/baseline_vs_accMotion/MainPC__ds_UFireIndoorTest__mt_no_temp_method__af4b0d32a3d2__20260330.205208
VSD3__lb_mixed_firesmoke__video5.mp4;1166;9018;fire_smoke;/mnt/e/SyncData/paper2_main/datasets/UFireIndoorFull/test/test_firesmoke/VSD3__lb_mixed_firesmoke__video5.mp4;none;/mnt/e/SyncData/paper2_main/zout/reports/baseline_vs_accMotion/1GPU_SV__ds_UFireIndoorTest__mt_temp_method_motion_block__e1ccb7b889a0__20260401.144240;none;/mnt/e/SyncData/paper2_main/zout/reports/baseline_vs_accMotion/MainPC__ds_UFireIndoorTest__mt_no_temp_method__af4b0d32a3d2__20260330.205208
VSD3__lb_mixed_firesmoke__video5.mp4;1167;9018;fire_smoke;/mnt/e/SyncData/paper2_main/datasets/UFireIndoorFull/test/test_firesmoke/VSD3__lb_mixed_firesmoke__video5.mp4;none;/mnt/e/SyncData/paper2_main/zout/reports/baseline_vs_accMotion/1GPU_SV__ds_UFireIndoorTest__mt_temp_method_motion_block__e1ccb7b889a0__20260401.144240;none;/mnt/e/SyncData/paper2_main/zout/reports/baseline_vs_accMotion/MainPC__ds_UFireIndoorTest__mt_no_temp_method__af4b0d32a3d2__20260330.205208
VSD3__lb_mixed_firesmoke__video5.mp4;1168;9018;fire_smoke;/mnt/e/SyncData/paper2_main/datasets/UFireIndoorFull/test/test_firesmoke/VSD3__lb_mixed_firesmoke__video5.mp4;none;/mnt/e/SyncData/paper2_main/zout/reports/baseline_vs_accMotion/1GPU_SV__ds_UFireIndoorTest__mt_temp_method_motion_block__e1ccb7b889a0__20260401.144240;none;/mnt/e/SyncData/paper2_main/zout/reports/baseline_vs_accMotion/MainPC__ds_UFireIndoorTest__mt_no_temp_method__af4b0d32a3d2__20260330.205208
VSD3__lb_mixed_firesmoke__video5.mp4;1169;9018;fire_smoke;/mnt/e/SyncData/paper2_main/datasets/UFireIndoorFull/test/test_firesmoke/VSD3__lb_mixed_firesmoke__video5.mp4;none;/mnt/e/SyncData/paper2_main/zout/reports/baseline_vs_accMotion/1GPU_SV__ds_UFireIndoorTest__mt_temp_method_motion_block__e1ccb7b889a0__20260401.144240;none;/mnt/e/SyncData/paper2_main/zout/reports/baseline_vs_accMotion/MainPC__ds_UFireIndoorTest__mt_no_temp_method__af4b0d32a3d2__20260330.205208
VSD3__lb_mixed_firesmoke__video5.mp4;1170;9018;fire_smoke;/mnt/e/SyncData/paper2_main/datasets/UFireIndoorFull/test/test_firesmoke/VSD3__lb_mixed_firesmoke__video5.mp4;none;/mnt/e/SyncData/paper2_main/zout/reports/baseline_vs_accMotion/1GPU_SV__ds_UFireIndoorTest__mt_temp_method_motion_block__e1ccb7b889a0__20260401.144240;none;/mnt/e/SyncData/paper2_main/zout/reports/baseline_vs_accMotion/MainPC__ds_UFireIndoorTest__mt_no_temp_method__af4b0d32a3d2__20260330.205208
VSD3__lb_mixed_firesmoke__video5.mp4;1171;9018;fire_smoke;/mnt/e/SyncData/paper2_main/datasets/UFireIndoorFull/test/test_firesmoke/VSD3__lb_mixed_firesmoke__video5.mp4;none;/mnt/e/SyncData/paper2_main/zout/reports/baseline_vs_accMotion/1GPU_SV__ds_UFireIndoorTest__mt_temp_method_motion_block__e1ccb7b889a0__20260401.144240;none;/mnt/e/SyncData/paper2_main/zout/reports/baseline_vs_accMotion/MainPC__ds_UFireIndoorTest__mt_no_temp_method__af4b0d32a3d2__20260330.205208
VSD3__lb_mixed_firesmoke__video5.mp4;1172;9018;fire_smoke;/mnt/e/SyncData/paper2_main/datasets/UFireIndoorFull/test/test_firesmoke/VSD3__lb_mixed_firesmoke__video5.mp4;none;/mnt/e/SyncData/paper2_main/zout/reports/baseline_vs_accMotion/1GPU_SV__ds_UFireIndoorTest__mt_temp_method_motion_block__e1ccb7b889a0__20260401.144240;none;/mnt/e/SyncData/paper2_main/zout/reports/baseline_vs_accMotion/MainPC__ds_UFireIndoorTest__mt_no_temp_method__af4b0d32a3d2__20260330.205208
VSD3__lb_mixed_firesmoke__video5.mp4;1173;9018;fire_smoke;/mnt/e/SyncData/paper2_main/datasets/UFireIndoorFull/test/test_firesmoke/VSD3__lb_mixed_firesmoke__video5.mp4;none;/mnt/e/SyncData/paper2_main/zout/reports/baseline_vs_accMotion/1GPU_SV__ds_UFireIndoorTest__mt_temp_method_motion_block__e1ccb7b889a0__20260401.144240;none;/mnt/e/SyncData/paper2_main/zout/reports/baseline_vs_accMotion/MainPC__ds_UFireIndoorTest__mt_no_temp_method__af4b0d32a3d2__20260330.205208
VSD3__lb_mixed_firesmoke__video5.mp4;1174;9018;fire_smoke;/mnt/e/SyncData/paper2_main/datasets/UFireIndoorFull/test/test_firesmoke/VSD3__lb_mixed_firesmoke__video5.mp4;none;/mnt/e/SyncData/paper2_main/zout/reports/baseline_vs_accMotion/1GPU_SV__ds_UFireIndoorTest__mt_temp_method_motion_block__e1ccb7b889a0__20260401.144240;none;/mnt/e/SyncData/paper2_main/zout/reports/baseline_vs_accMotion/MainPC__ds_UFireIndoorTest__mt_no_temp_method__af4b0d32a3d2__20260330.205208
VSD3__lb_mixed_firesmoke__video5.mp4;1175;9018;fire_smoke;/mnt/e/SyncData/paper2_main/datasets/UFireIndoorFull/test/test_firesmoke/VSD3__lb_mixed_firesmoke__video5.mp4;none;/mnt/e/SyncData/paper2_main/zout/reports/baseline_vs_accMotion/1GPU_SV__ds_UFireIndoorTest__mt_temp_method_motion_block__e1ccb7b889a0__20260401.144240;none;/mnt/e/SyncData/paper2_main/zout/reports/baseline_vs_accMotion/MainPC__ds_UFireIndoorTest__mt_no_temp_method__af4b0d32a3d2__20260330.205208
VSD3__lb_mixed_firesmoke__video5.mp4;1176;9018;fire_smoke;/mnt/e/SyncData/paper2_main/datasets/UFireIndoorFull/test/test_firesmoke/VSD3__lb_mixed_firesmoke__video5.mp4;none;/mnt/e/SyncData/paper2_main/zout/reports/baseline_vs_accMotion/1GPU_SV__ds_UFireIndoorTest__mt_temp_method_motion_block__e1ccb7b889a0__20260401.144240;none;/mnt/e/SyncData/paper2_main/zout/reports/baseline_vs_accMotion/MainPC__ds_UFireIndoorTest__mt_no_temp_method__af4b0d32a3d2__20260330.205208
VSD3__lb_mixed_firesmoke__video5.mp4;1177;9018;fire_smoke;/mnt/e/SyncData/paper2_main/datasets/UFireIndoorFull/test/test_firesmoke/VSD3__lb_mixed_firesmoke__video5.mp4;none;/mnt/e/SyncData/paper2_main/zout/reports/baseline_vs_accMotion/1GPU_SV__ds_UFireIndoorTest__mt_temp_method_motion_block__e1ccb7b889a0__20260401.144240;none;/mnt/e/SyncData/paper2_main/zout/reports/baseline_vs_accMotion/MainPC__ds_UFireIndoorTest__mt_no_temp_method__af4b0d32a3d2__20260330.205208
VSD3__lb_mixed_firesmoke__video5.mp4;1178;9018;fire_smoke;/mnt/e/SyncData/paper2_main/datasets/UFireIndoorFull/test/test_firesmoke/VSD3__lb_mixed_firesmoke__video5.mp4;none;/mnt/e/SyncData/paper2_main/zout/reports/baseline_vs_accMotion/1GPU_SV__ds_UFireIndoorTest__mt_temp_method_motion_block__e1ccb7b889a0__20260401.144240;none;/mnt/e/SyncData/paper2_main/zout/reports/baseline_vs_accMotion/MainPC__ds_UFireIndoorTest__mt_no_temp_method__af4b0d32a3d2__20260330.205208
VSD3__lb_mixed_firesmoke__video5.mp4;1179;9018;fire_smoke;/mnt/e/SyncData/paper2_main/datasets/UFireIndoorFull/test/test_firesmoke/VSD3__lb_mixed_firesmoke__video5.mp4;none;/mnt/e/SyncData/paper2_main/zout/reports/baseline_vs_accMotion/1GPU_SV__ds_UFireIndoorTest__mt_temp_method_motion_block__e1ccb7b889a0__20260401.144240;none;/mnt/e/SyncData/paper2_main/zout/reports/baseline_vs_accMotion/MainPC__ds_UFireIndoorTest__mt_no_temp_method__af4b0d32a3d2__20260330.205208
VSD3__lb_mixed_firesmoke__video5.mp4;1180;9018;fire_smoke;/mnt/e/SyncData/paper2_main/datasets/UFireIndoorFull/test/test_firesmoke/VSD3__lb_mixed_firesmoke__video5.mp4;none;/mnt/e/SyncData/paper2_main/zout/reports/baseline_vs_accMotion/1GPU_SV__ds_UFireIndoorTest__mt_temp_method_motion_block__e1ccb7b889a0__20260401.144240;none;/mnt/e/SyncData/paper2_main/zout/reports/baseline_vs_accMotion/MainPC__ds_UFireIndoorTest__mt_no_temp_method__af4b0d32a3d2__20260330.205208
VSD3__lb_mixed_firesmoke__video5.mp4;1181;9018;fire_smoke;/mnt/e/SyncData/paper2_main/datasets/UFireIndoorFull/test/test_firesmoke/VSD3__lb_mixed_firesmoke__video5.mp4;none;/mnt/e/SyncData/paper2_main/zout/reports/baseline_vs_accMotion/1GPU_SV__ds_UFireIndoorTest__mt_temp_method_motion_block__e1ccb7b889a0__20260401.144240;none;/mnt/e/SyncData/paper2_main/zout/reports/baseline_vs_accMotion/MainPC__ds_UFireIndoorTest__mt_no_temp_method__af4b0d32a3d2__20260330.205208
VSD3__lb_mixed_firesmoke__video5.mp4;1182;9018;fire_smoke;/mnt/e/SyncData/paper2_main/datasets/UFireIndoorFull/test/test_firesmoke/VSD3__lb_mixed_firesmoke__video5.mp4;none;/mnt/e/SyncData/paper2_main/zout/reports/baseline_vs_accMotion/1GPU_SV__ds_UFireIndoorTest__mt_temp_method_motion_block__e1ccb7b889a0__20260401.144240;none;/mnt/e/SyncData/paper2_main/zout/reports/baseline_vs_accMotion/MainPC__ds_UFireIndoorTest__mt_no_temp_method__af4b0d32a3d2__20260330.205208
VSD3__lb_mixed_firesmoke__video5.mp4;1183;9018;fire_smoke;/mnt/e/SyncData/paper2_main/datasets/UFireIndoorFull/test/test_firesmoke/VSD3__lb_mixed_firesmoke__video5.mp4;none;/mnt/e/SyncData/paper2_main/zout/reports/baseline_vs_accMotion/1GPU_SV__ds_UFireIndoorTest__mt_temp_method_motion_block__e1ccb7b889a0__20260401.144240;none;/mnt/e/SyncData/paper2_main/zout/reports/baseline_vs_accMotion/MainPC__ds_UFireIndoorTest__mt_no_temp_method__af4b0d32a3d2__20260330.205208
VSD3__lb_mixed_firesmoke__video5.mp4;1184;9018;fire_smoke;/mnt/e/SyncData/paper2_main/datasets/UFireIndoorFull/test/test_firesmoke/VSD3__lb_mixed_firesmoke__video5.mp4;none;/mnt/e/SyncData/paper2_main/zout/reports/baseline_vs_accMotion/1GPU_SV__ds_UFireIndoorTest__mt_temp_method_motion_block__e1ccb7b889a0__20260401.144240;none;/mnt/e/SyncData/paper2_main/zout/reports/baseline_vs_accMotion/MainPC__ds_UFireIndoorTest__mt_no_temp_method__af4b0d32a3d2__20260330.205208
VSD3__lb_mixed_firesmoke__video5.mp4;1185;9018;fire_smoke;/mnt/e/SyncData/paper2_main/datasets/UFireIndoorFull/test/test_firesmoke/VSD3__lb_mixed_firesmoke__video5.mp4;none;/mnt/e/SyncData/paper2_main/zout/reports/baseline_vs_accMotion/1GPU_SV__ds_UFireIndoorTest__mt_temp_method_motion_block__e1ccb7b889a0__20260401.144240;none;/mnt/e/SyncData/paper2_main/zout/reports/baseline_vs_accMotion/MainPC__ds_UFireIndoorTest__mt_no_temp_method__af4b0d32a3d2__20260330.205208
VSD3__lb_mixed_firesmoke__video5.mp4;1186;9018;fire_smoke;/mnt/e/SyncData/paper2_main/datasets/UFireIndoorFull/test/test_firesmoke/VSD3__lb_mixed_firesmoke__video5.mp4;none;/mnt/e/SyncData/paper2_main/zout/reports/baseline_vs_accMotion/1GPU_SV__ds_UFireIndoorTest__mt_temp_method_motion_block__e1ccb7b889a0__20260401.144240;none;/mnt/e/SyncData/paper2_main/zout/reports/baseline_vs_accMotion/MainPC__ds_UFireIndoorTest__mt_no_temp_method__af4b0d32a3d2__20260330.205208
VSD3__lb_mixed_firesmoke__video5.mp4;1187;9018;fire_smoke;/mnt/e/SyncData/paper2_main/datasets/UFireIndoorFull/test/test_firesmoke/VSD3__lb_mixed_firesmoke__video5.mp4;none;/mnt/e/SyncData/paper2_main/zout/reports/baseline_vs_accMotion/1GPU_SV__ds_UFireIndoorTest__mt_temp_method_motion_block__e1ccb7b889a0__20260401.144240;none;/mnt/e/SyncData/paper2_main/zout/reports/baseline_vs_accMotion/MainPC__ds_UFireIndoorTest__mt_no_temp_method__af4b0d32a3d2__20260330.205208
VSD3__lb_mixed_firesmoke__video5.mp4;1188;9018;fire_smoke;/mnt/e/SyncData/paper2_main/datasets/UFireIndoorFull/test/test_firesmoke/VSD3__lb_mixed_firesmoke__video5.mp4;none;/mnt/e/SyncData/paper2_main/zout/reports/baseline_vs_accMotion/1GPU_SV__ds_UFireIndoorTest__mt_temp_method_motion_block__e1ccb7b889a0__20260401.144240;none;/mnt/e/SyncData/paper2_main/zout/reports/baseline_vs_accMotion/MainPC__ds_UFireIndoorTest__mt_no_temp_method__af4b0d32a3d2__20260330.205208
VSD3__lb_mixed_firesmoke__video5.mp4;1189;9018;fire_smoke;/mnt/e/SyncData/paper2_main/datasets/UFireIndoorFull/test/test_firesmoke/VSD3__lb_mixed_firesmoke__video5.mp4;none;/mnt/e/SyncData/paper2_main/zout/reports/baseline_vs_accMotion/1GPU_SV__ds_UFireIndoorTest__mt_temp_method_motion_block__e1ccb7b889a0__20260401.144240;none;/mnt/e/SyncData/paper2_main/zout/reports/baseline_vs_accMotion/MainPC__ds_UFireIndoorTest__mt_no_temp_method__af4b0d32a3d2__20260330.205208
VSD3__lb_mixed_firesmoke__video5.mp4;1190;9018;fire_smoke;/mnt/e/SyncData/paper2_main/datasets/UFireIndoorFull/test/test_firesmoke/VSD3__lb_mixed_firesmoke__video5.mp4;none;/mnt/e/SyncData/paper2_main/zout/reports/baseline_vs_accMotion/1GPU_SV__ds_UFireIndoorTest__mt_temp_method_motion_block__e1ccb7b889a0__20260401.144240;none;/mnt/e/SyncData/paper2_main/zout/reports/baseline_vs_accMotion/MainPC__ds_UFireIndoorTest__mt_no_temp_method__af4b0d32a3d2__20260330.205208
VSD3__lb_mixed_firesmoke__video5.mp4;1191;9018;fire_smoke;/mnt/e/SyncData/paper2_main/datasets/UFireIndoorFull/test/test_firesmoke/VSD3__lb_mixed_firesmoke__video5.mp4;none;/mnt/e/SyncData/paper2_main/zout/reports/baseline_vs_accMotion/1GPU_SV__ds_UFireIndoorTest__mt_temp_method_motion_block__e1ccb7b889a0__20260401.144240;none;/mnt/e/SyncData/paper2_main/zout/reports/baseline_vs_accMotion/MainPC__ds_UFireIndoorTest__mt_no_temp_method__af4b0d32a3d2__20260330.205208
VSD3__lb_mixed_firesmoke__video5.mp4;1192;9018;fire_smoke;/mnt/e/SyncData/paper2_main/datasets/UFireIndoorFull/test/test_firesmoke/VSD3__lb_mixed_firesmoke__video5.mp4;none;/mnt/e/SyncData/paper2_main/zout/reports/baseline_vs_accMotion/1GPU_SV__ds_UFireIndoorTest__mt_temp_method_motion_block__e1ccb7b889a0__20260401.144240;none;/mnt/e/SyncData/paper2_main/zout/reports/baseline_vs_accMotion/MainPC__ds_UFireIndoorTest__mt_no_temp_method__af4b0d32a3d2__20260330.205208
VSD3__lb_mixed_firesmoke__video5.mp4;1193;9018;fire_smoke;/mnt/e/SyncData/paper2_main/datasets/UFireIndoorFull/test/test_firesmoke/VSD3__lb_mixed_firesmoke__video5.mp4;none;/mnt/e/SyncData/paper2_main/zout/reports/baseline_vs_accMotion/1GPU_SV__ds_UFireIndoorTest__mt_temp_method_motion_block__e1ccb7b889a0__20260401.144240;none;/mnt/e/SyncData/paper2_main/zout/reports/baseline_vs_accMotion/MainPC__ds_UFireIndoorTest__mt_no_temp_method__af4b0d32a3d2__20260330.205208
VSD3__lb_mixed_firesmoke__video5.mp4;1194;9018;fire_smoke;/mnt/e/SyncData/paper2_main/datasets/UFireIndoorFull/test/test_firesmoke/VSD3__lb_mixed_firesmoke__video5.mp4;none;/mnt/e/SyncData/paper2_main/zout/reports/baseline_vs_accMotion/1GPU_SV__ds_UFireIndoorTest__mt_temp_method_motion_block__e1ccb7b889a0__20260401.144240;none;/mnt/e/SyncData/paper2_main/zout/reports/baseline_vs_accMotion/MainPC__ds_UFireIndoorTest__mt_no_temp_method__af4b0d32a3d2__20260330.205208
VSD3__lb_mixed_firesmoke__video5.mp4;1195;9018;fire_smoke;/mnt/e/SyncData/paper2_main/datasets/UFireIndoorFull/test/test_firesmoke/VSD3__lb_mixed_firesmoke__video5.mp4;none;/mnt/e/SyncData/paper2_main/zout/reports/baseline_vs_accMotion/1GPU_SV__ds_UFireIndoorTest__mt_temp_method_motion_block__e1ccb7b889a0__20260401.144240;none;/mnt/e/SyncData/paper2_main/zout/reports/baseline_vs_accMotion/MainPC__ds_UFireIndoorTest__mt_no_temp_method__af4b0d32a3d2__20260330.205208
VSD3__lb_mixed_firesmoke__video5.mp4;1196;9018;fire_smoke;/mnt/e/SyncData/paper2_main/datasets/UFireIndoorFull/test/test_firesmoke/VSD3__lb_mixed_firesmoke__video5.mp4;none;/mnt/e/SyncData/paper2_main/zout/reports/baseline_vs_accMotion/1GPU_SV__ds_UFireIndoorTest__mt_temp_method_motion_block__e1ccb7b889a0__20260401.144240;none;/mnt/e/SyncData/paper2_main/zout/reports/baseline_vs_accMotion/MainPC__ds_UFireIndoorTest__mt_no_temp_method__af4b0d32a3d2__20260330.205208
VSD3__lb_mixed_firesmoke__video5.mp4;1197;9018;fire_smoke;/mnt/e/SyncData/paper2_main/datasets/UFireIndoorFull/test/test_firesmoke/VSD3__lb_mixed_firesmoke__video5.mp4;none;/mnt/e/SyncData/paper2_main/zout/reports/baseline_vs_accMotion/1GPU_SV__ds_UFireIndoorTest__mt_temp_method_motion_block__e1ccb7b889a0__20260401.144240;none;/mnt/e/SyncData/paper2_main/zout/reports/baseline_vs_accMotion/MainPC__ds_UFireIndoorTest__mt_no_temp_method__af4b0d32a3d2__20260330.205208
VSD3__lb_mixed_firesmoke__video5.mp4;1198;9018;fire_smoke;/mnt/e/SyncData/paper2_main/datasets/UFireIndoorFull/test/test_firesmoke/VSD3__lb_mixed_firesmoke__video5.mp4;none;/mnt/e/SyncData/paper2_main/zout/reports/baseline_vs_accMotion/1GPU_SV__ds_UFireIndoorTest__mt_temp_method_motion_block__e1ccb7b889a0__20260401.144240;none;/mnt/e/SyncData/paper2_main/zout/reports/baseline_vs_accMotion/MainPC__ds_UFireIndoorTest__mt_no_temp_method__af4b0d32a3d2__20260330.205208
VSD3__lb_mixed_firesmoke__video5.mp4;1199;9018;fire_smoke;/mnt/e/SyncData/paper2_main/datasets/UFireIndoorFull/test/test_firesmoke/VSD3__lb_mixed_firesmoke__video5.mp4;none;/mnt/e/SyncData/paper2_main/zout/reports/baseline_vs_accMotion/1GPU_SV__ds_UFireIndoorTest__mt_temp_method_motion_block__e1ccb7b889a0__20260401.144240;none;/mnt/e/SyncData/paper2_main/zout/reports/baseline_vs_accMotion/MainPC__ds_UFireIndoorTest__mt_no_temp_method__af4b0d32a3d2__20260330.205208
VSD3__lb_mixed_firesmoke__video5.mp4;1200;9018;fire_smoke;/mnt/e/SyncData/paper2_main/datasets/UFireIndoorFull/test/test_firesmoke/VSD3__lb_mixed_firesmoke__video5.mp4;none;/mnt/e/SyncData/paper2_main/zout/reports/baseline_vs_accMotion/1GPU_SV__ds_UFireIndoorTest__mt_temp_method_motion_block__e1ccb7b889a0__20260401.144240;none;/mnt/e/SyncData/paper2_main/zout/reports/baseline_vs_accMotion/MainPC__ds_UFireIndoorTest__mt_no_temp_method__af4b0d32a3d2__20260330.205208
VSD3__lb_mixed_firesmoke__video5.mp4;1201;9018;fire_smoke;/mnt/e/SyncData/paper2_main/datasets/UFireIndoorFull/test/test_firesmoke/VSD3__lb_mixed_firesmoke__video5.mp4;none;/mnt/e/SyncData/paper2_main/zout/reports/baseline_vs_accMotion/1GPU_SV__ds_UFireIndoorTest__mt_temp_method_motion_block__e1ccb7b889a0__20260401.144240;none;/mnt/e/SyncData/paper2_main/zout/reports/baseline_vs_accMotion/MainPC__ds_UFireIndoorTest__mt_no_temp_method__af4b0d32a3d2__20260330.205208
VSD3__lb_mixed_firesmoke__video5.mp4;1202;9018;fire_smoke;/mnt/e/SyncData/paper2_main/datasets/UFireIndoorFull/test/test_firesmoke/VSD3__lb_mixed_firesmoke__video5.mp4;none;/mnt/e/SyncData/paper2_main/zout/reports/baseline_vs_accMotion/1GPU_SV__ds_UFireIndoorTest__mt_temp_method_motion_block__e1ccb7b889a0__20260401.144240;none;/mnt/e/SyncData/paper2_main/zout/reports/baseline_vs_accMotion/MainPC__ds_UFireIndoorTest__mt_no_temp_method__af4b0d32a3d2__20260330.205208
VSD3__lb_mixed_firesmoke__video5.mp4;1203;9018;fire_smoke;/mnt/e/SyncData/paper2_main/datasets/UFireIndoorFull/test/test_firesmoke/VSD3__lb_mixed_firesmoke__video5.mp4;none;/mnt/e/SyncData/paper2_main/zout/reports/baseline_vs_accMotion/1GPU_SV__ds_UFireIndoorTest__mt_temp_method_motion_block__e1ccb7b889a0__20260401.144240;none;/mnt/e/SyncData/paper2_main/zout/reports/baseline_vs_accMotion/MainPC__ds_UFireIndoorTest__mt_no_temp_method__af4b0d32a3d2__20260330.205208
VSD3__lb_mixed_firesmoke__video5.mp4;1204;9018;fire_smoke;/mnt/e/SyncData/paper2_main/datasets/UFireIndoorFull/test/test_firesmoke/VSD3__lb_mixed_firesmoke__video5.mp4;none;/mnt/e/SyncData/paper2_main/zout/reports/baseline_vs_accMotion/1GPU_SV__ds_UFireIndoorTest__mt_temp_method_motion_block__e1ccb7b889a0__20260401.144240;none;/mnt/e/SyncData/paper2_main/zout/reports/baseline_vs_accMotion/MainPC__ds_UFireIndoorTest__mt_no_temp_method__af4b0d32a3d2__20260330.205208
VSD3__lb_mixed_firesmoke__video5.mp4;1205;9018;fire_smoke;/mnt/e/SyncData/paper2_main/datasets/UFireIndoorFull/test/test_firesmoke/VSD3__lb_mixed_firesmoke__video5.mp4;none;/mnt/e/SyncData/paper2_main/zout/reports/baseline_vs_accMotion/1GPU_SV__ds_UFireIndoorTest__mt_temp_method_motion_block__e1ccb7b889a0__20260401.144240;none;/mnt/e/SyncData/paper2_main/zout/reports/baseline_vs_accMotion/MainPC__ds_UFireIndoorTest__mt_no_temp_method__af4b0d32a3d2__20260330.205208
VSD3__lb_mixed_firesmoke__video5.mp4;1206;9018;fire_smoke;/mnt/e/SyncData/paper2_main/datasets/UFireIndoorFull/test/test_firesmoke/VSD3__lb_mixed_firesmoke__video5.mp4;none;/mnt/e/SyncData/paper2_main/zout/reports/baseline_vs_accMotion/1GPU_SV__ds_UFireIndoorTest__mt_temp_method_motion_block__e1ccb7b889a0__20260401.144240;none;/mnt/e/SyncData/paper2_main/zout/reports/baseline_vs_accMotion/MainPC__ds_UFireIndoorTest__mt_no_temp_method__af4b0d32a3d2__20260330.205208
VSD3__lb_mixed_firesmoke__video5.mp4;1207;9018;fire_smoke;/mnt/e/SyncData/paper2_main/datasets/UFireIndoorFull/test/test_firesmoke/VSD3__lb_mixed_firesmoke__video5.mp4;none;/mnt/e/SyncData/paper2_main/zout/reports/baseline_vs_accMotion/1GPU_SV__ds_UFireIndoorTest__mt_temp_method_motion_block__e1ccb7b889a0__20260401.144240;none;/mnt/e/SyncData/paper2_main/zout/reports/baseline_vs_accMotion/MainPC__ds_UFireIndoorTest__mt_no_temp_method__af4b0d32a3d2__20260330.205208
VSD3__lb_mixed_firesmoke__video5.mp4;1208;9018;fire_smoke;/mnt/e/SyncData/paper2_main/datasets/UFireIndoorFull/test/test_firesmoke/VSD3__lb_mixed_firesmoke__video5.mp4;none;/mnt/e/SyncData/paper2_main/zout/reports/baseline_vs_accMotion/1GPU_SV__ds_UFireIndoorTest__mt_temp_method_motion_block__e1ccb7b889a0__20260401.144240;none;/mnt/e/SyncData/paper2_main/zout/reports/baseline_vs_accMotion/MainPC__ds_UFireIndoorTest__mt_no_temp_method__af4b0d32a3d2__20260330.205208
VSD3__lb_mixed_firesmoke__video5.mp4;1209;9018;fire_smoke;/mnt/e/SyncData/paper2_main/datasets/UFireIndoorFull/test/test_firesmoke/VSD3__lb_mixed_firesmoke__video5.mp4;none;/mnt/e/SyncData/paper2_main/zout/reports/baseline_vs_accMotion/1GPU_SV__ds_UFireIndoorTest__mt_temp_method_motion_block__e1ccb7b889a0__20260401.144240;none;/mnt/e/SyncData/paper2_main/zout/reports/baseline_vs_accMotion/MainPC__ds_UFireIndoorTest__mt_no_temp_method__af4b0d32a3d2__20260330.205208
VSD3__lb_mixed_firesmoke__video5.mp4;1210;9018;fire_smoke;/mnt/e/SyncData/paper2_main/datasets/UFireIndoorFull/test/test_firesmoke/VSD3__lb_mixed_firesmoke__video5.mp4;none;/mnt/e/SyncData/paper2_main/zout/reports/baseline_vs_accMotion/1GPU_SV__ds_UFireIndoorTest__mt_temp_method_motion_block__e1ccb7b889a0__20260401.144240;none;/mnt/e/SyncData/paper2_main/zout/reports/baseline_vs_accMotion/MainPC__ds_UFireIndoorTest__mt_no_temp_method__af4b0d32a3d2__20260330.205208
VSD3__lb_mixed_firesmoke__video5.mp4;1211;9018;fire_smoke;/mnt/e/SyncData/paper2_main/datasets/UFireIndoorFull/test/test_firesmoke/VSD3__lb_mixed_firesmoke__video5.mp4;none;/mnt/e/SyncData/paper2_main/zout/reports/baseline_vs_accMotion/1GPU_SV__ds_UFireIndoorTest__mt_temp_method_motion_block__e1ccb7b889a0__20260401.144240;none;/mnt/e/SyncData/paper2_main/zout/reports/baseline_vs_accMotion/MainPC__ds_UFireIndoorTest__mt_no_temp_method__af4b0d32a3d2__20260330.205208
VSD3__lb_mixed_firesmoke__video5.mp4;1212;9018;fire_smoke;/mnt/e/SyncData/paper2_main/datasets/UFireIndoorFull/test/test_firesmoke/VSD3__lb_mixed_firesmoke__video5.mp4;none;/mnt/e/SyncData/paper2_main/zout/reports/baseline_vs_accMotion/1GPU_SV__ds_UFireIndoorTest__mt_temp_method_motion_block__e1ccb7b889a0__20260401.144240;none;/mnt/e/SyncData/paper2_main/zout/reports/baseline_vs_accMotion/MainPC__ds_UFireIndoorTest__mt_no_temp_method__af4b0d32a3d2__20260330.205208
VSD3__lb_mixed_firesmoke__video5.mp4;1213;9018;fire_smoke;/mnt/e/SyncData/paper2_main/datasets/UFireIndoorFull/test/test_firesmoke/VSD3__lb_mixed_firesmoke__video5.mp4;none;/mnt/e/SyncData/paper2_main/zout/reports/baseline_vs_accMotion/1GPU_SV__ds_UFireIndoorTest__mt_temp_method_motion_block__e1ccb7b889a0__20260401.144240;none;/mnt/e/SyncData/paper2_main/zout/reports/baseline_vs_accMotion/MainPC__ds_UFireIndoorTest__mt_no_temp_method__af4b0d32a3d2__20260330.205208
VSD3__lb_mixed_firesmoke__video5.mp4;1214;9018;fire_smoke;/mnt/e/SyncData/paper2_main/datasets/UFireIndoorFull/test/test_firesmoke/VSD3__lb_mixed_firesmoke__video5.mp4;none;/mnt/e/SyncData/paper2_main/zout/reports/baseline_vs_accMotion/1GPU_SV__ds_UFireIndoorTest__mt_temp_method_motion_block__e1ccb7b889a0__20260401.144240;none;/mnt/e/SyncData/paper2_main/zout/reports/baseline_vs_accMotion/MainPC__ds_UFireIndoorTest__mt_no_temp_method__af4b0d32a3d2__20260330.205208
VSD3__lb_mixed_firesmoke__video5.mp4;1215;9018;fire_smoke;/mnt/e/SyncData/paper2_main/datasets/UFireIndoorFull/test/test_firesmoke/VSD3__lb_mixed_firesmoke__video5.mp4;none;/mnt/e/SyncData/paper2_main/zout/reports/baseline_vs_accMotion/1GPU_SV__ds_UFireIndoorTest__mt_temp_method_motion_block__e1ccb7b889a0__20260401.144240;none;/mnt/e/SyncData/paper2_main/zout/reports/baseline_vs_accMotion/MainPC__ds_UFireIndoorTest__mt_no_temp_method__af4b0d32a3d2__20260330.205208
VSD3__lb_mixed_firesmoke__video5.mp4;1216;9018;fire_smoke;/mnt/e/SyncData/paper2_main/datasets/UFireIndoorFull/test/test_firesmoke/VSD3__lb_mixed_firesmoke__video5.mp4;none;/mnt/e/SyncData/paper2_main/zout/reports/baseline_vs_accMotion/1GPU_SV__ds_UFireIndoorTest__mt_temp_method_motion_block__e1ccb7b889a0__20260401.144240;none;/mnt/e/SyncData/paper2_main/zout/reports/baseline_vs_accMotion/MainPC__ds_UFireIndoorTest__mt_no_temp_method__af4b0d32a3d2__20260330.205208
VSD3__lb_mixed_firesmoke__video5.mp4;1217;9018;fire_smoke;/mnt/e/SyncData/paper2_main/datasets/UFireIndoorFull/test/test_firesmoke/VSD3__lb_mixed_firesmoke__video5.mp4;none;/mnt/e/SyncData/paper2_main/zout/reports/baseline_vs_accMotion/1GPU_SV__ds_UFireIndoorTest__mt_temp_method_motion_block__e1ccb7b889a0__20260401.144240;none;/mnt/e/SyncData/paper2_main/zout/reports/baseline_vs_accMotion/MainPC__ds_UFireIndoorTest__mt_no_temp_method__af4b0d32a3d2__20260330.205208
VSD3__lb_mixed_firesmoke__video5.mp4;1218;9018;fire_smoke;/mnt/e/SyncData/paper2_main/datasets/UFireIndoorFull/test/test_firesmoke/VSD3__lb_mixed_firesmoke__video5.mp4;none;/mnt/e/SyncData/paper2_main/zout/reports/baseline_vs_accMotion/1GPU_SV__ds_UFireIndoorTest__mt_temp_method_motion_block__e1ccb7b889a0__20260401.144240;none;/mnt/e/SyncData/paper2_main/zout/reports/baseline_vs_accMotion/MainPC__ds_UFireIndoorTest__mt_no_temp_method__af4b0d32a3d2__20260330.205208
VSD3__lb_mixed_firesmoke__video5.mp4;1219;9018;fire_smoke;/mnt/e/SyncData/paper2_main/datasets/UFireIndoorFull/test/test_firesmoke/VSD3__lb_mixed_firesmoke__video5.mp4;none;/mnt/e/SyncData/paper2_main/zout/reports/baseline_vs_accMotion/1GPU_SV__ds_UFireIndoorTest__mt_temp_method_motion_block__e1ccb7b889a0__20260401.144240;none;/mnt/e/SyncData/paper2_main/zout/reports/baseline_vs_accMotion/MainPC__ds_UFireIndoorTest__mt_no_temp_method__af4b0d32a3d2__20260330.205208
VSD3__lb_mixed_firesmoke__video5.mp4;1220;9018;fire_smoke;/mnt/e/SyncData/paper2_main/datasets/UFireIndoorFull/test/test_firesmoke/VSD3__lb_mixed_firesmoke__video5.mp4;none;/mnt/e/SyncData/paper2_main/zout/reports/baseline_vs_accMotion/1GPU_SV__ds_UFireIndoorTest__mt_temp_method_motion_block__e1ccb7b889a0__20260401.144240;none;/mnt/e/SyncData/paper2_main/zout/reports/baseline_vs_accMotion/MainPC__ds_UFireIndoorTest__mt_no_temp_method__af4b0d32a3d2__20260330.205208
VSD3__lb_mixed_firesmoke__video5.mp4;1221;9018;fire_smoke;/mnt/e/SyncData/paper2_main/datasets/UFireIndoorFull/test/test_firesmoke/VSD3__lb_mixed_firesmoke__video5.mp4;none;/mnt/e/SyncData/paper2_main/zout/reports/baseline_vs_accMotion/1GPU_SV__ds_UFireIndoorTest__mt_temp_method_motion_block__e1ccb7b889a0__20260401.144240;none;/mnt/e/SyncData/paper2_main/zout/reports/baseline_vs_accMotion/MainPC__ds_UFireIndoorTest__mt_no_temp_method__af4b0d32a3d2__20260330.205208
VSD3__lb_mixed_firesmoke__video5.mp4;1222;9018;fire_smoke;/mnt/e/SyncData/paper2_main/datasets/UFireIndoorFull/test/test_firesmoke/VSD3__lb_mixed_firesmoke__video5.mp4;none;/mnt/e/SyncData/paper2_main/zout/reports/baseline_vs_accMotion/1GPU_SV__ds_UFireIndoorTest__mt_temp_method_motion_block__e1ccb7b889a0__20260401.144240;none;/mnt/e/SyncData/paper2_main/zout/reports/baseline_vs_accMotion/MainPC__ds_UFireIndoorTest__mt_no_temp_method__af4b0d32a3d2__20260330.205208
VSD3__lb_mixed_firesmoke__video5.mp4;1223;9018;fire_smoke;/mnt/e/SyncData/paper2_main/datasets/UFireIndoorFull/test/test_firesmoke/VSD3__lb_mixed_firesmoke__video5.mp4;none;/mnt/e/SyncData/paper2_main/zout/reports/baseline_vs_accMotion/1GPU_SV__ds_UFireIndoorTest__mt_temp_method_motion_block__e1ccb7b889a0__20260401.144240;none;/mnt/e/SyncData/paper2_main/zout/reports/baseline_vs_accMotion/MainPC__ds_UFireIndoorTest__mt_no_temp_method__af4b0d32a3d2__20260330.205208
VSD3__lb_mixed_firesmoke__video5.mp4;1224;9018;fire_smoke;/mnt/e/SyncData/paper2_main/datasets/UFireIndoorFull/test/test_firesmoke/VSD3__lb_mixed_firesmoke__video5.mp4;none;/mnt/e/SyncData/paper2_main/zout/reports/baseline_vs_accMotion/1GPU_SV__ds_UFireIndoorTest__mt_temp_method_motion_block__e1ccb7b889a0__20260401.144240;none;/mnt/e/SyncData/paper2_main/zout/reports/baseline_vs_accMotion/MainPC__ds_UFireIndoorTest__mt_no_temp_method__af4b0d32a3d2__20260330.205208
VSD3__lb_mixed_firesmoke__video5.mp4;1225;9018;fire_smoke;/mnt/e/SyncData/paper2_main/datasets/UFireIndoorFull/test/test_firesmoke/VSD3__lb_mixed_firesmoke__video5.mp4;none;/mnt/e/SyncData/paper2_main/zout/reports/baseline_vs_accMotion/1GPU_SV__ds_UFireIndoorTest__mt_temp_method_motion_block__e1ccb7b889a0__20260401.144240;none;/mnt/e/SyncData/paper2_main/zout/reports/baseline_vs_accMotion/MainPC__ds_UFireIndoorTest__mt_no_temp_method__af4b0d32a3d2__20260330.205208
VSD3__lb_mixed_firesmoke__video5.mp4;1226;9018;fire_smoke;/mnt/e/SyncData/paper2_main/datasets/UFireIndoorFull/test/test_firesmoke/VSD3__lb_mixed_firesmoke__video5.mp4;none;/mnt/e/SyncData/paper2_main/zout/reports/baseline_vs_accMotion/1GPU_SV__ds_UFireIndoorTest__mt_temp_method_motion_block__e1ccb7b889a0__20260401.144240;none;/mnt/e/SyncData/paper2_main/zout/reports/baseline_vs_accMotion/MainPC__ds_UFireIndoorTest__mt_no_temp_method__af4b0d32a3d2__20260330.205208
VSD3__lb_mixed_firesmoke__video5.mp4;1227;9018;fire_smoke;/mnt/e/SyncData/paper2_main/datasets/UFireIndoorFull/test/test_firesmoke/VSD3__lb_mixed_firesmoke__video5.mp4;none;/mnt/e/SyncData/paper2_main/zout/reports/baseline_vs_accMotion/1GPU_SV__ds_UFireIndoorTest__mt_temp_method_motion_block__e1ccb7b889a0__20260401.144240;none;/mnt/e/SyncData/paper2_main/zout/reports/baseline_vs_accMotion/MainPC__ds_UFireIndoorTest__mt_no_temp_method__af4b0d32a3d2__20260330.205208
VSD3__lb_mixed_firesmoke__video5.mp4;1228;9018;fire_smoke;/mnt/e/SyncData/paper2_main/datasets/UFireIndoorFull/test/test_firesmoke/VSD3__lb_mixed_firesmoke__video5.mp4;none;/mnt/e/SyncData/paper2_main/zout/reports/baseline_vs_accMotion/1GPU_SV__ds_UFireIndoorTest__mt_temp_method_motion_block__e1ccb7b889a0__20260401.144240;none;/mnt/e/SyncData/paper2_main/zout/reports/baseline_vs_accMotion/MainPC__ds_UFireIndoorTest__mt_no_temp_method__af4b0d32a3d2__20260330.205208
VSD3__lb_mixed_firesmoke__video5.mp4;1229;9018;fire_smoke;/mnt/e/SyncData/paper2_main/datasets/UFireIndoorFull/test/test_firesmoke/VSD3__lb_mixed_firesmoke__video5.mp4;none;/mnt/e/SyncData/paper2_main/zout/reports/baseline_vs_accMotion/1GPU_SV__ds_UFireIndoorTest__mt_temp_method_motion_block__e1ccb7b889a0__20260401.144240;none;/mnt/e/SyncData/paper2_main/zout/reports/baseline_vs_accMotion/MainPC__ds_UFireIndoorTest__mt_no_temp_method__af4b0d32a3d2__20260330.205208
VSD3__lb_mixed_firesmoke__video5.mp4;1230;9018;fire_smoke;/mnt/e/SyncData/paper2_main/datasets/UFireIndoorFull/test/test_firesmoke/VSD3__lb_mixed_firesmoke__video5.mp4;none;/mnt/e/SyncData/paper2_main/zout/reports/baseline_vs_accMotion/1GPU_SV__ds_UFireIndoorTest__mt_temp_method_motion_block__e1ccb7b889a0__20260401.144240;none;/mnt/e/SyncData/paper2_main/zout/reports/baseline_vs_accMotion/MainPC__ds_UFireIndoorTest__mt_no_temp_method__af4b0d32a3d2__20260330.205208
VSD3__lb_mixed_firesmoke__video5.mp4;1231;9018;fire_smoke;/mnt/e/SyncData/paper2_main/datasets/UFireIndoorFull/test/test_firesmoke/VSD3__lb_mixed_firesmoke__video5.mp4;none;/mnt/e/SyncData/paper2_main/zout/reports/baseline_vs_accMotion/1GPU_SV__ds_UFireIndoorTest__mt_temp_method_motion_block__e1ccb7b889a0__20260401.144240;none;/mnt/e/SyncData/paper2_main/zout/reports/baseline_vs_accMotion/MainPC__ds_UFireIndoorTest__mt_no_temp_method__af4b0d32a3d2__20260330.205208
VSD3__lb_mixed_firesmoke__video5.mp4;1232;9018;fire_smoke;/mnt/e/SyncData/paper2_main/datasets/UFireIndoorFull/test/test_firesmoke/VSD3__lb_mixed_firesmoke__video5.mp4;none;/mnt/e/SyncData/paper2_main/zout/reports/baseline_vs_accMotion/1GPU_SV__ds_UFireIndoorTest__mt_temp_method_motion_block__e1ccb7b889a0__20260401.144240;none;/mnt/e/SyncData/paper2_main/zout/reports/baseline_vs_accMotion/MainPC__ds_UFireIndoorTest__mt_no_temp_method__af4b0d32a3d2__20260330.205208
VSD3__lb_mixed_firesmoke__video5.mp4;1233;9018;fire_smoke;/mnt/e/SyncData/paper2_main/datasets/UFireIndoorFull/test/test_firesmoke/VSD3__lb_mixed_firesmoke__video5.mp4;none;/mnt/e/SyncData/paper2_main/zout/reports/baseline_vs_accMotion/1GPU_SV__ds_UFireIndoorTest__mt_temp_method_motion_block__e1ccb7b889a0__20260401.144240;none;/mnt/e/SyncData/paper2_main/zout/reports/baseline_vs_accMotion/MainPC__ds_UFireIndoorTest__mt_no_temp_method__af4b0d32a3d2__20260330.205208
VSD3__lb_mixed_firesmoke__video5.mp4;1234;9018;fire_smoke;/mnt/e/SyncData/paper2_main/datasets/UFireIndoorFull/test/test_firesmoke/VSD3__lb_mixed_firesmoke__video5.mp4;none;/mnt/e/SyncData/paper2_main/zout/reports/baseline_vs_accMotion/1GPU_SV__ds_UFireIndoorTest__mt_temp_method_motion_block__e1ccb7b889a0__20260401.144240;none;/mnt/e/SyncData/paper2_main/zout/reports/baseline_vs_accMotion/MainPC__ds_UFireIndoorTest__mt_no_temp_method__af4b0d32a3d2__20260330.205208
VSD3__lb_mixed_firesmoke__video5.mp4;1235;9018;fire_smoke;/mnt/e/SyncData/paper2_main/datasets/UFireIndoorFull/test/test_firesmoke/VSD3__lb_mixed_firesmoke__video5.mp4;none;/mnt/e/SyncData/paper2_main/zout/reports/baseline_vs_accMotion/1GPU_SV__ds_UFireIndoorTest__mt_temp_method_motion_block__e1ccb7b889a0__20260401.144240;none;/mnt/e/SyncData/paper2_main/zout/reports/baseline_vs_accMotion/MainPC__ds_UFireIndoorTest__mt_no_temp_method__af4b0d32a3d2__20260330.205208
VSD3__lb_mixed_firesmoke__video5.mp4;1236;9018;fire_smoke;/mnt/e/SyncData/paper2_main/datasets/UFireIndoorFull/test/test_firesmoke/VSD3__lb_mixed_firesmoke__video5.mp4;none;/mnt/e/SyncData/paper2_main/zout/reports/baseline_vs_accMotion/1GPU_SV__ds_UFireIndoorTest__mt_temp_method_motion_block__e1ccb7b889a0__20260401.144240;none;/mnt/e/SyncData/paper2_main/zout/reports/baseline_vs_accMotion/MainPC__ds_UFireIndoorTest__mt_no_temp_method__af4b0d32a3d2__20260330.205208
VSD3__lb_mixed_firesmoke__video5.mp4;1237;9018;fire_smoke;/mnt/e/SyncData/paper2_main/datasets/UFireIndoorFull/test/test_firesmoke/VSD3__lb_mixed_firesmoke__video5.mp4;none;/mnt/e/SyncData/paper2_main/zout/reports/baseline_vs_accMotion/1GPU_SV__ds_UFireIndoorTest__mt_temp_method_motion_block__e1ccb7b889a0__20260401.144240;none;/mnt/e/SyncData/paper2_main/zout/reports/baseline_vs_accMotion/MainPC__ds_UFireIndoorTest__mt_no_temp_method__af4b0d32a3d2__20260330.205208
VSD3__lb_mixed_firesmoke__video5.mp4;1238;9018;fire_smoke;/mnt/e/SyncData/paper2_main/datasets/UFireIndoorFull/test/test_firesmoke/VSD3__lb_mixed_firesmoke__video5.mp4;none;/mnt/e/SyncData/paper2_main/zout/reports/baseline_vs_accMotion/1GPU_SV__ds_UFireIndoorTest__mt_temp_method_motion_block__e1ccb7b889a0__20260401.144240;none;/mnt/e/SyncData/paper2_main/zout/reports/baseline_vs_accMotion/MainPC__ds_UFireIndoorTest__mt_no_temp_method__af4b0d32a3d2__20260330.205208
VSD3__lb_mixed_firesmoke__video5.mp4;1239;9018;fire_smoke;/mnt/e/SyncData/paper2_main/datasets/UFireIndoorFull/test/test_firesmoke/VSD3__lb_mixed_firesmoke__video5.mp4;none;/mnt/e/SyncData/paper2_main/zout/reports/baseline_vs_accMotion/1GPU_SV__ds_UFireIndoorTest__mt_temp_method_motion_block__e1ccb7b889a0__20260401.144240;none;/mnt/e/SyncData/paper2_main/zout/reports/baseline_vs_accMotion/MainPC__ds_UFireIndoorTest__mt_no_temp_method__af4b0d32a3d2__20260330.205208
VSD3__lb_mixed_firesmoke__video5.mp4;1240;9018;fire_smoke;/mnt/e/SyncData/paper2_main/datasets/UFireIndoorFull/test/test_firesmoke/VSD3__lb_mixed_firesmoke__video5.mp4;none;/mnt/e/SyncData/paper2_main/zout/reports/baseline_vs_accMotion/1GPU_SV__ds_UFireIndoorTest__mt_temp_method_motion_block__e1ccb7b889a0__20260401.144240;none;/mnt/e/SyncData/paper2_main/zout/reports/baseline_vs_accMotion/MainPC__ds_UFireIndoorTest__mt_no_temp_method__af4b0d32a3d2__20260330.205208
VSD3__lb_mixed_firesmoke__video5.mp4;1241;9018;fire_smoke;/mnt/e/SyncData/paper2_main/datasets/UFireIndoorFull/test/test_firesmoke/VSD3__lb_mixed_firesmoke__video5.mp4;none;/mnt/e/SyncData/paper2_main/zout/reports/baseline_vs_accMotion/1GPU_SV__ds_UFireIndoorTest__mt_temp_method_motion_block__e1ccb7b889a0__20260401.144240;none;/mnt/e/SyncData/paper2_main/zout/reports/baseline_vs_accMotion/MainPC__ds_UFireIndoorTest__mt_no_temp_method__af4b0d32a3d2__20260330.205208
VSD3__lb_mixed_firesmoke__video5.mp4;1242;9018;fire_smoke;/mnt/e/SyncData/paper2_main/datasets/UFireIndoorFull/test/test_firesmoke/VSD3__lb_mixed_firesmoke__video5.mp4;none;/mnt/e/SyncData/paper2_main/zout/reports/baseline_vs_accMotion/1GPU_SV__ds_UFireIndoorTest__mt_temp_method_motion_block__e1ccb7b889a0__20260401.144240;none;/mnt/e/SyncData/paper2_main/zout/reports/baseline_vs_accMotion/MainPC__ds_UFireIndoorTest__mt_no_temp_method__af4b0d32a3d2__20260330.205208
VSD3__lb_mixed_firesmoke__video5.mp4;1243;9018;fire_smoke;/mnt/e/SyncData/paper2_main/datasets/UFireIndoorFull/test/test_firesmoke/VSD3__lb_mixed_firesmoke__video5.mp4;none;/mnt/e/SyncData/paper2_main/zout/reports/baseline_vs_accMotion/1GPU_SV__ds_UFireIndoorTest__mt_temp_method_motion_block__e1ccb7b889a0__20260401.144240;none;/mnt/e/SyncData/paper2_main/zout/reports/baseline_vs_accMotion/MainPC__ds_UFireIndoorTest__mt_no_temp_method__af4b0d32a3d2__20260330.205208
VSD3__lb_mixed_firesmoke__video5.mp4;1244;9018;fire_smoke;/mnt/e/SyncData/paper2_main/datasets/UFireIndoorFull/test/test_firesmoke/VSD3__lb_mixed_firesmoke__video5.mp4;none;/mnt/e/SyncData/paper2_main/zout/reports/baseline_vs_accMotion/1GPU_SV__ds_UFireIndoorTest__mt_temp_method_motion_block__e1ccb7b889a0__20260401.144240;none;/mnt/e/SyncData/paper2_main/zout/reports/baseline_vs_accMotion/MainPC__ds_UFireIndoorTest__mt_no_temp_method__af4b0d32a3d2__20260330.205208
VSD3__lb_mixed_firesmoke__video5.mp4;1245;9018;fire_smoke;/mnt/e/SyncData/paper2_main/datasets/UFireIndoorFull/test/test_firesmoke/VSD3__lb_mixed_firesmoke__video5.mp4;none;/mnt/e/SyncData/paper2_main/zout/reports/baseline_vs_accMotion/1GPU_SV__ds_UFireIndoorTest__mt_temp_method_motion_block__e1ccb7b889a0__20260401.144240;none;/mnt/e/SyncData/paper2_main/zout/reports/baseline_vs_accMotion/MainPC__ds_UFireIndoorTest__mt_no_temp_method__af4b0d32a3d2__20260330.205208
VSD3__lb_mixed_firesmoke__video5.mp4;1246;9018;fire_smoke;/mnt/e/SyncData/paper2_main/datasets/UFireIndoorFull/test/test_firesmoke/VSD3__lb_mixed_firesmoke__video5.mp4;none;/mnt/e/SyncData/paper2_main/zout/reports/baseline_vs_accMotion/1GPU_SV__ds_UFireIndoorTest__mt_temp_method_motion_block__e1ccb7b889a0__20260401.144240;none;/mnt/e/SyncData/paper2_main/zout/reports/baseline_vs_accMotion/MainPC__ds_UFireIndoorTest__mt_no_temp_method__af4b0d32a3d2__20260330.205208
VSD3__lb_mixed_firesmoke__video5.mp4;1247;9018;fire_smoke;/mnt/e/SyncData/paper2_main/datasets/UFireIndoorFull/test/test_firesmoke/VSD3__lb_mixed_firesmoke__video5.mp4;none;/mnt/e/SyncData/paper2_main/zout/reports/baseline_vs_accMotion/1GPU_SV__ds_UFireIndoorTest__mt_temp_method_motion_block__e1ccb7b889a0__20260401.144240;none;/mnt/e/SyncData/paper2_main/zout/reports/baseline_vs_accMotion/MainPC__ds_UFireIndoorTest__mt_no_temp_method__af4b0d32a3d2__20260330.205208
VSD3__lb_mixed_firesmoke__video5.mp4;1248;9018;fire_smoke;/mnt/e/SyncData/paper2_main/datasets/UFireIndoorFull/test/test_firesmoke/VSD3__lb_mixed_firesmoke__video5.mp4;none;/mnt/e/SyncData/paper2_main/zout/reports/baseline_vs_accMotion/1GPU_SV__ds_UFireIndoorTest__mt_temp_method_motion_block__e1ccb7b889a0__20260401.144240;none;/mnt/e/SyncData/paper2_main/zout/reports/baseline_vs_accMotion/MainPC__ds_UFireIndoorTest__mt_no_temp_method__af4b0d32a3d2__20260330.205208
VSD3__lb_mixed_firesmoke__video5.mp4;1249;9018;fire_smoke;/mnt/e/SyncData/paper2_main/datasets/UFireIndoorFull/test/test_firesmoke/VSD3__lb_mixed_firesmoke__video5.mp4;none;/mnt/e/SyncData/paper2_main/zout/reports/baseline_vs_accMotion/1GPU_SV__ds_UFireIndoorTest__mt_temp_method_motion_block__e1ccb7b889a0__20260401.144240;none;/mnt/e/SyncData/paper2_main/zout/reports/baseline_vs_accMotion/MainPC__ds_UFireIndoorTest__mt_no_temp_method__af4b0d32a3d2__20260330.205208
VSD3__lb_mixed_firesmoke__video5.mp4;1250;9018;fire_smoke;/mnt/e/SyncData/paper2_main/datasets/UFireIndoorFull/test/test_firesmoke/VSD3__lb_mixed_firesmoke__video5.mp4;none;/mnt/e/SyncData/paper2_main/zout/reports/baseline_vs_accMotion/1GPU_SV__ds_UFireIndoorTest__mt_temp_method_motion_block__e1ccb7b889a0__20260401.144240;none;/mnt/e/SyncData/paper2_main/zout/reports/baseline_vs_accMotion/MainPC__ds_UFireIndoorTest__mt_no_temp_method__af4b0d32a3d2__20260330.205208
VSD3__lb_mixed_firesmoke__video5.mp4;1251;9018;fire_smoke;/mnt/e/SyncData/paper2_main/datasets/UFireIndoorFull/test/test_firesmoke/VSD3__lb_mixed_firesmoke__video5.mp4;none;/mnt/e/SyncData/paper2_main/zout/reports/baseline_vs_accMotion/1GPU_SV__ds_UFireIndoorTest__mt_temp_method_motion_block__e1ccb7b889a0__20260401.144240;none;/mnt/e/SyncData/paper2_main/zout/reports/baseline_vs_accMotion/MainPC__ds_UFireIndoorTest__mt_no_temp_method__af4b0d32a3d2__20260330.205208
VSD3__lb_mixed_firesmoke__video5.mp4;1252;9018;fire_smoke;/mnt/e/SyncData/paper2_main/datasets/UFireIndoorFull/test/test_firesmoke/VSD3__lb_mixed_firesmoke__video5.mp4;none;/mnt/e/SyncData/paper2_main/zout/reports/baseline_vs_accMotion/1GPU_SV__ds_UFireIndoorTest__mt_temp_method_motion_block__e1ccb7b889a0__20260401.144240;none;/mnt/e/SyncData/paper2_main/zout/reports/baseline_vs_accMotion/MainPC__ds_UFireIndoorTest__mt_no_temp_method__af4b0d32a3d2__20260330.205208
VSD3__lb_mixed_firesmoke__video5.mp4;1253;9018;fire_smoke;/mnt/e/SyncData/paper2_main/datasets/UFireIndoorFull/test/test_firesmoke/VSD3__lb_mixed_firesmoke__video5.mp4;none;/mnt/e/SyncData/paper2_main/zout/reports/baseline_vs_accMotion/1GPU_SV__ds_UFireIndoorTest__mt_temp_method_motion_block__e1ccb7b889a0__20260401.144240;none;/mnt/e/SyncData/paper2_main/zout/reports/baseline_vs_accMotion/MainPC__ds_UFireIndoorTest__mt_no_temp_method__af4b0d32a3d2__20260330.205208
VSD3__lb_mixed_firesmoke__video5.mp4;1254;9018;fire_smoke;/mnt/e/SyncData/paper2_main/datasets/UFireIndoorFull/test/test_firesmoke/VSD3__lb_mixed_firesmoke__video5.mp4;none;/mnt/e/SyncData/paper2_main/zout/reports/baseline_vs_accMotion/1GPU_SV__ds_UFireIndoorTest__mt_temp_method_motion_block__e1ccb7b889a0__20260401.144240;none;/mnt/e/SyncData/paper2_main/zout/reports/baseline_vs_accMotion/MainPC__ds_UFireIndoorTest__mt_no_temp_method__af4b0d32a3d2__20260330.205208
VSD3__lb_mixed_firesmoke__video5.mp4;1255;9018;fire_smoke;/mnt/e/SyncData/paper2_main/datasets/UFireIndoorFull/test/test_firesmoke/VSD3__lb_mixed_firesmoke__video5.mp4;none;/mnt/e/SyncData/paper2_main/zout/reports/baseline_vs_accMotion/1GPU_SV__ds_UFireIndoorTest__mt_temp_method_motion_block__e1ccb7b889a0__20260401.144240;none;/mnt/e/SyncData/paper2_main/zout/reports/baseline_vs_accMotion/MainPC__ds_UFireIndoorTest__mt_no_temp_method__af4b0d32a3d2__20260330.205208
VSD3__lb_mixed_firesmoke__video5.mp4;1256;9018;fire_smoke;/mnt/e/SyncData/paper2_main/datasets/UFireIndoorFull/test/test_firesmoke/VSD3__lb_mixed_firesmoke__video5.mp4;none;/mnt/e/SyncData/paper2_main/zout/reports/baseline_vs_accMotion/1GPU_SV__ds_UFireIndoorTest__mt_temp_method_motion_block__e1ccb7b889a0__20260401.144240;none;/mnt/e/SyncData/paper2_main/zout/reports/baseline_vs_accMotion/MainPC__ds_UFireIndoorTest__mt_no_temp_method__af4b0d32a3d2__20260330.205208
VSD3__lb_mixed_firesmoke__video5.mp4;1257;9018;fire_smoke;/mnt/e/SyncData/paper2_main/datasets/UFireIndoorFull/test/test_firesmoke/VSD3__lb_mixed_firesmoke__video5.mp4;none;/mnt/e/SyncData/paper2_main/zout/reports/baseline_vs_accMotion/1GPU_SV__ds_UFireIndoorTest__mt_temp_method_motion_block__e1ccb7b889a0__20260401.144240;none;/mnt/e/SyncData/paper2_main/zout/reports/baseline_vs_accMotion/MainPC__ds_UFireIndoorTest__mt_no_temp_method__af4b0d32a3d2__20260330.205208
VSD3__lb_mixed_firesmoke__video5.mp4;1258;9018;fire_smoke;/mnt/e/SyncData/paper2_main/datasets/UFireIndoorFull/test/test_firesmoke/VSD3__lb_mixed_firesmoke__video5.mp4;none;/mnt/e/SyncData/paper2_main/zout/reports/baseline_vs_accMotion/1GPU_SV__ds_UFireIndoorTest__mt_temp_method_motion_block__e1ccb7b889a0__20260401.144240;none;/mnt/e/SyncData/paper2_main/zout/reports/baseline_vs_accMotion/MainPC__ds_UFireIndoorTest__mt_no_temp_method__af4b0d32a3d2__20260330.205208
VSD3__lb_mixed_firesmoke__video5.mp4;1259;9018;fire_smoke;/mnt/e/SyncData/paper2_main/datasets/UFireIndoorFull/test/test_firesmoke/VSD3__lb_mixed_firesmoke__video5.mp4;none;/mnt/e/SyncData/paper2_main/zout/reports/baseline_vs_accMotion/1GPU_SV__ds_UFireIndoorTest__mt_temp_method_motion_block__e1ccb7b889a0__20260401.144240;none;/mnt/e/SyncData/paper2_main/zout/reports/baseline_vs_accMotion/MainPC__ds_UFireIndoorTest__mt_no_temp_method__af4b0d32a3d2__20260330.205208
VSD3__lb_mixed_firesmoke__video5.mp4;1260;9018;fire_smoke;/mnt/e/SyncData/paper2_main/datasets/UFireIndoorFull/test/test_firesmoke/VSD3__lb_mixed_firesmoke__video5.mp4;none;/mnt/e/SyncData/paper2_main/zout/reports/baseline_vs_accMotion/1GPU_SV__ds_UFireIndoorTest__mt_temp_method_motion_block__e1ccb7b889a0__20260401.144240;none;/mnt/e/SyncData/paper2_main/zout/reports/baseline_vs_accMotion/MainPC__ds_UFireIndoorTest__mt_no_temp_method__af4b0d32a3d2__20260330.205208
VSD3__lb_mixed_firesmoke__video5.mp4;1261;9018;fire_smoke;/mnt/e/SyncData/paper2_main/datasets/UFireIndoorFull/test/test_firesmoke/VSD3__lb_mixed_firesmoke__video5.mp4;none;/mnt/e/SyncData/paper2_main/zout/reports/baseline_vs_accMotion/1GPU_SV__ds_UFireIndoorTest__mt_temp_method_motion_block__e1ccb7b889a0__20260401.144240;none;/mnt/e/SyncData/paper2_main/zout/reports/baseline_vs_accMotion/MainPC__ds_UFireIndoorTest__mt_no_temp_method__af4b0d32a3d2__20260330.205208
VSD3__lb_mixed_firesmoke__video5.mp4;1262;9018;fire_smoke;/mnt/e/SyncData/paper2_main/datasets/UFireIndoorFull/test/test_firesmoke/VSD3__lb_mixed_firesmoke__video5.mp4;none;/mnt/e/SyncData/paper2_main/zout/reports/baseline_vs_accMotion/1GPU_SV__ds_UFireIndoorTest__mt_temp_method_motion_block__e1ccb7b889a0__20260401.144240;none;/mnt/e/SyncData/paper2_main/zout/reports/baseline_vs_accMotion/MainPC__ds_UFireIndoorTest__mt_no_temp_method__af4b0d32a3d2__20260330.205208
VSD3__lb_mixed_firesmoke__video5.mp4;1263;9018;fire_smoke;/mnt/e/SyncData/paper2_main/datasets/UFireIndoorFull/test/test_firesmoke/VSD3__lb_mixed_firesmoke__video5.mp4;none;/mnt/e/SyncData/paper2_main/zout/reports/baseline_vs_accMotion/1GPU_SV__ds_UFireIndoorTest__mt_temp_method_motion_block__e1ccb7b889a0__20260401.144240;none;/mnt/e/SyncData/paper2_main/zout/reports/baseline_vs_accMotion/MainPC__ds_UFireIndoorTest__mt_no_temp_method__af4b0d32a3d2__20260330.205208
VSD3__lb_mixed_firesmoke__video5.mp4;1264;9018;fire_smoke;/mnt/e/SyncData/paper2_main/datasets/UFireIndoorFull/test/test_firesmoke/VSD3__lb_mixed_firesmoke__video5.mp4;none;/mnt/e/SyncData/paper2_main/zout/reports/baseline_vs_accMotion/1GPU_SV__ds_UFireIndoorTest__mt_temp_method_motion_block__e1ccb7b889a0__20260401.144240;none;/mnt/e/SyncData/paper2_main/zout/reports/baseline_vs_accMotion/MainPC__ds_UFireIndoorTest__mt_no_temp_method__af4b0d32a3d2__20260330.205208
VSD3__lb_mixed_firesmoke__video5.mp4;1265;9018;fire_smoke;/mnt/e/SyncData/paper2_main/datasets/UFireIndoorFull/test/test_firesmoke/VSD3__lb_mixed_firesmoke__video5.mp4;none;/mnt/e/SyncData/paper2_main/zout/reports/baseline_vs_accMotion/1GPU_SV__ds_UFireIndoorTest__mt_temp_method_motion_block__e1ccb7b889a0__20260401.144240;none;/mnt/e/SyncData/paper2_main/zout/reports/baseline_vs_accMotion/MainPC__ds_UFireIndoorTest__mt_no_temp_method__af4b0d32a3d2__20260330.205208
VSD3__lb_mixed_firesmoke__video5.mp4;1266;9018;fire_smoke;/mnt/e/SyncData/paper2_main/datasets/UFireIndoorFull/test/test_firesmoke/VSD3__lb_mixed_firesmoke__video5.mp4;none;/mnt/e/SyncData/paper2_main/zout/reports/baseline_vs_accMotion/1GPU_SV__ds_UFireIndoorTest__mt_temp_method_motion_block__e1ccb7b889a0__20260401.144240;none;/mnt/e/SyncData/paper2_main/zout/reports/baseline_vs_accMotion/MainPC__ds_UFireIndoorTest__mt_no_temp_method__af4b0d32a3d2__20260330.205208
VSD3__lb_mixed_firesmoke__video5.mp4;1267;9018;fire_smoke;/mnt/e/SyncData/paper2_main/datasets/UFireIndoorFull/test/test_firesmoke/VSD3__lb_mixed_firesmoke__video5.mp4;none;/mnt/e/SyncData/paper2_main/zout/reports/baseline_vs_accMotion/1GPU_SV__ds_UFireIndoorTest__mt_temp_method_motion_block__e1ccb7b889a0__20260401.144240;none;/mnt/e/SyncData/paper2_main/zout/reports/baseline_vs_accMotion/MainPC__ds_UFireIndoorTest__mt_no_temp_method__af4b0d32a3d2__20260330.205208
VSD3__lb_mixed_firesmoke__video5.mp4;1268;9018;fire_smoke;/mnt/e/SyncData/paper2_main/datasets/UFireIndoorFull/test/test_firesmoke/VSD3__lb_mixed_firesmoke__video5.mp4;none;/mnt/e/SyncData/paper2_main/zout/reports/baseline_vs_accMotion/1GPU_SV__ds_UFireIndoorTest__mt_temp_method_motion_block__e1ccb7b889a0__20260401.144240;none;/mnt/e/SyncData/paper2_main/zout/reports/baseline_vs_accMotion/MainPC__ds_UFireIndoorTest__mt_no_temp_method__af4b0d32a3d2__20260330.205208
VSD3__lb_mixed_firesmoke__video5.mp4;1269;9018;fire_smoke;/mnt/e/SyncData/paper2_main/datasets/UFireIndoorFull/test/test_firesmoke/VSD3__lb_mixed_firesmoke__video5.mp4;none;/mnt/e/SyncData/paper2_main/zout/reports/baseline_vs_accMotion/1GPU_SV__ds_UFireIndoorTest__mt_temp_method_motion_block__e1ccb7b889a0__20260401.144240;none;/mnt/e/SyncData/paper2_main/zout/reports/baseline_vs_accMotion/MainPC__ds_UFireIndoorTest__mt_no_temp_method__af4b0d32a3d2__20260330.205208
VSD3__lb_mixed_firesmoke__video5.mp4;1270;9018;fire_smoke;/mnt/e/SyncData/paper2_main/datasets/UFireIndoorFull/test/test_firesmoke/VSD3__lb_mixed_firesmoke__video5.mp4;none;/mnt/e/SyncData/paper2_main/zout/reports/baseline_vs_accMotion/1GPU_SV__ds_UFireIndoorTest__mt_temp_method_motion_block__e1ccb7b889a0__20260401.144240;none;/mnt/e/SyncData/paper2_main/zout/reports/baseline_vs_accMotion/MainPC__ds_UFireIndoorTest__mt_no_temp_method__af4b0d32a3d2__20260330.205208
VSD3__lb_mixed_firesmoke__video5.mp4;1271;9018;fire_smoke;/mnt/e/SyncData/paper2_main/datasets/UFireIndoorFull/test/test_firesmoke/VSD3__lb_mixed_firesmoke__video5.mp4;none;/mnt/e/SyncData/paper2_main/zout/reports/baseline_vs_accMotion/1GPU_SV__ds_UFireIndoorTest__mt_temp_method_motion_block__e1ccb7b889a0__20260401.144240;none;/mnt/e/SyncData/paper2_main/zout/reports/baseline_vs_accMotion/MainPC__ds_UFireIndoorTest__mt_no_temp_method__af4b0d32a3d2__20260330.205208
VSD3__lb_mixed_firesmoke__video5.mp4;1272;9018;fire_smoke;/mnt/e/SyncData/paper2_main/datasets/UFireIndoorFull/test/test_firesmoke/VSD3__lb_mixed_firesmoke__video5.mp4;none;/mnt/e/SyncData/paper2_main/zout/reports/baseline_vs_accMotion/1GPU_SV__ds_UFireIndoorTest__mt_temp_method_motion_block__e1ccb7b889a0__20260401.144240;none;/mnt/e/SyncData/paper2_main/zout/reports/baseline_vs_accMotion/MainPC__ds_UFireIndoorTest__mt_no_temp_method__af4b0d32a3d2__20260330.205208
VSD3__lb_mixed_firesmoke__video5.mp4;1273;9018;fire_smoke;/mnt/e/SyncData/paper2_main/datasets/UFireIndoorFull/test/test_firesmoke/VSD3__lb_mixed_firesmoke__video5.mp4;none;/mnt/e/SyncData/paper2_main/zout/reports/baseline_vs_accMotion/1GPU_SV__ds_UFireIndoorTest__mt_temp_method_motion_block__e1ccb7b889a0__20260401.144240;none;/mnt/e/SyncData/paper2_main/zout/reports/baseline_vs_accMotion/MainPC__ds_UFireIndoorTest__mt_no_temp_method__af4b0d32a3d2__20260330.205208
VSD3__lb_mixed_firesmoke__video5.mp4;1274;9018;fire_smoke;/mnt/e/SyncData/paper2_main/datasets/UFireIndoorFull/test/test_firesmoke/VSD3__lb_mixed_firesmoke__video5.mp4;none;/mnt/e/SyncData/paper2_main/zout/reports/baseline_vs_accMotion/1GPU_SV__ds_UFireIndoorTest__mt_temp_method_motion_block__e1ccb7b889a0__20260401.144240;none;/mnt/e/SyncData/paper2_main/zout/reports/baseline_vs_accMotion/MainPC__ds_UFireIndoorTest__mt_no_temp_method__af4b0d32a3d2__20260330.205208
VSD3__lb_mixed_firesmoke__video5.mp4;1275;9018;fire_smoke;/mnt/e/SyncData/paper2_main/datasets/UFireIndoorFull/test/test_firesmoke/VSD3__lb_mixed_firesmoke__video5.mp4;none;/mnt/e/SyncData/paper2_main/zout/reports/baseline_vs_accMotion/1GPU_SV__ds_UFireIndoorTest__mt_temp_method_motion_block__e1ccb7b889a0__20260401.144240;none;/mnt/e/SyncData/paper2_main/zout/reports/baseline_vs_accMotion/MainPC__ds_UFireIndoorTest__mt_no_temp_method__af4b0d32a3d2__20260330.205208
VSD3__lb_mixed_firesmoke__video5.mp4;1276;9018;fire_smoke;/mnt/e/SyncData/paper2_main/datasets/UFireIndoorFull/test/test_firesmoke/VSD3__lb_mixed_firesmoke__video5.mp4;none;/mnt/e/SyncData/paper2_main/zout/reports/baseline_vs_accMotion/1GPU_SV__ds_UFireIndoorTest__mt_temp_method_motion_block__e1ccb7b889a0__20260401.144240;none;/mnt/e/SyncData/paper2_main/zout/reports/baseline_vs_accMotion/MainPC__ds_UFireIndoorTest__mt_no_temp_method__af4b0d32a3d2__20260330.205208
VSD3__lb_mixed_firesmoke__video5.mp4;1277;9018;fire_smoke;/mnt/e/SyncData/paper2_main/datasets/UFireIndoorFull/test/test_firesmoke/VSD3__lb_mixed_firesmoke__video5.mp4;none;/mnt/e/SyncData/paper2_main/zout/reports/baseline_vs_accMotion/1GPU_SV__ds_UFireIndoorTest__mt_temp_method_motion_block__e1ccb7b889a0__20260401.144240;none;/mnt/e/SyncData/paper2_main/zout/reports/baseline_vs_accMotion/MainPC__ds_UFireIndoorTest__mt_no_temp_method__af4b0d32a3d2__20260330.205208
VSD3__lb_mixed_firesmoke__video5.mp4;1278;9018;fire_smoke;/mnt/e/SyncData/paper2_main/datasets/UFireIndoorFull/test/test_firesmoke/VSD3__lb_mixed_firesmoke__video5.mp4;none;/mnt/e/SyncData/paper2_main/zout/reports/baseline_vs_accMotion/1GPU_SV__ds_UFireIndoorTest__mt_temp_method_motion_block__e1ccb7b889a0__20260401.144240;none;/mnt/e/SyncData/paper2_main/zout/reports/baseline_vs_accMotion/MainPC__ds_UFireIndoorTest__mt_no_temp_method__af4b0d32a3d2__20260330.205208
VSD3__lb_mixed_firesmoke__video5.mp4;1279;9018;fire_smoke;/mnt/e/SyncData/paper2_main/datasets/UFireIndoorFull/test/test_firesmoke/VSD3__lb_mixed_firesmoke__video5.mp4;none;/mnt/e/SyncData/paper2_main/zout/reports/baseline_vs_accMotion/1GPU_SV__ds_UFireIndoorTest__mt_temp_method_motion_block__e1ccb7b889a0__20260401.144240;none;/mnt/e/SyncData/paper2_main/zout/reports/baseline_vs_accMotion/MainPC__ds_UFireIndoorTest__mt_no_temp_method__af4b0d32a3d2__20260330.205208
VSD3__lb_mixed_firesmoke__video5.mp4;1280;9018;fire_smoke;/mnt/e/SyncData/paper2_main/datasets/UFireIndoorFull/test/test_firesmoke/VSD3__lb_mixed_firesmoke__video5.mp4;none;/mnt/e/SyncData/paper2_main/zout/reports/baseline_vs_accMotion/1GPU_SV__ds_UFireIndoorTest__mt_temp_method_motion_block__e1ccb7b889a0__20260401.144240;none;/mnt/e/SyncData/paper2_main/zout/reports/baseline_vs_accMotion/MainPC__ds_UFireIndoorTest__mt_no_temp_method__af4b0d32a3d2__20260330.205208
VSD3__lb_mixed_firesmoke__video5.mp4;1281;9018;fire_smoke;/mnt/e/SyncData/paper2_main/datasets/UFireIndoorFull/test/test_firesmoke/VSD3__lb_mixed_firesmoke__video5.mp4;none;/mnt/e/SyncData/paper2_main/zout/reports/baseline_vs_accMotion/1GPU_SV__ds_UFireIndoorTest__mt_temp_method_motion_block__e1ccb7b889a0__20260401.144240;none;/mnt/e/SyncData/paper2_main/zout/reports/baseline_vs_accMotion/MainPC__ds_UFireIndoorTest__mt_no_temp_method__af4b0d32a3d2__20260330.205208
VSD3__lb_mixed_firesmoke__video5.mp4;1282;9018;fire_smoke;/mnt/e/SyncData/paper2_main/datasets/UFireIndoorFull/test/test_firesmoke/VSD3__lb_mixed_firesmoke__video5.mp4;none;/mnt/e/SyncData/paper2_main/zout/reports/baseline_vs_accMotion/1GPU_SV__ds_UFireIndoorTest__mt_temp_method_motion_block__e1ccb7b889a0__20260401.144240;none;/mnt/e/SyncData/paper2_main/zout/reports/baseline_vs_accMotion/MainPC__ds_UFireIndoorTest__mt_no_temp_method__af4b0d32a3d2__20260330.205208
VSD3__lb_mixed_firesmoke__video5.mp4;1283;9018;fire_smoke;/mnt/e/SyncData/paper2_main/datasets/UFireIndoorFull/test/test_firesmoke/VSD3__lb_mixed_firesmoke__video5.mp4;none;/mnt/e/SyncData/paper2_main/zout/reports/baseline_vs_accMotion/1GPU_SV__ds_UFireIndoorTest__mt_temp_method_motion_block__e1ccb7b889a0__20260401.144240;none;/mnt/e/SyncData/paper2_main/zout/reports/baseline_vs_accMotion/MainPC__ds_UFireIndoorTest__mt_no_temp_method__af4b0d32a3d2__20260330.205208
VSD3__lb_mixed_firesmoke__video5.mp4;1284;9018;fire_smoke;/mnt/e/SyncData/paper2_main/datasets/UFireIndoorFull/test/test_firesmoke/VSD3__lb_mixed_firesmoke__video5.mp4;none;/mnt/e/SyncData/paper2_main/zout/reports/baseline_vs_accMotion/1GPU_SV__ds_UFireIndoorTest__mt_temp_method_motion_block__e1ccb7b889a0__20260401.144240;none;/mnt/e/SyncData/paper2_main/zout/reports/baseline_vs_accMotion/MainPC__ds_UFireIndoorTest__mt_no_temp_method__af4b0d32a3d2__20260330.205208
VSD3__lb_mixed_firesmoke__video5.mp4;1285;9018;fire_smoke;/mnt/e/SyncData/paper2_main/datasets/UFireIndoorFull/test/test_firesmoke/VSD3__lb_mixed_firesmoke__video5.mp4;none;/mnt/e/SyncData/paper2_main/zout/reports/baseline_vs_accMotion/1GPU_SV__ds_UFireIndoorTest__mt_temp_method_motion_block__e1ccb7b889a0__20260401.144240;none;/mnt/e/SyncData/paper2_main/zout/reports/baseline_vs_accMotion/MainPC__ds_UFireIndoorTest__mt_no_temp_method__af4b0d32a3d2__20260330.205208
VSD3__lb_mixed_firesmoke__video5.mp4;1286;9018;fire_smoke;/mnt/e/SyncData/paper2_main/datasets/UFireIndoorFull/test/test_firesmoke/VSD3__lb_mixed_firesmoke__video5.mp4;none;/mnt/e/SyncData/paper2_main/zout/reports/baseline_vs_accMotion/1GPU_SV__ds_UFireIndoorTest__mt_temp_method_motion_block__e1ccb7b889a0__20260401.144240;none;/mnt/e/SyncData/paper2_main/zout/reports/baseline_vs_accMotion/MainPC__ds_UFireIndoorTest__mt_no_temp_method__af4b0d32a3d2__20260330.205208
VSD3__lb_mixed_firesmoke__video5.mp4;1287;9018;fire_smoke;/mnt/e/SyncData/paper2_main/datasets/UFireIndoorFull/test/test_firesmoke/VSD3__lb_mixed_firesmoke__video5.mp4;none;/mnt/e/SyncData/paper2_main/zout/reports/baseline_vs_accMotion/1GPU_SV__ds_UFireIndoorTest__mt_temp_method_motion_block__e1ccb7b889a0__20260401.144240;none;/mnt/e/SyncData/paper2_main/zout/reports/baseline_vs_accMotion/MainPC__ds_UFireIndoorTest__mt_no_temp_method__af4b0d32a3d2__20260330.205208
VSD3__lb_mixed_firesmoke__video5.mp4;1288;9018;fire_smoke;/mnt/e/SyncData/paper2_main/datasets/UFireIndoorFull/test/test_firesmoke/VSD3__lb_mixed_firesmoke__video5.mp4;none;/mnt/e/SyncData/paper2_main/zout/reports/baseline_vs_accMotion/1GPU_SV__ds_UFireIndoorTest__mt_temp_method_motion_block__e1ccb7b889a0__20260401.144240;none;/mnt/e/SyncData/paper2_main/zout/reports/baseline_vs_accMotion/MainPC__ds_UFireIndoorTest__mt_no_temp_method__af4b0d32a3d2__20260330.205208
VSD3__lb_mixed_firesmoke__video5.mp4;1289;9018;fire_smoke;/mnt/e/SyncData/paper2_main/datasets/UFireIndoorFull/test/test_firesmoke/VSD3__lb_mixed_firesmoke__video5.mp4;none;/mnt/e/SyncData/paper2_main/zout/reports/baseline_vs_accMotion/1GPU_SV__ds_UFireIndoorTest__mt_temp_method_motion_block__e1ccb7b889a0__20260401.144240;none;/mnt/e/SyncData/paper2_main/zout/reports/baseline_vs_accMotion/MainPC__ds_UFireIndoorTest__mt_no_temp_method__af4b0d32a3d2__20260330.205208
VSD3__lb_mixed_firesmoke__video5.mp4;1290;9018;fire_smoke;/mnt/e/SyncData/paper2_main/datasets/UFireIndoorFull/test/test_firesmoke/VSD3__lb_mixed_firesmoke__video5.mp4;none;/mnt/e/SyncData/paper2_main/zout/reports/baseline_vs_accMotion/1GPU_SV__ds_UFireIndoorTest__mt_temp_method_motion_block__e1ccb7b889a0__20260401.144240;none;/mnt/e/SyncData/paper2_main/zout/reports/baseline_vs_accMotion/MainPC__ds_UFireIndoorTest__mt_no_temp_method__af4b0d32a3d2__20260330.205208
VSD3__lb_mixed_firesmoke__video5.mp4;1291;9018;fire_smoke;/mnt/e/SyncData/paper2_main/datasets/UFireIndoorFull/test/test_firesmoke/VSD3__lb_mixed_firesmoke__video5.mp4;none;/mnt/e/SyncData/paper2_main/zout/reports/baseline_vs_accMotion/1GPU_SV__ds_UFireIndoorTest__mt_temp_method_motion_block__e1ccb7b889a0__20260401.144240;none;/mnt/e/SyncData/paper2_main/zout/reports/baseline_vs_accMotion/MainPC__ds_UFireIndoorTest__mt_no_temp_method__af4b0d32a3d2__20260330.205208
VSD3__lb_mixed_firesmoke__video5.mp4;1292;9018;fire_smoke;/mnt/e/SyncData/paper2_main/datasets/UFireIndoorFull/test/test_firesmoke/VSD3__lb_mixed_firesmoke__video5.mp4;none;/mnt/e/SyncData/paper2_main/zout/reports/baseline_vs_accMotion/1GPU_SV__ds_UFireIndoorTest__mt_temp_method_motion_block__e1ccb7b889a0__20260401.144240;none;/mnt/e/SyncData/paper2_main/zout/reports/baseline_vs_accMotion/MainPC__ds_UFireIndoorTest__mt_no_temp_method__af4b0d32a3d2__20260330.205208
VSD3__lb_mixed_firesmoke__video5.mp4;1293;9018;fire_smoke;/mnt/e/SyncData/paper2_main/datasets/UFireIndoorFull/test/test_firesmoke/VSD3__lb_mixed_firesmoke__video5.mp4;none;/mnt/e/SyncData/paper2_main/zout/reports/baseline_vs_accMotion/1GPU_SV__ds_UFireIndoorTest__mt_temp_method_motion_block__e1ccb7b889a0__20260401.144240;none;/mnt/e/SyncData/paper2_main/zout/reports/baseline_vs_accMotion/MainPC__ds_UFireIndoorTest__mt_no_temp_method__af4b0d32a3d2__20260330.205208
VSD3__lb_mixed_firesmoke__video5.mp4;1294;9018;fire_smoke;/mnt/e/SyncData/paper2_main/datasets/UFireIndoorFull/test/test_firesmoke/VSD3__lb_mixed_firesmoke__video5.mp4;none;/mnt/e/SyncData/paper2_main/zout/reports/baseline_vs_accMotion/1GPU_SV__ds_UFireIndoorTest__mt_temp_method_motion_block__e1ccb7b889a0__20260401.144240;none;/mnt/e/SyncData/paper2_main/zout/reports/baseline_vs_accMotion/MainPC__ds_UFireIndoorTest__mt_no_temp_method__af4b0d32a3d2__20260330.205208
VSD3__lb_mixed_firesmoke__video5.mp4;1295;9018;fire_smoke;/mnt/e/SyncData/paper2_main/datasets/UFireIndoorFull/test/test_firesmoke/VSD3__lb_mixed_firesmoke__video5.mp4;none;/mnt/e/SyncData/paper2_main/zout/reports/baseline_vs_accMotion/1GPU_SV__ds_UFireIndoorTest__mt_temp_method_motion_block__e1ccb7b889a0__20260401.144240;none;/mnt/e/SyncData/paper2_main/zout/reports/baseline_vs_accMotion/MainPC__ds_UFireIndoorTest__mt_no_temp_method__af4b0d32a3d2__20260330.205208
VSD3__lb_mixed_firesmoke__video5.mp4;1296;9018;fire_smoke;/mnt/e/SyncData/paper2_main/datasets/UFireIndoorFull/test/test_firesmoke/VSD3__lb_mixed_firesmoke__video5.mp4;none;/mnt/e/SyncData/paper2_main/zout/reports/baseline_vs_accMotion/1GPU_SV__ds_UFireIndoorTest__mt_temp_method_motion_block__e1ccb7b889a0__20260401.144240;none;/mnt/e/SyncData/paper2_main/zout/reports/baseline_vs_accMotion/MainPC__ds_UFireIndoorTest__mt_no_temp_method__af4b0d32a3d2__20260330.205208
VSD3__lb_mixed_firesmoke__video5.mp4;1297;9018;fire_smoke;/mnt/e/SyncData/paper2_main/datasets/UFireIndoorFull/test/test_firesmoke/VSD3__lb_mixed_firesmoke__video5.mp4;none;/mnt/e/SyncData/paper2_main/zout/reports/baseline_vs_accMotion/1GPU_SV__ds_UFireIndoorTest__mt_temp_method_motion_block__e1ccb7b889a0__20260401.144240;none;/mnt/e/SyncData/paper2_main/zout/reports/baseline_vs_accMotion/MainPC__ds_UFireIndoorTest__mt_no_temp_method__af4b0d32a3d2__20260330.205208
VSD3__lb_mixed_firesmoke__video5.mp4;1298;9018;fire_smoke;/mnt/e/SyncData/paper2_main/datasets/UFireIndoorFull/test/test_firesmoke/VSD3__lb_mixed_firesmoke__video5.mp4;none;/mnt/e/SyncData/paper2_main/zout/reports/baseline_vs_accMotion/1GPU_SV__ds_UFireIndoorTest__mt_temp_method_motion_block__e1ccb7b889a0__20260401.144240;none;/mnt/e/SyncData/paper2_main/zout/reports/baseline_vs_accMotion/MainPC__ds_UFireIndoorTest__mt_no_temp_method__af4b0d32a3d2__20260330.205208
VSD3__lb_mixed_firesmoke__video5.mp4;1299;9018;fire_smoke;/mnt/e/SyncData/paper2_main/datasets/UFireIndoorFull/test/test_firesmoke/VSD3__lb_mixed_firesmoke__video5.mp4;none;/mnt/e/SyncData/paper2_main/zout/reports/baseline_vs_accMotion/1GPU_SV__ds_UFireIndoorTest__mt_temp_method_motion_block__e1ccb7b889a0__20260401.144240;none;/mnt/e/SyncData/paper2_main/zout/reports/baseline_vs_accMotion/MainPC__ds_UFireIndoorTest__mt_no_temp_method__af4b0d32a3d2__20260330.205208
VSD3__lb_mixed_firesmoke__video5.mp4;1300;9018;fire_smoke;/mnt/e/SyncData/paper2_main/datasets/UFireIndoorFull/test/test_firesmoke/VSD3__lb_mixed_firesmoke__video5.mp4;none;/mnt/e/SyncData/paper2_main/zout/reports/baseline_vs_accMotion/1GPU_SV__ds_UFireIndoorTest__mt_temp_method_motion_block__e1ccb7b889a0__20260401.144240;none;/mnt/e/SyncData/paper2_main/zout/reports/baseline_vs_accMotion/MainPC__ds_UFireIndoorTest__mt_no_temp_method__af4b0d32a3d2__20260330.205208
VSD3__lb_mixed_firesmoke__video5.mp4;1301;9018;fire_smoke;/mnt/e/SyncData/paper2_main/datasets/UFireIndoorFull/test/test_firesmoke/VSD3__lb_mixed_firesmoke__video5.mp4;none;/mnt/e/SyncData/paper2_main/zout/reports/baseline_vs_accMotion/1GPU_SV__ds_UFireIndoorTest__mt_temp_method_motion_block__e1ccb7b889a0__20260401.144240;none;/mnt/e/SyncData/paper2_main/zout/reports/baseline_vs_accMotion/MainPC__ds_UFireIndoorTest__mt_no_temp_method__af4b0d32a3d2__20260330.205208
VSD3__lb_mixed_firesmoke__video5.mp4;1302;9018;fire_smoke;/mnt/e/SyncData/paper2_main/datasets/UFireIndoorFull/test/test_firesmoke/VSD3__lb_mixed_firesmoke__video5.mp4;none;/mnt/e/SyncData/paper2_main/zout/reports/baseline_vs_accMotion/1GPU_SV__ds_UFireIndoorTest__mt_temp_method_motion_block__e1ccb7b889a0__20260401.144240;none;/mnt/e/SyncData/paper2_main/zout/reports/baseline_vs_accMotion/MainPC__ds_UFireIndoorTest__mt_no_temp_method__af4b0d32a3d2__20260330.205208
VSD3__lb_mixed_firesmoke__video5.mp4;1303;9018;fire_smoke;/mnt/e/SyncData/paper2_main/datasets/UFireIndoorFull/test/test_firesmoke/VSD3__lb_mixed_firesmoke__video5.mp4;none;/mnt/e/SyncData/paper2_main/zout/reports/baseline_vs_accMotion/1GPU_SV__ds_UFireIndoorTest__mt_temp_method_motion_block__e1ccb7b889a0__20260401.144240;none;/mnt/e/SyncData/paper2_main/zout/reports/baseline_vs_accMotion/MainPC__ds_UFireIndoorTest__mt_no_temp_method__af4b0d32a3d2__20260330.205208
VSD3__lb_mixed_firesmoke__video5.mp4;1304;9018;fire_smoke;/mnt/e/SyncData/paper2_main/datasets/UFireIndoorFull/test/test_firesmoke/VSD3__lb_mixed_firesmoke__video5.mp4;none;/mnt/e/SyncData/paper2_main/zout/reports/baseline_vs_accMotion/1GPU_SV__ds_UFireIndoorTest__mt_temp_method_motion_block__e1ccb7b889a0__20260401.144240;none;/mnt/e/SyncData/paper2_main/zout/reports/baseline_vs_accMotion/MainPC__ds_UFireIndoorTest__mt_no_temp_method__af4b0d32a3d2__20260330.205208
VSD3__lb_mixed_firesmoke__video5.mp4;1305;9018;fire_smoke;/mnt/e/SyncData/paper2_main/datasets/UFireIndoorFull/test/test_firesmoke/VSD3__lb_mixed_firesmoke__video5.mp4;none;/mnt/e/SyncData/paper2_main/zout/reports/baseline_vs_accMotion/1GPU_SV__ds_UFireIndoorTest__mt_temp_method_motion_block__e1ccb7b889a0__20260401.144240;none;/mnt/e/SyncData/paper2_main/zout/reports/baseline_vs_accMotion/MainPC__ds_UFireIndoorTest__mt_no_temp_method__af4b0d32a3d2__20260330.205208
VSD3__lb_mixed_firesmoke__video5.mp4;1306;9018;fire_smoke;/mnt/e/SyncData/paper2_main/datasets/UFireIndoorFull/test/test_firesmoke/VSD3__lb_mixed_firesmoke__video5.mp4;none;/mnt/e/SyncData/paper2_main/zout/reports/baseline_vs_accMotion/1GPU_SV__ds_UFireIndoorTest__mt_temp_method_motion_block__e1ccb7b889a0__20260401.144240;none;/mnt/e/SyncData/paper2_main/zout/reports/baseline_vs_accMotion/MainPC__ds_UFireIndoorTest__mt_no_temp_method__af4b0d32a3d2__20260330.205208
VSD3__lb_mixed_firesmoke__video5.mp4;1307;9018;fire_smoke;/mnt/e/SyncData/paper2_main/datasets/UFireIndoorFull/test/test_firesmoke/VSD3__lb_mixed_firesmoke__video5.mp4;none;/mnt/e/SyncData/paper2_main/zout/reports/baseline_vs_accMotion/1GPU_SV__ds_UFireIndoorTest__mt_temp_method_motion_block__e1ccb7b889a0__20260401.144240;none;/mnt/e/SyncData/paper2_main/zout/reports/baseline_vs_accMotion/MainPC__ds_UFireIndoorTest__mt_no_temp_method__af4b0d32a3d2__20260330.205208
VSD3__lb_mixed_firesmoke__video5.mp4;1308;9018;fire_smoke;/mnt/e/SyncData/paper2_main/datasets/UFireIndoorFull/test/test_firesmoke/VSD3__lb_mixed_firesmoke__video5.mp4;none;/mnt/e/SyncData/paper2_main/zout/reports/baseline_vs_accMotion/1GPU_SV__ds_UFireIndoorTest__mt_temp_method_motion_block__e1ccb7b889a0__20260401.144240;none;/mnt/e/SyncData/paper2_main/zout/reports/baseline_vs_accMotion/MainPC__ds_UFireIndoorTest__mt_no_temp_method__af4b0d32a3d2__20260330.205208
VSD3__lb_mixed_firesmoke__video5.mp4;1309;9018;fire_smoke;/mnt/e/SyncData/paper2_main/datasets/UFireIndoorFull/test/test_firesmoke/VSD3__lb_mixed_firesmoke__video5.mp4;none;/mnt/e/SyncData/paper2_main/zout/reports/baseline_vs_accMotion/1GPU_SV__ds_UFireIndoorTest__mt_temp_method_motion_block__e1ccb7b889a0__20260401.144240;none;/mnt/e/SyncData/paper2_main/zout/reports/baseline_vs_accMotion/MainPC__ds_UFireIndoorTest__mt_no_temp_method__af4b0d32a3d2__20260330.205208
VSD3__lb_mixed_firesmoke__video5.mp4;1310;9018;fire_smoke;/mnt/e/SyncData/paper2_main/datasets/UFireIndoorFull/test/test_firesmoke/VSD3__lb_mixed_firesmoke__video5.mp4;none;/mnt/e/SyncData/paper2_main/zout/reports/baseline_vs_accMotion/1GPU_SV__ds_UFireIndoorTest__mt_temp_method_motion_block__e1ccb7b889a0__20260401.144240;none;/mnt/e/SyncData/paper2_main/zout/reports/baseline_vs_accMotion/MainPC__ds_UFireIndoorTest__mt_no_temp_method__af4b0d32a3d2__20260330.205208
VSD3__lb_mixed_firesmoke__video5.mp4;1311;9018;fire_smoke;/mnt/e/SyncData/paper2_main/datasets/UFireIndoorFull/test/test_firesmoke/VSD3__lb_mixed_firesmoke__video5.mp4;none;/mnt/e/SyncData/paper2_main/zout/reports/baseline_vs_accMotion/1GPU_SV__ds_UFireIndoorTest__mt_temp_method_motion_block__e1ccb7b889a0__20260401.144240;none;/mnt/e/SyncData/paper2_main/zout/reports/baseline_vs_accMotion/MainPC__ds_UFireIndoorTest__mt_no_temp_method__af4b0d32a3d2__20260330.205208
VSD3__lb_mixed_firesmoke__video5.mp4;1312;9018;fire_smoke;/mnt/e/SyncData/paper2_main/datasets/UFireIndoorFull/test/test_firesmoke/VSD3__lb_mixed_firesmoke__video5.mp4;none;/mnt/e/SyncData/paper2_main/zout/reports/baseline_vs_accMotion/1GPU_SV__ds_UFireIndoorTest__mt_temp_method_motion_block__e1ccb7b889a0__20260401.144240;none;/mnt/e/SyncData/paper2_main/zout/reports/baseline_vs_accMotion/MainPC__ds_UFireIndoorTest__mt_no_temp_method__af4b0d32a3d2__20260330.205208
VSD3__lb_mixed_firesmoke__video5.mp4;1313;9018;fire_smoke;/mnt/e/SyncData/paper2_main/datasets/UFireIndoorFull/test/test_firesmoke/VSD3__lb_mixed_firesmoke__video5.mp4;none;/mnt/e/SyncData/paper2_main/zout/reports/baseline_vs_accMotion/1GPU_SV__ds_UFireIndoorTest__mt_temp_method_motion_block__e1ccb7b889a0__20260401.144240;none;/mnt/e/SyncData/paper2_main/zout/reports/baseline_vs_accMotion/MainPC__ds_UFireIndoorTest__mt_no_temp_method__af4b0d32a3d2__20260330.205208
VSD3__lb_mixed_firesmoke__video5.mp4;1314;9018;fire_smoke;/mnt/e/SyncData/paper2_main/datasets/UFireIndoorFull/test/test_firesmoke/VSD3__lb_mixed_firesmoke__video5.mp4;none;/mnt/e/SyncData/paper2_main/zout/reports/baseline_vs_accMotion/1GPU_SV__ds_UFireIndoorTest__mt_temp_method_motion_block__e1ccb7b889a0__20260401.144240;none;/mnt/e/SyncData/paper2_main/zout/reports/baseline_vs_accMotion/MainPC__ds_UFireIndoorTest__mt_no_temp_method__af4b0d32a3d2__20260330.205208
VSD3__lb_mixed_firesmoke__video5.mp4;1315;9018;fire_smoke;/mnt/e/SyncData/paper2_main/datasets/UFireIndoorFull/test/test_firesmoke/VSD3__lb_mixed_firesmoke__video5.mp4;none;/mnt/e/SyncData/paper2_main/zout/reports/baseline_vs_accMotion/1GPU_SV__ds_UFireIndoorTest__mt_temp_method_motion_block__e1ccb7b889a0__20260401.144240;none;/mnt/e/SyncData/paper2_main/zout/reports/baseline_vs_accMotion/MainPC__ds_UFireIndoorTest__mt_no_temp_method__af4b0d32a3d2__20260330.205208
VSD3__lb_mixed_firesmoke__video5.mp4;1316;9018;fire_smoke;/mnt/e/SyncData/paper2_main/datasets/UFireIndoorFull/test/test_firesmoke/VSD3__lb_mixed_firesmoke__video5.mp4;none;/mnt/e/SyncData/paper2_main/zout/reports/baseline_vs_accMotion/1GPU_SV__ds_UFireIndoorTest__mt_temp_method_motion_block__e1ccb7b889a0__20260401.144240;none;/mnt/e/SyncData/paper2_main/zout/reports/baseline_vs_accMotion/MainPC__ds_UFireIndoorTest__mt_no_temp_method__af4b0d32a3d2__20260330.205208
VSD3__lb_mixed_firesmoke__video5.mp4;1317;9018;fire_smoke;/mnt/e/SyncData/paper2_main/datasets/UFireIndoorFull/test/test_firesmoke/VSD3__lb_mixed_firesmoke__video5.mp4;none;/mnt/e/SyncData/paper2_main/zout/reports/baseline_vs_accMotion/1GPU_SV__ds_UFireIndoorTest__mt_temp_method_motion_block__e1ccb7b889a0__20260401.144240;none;/mnt/e/SyncData/paper2_main/zout/reports/baseline_vs_accMotion/MainPC__ds_UFireIndoorTest__mt_no_temp_method__af4b0d32a3d2__20260330.205208
VSD3__lb_mixed_firesmoke__video5.mp4;1318;9018;fire_smoke;/mnt/e/SyncData/paper2_main/datasets/UFireIndoorFull/test/test_firesmoke/VSD3__lb_mixed_firesmoke__video5.mp4;none;/mnt/e/SyncData/paper2_main/zout/reports/baseline_vs_accMotion/1GPU_SV__ds_UFireIndoorTest__mt_temp_method_motion_block__e1ccb7b889a0__20260401.144240;none;/mnt/e/SyncData/paper2_main/zout/reports/baseline_vs_accMotion/MainPC__ds_UFireIndoorTest__mt_no_temp_method__af4b0d32a3d2__20260330.205208
VSD3__lb_mixed_firesmoke__video5.mp4;1319;9018;fire_smoke;/mnt/e/SyncData/paper2_main/datasets/UFireIndoorFull/test/test_firesmoke/VSD3__lb_mixed_firesmoke__video5.mp4;none;/mnt/e/SyncData/paper2_main/zout/reports/baseline_vs_accMotion/1GPU_SV__ds_UFireIndoorTest__mt_temp_method_motion_block__e1ccb7b889a0__20260401.144240;none;/mnt/e/SyncData/paper2_main/zout/reports/baseline_vs_accMotion/MainPC__ds_UFireIndoorTest__mt_no_temp_method__af4b0d32a3d2__20260330.205208
VSD3__lb_mixed_firesmoke__video5.mp4;1320;9018;fire_smoke;/mnt/e/SyncData/paper2_main/datasets/UFireIndoorFull/test/test_firesmoke/VSD3__lb_mixed_firesmoke__video5.mp4;none;/mnt/e/SyncData/paper2_main/zout/reports/baseline_vs_accMotion/1GPU_SV__ds_UFireIndoorTest__mt_temp_method_motion_block__e1ccb7b889a0__20260401.144240;none;/mnt/e/SyncData/paper2_main/zout/reports/baseline_vs_accMotion/MainPC__ds_UFireIndoorTest__mt_no_temp_method__af4b0d32a3d2__20260330.205208
VSD3__lb_mixed_firesmoke__video5.mp4;1321;9018;fire_smoke;/mnt/e/SyncData/paper2_main/datasets/UFireIndoorFull/test/test_firesmoke/VSD3__lb_mixed_firesmoke__video5.mp4;none;/mnt/e/SyncData/paper2_main/zout/reports/baseline_vs_accMotion/1GPU_SV__ds_UFireIndoorTest__mt_temp_method_motion_block__e1ccb7b889a0__20260401.144240;none;/mnt/e/SyncData/paper2_main/zout/reports/baseline_vs_accMotion/MainPC__ds_UFireIndoorTest__mt_no_temp_method__af4b0d32a3d2__20260330.205208
VSD3__lb_mixed_firesmoke__video5.mp4;1322;9018;fire_smoke;/mnt/e/SyncData/paper2_main/datasets/UFireIndoorFull/test/test_firesmoke/VSD3__lb_mixed_firesmoke__video5.mp4;none;/mnt/e/SyncData/paper2_main/zout/reports/baseline_vs_accMotion/1GPU_SV__ds_UFireIndoorTest__mt_temp_method_motion_block__e1ccb7b889a0__20260401.144240;none;/mnt/e/SyncData/paper2_main/zout/reports/baseline_vs_accMotion/MainPC__ds_UFireIndoorTest__mt_no_temp_method__af4b0d32a3d2__20260330.205208
VSD3__lb_mixed_firesmoke__video5.mp4;1323;9018;fire_smoke;/mnt/e/SyncData/paper2_main/datasets/UFireIndoorFull/test/test_firesmoke/VSD3__lb_mixed_firesmoke__video5.mp4;none;/mnt/e/SyncData/paper2_main/zout/reports/baseline_vs_accMotion/1GPU_SV__ds_UFireIndoorTest__mt_temp_method_motion_block__e1ccb7b889a0__20260401.144240;none;/mnt/e/SyncData/paper2_main/zout/reports/baseline_vs_accMotion/MainPC__ds_UFireIndoorTest__mt_no_temp_method__af4b0d32a3d2__20260330.205208
VSD3__lb_mixed_firesmoke__video5.mp4;1324;9018;fire_smoke;/mnt/e/SyncData/paper2_main/datasets/UFireIndoorFull/test/test_firesmoke/VSD3__lb_mixed_firesmoke__video5.mp4;none;/mnt/e/SyncData/paper2_main/zout/reports/baseline_vs_accMotion/1GPU_SV__ds_UFireIndoorTest__mt_temp_method_motion_block__e1ccb7b889a0__20260401.144240;none;/mnt/e/SyncData/paper2_main/zout/reports/baseline_vs_accMotion/MainPC__ds_UFireIndoorTest__mt_no_temp_method__af4b0d32a3d2__20260330.205208
VSD3__lb_mixed_firesmoke__video5.mp4;1325;9018;fire_smoke;/mnt/e/SyncData/paper2_main/datasets/UFireIndoorFull/test/test_firesmoke/VSD3__lb_mixed_firesmoke__video5.mp4;none;/mnt/e/SyncData/paper2_main/zout/reports/baseline_vs_accMotion/1GPU_SV__ds_UFireIndoorTest__mt_temp_method_motion_block__e1ccb7b889a0__20260401.144240;none;/mnt/e/SyncData/paper2_main/zout/reports/baseline_vs_accMotion/MainPC__ds_UFireIndoorTest__mt_no_temp_method__af4b0d32a3d2__20260330.205208
VSD3__lb_mixed_firesmoke__video5.mp4;1326;9018;fire_smoke;/mnt/e/SyncData/paper2_main/datasets/UFireIndoorFull/test/test_firesmoke/VSD3__lb_mixed_firesmoke__video5.mp4;none;/mnt/e/SyncData/paper2_main/zout/reports/baseline_vs_accMotion/1GPU_SV__ds_UFireIndoorTest__mt_temp_method_motion_block__e1ccb7b889a0__20260401.144240;none;/mnt/e/SyncData/paper2_main/zout/reports/baseline_vs_accMotion/MainPC__ds_UFireIndoorTest__mt_no_temp_method__af4b0d32a3d2__20260330.205208
VSD3__lb_mixed_firesmoke__video5.mp4;1327;9018;fire_smoke;/mnt/e/SyncData/paper2_main/datasets/UFireIndoorFull/test/test_firesmoke/VSD3__lb_mixed_firesmoke__video5.mp4;none;/mnt/e/SyncData/paper2_main/zout/reports/baseline_vs_accMotion/1GPU_SV__ds_UFireIndoorTest__mt_temp_method_motion_block__e1ccb7b889a0__20260401.144240;none;/mnt/e/SyncData/paper2_main/zout/reports/baseline_vs_accMotion/MainPC__ds_UFireIndoorTest__mt_no_temp_method__af4b0d32a3d2__20260330.205208
VSD3__lb_mixed_firesmoke__video5.mp4;1328;9018;fire_smoke;/mnt/e/SyncData/paper2_main/datasets/UFireIndoorFull/test/test_firesmoke/VSD3__lb_mixed_firesmoke__video5.mp4;none;/mnt/e/SyncData/paper2_main/zout/reports/baseline_vs_accMotion/1GPU_SV__ds_UFireIndoorTest__mt_temp_method_motion_block__e1ccb7b889a0__20260401.144240;none;/mnt/e/SyncData/paper2_main/zout/reports/baseline_vs_accMotion/MainPC__ds_UFireIndoorTest__mt_no_temp_method__af4b0d32a3d2__20260330.205208
VSD3__lb_mixed_firesmoke__video5.mp4;1329;9018;fire_smoke;/mnt/e/SyncData/paper2_main/datasets/UFireIndoorFull/test/test_firesmoke/VSD3__lb_mixed_firesmoke__video5.mp4;none;/mnt/e/SyncData/paper2_main/zout/reports/baseline_vs_accMotion/1GPU_SV__ds_UFireIndoorTest__mt_temp_method_motion_block__e1ccb7b889a0__20260401.144240;none;/mnt/e/SyncData/paper2_main/zout/reports/baseline_vs_accMotion/MainPC__ds_UFireIndoorTest__mt_no_temp_method__af4b0d32a3d2__20260330.205208
VSD3__lb_mixed_firesmoke__video5.mp4;1330;9018;fire_smoke;/mnt/e/SyncData/paper2_main/datasets/UFireIndoorFull/test/test_firesmoke/VSD3__lb_mixed_firesmoke__video5.mp4;none;/mnt/e/SyncData/paper2_main/zout/reports/baseline_vs_accMotion/1GPU_SV__ds_UFireIndoorTest__mt_temp_method_motion_block__e1ccb7b889a0__20260401.144240;none;/mnt/e/SyncData/paper2_main/zout/reports/baseline_vs_accMotion/MainPC__ds_UFireIndoorTest__mt_no_temp_method__af4b0d32a3d2__20260330.205208
VSD3__lb_mixed_firesmoke__video5.mp4;1331;9018;fire_smoke;/mnt/e/SyncData/paper2_main/datasets/UFireIndoorFull/test/test_firesmoke/VSD3__lb_mixed_firesmoke__video5.mp4;none;/mnt/e/SyncData/paper2_main/zout/reports/baseline_vs_accMotion/1GPU_SV__ds_UFireIndoorTest__mt_temp_method_motion_block__e1ccb7b889a0__20260401.144240;none;/mnt/e/SyncData/paper2_main/zout/reports/baseline_vs_accMotion/MainPC__ds_UFireIndoorTest__mt_no_temp_method__af4b0d32a3d2__20260330.205208
VSD3__lb_mixed_firesmoke__video5.mp4;1332;9018;fire_smoke;/mnt/e/SyncData/paper2_main/datasets/UFireIndoorFull/test/test_firesmoke/VSD3__lb_mixed_firesmoke__video5.mp4;none;/mnt/e/SyncData/paper2_main/zout/reports/baseline_vs_accMotion/1GPU_SV__ds_UFireIndoorTest__mt_temp_method_motion_block__e1ccb7b889a0__20260401.144240;none;/mnt/e/SyncData/paper2_main/zout/reports/baseline_vs_accMotion/MainPC__ds_UFireIndoorTest__mt_no_temp_method__af4b0d32a3d2__20260330.205208
VSD3__lb_mixed_firesmoke__video5.mp4;1333;9018;fire_smoke;/mnt/e/SyncData/paper2_main/datasets/UFireIndoorFull/test/test_firesmoke/VSD3__lb_mixed_firesmoke__video5.mp4;none;/mnt/e/SyncData/paper2_main/zout/reports/baseline_vs_accMotion/1GPU_SV__ds_UFireIndoorTest__mt_temp_method_motion_block__e1ccb7b889a0__20260401.144240;none;/mnt/e/SyncData/paper2_main/zout/reports/baseline_vs_accMotion/MainPC__ds_UFireIndoorTest__mt_no_temp_method__af4b0d32a3d2__20260330.205208
VSD3__lb_mixed_firesmoke__video5.mp4;1334;9018;fire_smoke;/mnt/e/SyncData/paper2_main/datasets/UFireIndoorFull/test/test_firesmoke/VSD3__lb_mixed_firesmoke__video5.mp4;none;/mnt/e/SyncData/paper2_main/zout/reports/baseline_vs_accMotion/1GPU_SV__ds_UFireIndoorTest__mt_temp_method_motion_block__e1ccb7b889a0__20260401.144240;none;/mnt/e/SyncData/paper2_main/zout/reports/baseline_vs_accMotion/MainPC__ds_UFireIndoorTest__mt_no_temp_method__af4b0d32a3d2__20260330.205208
VSD3__lb_mixed_firesmoke__video5.mp4;1335;9018;fire_smoke;/mnt/e/SyncData/paper2_main/datasets/UFireIndoorFull/test/test_firesmoke/VSD3__lb_mixed_firesmoke__video5.mp4;none;/mnt/e/SyncData/paper2_main/zout/reports/baseline_vs_accMotion/1GPU_SV__ds_UFireIndoorTest__mt_temp_method_motion_block__e1ccb7b889a0__20260401.144240;none;/mnt/e/SyncData/paper2_main/zout/reports/baseline_vs_accMotion/MainPC__ds_UFireIndoorTest__mt_no_temp_method__af4b0d32a3d2__20260330.205208
VSD3__lb_mixed_firesmoke__video5.mp4;1336;9018;fire_smoke;/mnt/e/SyncData/paper2_main/datasets/UFireIndoorFull/test/test_firesmoke/VSD3__lb_mixed_firesmoke__video5.mp4;none;/mnt/e/SyncData/paper2_main/zout/reports/baseline_vs_accMotion/1GPU_SV__ds_UFireIndoorTest__mt_temp_method_motion_block__e1ccb7b889a0__20260401.144240;none;/mnt/e/SyncData/paper2_main/zout/reports/baseline_vs_accMotion/MainPC__ds_UFireIndoorTest__mt_no_temp_method__af4b0d32a3d2__20260330.205208
VSD3__lb_mixed_firesmoke__video5.mp4;1337;9018;fire_smoke;/mnt/e/SyncData/paper2_main/datasets/UFireIndoorFull/test/test_firesmoke/VSD3__lb_mixed_firesmoke__video5.mp4;none;/mnt/e/SyncData/paper2_main/zout/reports/baseline_vs_accMotion/1GPU_SV__ds_UFireIndoorTest__mt_temp_method_motion_block__e1ccb7b889a0__20260401.144240;none;/mnt/e/SyncData/paper2_main/zout/reports/baseline_vs_accMotion/MainPC__ds_UFireIndoorTest__mt_no_temp_method__af4b0d32a3d2__20260330.205208
VSD3__lb_mixed_firesmoke__video5.mp4;1338;9018;fire_smoke;/mnt/e/SyncData/paper2_main/datasets/UFireIndoorFull/test/test_firesmoke/VSD3__lb_mixed_firesmoke__video5.mp4;none;/mnt/e/SyncData/paper2_main/zout/reports/baseline_vs_accMotion/1GPU_SV__ds_UFireIndoorTest__mt_temp_method_motion_block__e1ccb7b889a0__20260401.144240;none;/mnt/e/SyncData/paper2_main/zout/reports/baseline_vs_accMotion/MainPC__ds_UFireIndoorTest__mt_no_temp_method__af4b0d32a3d2__20260330.205208
VSD3__lb_mixed_firesmoke__video5.mp4;1339;9018;fire_smoke;/mnt/e/SyncData/paper2_main/datasets/UFireIndoorFull/test/test_firesmoke/VSD3__lb_mixed_firesmoke__video5.mp4;none;/mnt/e/SyncData/paper2_main/zout/reports/baseline_vs_accMotion/1GPU_SV__ds_UFireIndoorTest__mt_temp_method_motion_block__e1ccb7b889a0__20260401.144240;none;/mnt/e/SyncData/paper2_main/zout/reports/baseline_vs_accMotion/MainPC__ds_UFireIndoorTest__mt_no_temp_method__af4b0d32a3d2__20260330.205208
VSD3__lb_mixed_firesmoke__video5.mp4;1340;9018;fire_smoke;/mnt/e/SyncData/paper2_main/datasets/UFireIndoorFull/test/test_firesmoke/VSD3__lb_mixed_firesmoke__video5.mp4;none;/mnt/e/SyncData/paper2_main/zout/reports/baseline_vs_accMotion/1GPU_SV__ds_UFireIndoorTest__mt_temp_method_motion_block__e1ccb7b889a0__20260401.144240;none;/mnt/e/SyncData/paper2_main/zout/reports/baseline_vs_accMotion/MainPC__ds_UFireIndoorTest__mt_no_temp_method__af4b0d32a3d2__20260330.205208
VSD3__lb_mixed_firesmoke__video5.mp4;1341;9018;fire_smoke;/mnt/e/SyncData/paper2_main/datasets/UFireIndoorFull/test/test_firesmoke/VSD3__lb_mixed_firesmoke__video5.mp4;none;/mnt/e/SyncData/paper2_main/zout/reports/baseline_vs_accMotion/1GPU_SV__ds_UFireIndoorTest__mt_temp_method_motion_block__e1ccb7b889a0__20260401.144240;none;/mnt/e/SyncData/paper2_main/zout/reports/baseline_vs_accMotion/MainPC__ds_UFireIndoorTest__mt_no_temp_method__af4b0d32a3d2__20260330.205208
VSD3__lb_mixed_firesmoke__video5.mp4;1342;9018;fire_smoke;/mnt/e/SyncData/paper2_main/datasets/UFireIndoorFull/test/test_firesmoke/VSD3__lb_mixed_firesmoke__video5.mp4;none;/mnt/e/SyncData/paper2_main/zout/reports/baseline_vs_accMotion/1GPU_SV__ds_UFireIndoorTest__mt_temp_method_motion_block__e1ccb7b889a0__20260401.144240;none;/mnt/e/SyncData/paper2_main/zout/reports/baseline_vs_accMotion/MainPC__ds_UFireIndoorTest__mt_no_temp_method__af4b0d32a3d2__20260330.205208
VSD3__lb_mixed_firesmoke__video5.mp4;1343;9018;fire_smoke;/mnt/e/SyncData/paper2_main/datasets/UFireIndoorFull/test/test_firesmoke/VSD3__lb_mixed_firesmoke__video5.mp4;none;/mnt/e/SyncData/paper2_main/zout/reports/baseline_vs_accMotion/1GPU_SV__ds_UFireIndoorTest__mt_temp_method_motion_block__e1ccb7b889a0__20260401.144240;none;/mnt/e/SyncData/paper2_main/zout/reports/baseline_vs_accMotion/MainPC__ds_UFireIndoorTest__mt_no_temp_method__af4b0d32a3d2__20260330.205208
VSD3__lb_mixed_firesmoke__video5.mp4;1344;9018;fire_smoke;/mnt/e/SyncData/paper2_main/datasets/UFireIndoorFull/test/test_firesmoke/VSD3__lb_mixed_firesmoke__video5.mp4;none;/mnt/e/SyncData/paper2_main/zout/reports/baseline_vs_accMotion/1GPU_SV__ds_UFireIndoorTest__mt_temp_method_motion_block__e1ccb7b889a0__20260401.144240;none;/mnt/e/SyncData/paper2_main/zout/reports/baseline_vs_accMotion/MainPC__ds_UFireIndoorTest__mt_no_temp_method__af4b0d32a3d2__20260330.205208
VSD3__lb_mixed_firesmoke__video5.mp4;1345;9018;fire_smoke;/mnt/e/SyncData/paper2_main/datasets/UFireIndoorFull/test/test_firesmoke/VSD3__lb_mixed_firesmoke__video5.mp4;none;/mnt/e/SyncData/paper2_main/zout/reports/baseline_vs_accMotion/1GPU_SV__ds_UFireIndoorTest__mt_temp_method_motion_block__e1ccb7b889a0__20260401.144240;none;/mnt/e/SyncData/paper2_main/zout/reports/baseline_vs_accMotion/MainPC__ds_UFireIndoorTest__mt_no_temp_method__af4b0d32a3d2__20260330.205208
VSD3__lb_mixed_firesmoke__video5.mp4;1346;9018;fire_smoke;/mnt/e/SyncData/paper2_main/datasets/UFireIndoorFull/test/test_firesmoke/VSD3__lb_mixed_firesmoke__video5.mp4;none;/mnt/e/SyncData/paper2_main/zout/reports/baseline_vs_accMotion/1GPU_SV__ds_UFireIndoorTest__mt_temp_method_motion_block__e1ccb7b889a0__20260401.144240;none;/mnt/e/SyncData/paper2_main/zout/reports/baseline_vs_accMotion/MainPC__ds_UFireIndoorTest__mt_no_temp_method__af4b0d32a3d2__20260330.205208
VSD3__lb_mixed_firesmoke__video5.mp4;1347;9018;fire_smoke;/mnt/e/SyncData/paper2_main/datasets/UFireIndoorFull/test/test_firesmoke/VSD3__lb_mixed_firesmoke__video5.mp4;none;/mnt/e/SyncData/paper2_main/zout/reports/baseline_vs_accMotion/1GPU_SV__ds_UFireIndoorTest__mt_temp_method_motion_block__e1ccb7b889a0__20260401.144240;none;/mnt/e/SyncData/paper2_main/zout/reports/baseline_vs_accMotion/MainPC__ds_UFireIndoorTest__mt_no_temp_method__af4b0d32a3d2__20260330.205208
VSD3__lb_mixed_firesmoke__video5.mp4;1348;9018;fire_smoke;/mnt/e/SyncData/paper2_main/datasets/UFireIndoorFull/test/test_firesmoke/VSD3__lb_mixed_firesmoke__video5.mp4;none;/mnt/e/SyncData/paper2_main/zout/reports/baseline_vs_accMotion/1GPU_SV__ds_UFireIndoorTest__mt_temp_method_motion_block__e1ccb7b889a0__20260401.144240;none;/mnt/e/SyncData/paper2_main/zout/reports/baseline_vs_accMotion/MainPC__ds_UFireIndoorTest__mt_no_temp_method__af4b0d32a3d2__20260330.205208
VSD3__lb_mixed_firesmoke__video5.mp4;1349;9018;fire_smoke;/mnt/e/SyncData/paper2_main/datasets/UFireIndoorFull/test/test_firesmoke/VSD3__lb_mixed_firesmoke__video5.mp4;none;/mnt/e/SyncData/paper2_main/zout/reports/baseline_vs_accMotion/1GPU_SV__ds_UFireIndoorTest__mt_temp_method_motion_block__e1ccb7b889a0__20260401.144240;none;/mnt/e/SyncData/paper2_main/zout/reports/baseline_vs_accMotion/MainPC__ds_UFireIndoorTest__mt_no_temp_method__af4b0d32a3d2__20260330.205208
VSD3__lb_mixed_firesmoke__video5.mp4;1350;9018;fire_smoke;/mnt/e/SyncData/paper2_main/datasets/UFireIndoorFull/test/test_firesmoke/VSD3__lb_mixed_firesmoke__video5.mp4;none;/mnt/e/SyncData/paper2_main/zout/reports/baseline_vs_accMotion/1GPU_SV__ds_UFireIndoorTest__mt_temp_method_motion_block__e1ccb7b889a0__20260401.144240;none;/mnt/e/SyncData/paper2_main/zout/reports/baseline_vs_accMotion/MainPC__ds_UFireIndoorTest__mt_no_temp_method__af4b0d32a3d2__20260330.205208
VSD3__lb_mixed_firesmoke__video5.mp4;1351;9018;fire_smoke;/mnt/e/SyncData/paper2_main/datasets/UFireIndoorFull/test/test_firesmoke/VSD3__lb_mixed_firesmoke__video5.mp4;none;/mnt/e/SyncData/paper2_main/zout/reports/baseline_vs_accMotion/1GPU_SV__ds_UFireIndoorTest__mt_temp_method_motion_block__e1ccb7b889a0__20260401.144240;none;/mnt/e/SyncData/paper2_main/zout/reports/baseline_vs_accMotion/MainPC__ds_UFireIndoorTest__mt_no_temp_method__af4b0d32a3d2__20260330.205208
VSD3__lb_mixed_firesmoke__video5.mp4;1352;9018;fire_smoke;/mnt/e/SyncData/paper2_main/datasets/UFireIndoorFull/test/test_firesmoke/VSD3__lb_mixed_firesmoke__video5.mp4;none;/mnt/e/SyncData/paper2_main/zout/reports/baseline_vs_accMotion/1GPU_SV__ds_UFireIndoorTest__mt_temp_method_motion_block__e1ccb7b889a0__20260401.144240;none;/mnt/e/SyncData/paper2_main/zout/reports/baseline_vs_accMotion/MainPC__ds_UFireIndoorTest__mt_no_temp_method__af4b0d32a3d2__20260330.205208
VSD3__lb_mixed_firesmoke__video5.mp4;1353;9018;fire_smoke;/mnt/e/SyncData/paper2_main/datasets/UFireIndoorFull/test/test_firesmoke/VSD3__lb_mixed_firesmoke__video5.mp4;none;/mnt/e/SyncData/paper2_main/zout/reports/baseline_vs_accMotion/1GPU_SV__ds_UFireIndoorTest__mt_temp_method_motion_block__e1ccb7b889a0__20260401.144240;none;/mnt/e/SyncData/paper2_main/zout/reports/baseline_vs_accMotion/MainPC__ds_UFireIndoorTest__mt_no_temp_method__af4b0d32a3d2__20260330.205208
VSD3__lb_mixed_firesmoke__video5.mp4;1354;9018;fire_smoke;/mnt/e/SyncData/paper2_main/datasets/UFireIndoorFull/test/test_firesmoke/VSD3__lb_mixed_firesmoke__video5.mp4;none;/mnt/e/SyncData/paper2_main/zout/reports/baseline_vs_accMotion/1GPU_SV__ds_UFireIndoorTest__mt_temp_method_motion_block__e1ccb7b889a0__20260401.144240;none;/mnt/e/SyncData/paper2_main/zout/reports/baseline_vs_accMotion/MainPC__ds_UFireIndoorTest__mt_no_temp_method__af4b0d32a3d2__20260330.205208
VSD3__lb_mixed_firesmoke__video5.mp4;1355;9018;fire_smoke;/mnt/e/SyncData/paper2_main/datasets/UFireIndoorFull/test/test_firesmoke/VSD3__lb_mixed_firesmoke__video5.mp4;none;/mnt/e/SyncData/paper2_main/zout/reports/baseline_vs_accMotion/1GPU_SV__ds_UFireIndoorTest__mt_temp_method_motion_block__e1ccb7b889a0__20260401.144240;none;/mnt/e/SyncData/paper2_main/zout/reports/baseline_vs_accMotion/MainPC__ds_UFireIndoorTest__mt_no_temp_method__af4b0d32a3d2__20260330.205208
VSD3__lb_mixed_firesmoke__video5.mp4;1356;9018;fire_smoke;/mnt/e/SyncData/paper2_main/datasets/UFireIndoorFull/test/test_firesmoke/VSD3__lb_mixed_firesmoke__video5.mp4;none;/mnt/e/SyncData/paper2_main/zout/reports/baseline_vs_accMotion/1GPU_SV__ds_UFireIndoorTest__mt_temp_method_motion_block__e1ccb7b889a0__20260401.144240;none;/mnt/e/SyncData/paper2_main/zout/reports/baseline_vs_accMotion/MainPC__ds_UFireIndoorTest__mt_no_temp_method__af4b0d32a3d2__20260330.205208
VSD3__lb_mixed_firesmoke__video5.mp4;1357;9018;fire_smoke;/mnt/e/SyncData/paper2_main/datasets/UFireIndoorFull/test/test_firesmoke/VSD3__lb_mixed_firesmoke__video5.mp4;none;/mnt/e/SyncData/paper2_main/zout/reports/baseline_vs_accMotion/1GPU_SV__ds_UFireIndoorTest__mt_temp_method_motion_block__e1ccb7b889a0__20260401.144240;none;/mnt/e/SyncData/paper2_main/zout/reports/baseline_vs_accMotion/MainPC__ds_UFireIndoorTest__mt_no_temp_method__af4b0d32a3d2__20260330.205208
VSD3__lb_mixed_firesmoke__video5.mp4;1358;9018;fire_smoke;/mnt/e/SyncData/paper2_main/datasets/UFireIndoorFull/test/test_firesmoke/VSD3__lb_mixed_firesmoke__video5.mp4;none;/mnt/e/SyncData/paper2_main/zout/reports/baseline_vs_accMotion/1GPU_SV__ds_UFireIndoorTest__mt_temp_method_motion_block__e1ccb7b889a0__20260401.144240;none;/mnt/e/SyncData/paper2_main/zout/reports/baseline_vs_accMotion/MainPC__ds_UFireIndoorTest__mt_no_temp_method__af4b0d32a3d2__20260330.205208
VSD3__lb_mixed_firesmoke__video5.mp4;1359;9018;fire_smoke;/mnt/e/SyncData/paper2_main/datasets/UFireIndoorFull/test/test_firesmoke/VSD3__lb_mixed_firesmoke__video5.mp4;none;/mnt/e/SyncData/paper2_main/zout/reports/baseline_vs_accMotion/1GPU_SV__ds_UFireIndoorTest__mt_temp_method_motion_block__e1ccb7b889a0__20260401.144240;none;/mnt/e/SyncData/paper2_main/zout/reports/baseline_vs_accMotion/MainPC__ds_UFireIndoorTest__mt_no_temp_method__af4b0d32a3d2__20260330.205208
VSD3__lb_mixed_firesmoke__video5.mp4;1360;9018;fire_smoke;/mnt/e/SyncData/paper2_main/datasets/UFireIndoorFull/test/test_firesmoke/VSD3__lb_mixed_firesmoke__video5.mp4;none;/mnt/e/SyncData/paper2_main/zout/reports/baseline_vs_accMotion/1GPU_SV__ds_UFireIndoorTest__mt_temp_method_motion_block__e1ccb7b889a0__20260401.144240;none;/mnt/e/SyncData/paper2_main/zout/reports/baseline_vs_accMotion/MainPC__ds_UFireIndoorTest__mt_no_temp_method__af4b0d32a3d2__20260330.205208
VSD3__lb_mixed_firesmoke__video5.mp4;1361;9018;fire_smoke;/mnt/e/SyncData/paper2_main/datasets/UFireIndoorFull/test/test_firesmoke/VSD3__lb_mixed_firesmoke__video5.mp4;none;/mnt/e/SyncData/paper2_main/zout/reports/baseline_vs_accMotion/1GPU_SV__ds_UFireIndoorTest__mt_temp_method_motion_block__e1ccb7b889a0__20260401.144240;none;/mnt/e/SyncData/paper2_main/zout/reports/baseline_vs_accMotion/MainPC__ds_UFireIndoorTest__mt_no_temp_method__af4b0d32a3d2__20260330.205208
VSD3__lb_mixed_firesmoke__video5.mp4;1362;9018;fire_smoke;/mnt/e/SyncData/paper2_main/datasets/UFireIndoorFull/test/test_firesmoke/VSD3__lb_mixed_firesmoke__video5.mp4;none;/mnt/e/SyncData/paper2_main/zout/reports/baseline_vs_accMotion/1GPU_SV__ds_UFireIndoorTest__mt_temp_method_motion_block__e1ccb7b889a0__20260401.144240;none;/mnt/e/SyncData/paper2_main/zout/reports/baseline_vs_accMotion/MainPC__ds_UFireIndoorTest__mt_no_temp_method__af4b0d32a3d2__20260330.205208
VSD3__lb_mixed_firesmoke__video5.mp4;1363;9018;fire_smoke;/mnt/e/SyncData/paper2_main/datasets/UFireIndoorFull/test/test_firesmoke/VSD3__lb_mixed_firesmoke__video5.mp4;none;/mnt/e/SyncData/paper2_main/zout/reports/baseline_vs_accMotion/1GPU_SV__ds_UFireIndoorTest__mt_temp_method_motion_block__e1ccb7b889a0__20260401.144240;none;/mnt/e/SyncData/paper2_main/zout/reports/baseline_vs_accMotion/MainPC__ds_UFireIndoorTest__mt_no_temp_method__af4b0d32a3d2__20260330.205208
VSD3__lb_mixed_firesmoke__video5.mp4;1364;9018;fire_smoke;/mnt/e/SyncData/paper2_main/datasets/UFireIndoorFull/test/test_firesmoke/VSD3__lb_mixed_firesmoke__video5.mp4;none;/mnt/e/SyncData/paper2_main/zout/reports/baseline_vs_accMotion/1GPU_SV__ds_UFireIndoorTest__mt_temp_method_motion_block__e1ccb7b889a0__20260401.144240;none;/mnt/e/SyncData/paper2_main/zout/reports/baseline_vs_accMotion/MainPC__ds_UFireIndoorTest__mt_no_temp_method__af4b0d32a3d2__20260330.205208
VSD3__lb_mixed_firesmoke__video5.mp4;1365;9018;fire_smoke;/mnt/e/SyncData/paper2_main/datasets/UFireIndoorFull/test/test_firesmoke/VSD3__lb_mixed_firesmoke__video5.mp4;none;/mnt/e/SyncData/paper2_main/zout/reports/baseline_vs_accMotion/1GPU_SV__ds_UFireIndoorTest__mt_temp_method_motion_block__e1ccb7b889a0__20260401.144240;none;/mnt/e/SyncData/paper2_main/zout/reports/baseline_vs_accMotion/MainPC__ds_UFireIndoorTest__mt_no_temp_method__af4b0d32a3d2__20260330.205208
VSD3__lb_mixed_firesmoke__video5.mp4;1366;9018;fire_smoke;/mnt/e/SyncData/paper2_main/datasets/UFireIndoorFull/test/test_firesmoke/VSD3__lb_mixed_firesmoke__video5.mp4;none;/mnt/e/SyncData/paper2_main/zout/reports/baseline_vs_accMotion/1GPU_SV__ds_UFireIndoorTest__mt_temp_method_motion_block__e1ccb7b889a0__20260401.144240;none;/mnt/e/SyncData/paper2_main/zout/reports/baseline_vs_accMotion/MainPC__ds_UFireIndoorTest__mt_no_temp_method__af4b0d32a3d2__20260330.205208
VSD3__lb_mixed_firesmoke__video5.mp4;1367;9018;fire_smoke;/mnt/e/SyncData/paper2_main/datasets/UFireIndoorFull/test/test_firesmoke/VSD3__lb_mixed_firesmoke__video5.mp4;none;/mnt/e/SyncData/paper2_main/zout/reports/baseline_vs_accMotion/1GPU_SV__ds_UFireIndoorTest__mt_temp_method_motion_block__e1ccb7b889a0__20260401.144240;none;/mnt/e/SyncData/paper2_main/zout/reports/baseline_vs_accMotion/MainPC__ds_UFireIndoorTest__mt_no_temp_method__af4b0d32a3d2__20260330.205208
VSD3__lb_mixed_firesmoke__video5.mp4;1368;9018;fire_smoke;/mnt/e/SyncData/paper2_main/datasets/UFireIndoorFull/test/test_firesmoke/VSD3__lb_mixed_firesmoke__video5.mp4;none;/mnt/e/SyncData/paper2_main/zout/reports/baseline_vs_accMotion/1GPU_SV__ds_UFireIndoorTest__mt_temp_method_motion_block__e1ccb7b889a0__20260401.144240;none;/mnt/e/SyncData/paper2_main/zout/reports/baseline_vs_accMotion/MainPC__ds_UFireIndoorTest__mt_no_temp_method__af4b0d32a3d2__20260330.205208
VSD3__lb_mixed_firesmoke__video5.mp4;1369;9018;fire_smoke;/mnt/e/SyncData/paper2_main/datasets/UFireIndoorFull/test/test_firesmoke/VSD3__lb_mixed_firesmoke__video5.mp4;none;/mnt/e/SyncData/paper2_main/zout/reports/baseline_vs_accMotion/1GPU_SV__ds_UFireIndoorTest__mt_temp_method_motion_block__e1ccb7b889a0__20260401.144240;none;/mnt/e/SyncData/paper2_main/zout/reports/baseline_vs_accMotion/MainPC__ds_UFireIndoorTest__mt_no_temp_method__af4b0d32a3d2__20260330.205208
VSD3__lb_mixed_firesmoke__video5.mp4;1370;9018;fire_smoke;/mnt/e/SyncData/paper2_main/datasets/UFireIndoorFull/test/test_firesmoke/VSD3__lb_mixed_firesmoke__video5.mp4;none;/mnt/e/SyncData/paper2_main/zout/reports/baseline_vs_accMotion/1GPU_SV__ds_UFireIndoorTest__mt_temp_method_motion_block__e1ccb7b889a0__20260401.144240;none;/mnt/e/SyncData/paper2_main/zout/reports/baseline_vs_accMotion/MainPC__ds_UFireIndoorTest__mt_no_temp_method__af4b0d32a3d2__20260330.205208
VSD3__lb_mixed_firesmoke__video5.mp4;1371;9018;fire_smoke;/mnt/e/SyncData/paper2_main/datasets/UFireIndoorFull/test/test_firesmoke/VSD3__lb_mixed_firesmoke__video5.mp4;none;/mnt/e/SyncData/paper2_main/zout/reports/baseline_vs_accMotion/1GPU_SV__ds_UFireIndoorTest__mt_temp_method_motion_block__e1ccb7b889a0__20260401.144240;none;/mnt/e/SyncData/paper2_main/zout/reports/baseline_vs_accMotion/MainPC__ds_UFireIndoorTest__mt_no_temp_method__af4b0d32a3d2__20260330.205208
VSD3__lb_mixed_firesmoke__video5.mp4;1372;9018;fire_smoke;/mnt/e/SyncData/paper2_main/datasets/UFireIndoorFull/test/test_firesmoke/VSD3__lb_mixed_firesmoke__video5.mp4;none;/mnt/e/SyncData/paper2_main/zout/reports/baseline_vs_accMotion/1GPU_SV__ds_UFireIndoorTest__mt_temp_method_motion_block__e1ccb7b889a0__20260401.144240;none;/mnt/e/SyncData/paper2_main/zout/reports/baseline_vs_accMotion/MainPC__ds_UFireIndoorTest__mt_no_temp_method__af4b0d32a3d2__20260330.205208
VSD3__lb_mixed_firesmoke__video5.mp4;1373;9018;fire_smoke;/mnt/e/SyncData/paper2_main/datasets/UFireIndoorFull/test/test_firesmoke/VSD3__lb_mixed_firesmoke__video5.mp4;none;/mnt/e/SyncData/paper2_main/zout/reports/baseline_vs_accMotion/1GPU_SV__ds_UFireIndoorTest__mt_temp_method_motion_block__e1ccb7b889a0__20260401.144240;none;/mnt/e/SyncData/paper2_main/zout/reports/baseline_vs_accMotion/MainPC__ds_UFireIndoorTest__mt_no_temp_method__af4b0d32a3d2__20260330.205208
VSD3__lb_mixed_firesmoke__video5.mp4;1374;9018;fire_smoke;/mnt/e/SyncData/paper2_main/datasets/UFireIndoorFull/test/test_firesmoke/VSD3__lb_mixed_firesmoke__video5.mp4;none;/mnt/e/SyncData/paper2_main/zout/reports/baseline_vs_accMotion/1GPU_SV__ds_UFireIndoorTest__mt_temp_method_motion_block__e1ccb7b889a0__20260401.144240;none;/mnt/e/SyncData/paper2_main/zout/reports/baseline_vs_accMotion/MainPC__ds_UFireIndoorTest__mt_no_temp_method__af4b0d32a3d2__20260330.205208
VSD3__lb_mixed_firesmoke__video5.mp4;1375;9018;fire_smoke;/mnt/e/SyncData/paper2_main/datasets/UFireIndoorFull/test/test_firesmoke/VSD3__lb_mixed_firesmoke__video5.mp4;none;/mnt/e/SyncData/paper2_main/zout/reports/baseline_vs_accMotion/1GPU_SV__ds_UFireIndoorTest__mt_temp_method_motion_block__e1ccb7b889a0__20260401.144240;none;/mnt/e/SyncData/paper2_main/zout/reports/baseline_vs_accMotion/MainPC__ds_UFireIndoorTest__mt_no_temp_method__af4b0d32a3d2__20260330.205208
VSD3__lb_mixed_firesmoke__video5.mp4;1376;9018;fire_smoke;/mnt/e/SyncData/paper2_main/datasets/UFireIndoorFull/test/test_firesmoke/VSD3__lb_mixed_firesmoke__video5.mp4;none;/mnt/e/SyncData/paper2_main/zout/reports/baseline_vs_accMotion/1GPU_SV__ds_UFireIndoorTest__mt_temp_method_motion_block__e1ccb7b889a0__20260401.144240;none;/mnt/e/SyncData/paper2_main/zout/reports/baseline_vs_accMotion/MainPC__ds_UFireIndoorTest__mt_no_temp_method__af4b0d32a3d2__20260330.205208
VSD3__lb_mixed_firesmoke__video5.mp4;1377;9018;fire_smoke;/mnt/e/SyncData/paper2_main/datasets/UFireIndoorFull/test/test_firesmoke/VSD3__lb_mixed_firesmoke__video5.mp4;none;/mnt/e/SyncData/paper2_main/zout/reports/baseline_vs_accMotion/1GPU_SV__ds_UFireIndoorTest__mt_temp_method_motion_block__e1ccb7b889a0__20260401.144240;none;/mnt/e/SyncData/paper2_main/zout/reports/baseline_vs_accMotion/MainPC__ds_UFireIndoorTest__mt_no_temp_method__af4b0d32a3d2__20260330.205208
VSD3__lb_mixed_firesmoke__video5.mp4;1378;9018;fire_smoke;/mnt/e/SyncData/paper2_main/datasets/UFireIndoorFull/test/test_firesmoke/VSD3__lb_mixed_firesmoke__video5.mp4;none;/mnt/e/SyncData/paper2_main/zout/reports/baseline_vs_accMotion/1GPU_SV__ds_UFireIndoorTest__mt_temp_method_motion_block__e1ccb7b889a0__20260401.144240;none;/mnt/e/SyncData/paper2_main/zout/reports/baseline_vs_accMotion/MainPC__ds_UFireIndoorTest__mt_no_temp_method__af4b0d32a3d2__20260330.205208
VSD3__lb_mixed_firesmoke__video5.mp4;1379;9018;fire_smoke;/mnt/e/SyncData/paper2_main/datasets/UFireIndoorFull/test/test_firesmoke/VSD3__lb_mixed_firesmoke__video5.mp4;none;/mnt/e/SyncData/paper2_main/zout/reports/baseline_vs_accMotion/1GPU_SV__ds_UFireIndoorTest__mt_temp_method_motion_block__e1ccb7b889a0__20260401.144240;none;/mnt/e/SyncData/paper2_main/zout/reports/baseline_vs_accMotion/MainPC__ds_UFireIndoorTest__mt_no_temp_method__af4b0d32a3d2__20260330.205208
VSD3__lb_mixed_firesmoke__video5.mp4;1380;9018;fire_smoke;/mnt/e/SyncData/paper2_main/datasets/UFireIndoorFull/test/test_firesmoke/VSD3__lb_mixed_firesmoke__video5.mp4;none;/mnt/e/SyncData/paper2_main/zout/reports/baseline_vs_accMotion/1GPU_SV__ds_UFireIndoorTest__mt_temp_method_motion_block__e1ccb7b889a0__20260401.144240;none;/mnt/e/SyncData/paper2_main/zout/reports/baseline_vs_accMotion/MainPC__ds_UFireIndoorTest__mt_no_temp_method__af4b0d32a3d2__20260330.205208
VSD3__lb_mixed_firesmoke__video5.mp4;1381;9018;fire_smoke;/mnt/e/SyncData/paper2_main/datasets/UFireIndoorFull/test/test_firesmoke/VSD3__lb_mixed_firesmoke__video5.mp4;none;/mnt/e/SyncData/paper2_main/zout/reports/baseline_vs_accMotion/1GPU_SV__ds_UFireIndoorTest__mt_temp_method_motion_block__e1ccb7b889a0__20260401.144240;none;/mnt/e/SyncData/paper2_main/zout/reports/baseline_vs_accMotion/MainPC__ds_UFireIndoorTest__mt_no_temp_method__af4b0d32a3d2__20260330.205208
VSD3__lb_mixed_firesmoke__video5.mp4;1382;9018;fire_smoke;/mnt/e/SyncData/paper2_main/datasets/UFireIndoorFull/test/test_firesmoke/VSD3__lb_mixed_firesmoke__video5.mp4;none;/mnt/e/SyncData/paper2_main/zout/reports/baseline_vs_accMotion/1GPU_SV__ds_UFireIndoorTest__mt_temp_method_motion_block__e1ccb7b889a0__20260401.144240;none;/mnt/e/SyncData/paper2_main/zout/reports/baseline_vs_accMotion/MainPC__ds_UFireIndoorTest__mt_no_temp_method__af4b0d32a3d2__20260330.205208
VSD3__lb_mixed_firesmoke__video5.mp4;1383;9018;fire_smoke;/mnt/e/SyncData/paper2_main/datasets/UFireIndoorFull/test/test_firesmoke/VSD3__lb_mixed_firesmoke__video5.mp4;none;/mnt/e/SyncData/paper2_main/zout/reports/baseline_vs_accMotion/1GPU_SV__ds_UFireIndoorTest__mt_temp_method_motion_block__e1ccb7b889a0__20260401.144240;none;/mnt/e/SyncData/paper2_main/zout/reports/baseline_vs_accMotion/MainPC__ds_UFireIndoorTest__mt_no_temp_method__af4b0d32a3d2__20260330.205208
VSD3__lb_mixed_firesmoke__video5.mp4;1384;9018;fire_smoke;/mnt/e/SyncData/paper2_main/datasets/UFireIndoorFull/test/test_firesmoke/VSD3__lb_mixed_firesmoke__video5.mp4;none;/mnt/e/SyncData/paper2_main/zout/reports/baseline_vs_accMotion/1GPU_SV__ds_UFireIndoorTest__mt_temp_method_motion_block__e1ccb7b889a0__20260401.144240;none;/mnt/e/SyncData/paper2_main/zout/reports/baseline_vs_accMotion/MainPC__ds_UFireIndoorTest__mt_no_temp_method__af4b0d32a3d2__20260330.205208
VSD3__lb_mixed_firesmoke__video5.mp4;1385;9018;fire_smoke;/mnt/e/SyncData/paper2_main/datasets/UFireIndoorFull/test/test_firesmoke/VSD3__lb_mixed_firesmoke__video5.mp4;none;/mnt/e/SyncData/paper2_main/zout/reports/baseline_vs_accMotion/1GPU_SV__ds_UFireIndoorTest__mt_temp_method_motion_block__e1ccb7b889a0__20260401.144240;none;/mnt/e/SyncData/paper2_main/zout/reports/baseline_vs_accMotion/MainPC__ds_UFireIndoorTest__mt_no_temp_method__af4b0d32a3d2__20260330.205208
VSD3__lb_mixed_firesmoke__video5.mp4;1386;9018;fire_smoke;/mnt/e/SyncData/paper2_main/datasets/UFireIndoorFull/test/test_firesmoke/VSD3__lb_mixed_firesmoke__video5.mp4;none;/mnt/e/SyncData/paper2_main/zout/reports/baseline_vs_accMotion/1GPU_SV__ds_UFireIndoorTest__mt_temp_method_motion_block__e1ccb7b889a0__20260401.144240;none;/mnt/e/SyncData/paper2_main/zout/reports/baseline_vs_accMotion/MainPC__ds_UFireIndoorTest__mt_no_temp_method__af4b0d32a3d2__20260330.205208
VSD3__lb_mixed_firesmoke__video5.mp4;1387;9018;fire_smoke;/mnt/e/SyncData/paper2_main/datasets/UFireIndoorFull/test/test_firesmoke/VSD3__lb_mixed_firesmoke__video5.mp4;none;/mnt/e/SyncData/paper2_main/zout/reports/baseline_vs_accMotion/1GPU_SV__ds_UFireIndoorTest__mt_temp_method_motion_block__e1ccb7b889a0__20260401.144240;none;/mnt/e/SyncData/paper2_main/zout/reports/baseline_vs_accMotion/MainPC__ds_UFireIndoorTest__mt_no_temp_method__af4b0d32a3d2__20260330.205208
VSD3__lb_mixed_firesmoke__video5.mp4;1388;9018;fire_smoke;/mnt/e/SyncData/paper2_main/datasets/UFireIndoorFull/test/test_firesmoke/VSD3__lb_mixed_firesmoke__video5.mp4;none;/mnt/e/SyncData/paper2_main/zout/reports/baseline_vs_accMotion/1GPU_SV__ds_UFireIndoorTest__mt_temp_method_motion_block__e1ccb7b889a0__20260401.144240;none;/mnt/e/SyncData/paper2_main/zout/reports/baseline_vs_accMotion/MainPC__ds_UFireIndoorTest__mt_no_temp_method__af4b0d32a3d2__20260330.205208
VSD3__lb_mixed_firesmoke__video5.mp4;1389;9018;fire_smoke;/mnt/e/SyncData/paper2_main/datasets/UFireIndoorFull/test/test_firesmoke/VSD3__lb_mixed_firesmoke__video5.mp4;none;/mnt/e/SyncData/paper2_main/zout/reports/baseline_vs_accMotion/1GPU_SV__ds_UFireIndoorTest__mt_temp_method_motion_block__e1ccb7b889a0__20260401.144240;none;/mnt/e/SyncData/paper2_main/zout/reports/baseline_vs_accMotion/MainPC__ds_UFireIndoorTest__mt_no_temp_method__af4b0d32a3d2__20260330.205208
VSD3__lb_mixed_firesmoke__video5.mp4;1390;9018;fire_smoke;/mnt/e/SyncData/paper2_main/datasets/UFireIndoorFull/test/test_firesmoke/VSD3__lb_mixed_firesmoke__video5.mp4;none;/mnt/e/SyncData/paper2_main/zout/reports/baseline_vs_accMotion/1GPU_SV__ds_UFireIndoorTest__mt_temp_method_motion_block__e1ccb7b889a0__20260401.144240;none;/mnt/e/SyncData/paper2_main/zout/reports/baseline_vs_accMotion/MainPC__ds_UFireIndoorTest__mt_no_temp_method__af4b0d32a3d2__20260330.205208
VSD3__lb_mixed_firesmoke__video5.mp4;1391;9018;fire_smoke;/mnt/e/SyncData/paper2_main/datasets/UFireIndoorFull/test/test_firesmoke/VSD3__lb_mixed_firesmoke__video5.mp4;none;/mnt/e/SyncData/paper2_main/zout/reports/baseline_vs_accMotion/1GPU_SV__ds_UFireIndoorTest__mt_temp_method_motion_block__e1ccb7b889a0__20260401.144240;none;/mnt/e/SyncData/paper2_main/zout/reports/baseline_vs_accMotion/MainPC__ds_UFireIndoorTest__mt_no_temp_method__af4b0d32a3d2__20260330.205208
VSD3__lb_mixed_firesmoke__video5.mp4;1392;9018;fire_smoke;/mnt/e/SyncData/paper2_main/datasets/UFireIndoorFull/test/test_firesmoke/VSD3__lb_mixed_firesmoke__video5.mp4;none;/mnt/e/SyncData/paper2_main/zout/reports/baseline_vs_accMotion/1GPU_SV__ds_UFireIndoorTest__mt_temp_method_motion_block__e1ccb7b889a0__20260401.144240;none;/mnt/e/SyncData/paper2_main/zout/reports/baseline_vs_accMotion/MainPC__ds_UFireIndoorTest__mt_no_temp_method__af4b0d32a3d2__20260330.205208
VSD3__lb_mixed_firesmoke__video5.mp4;1393;9018;fire_smoke;/mnt/e/SyncData/paper2_main/datasets/UFireIndoorFull/test/test_firesmoke/VSD3__lb_mixed_firesmoke__video5.mp4;none;/mnt/e/SyncData/paper2_main/zout/reports/baseline_vs_accMotion/1GPU_SV__ds_UFireIndoorTest__mt_temp_method_motion_block__e1ccb7b889a0__20260401.144240;none;/mnt/e/SyncData/paper2_main/zout/reports/baseline_vs_accMotion/MainPC__ds_UFireIndoorTest__mt_no_temp_method__af4b0d32a3d2__20260330.205208
VSD3__lb_mixed_firesmoke__video5.mp4;1394;9018;fire_smoke;/mnt/e/SyncData/paper2_main/datasets/UFireIndoorFull/test/test_firesmoke/VSD3__lb_mixed_firesmoke__video5.mp4;none;/mnt/e/SyncData/paper2_main/zout/reports/baseline_vs_accMotion/1GPU_SV__ds_UFireIndoorTest__mt_temp_method_motion_block__e1ccb7b889a0__20260401.144240;none;/mnt/e/SyncData/paper2_main/zout/reports/baseline_vs_accMotion/MainPC__ds_UFireIndoorTest__mt_no_temp_method__af4b0d32a3d2__20260330.205208
VSD3__lb_mixed_firesmoke__video5.mp4;1395;9018;fire_smoke;/mnt/e/SyncData/paper2_main/datasets/UFireIndoorFull/test/test_firesmoke/VSD3__lb_mixed_firesmoke__video5.mp4;none;/mnt/e/SyncData/paper2_main/zout/reports/baseline_vs_accMotion/1GPU_SV__ds_UFireIndoorTest__mt_temp_method_motion_block__e1ccb7b889a0__20260401.144240;none;/mnt/e/SyncData/paper2_main/zout/reports/baseline_vs_accMotion/MainPC__ds_UFireIndoorTest__mt_no_temp_method__af4b0d32a3d2__20260330.205208
VSD3__lb_mixed_firesmoke__video5.mp4;1396;9018;fire_smoke;/mnt/e/SyncData/paper2_main/datasets/UFireIndoorFull/test/test_firesmoke/VSD3__lb_mixed_firesmoke__video5.mp4;none;/mnt/e/SyncData/paper2_main/zout/reports/baseline_vs_accMotion/1GPU_SV__ds_UFireIndoorTest__mt_temp_method_motion_block__e1ccb7b889a0__20260401.144240;none;/mnt/e/SyncData/paper2_main/zout/reports/baseline_vs_accMotion/MainPC__ds_UFireIndoorTest__mt_no_temp_method__af4b0d32a3d2__20260330.205208
VSD3__lb_mixed_firesmoke__video5.mp4;1397;9018;fire_smoke;/mnt/e/SyncData/paper2_main/datasets/UFireIndoorFull/test/test_firesmoke/VSD3__lb_mixed_firesmoke__video5.mp4;none;/mnt/e/SyncData/paper2_main/zout/reports/baseline_vs_accMotion/1GPU_SV__ds_UFireIndoorTest__mt_temp_method_motion_block__e1ccb7b889a0__20260401.144240;none;/mnt/e/SyncData/paper2_main/zout/reports/baseline_vs_accMotion/MainPC__ds_UFireIndoorTest__mt_no_temp_method__af4b0d32a3d2__20260330.205208
VSD3__lb_mixed_firesmoke__video5.mp4;1398;9018;fire_smoke;/mnt/e/SyncData/paper2_main/datasets/UFireIndoorFull/test/test_firesmoke/VSD3__lb_mixed_firesmoke__video5.mp4;none;/mnt/e/SyncData/paper2_main/zout/reports/baseline_vs_accMotion/1GPU_SV__ds_UFireIndoorTest__mt_temp_method_motion_block__e1ccb7b889a0__20260401.144240;none;/mnt/e/SyncData/paper2_main/zout/reports/baseline_vs_accMotion/MainPC__ds_UFireIndoorTest__mt_no_temp_method__af4b0d32a3d2__20260330.205208
VSD3__lb_mixed_firesmoke__video5.mp4;1399;9018;fire_smoke;/mnt/e/SyncData/paper2_main/datasets/UFireIndoorFull/test/test_firesmoke/VSD3__lb_mixed_firesmoke__video5.mp4;none;/mnt/e/SyncData/paper2_main/zout/reports/baseline_vs_accMotion/1GPU_SV__ds_UFireIndoorTest__mt_temp_method_motion_block__e1ccb7b889a0__20260401.144240;none;/mnt/e/SyncData/paper2_main/zout/reports/baseline_vs_accMotion/MainPC__ds_UFireIndoorTest__mt_no_temp_method__af4b0d32a3d2__20260330.205208
VSD3__lb_mixed_firesmoke__video5.mp4;1400;9018;fire_smoke;/mnt/e/SyncData/paper2_main/datasets/UFireIndoorFull/test/test_firesmoke/VSD3__lb_mixed_firesmoke__video5.mp4;none;/mnt/e/SyncData/paper2_main/zout/reports/baseline_vs_accMotion/1GPU_SV__ds_UFireIndoorTest__mt_temp_method_motion_block__e1ccb7b889a0__20260401.144240;none;/mnt/e/SyncData/paper2_main/zout/reports/baseline_vs_accMotion/MainPC__ds_UFireIndoorTest__mt_no_temp_method__af4b0d32a3d2__20260330.205208
VSD3__lb_mixed_firesmoke__video5.mp4;1401;9018;fire_smoke;/mnt/e/SyncData/paper2_main/datasets/UFireIndoorFull/test/test_firesmoke/VSD3__lb_mixed_firesmoke__video5.mp4;none;/mnt/e/SyncData/paper2_main/zout/reports/baseline_vs_accMotion/1GPU_SV__ds_UFireIndoorTest__mt_temp_method_motion_block__e1ccb7b889a0__20260401.144240;none;/mnt/e/SyncData/paper2_main/zout/reports/baseline_vs_accMotion/MainPC__ds_UFireIndoorTest__mt_no_temp_method__af4b0d32a3d2__20260330.205208
VSD3__lb_mixed_firesmoke__video5.mp4;1402;9018;fire_smoke;/mnt/e/SyncData/paper2_main/datasets/UFireIndoorFull/test/test_firesmoke/VSD3__lb_mixed_firesmoke__video5.mp4;none;/mnt/e/SyncData/paper2_main/zout/reports/baseline_vs_accMotion/1GPU_SV__ds_UFireIndoorTest__mt_temp_method_motion_block__e1ccb7b889a0__20260401.144240;none;/mnt/e/SyncData/paper2_main/zout/reports/baseline_vs_accMotion/MainPC__ds_UFireIndoorTest__mt_no_temp_method__af4b0d32a3d2__20260330.205208
VSD3__lb_mixed_firesmoke__video5.mp4;1403;9018;fire_smoke;/mnt/e/SyncData/paper2_main/datasets/UFireIndoorFull/test/test_firesmoke/VSD3__lb_mixed_firesmoke__video5.mp4;none;/mnt/e/SyncData/paper2_main/zout/reports/baseline_vs_accMotion/1GPU_SV__ds_UFireIndoorTest__mt_temp_method_motion_block__e1ccb7b889a0__20260401.144240;none;/mnt/e/SyncData/paper2_main/zout/reports/baseline_vs_accMotion/MainPC__ds_UFireIndoorTest__mt_no_temp_method__af4b0d32a3d2__20260330.205208
VSD3__lb_mixed_firesmoke__video5.mp4;1404;9018;fire_smoke;/mnt/e/SyncData/paper2_main/datasets/UFireIndoorFull/test/test_firesmoke/VSD3__lb_mixed_firesmoke__video5.mp4;none;/mnt/e/SyncData/paper2_main/zout/reports/baseline_vs_accMotion/1GPU_SV__ds_UFireIndoorTest__mt_temp_method_motion_block__e1ccb7b889a0__20260401.144240;none;/mnt/e/SyncData/paper2_main/zout/reports/baseline_vs_accMotion/MainPC__ds_UFireIndoorTest__mt_no_temp_method__af4b0d32a3d2__20260330.205208
VSD3__lb_mixed_firesmoke__video5.mp4;1405;9018;fire_smoke;/mnt/e/SyncData/paper2_main/datasets/UFireIndoorFull/test/test_firesmoke/VSD3__lb_mixed_firesmoke__video5.mp4;none;/mnt/e/SyncData/paper2_main/zout/reports/baseline_vs_accMotion/1GPU_SV__ds_UFireIndoorTest__mt_temp_method_motion_block__e1ccb7b889a0__20260401.144240;none;/mnt/e/SyncData/paper2_main/zout/reports/baseline_vs_accMotion/MainPC__ds_UFireIndoorTest__mt_no_temp_method__af4b0d32a3d2__20260330.205208
VSD3__lb_mixed_firesmoke__video5.mp4;1406;9018;fire_smoke;/mnt/e/SyncData/paper2_main/datasets/UFireIndoorFull/test/test_firesmoke/VSD3__lb_mixed_firesmoke__video5.mp4;none;/mnt/e/SyncData/paper2_main/zout/reports/baseline_vs_accMotion/1GPU_SV__ds_UFireIndoorTest__mt_temp_method_motion_block__e1ccb7b889a0__20260401.144240;none;/mnt/e/SyncData/paper2_main/zout/reports/baseline_vs_accMotion/MainPC__ds_UFireIndoorTest__mt_no_temp_method__af4b0d32a3d2__20260330.205208
VSD3__lb_mixed_firesmoke__video5.mp4;1407;9018;fire_smoke;/mnt/e/SyncData/paper2_main/datasets/UFireIndoorFull/test/test_firesmoke/VSD3__lb_mixed_firesmoke__video5.mp4;none;/mnt/e/SyncData/paper2_main/zout/reports/baseline_vs_accMotion/1GPU_SV__ds_UFireIndoorTest__mt_temp_method_motion_block__e1ccb7b889a0__20260401.144240;none;/mnt/e/SyncData/paper2_main/zout/reports/baseline_vs_accMotion/MainPC__ds_UFireIndoorTest__mt_no_temp_method__af4b0d32a3d2__20260330.205208
VSD3__lb_mixed_firesmoke__video5.mp4;1408;9018;fire_smoke;/mnt/e/SyncData/paper2_main/datasets/UFireIndoorFull/test/test_firesmoke/VSD3__lb_mixed_firesmoke__video5.mp4;none;/mnt/e/SyncData/paper2_main/zout/reports/baseline_vs_accMotion/1GPU_SV__ds_UFireIndoorTest__mt_temp_method_motion_block__e1ccb7b889a0__20260401.144240;none;/mnt/e/SyncData/paper2_main/zout/reports/baseline_vs_accMotion/MainPC__ds_UFireIndoorTest__mt_no_temp_method__af4b0d32a3d2__20260330.205208
VSD3__lb_mixed_firesmoke__video5.mp4;1409;9018;fire_smoke;/mnt/e/SyncData/paper2_main/datasets/UFireIndoorFull/test/test_firesmoke/VSD3__lb_mixed_firesmoke__video5.mp4;none;/mnt/e/SyncData/paper2_main/zout/reports/baseline_vs_accMotion/1GPU_SV__ds_UFireIndoorTest__mt_temp_method_motion_block__e1ccb7b889a0__20260401.144240;none;/mnt/e/SyncData/paper2_main/zout/reports/baseline_vs_accMotion/MainPC__ds_UFireIndoorTest__mt_no_temp_method__af4b0d32a3d2__20260330.205208
VSD3__lb_mixed_firesmoke__video5.mp4;1410;9018;fire_smoke;/mnt/e/SyncData/paper2_main/datasets/UFireIndoorFull/test/test_firesmoke/VSD3__lb_mixed_firesmoke__video5.mp4;none;/mnt/e/SyncData/paper2_main/zout/reports/baseline_vs_accMotion/1GPU_SV__ds_UFireIndoorTest__mt_temp_method_motion_block__e1ccb7b889a0__20260401.144240;none;/mnt/e/SyncData/paper2_main/zout/reports/baseline_vs_accMotion/MainPC__ds_UFireIndoorTest__mt_no_temp_method__af4b0d32a3d2__20260330.205208
VSD3__lb_mixed_firesmoke__video5.mp4;1411;9018;fire_smoke;/mnt/e/SyncData/paper2_main/datasets/UFireIndoorFull/test/test_firesmoke/VSD3__lb_mixed_firesmoke__video5.mp4;none;/mnt/e/SyncData/paper2_main/zout/reports/baseline_vs_accMotion/1GPU_SV__ds_UFireIndoorTest__mt_temp_method_motion_block__e1ccb7b889a0__20260401.144240;none;/mnt/e/SyncData/paper2_main/zout/reports/baseline_vs_accMotion/MainPC__ds_UFireIndoorTest__mt_no_temp_method__af4b0d32a3d2__20260330.205208
VSD3__lb_mixed_firesmoke__video5.mp4;1412;9018;fire_smoke;/mnt/e/SyncData/paper2_main/datasets/UFireIndoorFull/test/test_firesmoke/VSD3__lb_mixed_firesmoke__video5.mp4;none;/mnt/e/SyncData/paper2_main/zout/reports/baseline_vs_accMotion/1GPU_SV__ds_UFireIndoorTest__mt_temp_method_motion_block__e1ccb7b889a0__20260401.144240;none;/mnt/e/SyncData/paper2_main/zout/reports/baseline_vs_accMotion/MainPC__ds_UFireIndoorTest__mt_no_temp_method__af4b0d32a3d2__20260330.205208
VSD3__lb_mixed_firesmoke__video5.mp4;1413;9018;fire_smoke;/mnt/e/SyncData/paper2_main/datasets/UFireIndoorFull/test/test_firesmoke/VSD3__lb_mixed_firesmoke__video5.mp4;none;/mnt/e/SyncData/paper2_main/zout/reports/baseline_vs_accMotion/1GPU_SV__ds_UFireIndoorTest__mt_temp_method_motion_block__e1ccb7b889a0__20260401.144240;none;/mnt/e/SyncData/paper2_main/zout/reports/baseline_vs_accMotion/MainPC__ds_UFireIndoorTest__mt_no_temp_method__af4b0d32a3d2__20260330.205208
VSD3__lb_mixed_firesmoke__video5.mp4;1414;9018;fire_smoke;/mnt/e/SyncData/paper2_main/datasets/UFireIndoorFull/test/test_firesmoke/VSD3__lb_mixed_firesmoke__video5.mp4;none;/mnt/e/SyncData/paper2_main/zout/reports/baseline_vs_accMotion/1GPU_SV__ds_UFireIndoorTest__mt_temp_method_motion_block__e1ccb7b889a0__20260401.144240;none;/mnt/e/SyncData/paper2_main/zout/reports/baseline_vs_accMotion/MainPC__ds_UFireIndoorTest__mt_no_temp_method__af4b0d32a3d2__20260330.205208
VSD3__lb_mixed_firesmoke__video5.mp4;1415;9018;fire_smoke;/mnt/e/SyncData/paper2_main/datasets/UFireIndoorFull/test/test_firesmoke/VSD3__lb_mixed_firesmoke__video5.mp4;none;/mnt/e/SyncData/paper2_main/zout/reports/baseline_vs_accMotion/1GPU_SV__ds_UFireIndoorTest__mt_temp_method_motion_block__e1ccb7b889a0__20260401.144240;none;/mnt/e/SyncData/paper2_main/zout/reports/baseline_vs_accMotion/MainPC__ds_UFireIndoorTest__mt_no_temp_method__af4b0d32a3d2__20260330.205208
VSD3__lb_mixed_firesmoke__video5.mp4;1416;9018;fire_smoke;/mnt/e/SyncData/paper2_main/datasets/UFireIndoorFull/test/test_firesmoke/VSD3__lb_mixed_firesmoke__video5.mp4;none;/mnt/e/SyncData/paper2_main/zout/reports/baseline_vs_accMotion/1GPU_SV__ds_UFireIndoorTest__mt_temp_method_motion_block__e1ccb7b889a0__20260401.144240;none;/mnt/e/SyncData/paper2_main/zout/reports/baseline_vs_accMotion/MainPC__ds_UFireIndoorTest__mt_no_temp_method__af4b0d32a3d2__20260330.205208
VSD3__lb_mixed_firesmoke__video5.mp4;1417;9018;fire_smoke;/mnt/e/SyncData/paper2_main/datasets/UFireIndoorFull/test/test_firesmoke/VSD3__lb_mixed_firesmoke__video5.mp4;none;/mnt/e/SyncData/paper2_main/zout/reports/baseline_vs_accMotion/1GPU_SV__ds_UFireIndoorTest__mt_temp_method_motion_block__e1ccb7b889a0__20260401.144240;none;/mnt/e/SyncData/paper2_main/zout/reports/baseline_vs_accMotion/MainPC__ds_UFireIndoorTest__mt_no_temp_method__af4b0d32a3d2__20260330.205208
VSD3__lb_mixed_firesmoke__video5.mp4;1418;9018;fire_smoke;/mnt/e/SyncData/paper2_main/datasets/UFireIndoorFull/test/test_firesmoke/VSD3__lb_mixed_firesmoke__video5.mp4;none;/mnt/e/SyncData/paper2_main/zout/reports/baseline_vs_accMotion/1GPU_SV__ds_UFireIndoorTest__mt_temp_method_motion_block__e1ccb7b889a0__20260401.144240;none;/mnt/e/SyncData/paper2_main/zout/reports/baseline_vs_accMotion/MainPC__ds_UFireIndoorTest__mt_no_temp_method__af4b0d32a3d2__20260330.205208
VSD3__lb_mixed_firesmoke__video5.mp4;1419;9018;fire_smoke;/mnt/e/SyncData/paper2_main/datasets/UFireIndoorFull/test/test_firesmoke/VSD3__lb_mixed_firesmoke__video5.mp4;none;/mnt/e/SyncData/paper2_main/zout/reports/baseline_vs_accMotion/1GPU_SV__ds_UFireIndoorTest__mt_temp_method_motion_block__e1ccb7b889a0__20260401.144240;none;/mnt/e/SyncData/paper2_main/zout/reports/baseline_vs_accMotion/MainPC__ds_UFireIndoorTest__mt_no_temp_method__af4b0d32a3d2__20260330.205208
VSD3__lb_mixed_firesmoke__video5.mp4;1420;9018;fire_smoke;/mnt/e/SyncData/paper2_main/datasets/UFireIndoorFull/test/test_firesmoke/VSD3__lb_mixed_firesmoke__video5.mp4;none;/mnt/e/SyncData/paper2_main/zout/reports/baseline_vs_accMotion/1GPU_SV__ds_UFireIndoorTest__mt_temp_method_motion_block__e1ccb7b889a0__20260401.144240;none;/mnt/e/SyncData/paper2_main/zout/reports/baseline_vs_accMotion/MainPC__ds_UFireIndoorTest__mt_no_temp_method__af4b0d32a3d2__20260330.205208
VSD3__lb_mixed_firesmoke__video5.mp4;1421;9018;fire_smoke;/mnt/e/SyncData/paper2_main/datasets/UFireIndoorFull/test/test_firesmoke/VSD3__lb_mixed_firesmoke__video5.mp4;none;/mnt/e/SyncData/paper2_main/zout/reports/baseline_vs_accMotion/1GPU_SV__ds_UFireIndoorTest__mt_temp_method_motion_block__e1ccb7b889a0__20260401.144240;none;/mnt/e/SyncData/paper2_main/zout/reports/baseline_vs_accMotion/MainPC__ds_UFireIndoorTest__mt_no_temp_method__af4b0d32a3d2__20260330.205208
VSD3__lb_mixed_firesmoke__video5.mp4;1422;9018;fire_smoke;/mnt/e/SyncData/paper2_main/datasets/UFireIndoorFull/test/test_firesmoke/VSD3__lb_mixed_firesmoke__video5.mp4;none;/mnt/e/SyncData/paper2_main/zout/reports/baseline_vs_accMotion/1GPU_SV__ds_UFireIndoorTest__mt_temp_method_motion_block__e1ccb7b889a0__20260401.144240;none;/mnt/e/SyncData/paper2_main/zout/reports/baseline_vs_accMotion/MainPC__ds_UFireIndoorTest__mt_no_temp_method__af4b0d32a3d2__20260330.205208
VSD3__lb_mixed_firesmoke__video5.mp4;1423;9018;fire_smoke;/mnt/e/SyncData/paper2_main/datasets/UFireIndoorFull/test/test_firesmoke/VSD3__lb_mixed_firesmoke__video5.mp4;none;/mnt/e/SyncData/paper2_main/zout/reports/baseline_vs_accMotion/1GPU_SV__ds_UFireIndoorTest__mt_temp_method_motion_block__e1ccb7b889a0__20260401.144240;none;/mnt/e/SyncData/paper2_main/zout/reports/baseline_vs_accMotion/MainPC__ds_UFireIndoorTest__mt_no_temp_method__af4b0d32a3d2__20260330.205208
VSD3__lb_mixed_firesmoke__video5.mp4;1424;9018;fire_smoke;/mnt/e/SyncData/paper2_main/datasets/UFireIndoorFull/test/test_firesmoke/VSD3__lb_mixed_firesmoke__video5.mp4;none;/mnt/e/SyncData/paper2_main/zout/reports/baseline_vs_accMotion/1GPU_SV__ds_UFireIndoorTest__mt_temp_method_motion_block__e1ccb7b889a0__20260401.144240;none;/mnt/e/SyncData/paper2_main/zout/reports/baseline_vs_accMotion/MainPC__ds_UFireIndoorTest__mt_no_temp_method__af4b0d32a3d2__20260330.205208
VSD3__lb_mixed_firesmoke__video5.mp4;1425;9018;fire_smoke;/mnt/e/SyncData/paper2_main/datasets/UFireIndoorFull/test/test_firesmoke/VSD3__lb_mixed_firesmoke__video5.mp4;none;/mnt/e/SyncData/paper2_main/zout/reports/baseline_vs_accMotion/1GPU_SV__ds_UFireIndoorTest__mt_temp_method_motion_block__e1ccb7b889a0__20260401.144240;none;/mnt/e/SyncData/paper2_main/zout/reports/baseline_vs_accMotion/MainPC__ds_UFireIndoorTest__mt_no_temp_method__af4b0d32a3d2__20260330.205208
VSD3__lb_mixed_firesmoke__video5.mp4;1426;9018;fire_smoke;/mnt/e/SyncData/paper2_main/datasets/UFireIndoorFull/test/test_firesmoke/VSD3__lb_mixed_firesmoke__video5.mp4;none;/mnt/e/SyncData/paper2_main/zout/reports/baseline_vs_accMotion/1GPU_SV__ds_UFireIndoorTest__mt_temp_method_motion_block__e1ccb7b889a0__20260401.144240;none;/mnt/e/SyncData/paper2_main/zout/reports/baseline_vs_accMotion/MainPC__ds_UFireIndoorTest__mt_no_temp_method__af4b0d32a3d2__20260330.205208
VSD3__lb_mixed_firesmoke__video5.mp4;1427;9018;fire_smoke;/mnt/e/SyncData/paper2_main/datasets/UFireIndoorFull/test/test_firesmoke/VSD3__lb_mixed_firesmoke__video5.mp4;none;/mnt/e/SyncData/paper2_main/zout/reports/baseline_vs_accMotion/1GPU_SV__ds_UFireIndoorTest__mt_temp_method_motion_block__e1ccb7b889a0__20260401.144240;none;/mnt/e/SyncData/paper2_main/zout/reports/baseline_vs_accMotion/MainPC__ds_UFireIndoorTest__mt_no_temp_method__af4b0d32a3d2__20260330.205208
VSD3__lb_mixed_firesmoke__video5.mp4;1428;9018;fire_smoke;/mnt/e/SyncData/paper2_main/datasets/UFireIndoorFull/test/test_firesmoke/VSD3__lb_mixed_firesmoke__video5.mp4;none;/mnt/e/SyncData/paper2_main/zout/reports/baseline_vs_accMotion/1GPU_SV__ds_UFireIndoorTest__mt_temp_method_motion_block__e1ccb7b889a0__20260401.144240;none;/mnt/e/SyncData/paper2_main/zout/reports/baseline_vs_accMotion/MainPC__ds_UFireIndoorTest__mt_no_temp_method__af4b0d32a3d2__20260330.205208
VSD3__lb_mixed_firesmoke__video5.mp4;1429;9018;fire_smoke;/mnt/e/SyncData/paper2_main/datasets/UFireIndoorFull/test/test_firesmoke/VSD3__lb_mixed_firesmoke__video5.mp4;none;/mnt/e/SyncData/paper2_main/zout/reports/baseline_vs_accMotion/1GPU_SV__ds_UFireIndoorTest__mt_temp_method_motion_block__e1ccb7b889a0__20260401.144240;none;/mnt/e/SyncData/paper2_main/zout/reports/baseline_vs_accMotion/MainPC__ds_UFireIndoorTest__mt_no_temp_method__af4b0d32a3d2__20260330.205208
VSD3__lb_mixed_firesmoke__video5.mp4;1430;9018;fire_smoke;/mnt/e/SyncData/paper2_main/datasets/UFireIndoorFull/test/test_firesmoke/VSD3__lb_mixed_firesmoke__video5.mp4;none;/mnt/e/SyncData/paper2_main/zout/reports/baseline_vs_accMotion/1GPU_SV__ds_UFireIndoorTest__mt_temp_method_motion_block__e1ccb7b889a0__20260401.144240;none;/mnt/e/SyncData/paper2_main/zout/reports/baseline_vs_accMotion/MainPC__ds_UFireIndoorTest__mt_no_temp_method__af4b0d32a3d2__20260330.205208
VSD3__lb_mixed_firesmoke__video5.mp4;1431;9018;fire_smoke;/mnt/e/SyncData/paper2_main/datasets/UFireIndoorFull/test/test_firesmoke/VSD3__lb_mixed_firesmoke__video5.mp4;none;/mnt/e/SyncData/paper2_main/zout/reports/baseline_vs_accMotion/1GPU_SV__ds_UFireIndoorTest__mt_temp_method_motion_block__e1ccb7b889a0__20260401.144240;none;/mnt/e/SyncData/paper2_main/zout/reports/baseline_vs_accMotion/MainPC__ds_UFireIndoorTest__mt_no_temp_method__af4b0d32a3d2__20260330.205208
VSD3__lb_mixed_firesmoke__video5.mp4;1432;9018;fire_smoke;/mnt/e/SyncData/paper2_main/datasets/UFireIndoorFull/test/test_firesmoke/VSD3__lb_mixed_firesmoke__video5.mp4;none;/mnt/e/SyncData/paper2_main/zout/reports/baseline_vs_accMotion/1GPU_SV__ds_UFireIndoorTest__mt_temp_method_motion_block__e1ccb7b889a0__20260401.144240;none;/mnt/e/SyncData/paper2_main/zout/reports/baseline_vs_accMotion/MainPC__ds_UFireIndoorTest__mt_no_temp_method__af4b0d32a3d2__20260330.205208
VSD3__lb_mixed_firesmoke__video5.mp4;1433;9018;fire_smoke;/mnt/e/SyncData/paper2_main/datasets/UFireIndoorFull/test/test_firesmoke/VSD3__lb_mixed_firesmoke__video5.mp4;none;/mnt/e/SyncData/paper2_main/zout/reports/baseline_vs_accMotion/1GPU_SV__ds_UFireIndoorTest__mt_temp_method_motion_block__e1ccb7b889a0__20260401.144240;none;/mnt/e/SyncData/paper2_main/zout/reports/baseline_vs_accMotion/MainPC__ds_UFireIndoorTest__mt_no_temp_method__af4b0d32a3d2__20260330.205208
VSD3__lb_mixed_firesmoke__video5.mp4;1434;9018;fire_smoke;/mnt/e/SyncData/paper2_main/datasets/UFireIndoorFull/test/test_firesmoke/VSD3__lb_mixed_firesmoke__video5.mp4;none;/mnt/e/SyncData/paper2_main/zout/reports/baseline_vs_accMotion/1GPU_SV__ds_UFireIndoorTest__mt_temp_method_motion_block__e1ccb7b889a0__20260401.144240;none;/mnt/e/SyncData/paper2_main/zout/reports/baseline_vs_accMotion/MainPC__ds_UFireIndoorTest__mt_no_temp_method__af4b0d32a3d2__20260330.205208
VSD3__lb_mixed_firesmoke__video5.mp4;1435;9018;fire_smoke;/mnt/e/SyncData/paper2_main/datasets/UFireIndoorFull/test/test_firesmoke/VSD3__lb_mixed_firesmoke__video5.mp4;none;/mnt/e/SyncData/paper2_main/zout/reports/baseline_vs_accMotion/1GPU_SV__ds_UFireIndoorTest__mt_temp_method_motion_block__e1ccb7b889a0__20260401.144240;none;/mnt/e/SyncData/paper2_main/zout/reports/baseline_vs_accMotion/MainPC__ds_UFireIndoorTest__mt_no_temp_method__af4b0d32a3d2__20260330.205208
VSD3__lb_mixed_firesmoke__video5.mp4;1436;9018;fire_smoke;/mnt/e/SyncData/paper2_main/datasets/UFireIndoorFull/test/test_firesmoke/VSD3__lb_mixed_firesmoke__video5.mp4;none;/mnt/e/SyncData/paper2_main/zout/reports/baseline_vs_accMotion/1GPU_SV__ds_UFireIndoorTest__mt_temp_method_motion_block__e1ccb7b889a0__20260401.144240;none;/mnt/e/SyncData/paper2_main/zout/reports/baseline_vs_accMotion/MainPC__ds_UFireIndoorTest__mt_no_temp_method__af4b0d32a3d2__20260330.205208
VSD3__lb_mixed_firesmoke__video5.mp4;1437;9018;fire_smoke;/mnt/e/SyncData/paper2_main/datasets/UFireIndoorFull/test/test_firesmoke/VSD3__lb_mixed_firesmoke__video5.mp4;none;/mnt/e/SyncData/paper2_main/zout/reports/baseline_vs_accMotion/1GPU_SV__ds_UFireIndoorTest__mt_temp_method_motion_block__e1ccb7b889a0__20260401.144240;none;/mnt/e/SyncData/paper2_main/zout/reports/baseline_vs_accMotion/MainPC__ds_UFireIndoorTest__mt_no_temp_method__af4b0d32a3d2__20260330.205208
VSD3__lb_mixed_firesmoke__video5.mp4;1438;9018;fire_smoke;/mnt/e/SyncData/paper2_main/datasets/UFireIndoorFull/test/test_firesmoke/VSD3__lb_mixed_firesmoke__video5.mp4;none;/mnt/e/SyncData/paper2_main/zout/reports/baseline_vs_accMotion/1GPU_SV__ds_UFireIndoorTest__mt_temp_method_motion_block__e1ccb7b889a0__20260401.144240;none;/mnt/e/SyncData/paper2_main/zout/reports/baseline_vs_accMotion/MainPC__ds_UFireIndoorTest__mt_no_temp_method__af4b0d32a3d2__20260330.205208
VSD3__lb_mixed_firesmoke__video5.mp4;1439;9018;fire_smoke;/mnt/e/SyncData/paper2_main/datasets/UFireIndoorFull/test/test_firesmoke/VSD3__lb_mixed_firesmoke__video5.mp4;none;/mnt/e/SyncData/paper2_main/zout/reports/baseline_vs_accMotion/1GPU_SV__ds_UFireIndoorTest__mt_temp_method_motion_block__e1ccb7b889a0__20260401.144240;none;/mnt/e/SyncData/paper2_main/zout/reports/baseline_vs_accMotion/MainPC__ds_UFireIndoorTest__mt_no_temp_method__af4b0d32a3d2__20260330.205208
VSD3__lb_mixed_firesmoke__video5.mp4;1440;9018;fire_smoke;/mnt/e/SyncData/paper2_main/datasets/UFireIndoorFull/test/test_firesmoke/VSD3__lb_mixed_firesmoke__video5.mp4;none;/mnt/e/SyncData/paper2_main/zout/reports/baseline_vs_accMotion/1GPU_SV__ds_UFireIndoorTest__mt_temp_method_motion_block__e1ccb7b889a0__20260401.144240;none;/mnt/e/SyncData/paper2_main/zout/reports/baseline_vs_accMotion/MainPC__ds_UFireIndoorTest__mt_no_temp_method__af4b0d32a3d2__20260330.205208
VSD3__lb_mixed_firesmoke__video5.mp4;1441;9018;fire_smoke;/mnt/e/SyncData/paper2_main/datasets/UFireIndoorFull/test/test_firesmoke/VSD3__lb_mixed_firesmoke__video5.mp4;none;/mnt/e/SyncData/paper2_main/zout/reports/baseline_vs_accMotion/1GPU_SV__ds_UFireIndoorTest__mt_temp_method_motion_block__e1ccb7b889a0__20260401.144240;none;/mnt/e/SyncData/paper2_main/zout/reports/baseline_vs_accMotion/MainPC__ds_UFireIndoorTest__mt_no_temp_method__af4b0d32a3d2__20260330.205208
VSD3__lb_mixed_firesmoke__video5.mp4;1442;9018;fire_smoke;/mnt/e/SyncData/paper2_main/datasets/UFireIndoorFull/test/test_firesmoke/VSD3__lb_mixed_firesmoke__video5.mp4;none;/mnt/e/SyncData/paper2_main/zout/reports/baseline_vs_accMotion/1GPU_SV__ds_UFireIndoorTest__mt_temp_method_motion_block__e1ccb7b889a0__20260401.144240;none;/mnt/e/SyncData/paper2_main/zout/reports/baseline_vs_accMotion/MainPC__ds_UFireIndoorTest__mt_no_temp_method__af4b0d32a3d2__20260330.205208
VSD3__lb_mixed_firesmoke__video5.mp4;1443;9018;fire_smoke;/mnt/e/SyncData/paper2_main/datasets/UFireIndoorFull/test/test_firesmoke/VSD3__lb_mixed_firesmoke__video5.mp4;none;/mnt/e/SyncData/paper2_main/zout/reports/baseline_vs_accMotion/1GPU_SV__ds_UFireIndoorTest__mt_temp_method_motion_block__e1ccb7b889a0__20260401.144240;none;/mnt/e/SyncData/paper2_main/zout/reports/baseline_vs_accMotion/MainPC__ds_UFireIndoorTest__mt_no_temp_method__af4b0d32a3d2__20260330.205208
VSD3__lb_mixed_firesmoke__video5.mp4;1444;9018;fire_smoke;/mnt/e/SyncData/paper2_main/datasets/UFireIndoorFull/test/test_firesmoke/VSD3__lb_mixed_firesmoke__video5.mp4;none;/mnt/e/SyncData/paper2_main/zout/reports/baseline_vs_accMotion/1GPU_SV__ds_UFireIndoorTest__mt_temp_method_motion_block__e1ccb7b889a0__20260401.144240;none;/mnt/e/SyncData/paper2_main/zout/reports/baseline_vs_accMotion/MainPC__ds_UFireIndoorTest__mt_no_temp_method__af4b0d32a3d2__20260330.205208
VSD3__lb_mixed_firesmoke__video5.mp4;1445;9018;fire_smoke;/mnt/e/SyncData/paper2_main/datasets/UFireIndoorFull/test/test_firesmoke/VSD3__lb_mixed_firesmoke__video5.mp4;none;/mnt/e/SyncData/paper2_main/zout/reports/baseline_vs_accMotion/1GPU_SV__ds_UFireIndoorTest__mt_temp_method_motion_block__e1ccb7b889a0__20260401.144240;none;/mnt/e/SyncData/paper2_main/zout/reports/baseline_vs_accMotion/MainPC__ds_UFireIndoorTest__mt_no_temp_method__af4b0d32a3d2__20260330.205208
VSD3__lb_mixed_firesmoke__video5.mp4;1446;9018;fire_smoke;/mnt/e/SyncData/paper2_main/datasets/UFireIndoorFull/test/test_firesmoke/VSD3__lb_mixed_firesmoke__video5.mp4;none;/mnt/e/SyncData/paper2_main/zout/reports/baseline_vs_accMotion/1GPU_SV__ds_UFireIndoorTest__mt_temp_method_motion_block__e1ccb7b889a0__20260401.144240;none;/mnt/e/SyncData/paper2_main/zout/reports/baseline_vs_accMotion/MainPC__ds_UFireIndoorTest__mt_no_temp_method__af4b0d32a3d2__20260330.205208
VSD3__lb_mixed_firesmoke__video5.mp4;1447;9018;fire_smoke;/mnt/e/SyncData/paper2_main/datasets/UFireIndoorFull/test/test_firesmoke/VSD3__lb_mixed_firesmoke__video5.mp4;none;/mnt/e/SyncData/paper2_main/zout/reports/baseline_vs_accMotion/1GPU_SV__ds_UFireIndoorTest__mt_temp_method_motion_block__e1ccb7b889a0__20260401.144240;none;/mnt/e/SyncData/paper2_main/zout/reports/baseline_vs_accMotion/MainPC__ds_UFireIndoorTest__mt_no_temp_method__af4b0d32a3d2__20260330.205208
VSD3__lb_mixed_firesmoke__video5.mp4;1448;9018;fire_smoke;/mnt/e/SyncData/paper2_main/datasets/UFireIndoorFull/test/test_firesmoke/VSD3__lb_mixed_firesmoke__video5.mp4;none;/mnt/e/SyncData/paper2_main/zout/reports/baseline_vs_accMotion/1GPU_SV__ds_UFireIndoorTest__mt_temp_method_motion_block__e1ccb7b889a0__20260401.144240;none;/mnt/e/SyncData/paper2_main/zout/reports/baseline_vs_accMotion/MainPC__ds_UFireIndoorTest__mt_no_temp_method__af4b0d32a3d2__20260330.205208
VSD3__lb_mixed_firesmoke__video5.mp4;1449;9018;fire_smoke;/mnt/e/SyncData/paper2_main/datasets/UFireIndoorFull/test/test_firesmoke/VSD3__lb_mixed_firesmoke__video5.mp4;none;/mnt/e/SyncData/paper2_main/zout/reports/baseline_vs_accMotion/1GPU_SV__ds_UFireIndoorTest__mt_temp_method_motion_block__e1ccb7b889a0__20260401.144240;none;/mnt/e/SyncData/paper2_main/zout/reports/baseline_vs_accMotion/MainPC__ds_UFireIndoorTest__mt_no_temp_method__af4b0d32a3d2__20260330.205208
VSD3__lb_mixed_firesmoke__video5.mp4;1450;9018;fire_smoke;/mnt/e/SyncData/paper2_main/datasets/UFireIndoorFull/test/test_firesmoke/VSD3__lb_mixed_firesmoke__video5.mp4;none;/mnt/e/SyncData/paper2_main/zout/reports/baseline_vs_accMotion/1GPU_SV__ds_UFireIndoorTest__mt_temp_method_motion_block__e1ccb7b889a0__20260401.144240;none;/mnt/e/SyncData/paper2_main/zout/reports/baseline_vs_accMotion/MainPC__ds_UFireIndoorTest__mt_no_temp_method__af4b0d32a3d2__20260330.205208
VSD3__lb_mixed_firesmoke__video5.mp4;1451;9018;fire_smoke;/mnt/e/SyncData/paper2_main/datasets/UFireIndoorFull/test/test_firesmoke/VSD3__lb_mixed_firesmoke__video5.mp4;none;/mnt/e/SyncData/paper2_main/zout/reports/baseline_vs_accMotion/1GPU_SV__ds_UFireIndoorTest__mt_temp_method_motion_block__e1ccb7b889a0__20260401.144240;none;/mnt/e/SyncData/paper2_main/zout/reports/baseline_vs_accMotion/MainPC__ds_UFireIndoorTest__mt_no_temp_method__af4b0d32a3d2__20260330.205208
VSD3__lb_mixed_firesmoke__video5.mp4;1452;9018;fire_smoke;/mnt/e/SyncData/paper2_main/datasets/UFireIndoorFull/test/test_firesmoke/VSD3__lb_mixed_firesmoke__video5.mp4;none;/mnt/e/SyncData/paper2_main/zout/reports/baseline_vs_accMotion/1GPU_SV__ds_UFireIndoorTest__mt_temp_method_motion_block__e1ccb7b889a0__20260401.144240;none;/mnt/e/SyncData/paper2_main/zout/reports/baseline_vs_accMotion/MainPC__ds_UFireIndoorTest__mt_no_temp_method__af4b0d32a3d2__20260330.205208
VSD3__lb_mixed_firesmoke__video5.mp4;1453;9018;fire_smoke;/mnt/e/SyncData/paper2_main/datasets/UFireIndoorFull/test/test_firesmoke/VSD3__lb_mixed_firesmoke__video5.mp4;none;/mnt/e/SyncData/paper2_main/zout/reports/baseline_vs_accMotion/1GPU_SV__ds_UFireIndoorTest__mt_temp_method_motion_block__e1ccb7b889a0__20260401.144240;none;/mnt/e/SyncData/paper2_main/zout/reports/baseline_vs_accMotion/MainPC__ds_UFireIndoorTest__mt_no_temp_method__af4b0d32a3d2__20260330.205208
VSD3__lb_mixed_firesmoke__video5.mp4;1454;9018;fire_smoke;/mnt/e/SyncData/paper2_main/datasets/UFireIndoorFull/test/test_firesmoke/VSD3__lb_mixed_firesmoke__video5.mp4;none;/mnt/e/SyncData/paper2_main/zout/reports/baseline_vs_accMotion/1GPU_SV__ds_UFireIndoorTest__mt_temp_method_motion_block__e1ccb7b889a0__20260401.144240;none;/mnt/e/SyncData/paper2_main/zout/reports/baseline_vs_accMotion/MainPC__ds_UFireIndoorTest__mt_no_temp_method__af4b0d32a3d2__20260330.205208
VSD3__lb_mixed_firesmoke__video5.mp4;1455;9018;fire_smoke;/mnt/e/SyncData/paper2_main/datasets/UFireIndoorFull/test/test_firesmoke/VSD3__lb_mixed_firesmoke__video5.mp4;none;/mnt/e/SyncData/paper2_main/zout/reports/baseline_vs_accMotion/1GPU_SV__ds_UFireIndoorTest__mt_temp_method_motion_block__e1ccb7b889a0__20260401.144240;none;/mnt/e/SyncData/paper2_main/zout/reports/baseline_vs_accMotion/MainPC__ds_UFireIndoorTest__mt_no_temp_method__af4b0d32a3d2__20260330.205208
VSD3__lb_mixed_firesmoke__video5.mp4;1456;9018;fire_smoke;/mnt/e/SyncData/paper2_main/datasets/UFireIndoorFull/test/test_firesmoke/VSD3__lb_mixed_firesmoke__video5.mp4;none;/mnt/e/SyncData/paper2_main/zout/reports/baseline_vs_accMotion/1GPU_SV__ds_UFireIndoorTest__mt_temp_method_motion_block__e1ccb7b889a0__20260401.144240;none;/mnt/e/SyncData/paper2_main/zout/reports/baseline_vs_accMotion/MainPC__ds_UFireIndoorTest__mt_no_temp_method__af4b0d32a3d2__20260330.205208
VSD3__lb_mixed_firesmoke__video5.mp4;1457;9018;fire_smoke;/mnt/e/SyncData/paper2_main/datasets/UFireIndoorFull/test/test_firesmoke/VSD3__lb_mixed_firesmoke__video5.mp4;none;/mnt/e/SyncData/paper2_main/zout/reports/baseline_vs_accMotion/1GPU_SV__ds_UFireIndoorTest__mt_temp_method_motion_block__e1ccb7b889a0__20260401.144240;none;/mnt/e/SyncData/paper2_main/zout/reports/baseline_vs_accMotion/MainPC__ds_UFireIndoorTest__mt_no_temp_method__af4b0d32a3d2__20260330.205208
VSD3__lb_mixed_firesmoke__video5.mp4;1458;9018;fire_smoke;/mnt/e/SyncData/paper2_main/datasets/UFireIndoorFull/test/test_firesmoke/VSD3__lb_mixed_firesmoke__video5.mp4;none;/mnt/e/SyncData/paper2_main/zout/reports/baseline_vs_accMotion/1GPU_SV__ds_UFireIndoorTest__mt_temp_method_motion_block__e1ccb7b889a0__20260401.144240;none;/mnt/e/SyncData/paper2_main/zout/reports/baseline_vs_accMotion/MainPC__ds_UFireIndoorTest__mt_no_temp_method__af4b0d32a3d2__20260330.205208
VSD3__lb_mixed_firesmoke__video5.mp4;1459;9018;fire_smoke;/mnt/e/SyncData/paper2_main/datasets/UFireIndoorFull/test/test_firesmoke/VSD3__lb_mixed_firesmoke__video5.mp4;none;/mnt/e/SyncData/paper2_main/zout/reports/baseline_vs_accMotion/1GPU_SV__ds_UFireIndoorTest__mt_temp_method_motion_block__e1ccb7b889a0__20260401.144240;none;/mnt/e/SyncData/paper2_main/zout/reports/baseline_vs_accMotion/MainPC__ds_UFireIndoorTest__mt_no_temp_method__af4b0d32a3d2__20260330.205208
VSD3__lb_mixed_firesmoke__video5.mp4;1460;9018;fire_smoke;/mnt/e/SyncData/paper2_main/datasets/UFireIndoorFull/test/test_firesmoke/VSD3__lb_mixed_firesmoke__video5.mp4;none;/mnt/e/SyncData/paper2_main/zout/reports/baseline_vs_accMotion/1GPU_SV__ds_UFireIndoorTest__mt_temp_method_motion_block__e1ccb7b889a0__20260401.144240;none;/mnt/e/SyncData/paper2_main/zout/reports/baseline_vs_accMotion/MainPC__ds_UFireIndoorTest__mt_no_temp_method__af4b0d32a3d2__20260330.205208
VSD3__lb_mixed_firesmoke__video5.mp4;1461;9018;fire_smoke;/mnt/e/SyncData/paper2_main/datasets/UFireIndoorFull/test/test_firesmoke/VSD3__lb_mixed_firesmoke__video5.mp4;none;/mnt/e/SyncData/paper2_main/zout/reports/baseline_vs_accMotion/1GPU_SV__ds_UFireIndoorTest__mt_temp_method_motion_block__e1ccb7b889a0__20260401.144240;none;/mnt/e/SyncData/paper2_main/zout/reports/baseline_vs_accMotion/MainPC__ds_UFireIndoorTest__mt_no_temp_method__af4b0d32a3d2__20260330.205208
VSD3__lb_mixed_firesmoke__video5.mp4;1462;9018;fire_smoke;/mnt/e/SyncData/paper2_main/datasets/UFireIndoorFull/test/test_firesmoke/VSD3__lb_mixed_firesmoke__video5.mp4;none;/mnt/e/SyncData/paper2_main/zout/reports/baseline_vs_accMotion/1GPU_SV__ds_UFireIndoorTest__mt_temp_method_motion_block__e1ccb7b889a0__20260401.144240;none;/mnt/e/SyncData/paper2_main/zout/reports/baseline_vs_accMotion/MainPC__ds_UFireIndoorTest__mt_no_temp_method__af4b0d32a3d2__20260330.205208
VSD3__lb_mixed_firesmoke__video5.mp4;1463;9018;fire_smoke;/mnt/e/SyncData/paper2_main/datasets/UFireIndoorFull/test/test_firesmoke/VSD3__lb_mixed_firesmoke__video5.mp4;none;/mnt/e/SyncData/paper2_main/zout/reports/baseline_vs_accMotion/1GPU_SV__ds_UFireIndoorTest__mt_temp_method_motion_block__e1ccb7b889a0__20260401.144240;none;/mnt/e/SyncData/paper2_main/zout/reports/baseline_vs_accMotion/MainPC__ds_UFireIndoorTest__mt_no_temp_method__af4b0d32a3d2__20260330.205208
VSD3__lb_mixed_firesmoke__video5.mp4;1464;9018;fire_smoke;/mnt/e/SyncData/paper2_main/datasets/UFireIndoorFull/test/test_firesmoke/VSD3__lb_mixed_firesmoke__video5.mp4;none;/mnt/e/SyncData/paper2_main/zout/reports/baseline_vs_accMotion/1GPU_SV__ds_UFireIndoorTest__mt_temp_method_motion_block__e1ccb7b889a0__20260401.144240;none;/mnt/e/SyncData/paper2_main/zout/reports/baseline_vs_accMotion/MainPC__ds_UFireIndoorTest__mt_no_temp_method__af4b0d32a3d2__20260330.205208
VSD3__lb_mixed_firesmoke__video5.mp4;1465;9018;fire_smoke;/mnt/e/SyncData/paper2_main/datasets/UFireIndoorFull/test/test_firesmoke/VSD3__lb_mixed_firesmoke__video5.mp4;none;/mnt/e/SyncData/paper2_main/zout/reports/baseline_vs_accMotion/1GPU_SV__ds_UFireIndoorTest__mt_temp_method_motion_block__e1ccb7b889a0__20260401.144240;none;/mnt/e/SyncData/paper2_main/zout/reports/baseline_vs_accMotion/MainPC__ds_UFireIndoorTest__mt_no_temp_method__af4b0d32a3d2__20260330.205208
VSD3__lb_mixed_firesmoke__video5.mp4;1466;9018;fire_smoke;/mnt/e/SyncData/paper2_main/datasets/UFireIndoorFull/test/test_firesmoke/VSD3__lb_mixed_firesmoke__video5.mp4;none;/mnt/e/SyncData/paper2_main/zout/reports/baseline_vs_accMotion/1GPU_SV__ds_UFireIndoorTest__mt_temp_method_motion_block__e1ccb7b889a0__20260401.144240;none;/mnt/e/SyncData/paper2_main/zout/reports/baseline_vs_accMotion/MainPC__ds_UFireIndoorTest__mt_no_temp_method__af4b0d32a3d2__20260330.205208
VSD3__lb_mixed_firesmoke__video5.mp4;1467;9018;fire_smoke;/mnt/e/SyncData/paper2_main/datasets/UFireIndoorFull/test/test_firesmoke/VSD3__lb_mixed_firesmoke__video5.mp4;none;/mnt/e/SyncData/paper2_main/zout/reports/baseline_vs_accMotion/1GPU_SV__ds_UFireIndoorTest__mt_temp_method_motion_block__e1ccb7b889a0__20260401.144240;none;/mnt/e/SyncData/paper2_main/zout/reports/baseline_vs_accMotion/MainPC__ds_UFireIndoorTest__mt_no_temp_method__af4b0d32a3d2__20260330.205208
VSD3__lb_mixed_firesmoke__video5.mp4;1468;9018;fire_smoke;/mnt/e/SyncData/paper2_main/datasets/UFireIndoorFull/test/test_firesmoke/VSD3__lb_mixed_firesmoke__video5.mp4;none;/mnt/e/SyncData/paper2_main/zout/reports/baseline_vs_accMotion/1GPU_SV__ds_UFireIndoorTest__mt_temp_method_motion_block__e1ccb7b889a0__20260401.144240;none;/mnt/e/SyncData/paper2_main/zout/reports/baseline_vs_accMotion/MainPC__ds_UFireIndoorTest__mt_no_temp_method__af4b0d32a3d2__20260330.205208
VSD3__lb_mixed_firesmoke__video5.mp4;1469;9018;fire_smoke;/mnt/e/SyncData/paper2_main/datasets/UFireIndoorFull/test/test_firesmoke/VSD3__lb_mixed_firesmoke__video5.mp4;none;/mnt/e/SyncData/paper2_main/zout/reports/baseline_vs_accMotion/1GPU_SV__ds_UFireIndoorTest__mt_temp_method_motion_block__e1ccb7b889a0__20260401.144240;none;/mnt/e/SyncData/paper2_main/zout/reports/baseline_vs_accMotion/MainPC__ds_UFireIndoorTest__mt_no_temp_method__af4b0d32a3d2__20260330.205208
VSD3__lb_mixed_firesmoke__video5.mp4;1470;9018;fire_smoke;/mnt/e/SyncData/paper2_main/datasets/UFireIndoorFull/test/test_firesmoke/VSD3__lb_mixed_firesmoke__video5.mp4;none;/mnt/e/SyncData/paper2_main/zout/reports/baseline_vs_accMotion/1GPU_SV__ds_UFireIndoorTest__mt_temp_method_motion_block__e1ccb7b889a0__20260401.144240;none;/mnt/e/SyncData/paper2_main/zout/reports/baseline_vs_accMotion/MainPC__ds_UFireIndoorTest__mt_no_temp_method__af4b0d32a3d2__20260330.205208
VSD3__lb_mixed_firesmoke__video5.mp4;1471;9018;fire_smoke;/mnt/e/SyncData/paper2_main/datasets/UFireIndoorFull/test/test_firesmoke/VSD3__lb_mixed_firesmoke__video5.mp4;none;/mnt/e/SyncData/paper2_main/zout/reports/baseline_vs_accMotion/1GPU_SV__ds_UFireIndoorTest__mt_temp_method_motion_block__e1ccb7b889a0__20260401.144240;none;/mnt/e/SyncData/paper2_main/zout/reports/baseline_vs_accMotion/MainPC__ds_UFireIndoorTest__mt_no_temp_method__af4b0d32a3d2__20260330.205208
VSD3__lb_mixed_firesmoke__video5.mp4;1472;9018;fire_smoke;/mnt/e/SyncData/paper2_main/datasets/UFireIndoorFull/test/test_firesmoke/VSD3__lb_mixed_firesmoke__video5.mp4;none;/mnt/e/SyncData/paper2_main/zout/reports/baseline_vs_accMotion/1GPU_SV__ds_UFireIndoorTest__mt_temp_method_motion_block__e1ccb7b889a0__20260401.144240;none;/mnt/e/SyncData/paper2_main/zout/reports/baseline_vs_accMotion/MainPC__ds_UFireIndoorTest__mt_no_temp_method__af4b0d32a3d2__20260330.205208
VSD3__lb_mixed_firesmoke__video5.mp4;1473;9018;fire_smoke;/mnt/e/SyncData/paper2_main/datasets/UFireIndoorFull/test/test_firesmoke/VSD3__lb_mixed_firesmoke__video5.mp4;none;/mnt/e/SyncData/paper2_main/zout/reports/baseline_vs_accMotion/1GPU_SV__ds_UFireIndoorTest__mt_temp_method_motion_block__e1ccb7b889a0__20260401.144240;none;/mnt/e/SyncData/paper2_main/zout/reports/baseline_vs_accMotion/MainPC__ds_UFireIndoorTest__mt_no_temp_method__af4b0d32a3d2__20260330.205208
VSD3__lb_mixed_firesmoke__video5.mp4;1474;9018;fire_smoke;/mnt/e/SyncData/paper2_main/datasets/UFireIndoorFull/test/test_firesmoke/VSD3__lb_mixed_firesmoke__video5.mp4;none;/mnt/e/SyncData/paper2_main/zout/reports/baseline_vs_accMotion/1GPU_SV__ds_UFireIndoorTest__mt_temp_method_motion_block__e1ccb7b889a0__20260401.144240;none;/mnt/e/SyncData/paper2_main/zout/reports/baseline_vs_accMotion/MainPC__ds_UFireIndoorTest__mt_no_temp_method__af4b0d32a3d2__20260330.205208
VSD3__lb_mixed_firesmoke__video5.mp4;1475;9018;fire_smoke;/mnt/e/SyncData/paper2_main/datasets/UFireIndoorFull/test/test_firesmoke/VSD3__lb_mixed_firesmoke__video5.mp4;none;/mnt/e/SyncData/paper2_main/zout/reports/baseline_vs_accMotion/1GPU_SV__ds_UFireIndoorTest__mt_temp_method_motion_block__e1ccb7b889a0__20260401.144240;none;/mnt/e/SyncData/paper2_main/zout/reports/baseline_vs_accMotion/MainPC__ds_UFireIndoorTest__mt_no_temp_method__af4b0d32a3d2__20260330.205208
VSD3__lb_mixed_firesmoke__video5.mp4;1476;9018;fire_smoke;/mnt/e/SyncData/paper2_main/datasets/UFireIndoorFull/test/test_firesmoke/VSD3__lb_mixed_firesmoke__video5.mp4;none;/mnt/e/SyncData/paper2_main/zout/reports/baseline_vs_accMotion/1GPU_SV__ds_UFireIndoorTest__mt_temp_method_motion_block__e1ccb7b889a0__20260401.144240;none;/mnt/e/SyncData/paper2_main/zout/reports/baseline_vs_accMotion/MainPC__ds_UFireIndoorTest__mt_no_temp_method__af4b0d32a3d2__20260330.205208
VSD3__lb_mixed_firesmoke__video5.mp4;1477;9018;fire_smoke;/mnt/e/SyncData/paper2_main/datasets/UFireIndoorFull/test/test_firesmoke/VSD3__lb_mixed_firesmoke__video5.mp4;none;/mnt/e/SyncData/paper2_main/zout/reports/baseline_vs_accMotion/1GPU_SV__ds_UFireIndoorTest__mt_temp_method_motion_block__e1ccb7b889a0__20260401.144240;none;/mnt/e/SyncData/paper2_main/zout/reports/baseline_vs_accMotion/MainPC__ds_UFireIndoorTest__mt_no_temp_method__af4b0d32a3d2__20260330.205208
VSD3__lb_mixed_firesmoke__video5.mp4;1478;9018;fire_smoke;/mnt/e/SyncData/paper2_main/datasets/UFireIndoorFull/test/test_firesmoke/VSD3__lb_mixed_firesmoke__video5.mp4;none;/mnt/e/SyncData/paper2_main/zout/reports/baseline_vs_accMotion/1GPU_SV__ds_UFireIndoorTest__mt_temp_method_motion_block__e1ccb7b889a0__20260401.144240;none;/mnt/e/SyncData/paper2_main/zout/reports/baseline_vs_accMotion/MainPC__ds_UFireIndoorTest__mt_no_temp_method__af4b0d32a3d2__20260330.205208
VSD3__lb_mixed_firesmoke__video5.mp4;1479;9018;fire_smoke;/mnt/e/SyncData/paper2_main/datasets/UFireIndoorFull/test/test_firesmoke/VSD3__lb_mixed_firesmoke__video5.mp4;none;/mnt/e/SyncData/paper2_main/zout/reports/baseline_vs_accMotion/1GPU_SV__ds_UFireIndoorTest__mt_temp_method_motion_block__e1ccb7b889a0__20260401.144240;none;/mnt/e/SyncData/paper2_main/zout/reports/baseline_vs_accMotion/MainPC__ds_UFireIndoorTest__mt_no_temp_method__af4b0d32a3d2__20260330.205208
VSD3__lb_mixed_firesmoke__video5.mp4;1480;9018;fire_smoke;/mnt/e/SyncData/paper2_main/datasets/UFireIndoorFull/test/test_firesmoke/VSD3__lb_mixed_firesmoke__video5.mp4;none;/mnt/e/SyncData/paper2_main/zout/reports/baseline_vs_accMotion/1GPU_SV__ds_UFireIndoorTest__mt_temp_method_motion_block__e1ccb7b889a0__20260401.144240;none;/mnt/e/SyncData/paper2_main/zout/reports/baseline_vs_accMotion/MainPC__ds_UFireIndoorTest__mt_no_temp_method__af4b0d32a3d2__20260330.205208
VSD3__lb_mixed_firesmoke__video5.mp4;1481;9018;fire_smoke;/mnt/e/SyncData/paper2_main/datasets/UFireIndoorFull/test/test_firesmoke/VSD3__lb_mixed_firesmoke__video5.mp4;none;/mnt/e/SyncData/paper2_main/zout/reports/baseline_vs_accMotion/1GPU_SV__ds_UFireIndoorTest__mt_temp_method_motion_block__e1ccb7b889a0__20260401.144240;none;/mnt/e/SyncData/paper2_main/zout/reports/baseline_vs_accMotion/MainPC__ds_UFireIndoorTest__mt_no_temp_method__af4b0d32a3d2__20260330.205208
VSD3__lb_mixed_firesmoke__video5.mp4;1482;9018;fire_smoke;/mnt/e/SyncData/paper2_main/datasets/UFireIndoorFull/test/test_firesmoke/VSD3__lb_mixed_firesmoke__video5.mp4;none;/mnt/e/SyncData/paper2_main/zout/reports/baseline_vs_accMotion/1GPU_SV__ds_UFireIndoorTest__mt_temp_method_motion_block__e1ccb7b889a0__20260401.144240;none;/mnt/e/SyncData/paper2_main/zout/reports/baseline_vs_accMotion/MainPC__ds_UFireIndoorTest__mt_no_temp_method__af4b0d32a3d2__20260330.205208
VSD3__lb_mixed_firesmoke__video5.mp4;1483;9018;fire_smoke;/mnt/e/SyncData/paper2_main/datasets/UFireIndoorFull/test/test_firesmoke/VSD3__lb_mixed_firesmoke__video5.mp4;none;/mnt/e/SyncData/paper2_main/zout/reports/baseline_vs_accMotion/1GPU_SV__ds_UFireIndoorTest__mt_temp_method_motion_block__e1ccb7b889a0__20260401.144240;none;/mnt/e/SyncData/paper2_main/zout/reports/baseline_vs_accMotion/MainPC__ds_UFireIndoorTest__mt_no_temp_method__af4b0d32a3d2__20260330.205208
VSD3__lb_mixed_firesmoke__video5.mp4;1484;9018;fire_smoke;/mnt/e/SyncData/paper2_main/datasets/UFireIndoorFull/test/test_firesmoke/VSD3__lb_mixed_firesmoke__video5.mp4;none;/mnt/e/SyncData/paper2_main/zout/reports/baseline_vs_accMotion/1GPU_SV__ds_UFireIndoorTest__mt_temp_method_motion_block__e1ccb7b889a0__20260401.144240;none;/mnt/e/SyncData/paper2_main/zout/reports/baseline_vs_accMotion/MainPC__ds_UFireIndoorTest__mt_no_temp_method__af4b0d32a3d2__20260330.205208
VSD3__lb_mixed_firesmoke__video5.mp4;1485;9018;fire_smoke;/mnt/e/SyncData/paper2_main/datasets/UFireIndoorFull/test/test_firesmoke/VSD3__lb_mixed_firesmoke__video5.mp4;none;/mnt/e/SyncData/paper2_main/zout/reports/baseline_vs_accMotion/1GPU_SV__ds_UFireIndoorTest__mt_temp_method_motion_block__e1ccb7b889a0__20260401.144240;none;/mnt/e/SyncData/paper2_main/zout/reports/baseline_vs_accMotion/MainPC__ds_UFireIndoorTest__mt_no_temp_method__af4b0d32a3d2__20260330.205208
VSD3__lb_mixed_firesmoke__video5.mp4;1486;9018;fire_smoke;/mnt/e/SyncData/paper2_main/datasets/UFireIndoorFull/test/test_firesmoke/VSD3__lb_mixed_firesmoke__video5.mp4;none;/mnt/e/SyncData/paper2_main/zout/reports/baseline_vs_accMotion/1GPU_SV__ds_UFireIndoorTest__mt_temp_method_motion_block__e1ccb7b889a0__20260401.144240;none;/mnt/e/SyncData/paper2_main/zout/reports/baseline_vs_accMotion/MainPC__ds_UFireIndoorTest__mt_no_temp_method__af4b0d32a3d2__20260330.205208
VSD3__lb_mixed_firesmoke__video5.mp4;1487;9018;fire_smoke;/mnt/e/SyncData/paper2_main/datasets/UFireIndoorFull/test/test_firesmoke/VSD3__lb_mixed_firesmoke__video5.mp4;none;/mnt/e/SyncData/paper2_main/zout/reports/baseline_vs_accMotion/1GPU_SV__ds_UFireIndoorTest__mt_temp_method_motion_block__e1ccb7b889a0__20260401.144240;none;/mnt/e/SyncData/paper2_main/zout/reports/baseline_vs_accMotion/MainPC__ds_UFireIndoorTest__mt_no_temp_method__af4b0d32a3d2__20260330.205208
VSD3__lb_mixed_firesmoke__video5.mp4;1488;9018;fire_smoke;/mnt/e/SyncData/paper2_main/datasets/UFireIndoorFull/test/test_firesmoke/VSD3__lb_mixed_firesmoke__video5.mp4;none;/mnt/e/SyncData/paper2_main/zout/reports/baseline_vs_accMotion/1GPU_SV__ds_UFireIndoorTest__mt_temp_method_motion_block__e1ccb7b889a0__20260401.144240;none;/mnt/e/SyncData/paper2_main/zout/reports/baseline_vs_accMotion/MainPC__ds_UFireIndoorTest__mt_no_temp_method__af4b0d32a3d2__20260330.205208
VSD3__lb_mixed_firesmoke__video5.mp4;1489;9018;fire_smoke;/mnt/e/SyncData/paper2_main/datasets/UFireIndoorFull/test/test_firesmoke/VSD3__lb_mixed_firesmoke__video5.mp4;none;/mnt/e/SyncData/paper2_main/zout/reports/baseline_vs_accMotion/1GPU_SV__ds_UFireIndoorTest__mt_temp_method_motion_block__e1ccb7b889a0__20260401.144240;none;/mnt/e/SyncData/paper2_main/zout/reports/baseline_vs_accMotion/MainPC__ds_UFireIndoorTest__mt_no_temp_method__af4b0d32a3d2__20260330.205208
VSD3__lb_mixed_firesmoke__video5.mp4;1490;9018;fire_smoke;/mnt/e/SyncData/paper2_main/datasets/UFireIndoorFull/test/test_firesmoke/VSD3__lb_mixed_firesmoke__video5.mp4;none;/mnt/e/SyncData/paper2_main/zout/reports/baseline_vs_accMotion/1GPU_SV__ds_UFireIndoorTest__mt_temp_method_motion_block__e1ccb7b889a0__20260401.144240;none;/mnt/e/SyncData/paper2_main/zout/reports/baseline_vs_accMotion/MainPC__ds_UFireIndoorTest__mt_no_temp_method__af4b0d32a3d2__20260330.205208
VSD3__lb_mixed_firesmoke__video5.mp4;1491;9018;fire_smoke;/mnt/e/SyncData/paper2_main/datasets/UFireIndoorFull/test/test_firesmoke/VSD3__lb_mixed_firesmoke__video5.mp4;none;/mnt/e/SyncData/paper2_main/zout/reports/baseline_vs_accMotion/1GPU_SV__ds_UFireIndoorTest__mt_temp_method_motion_block__e1ccb7b889a0__20260401.144240;none;/mnt/e/SyncData/paper2_main/zout/reports/baseline_vs_accMotion/MainPC__ds_UFireIndoorTest__mt_no_temp_method__af4b0d32a3d2__20260330.205208
VSD3__lb_mixed_firesmoke__video5.mp4;1492;9018;fire_smoke;/mnt/e/SyncData/paper2_main/datasets/UFireIndoorFull/test/test_firesmoke/VSD3__lb_mixed_firesmoke__video5.mp4;none;/mnt/e/SyncData/paper2_main/zout/reports/baseline_vs_accMotion/1GPU_SV__ds_UFireIndoorTest__mt_temp_method_motion_block__e1ccb7b889a0__20260401.144240;none;/mnt/e/SyncData/paper2_main/zout/reports/baseline_vs_accMotion/MainPC__ds_UFireIndoorTest__mt_no_temp_method__af4b0d32a3d2__20260330.205208
VSD3__lb_mixed_firesmoke__video5.mp4;1493;9018;fire_smoke;/mnt/e/SyncData/paper2_main/datasets/UFireIndoorFull/test/test_firesmoke/VSD3__lb_mixed_firesmoke__video5.mp4;none;/mnt/e/SyncData/paper2_main/zout/reports/baseline_vs_accMotion/1GPU_SV__ds_UFireIndoorTest__mt_temp_method_motion_block__e1ccb7b889a0__20260401.144240;none;/mnt/e/SyncData/paper2_main/zout/reports/baseline_vs_accMotion/MainPC__ds_UFireIndoorTest__mt_no_temp_method__af4b0d32a3d2__20260330.205208
VSD3__lb_mixed_firesmoke__video5.mp4;1494;9018;fire_smoke;/mnt/e/SyncData/paper2_main/datasets/UFireIndoorFull/test/test_firesmoke/VSD3__lb_mixed_firesmoke__video5.mp4;none;/mnt/e/SyncData/paper2_main/zout/reports/baseline_vs_accMotion/1GPU_SV__ds_UFireIndoorTest__mt_temp_method_motion_block__e1ccb7b889a0__20260401.144240;none;/mnt/e/SyncData/paper2_main/zout/reports/baseline_vs_accMotion/MainPC__ds_UFireIndoorTest__mt_no_temp_method__af4b0d32a3d2__20260330.205208
VSD3__lb_mixed_firesmoke__video5.mp4;1495;9018;fire_smoke;/mnt/e/SyncData/paper2_main/datasets/UFireIndoorFull/test/test_firesmoke/VSD3__lb_mixed_firesmoke__video5.mp4;none;/mnt/e/SyncData/paper2_main/zout/reports/baseline_vs_accMotion/1GPU_SV__ds_UFireIndoorTest__mt_temp_method_motion_block__e1ccb7b889a0__20260401.144240;none;/mnt/e/SyncData/paper2_main/zout/reports/baseline_vs_accMotion/MainPC__ds_UFireIndoorTest__mt_no_temp_method__af4b0d32a3d2__20260330.205208
VSD3__lb_mixed_firesmoke__video5.mp4;1496;9018;fire_smoke;/mnt/e/SyncData/paper2_main/datasets/UFireIndoorFull/test/test_firesmoke/VSD3__lb_mixed_firesmoke__video5.mp4;none;/mnt/e/SyncData/paper2_main/zout/reports/baseline_vs_accMotion/1GPU_SV__ds_UFireIndoorTest__mt_temp_method_motion_block__e1ccb7b889a0__20260401.144240;none;/mnt/e/SyncData/paper2_main/zout/reports/baseline_vs_accMotion/MainPC__ds_UFireIndoorTest__mt_no_temp_method__af4b0d32a3d2__20260330.205208
VSD3__lb_mixed_firesmoke__video5.mp4;1497;9018;fire_smoke;/mnt/e/SyncData/paper2_main/datasets/UFireIndoorFull/test/test_firesmoke/VSD3__lb_mixed_firesmoke__video5.mp4;none;/mnt/e/SyncData/paper2_main/zout/reports/baseline_vs_accMotion/1GPU_SV__ds_UFireIndoorTest__mt_temp_method_motion_block__e1ccb7b889a0__20260401.144240;none;/mnt/e/SyncData/paper2_main/zout/reports/baseline_vs_accMotion/MainPC__ds_UFireIndoorTest__mt_no_temp_method__af4b0d32a3d2__20260330.205208
VSD3__lb_mixed_firesmoke__video5.mp4;1498;9018;fire_smoke;/mnt/e/SyncData/paper2_main/datasets/UFireIndoorFull/test/test_firesmoke/VSD3__lb_mixed_firesmoke__video5.mp4;none;/mnt/e/SyncData/paper2_main/zout/reports/baseline_vs_accMotion/1GPU_SV__ds_UFireIndoorTest__mt_temp_method_motion_block__e1ccb7b889a0__20260401.144240;none;/mnt/e/SyncData/paper2_main/zout/reports/baseline_vs_accMotion/MainPC__ds_UFireIndoorTest__mt_no_temp_method__af4b0d32a3d2__20260330.205208
VSD3__lb_mixed_firesmoke__video5.mp4;1499;9018;fire_smoke;/mnt/e/SyncData/paper2_main/datasets/UFireIndoorFull/test/test_firesmoke/VSD3__lb_mixed_firesmoke__video5.mp4;none;/mnt/e/SyncData/paper2_main/zout/reports/baseline_vs_accMotion/1GPU_SV__ds_UFireIndoorTest__mt_temp_method_motion_block__e1ccb7b889a0__20260401.144240;none;/mnt/e/SyncData/paper2_main/zout/reports/baseline_vs_accMotion/MainPC__ds_UFireIndoorTest__mt_no_temp_method__af4b0d32a3d2__20260330.205208
VSD3__lb_mixed_firesmoke__video5.mp4;1500;9018;fire_smoke;/mnt/e/SyncData/paper2_main/datasets/UFireIndoorFull/test/test_firesmoke/VSD3__lb_mixed_firesmoke__video5.mp4;none;/mnt/e/SyncData/paper2_main/zout/reports/baseline_vs_accMotion/1GPU_SV__ds_UFireIndoorTest__mt_temp_method_motion_block__e1ccb7b889a0__20260401.144240;none;/mnt/e/SyncData/paper2_main/zout/reports/baseline_vs_accMotion/MainPC__ds_UFireIndoorTest__mt_no_temp_method__af4b0d32a3d2__20260330.205208
VSD3__lb_mixed_firesmoke__video5.mp4;1501;9018;fire_smoke;/mnt/e/SyncData/paper2_main/datasets/UFireIndoorFull/test/test_firesmoke/VSD3__lb_mixed_firesmoke__video5.mp4;none;/mnt/e/SyncData/paper2_main/zout/reports/baseline_vs_accMotion/1GPU_SV__ds_UFireIndoorTest__mt_temp_method_motion_block__e1ccb7b889a0__20260401.144240;none;/mnt/e/SyncData/paper2_main/zout/reports/baseline_vs_accMotion/MainPC__ds_UFireIndoorTest__mt_no_temp_method__af4b0d32a3d2__20260330.205208
VSD3__lb_mixed_firesmoke__video5.mp4;1502;9018;fire_smoke;/mnt/e/SyncData/paper2_main/datasets/UFireIndoorFull/test/test_firesmoke/VSD3__lb_mixed_firesmoke__video5.mp4;none;/mnt/e/SyncData/paper2_main/zout/reports/baseline_vs_accMotion/1GPU_SV__ds_UFireIndoorTest__mt_temp_method_motion_block__e1ccb7b889a0__20260401.144240;none;/mnt/e/SyncData/paper2_main/zout/reports/baseline_vs_accMotion/MainPC__ds_UFireIndoorTest__mt_no_temp_method__af4b0d32a3d2__20260330.205208
VSD3__lb_mixed_firesmoke__video5.mp4;1503;9018;fire_smoke;/mnt/e/SyncData/paper2_main/datasets/UFireIndoorFull/test/test_firesmoke/VSD3__lb_mixed_firesmoke__video5.mp4;none;/mnt/e/SyncData/paper2_main/zout/reports/baseline_vs_accMotion/1GPU_SV__ds_UFireIndoorTest__mt_temp_method_motion_block__e1ccb7b889a0__20260401.144240;none;/mnt/e/SyncData/paper2_main/zout/reports/baseline_vs_accMotion/MainPC__ds_UFireIndoorTest__mt_no_temp_method__af4b0d32a3d2__20260330.205208
VSD3__lb_mixed_firesmoke__video5.mp4;1504;9018;fire_smoke;/mnt/e/SyncData/paper2_main/datasets/UFireIndoorFull/test/test_firesmoke/VSD3__lb_mixed_firesmoke__video5.mp4;none;/mnt/e/SyncData/paper2_main/zout/reports/baseline_vs_accMotion/1GPU_SV__ds_UFireIndoorTest__mt_temp_method_motion_block__e1ccb7b889a0__20260401.144240;none;/mnt/e/SyncData/paper2_main/zout/reports/baseline_vs_accMotion/MainPC__ds_UFireIndoorTest__mt_no_temp_method__af4b0d32a3d2__20260330.205208
VSD3__lb_mixed_firesmoke__video5.mp4;1505;9018;fire_smoke;/mnt/e/SyncData/paper2_main/datasets/UFireIndoorFull/test/test_firesmoke/VSD3__lb_mixed_firesmoke__video5.mp4;none;/mnt/e/SyncData/paper2_main/zout/reports/baseline_vs_accMotion/1GPU_SV__ds_UFireIndoorTest__mt_temp_method_motion_block__e1ccb7b889a0__20260401.144240;none;/mnt/e/SyncData/paper2_main/zout/reports/baseline_vs_accMotion/MainPC__ds_UFireIndoorTest__mt_no_temp_method__af4b0d32a3d2__20260330.205208
VSD3__lb_mixed_firesmoke__video5.mp4;1506;9018;fire_smoke;/mnt/e/SyncData/paper2_main/datasets/UFireIndoorFull/test/test_firesmoke/VSD3__lb_mixed_firesmoke__video5.mp4;none;/mnt/e/SyncData/paper2_main/zout/reports/baseline_vs_accMotion/1GPU_SV__ds_UFireIndoorTest__mt_temp_method_motion_block__e1ccb7b889a0__20260401.144240;none;/mnt/e/SyncData/paper2_main/zout/reports/baseline_vs_accMotion/MainPC__ds_UFireIndoorTest__mt_no_temp_method__af4b0d32a3d2__20260330.205208
VSD3__lb_mixed_firesmoke__video5.mp4;1507;9018;fire_smoke;/mnt/e/SyncData/paper2_main/datasets/UFireIndoorFull/test/test_firesmoke/VSD3__lb_mixed_firesmoke__video5.mp4;none;/mnt/e/SyncData/paper2_main/zout/reports/baseline_vs_accMotion/1GPU_SV__ds_UFireIndoorTest__mt_temp_method_motion_block__e1ccb7b889a0__20260401.144240;none;/mnt/e/SyncData/paper2_main/zout/reports/baseline_vs_accMotion/MainPC__ds_UFireIndoorTest__mt_no_temp_method__af4b0d32a3d2__20260330.205208
VSD3__lb_mixed_firesmoke__video5.mp4;1508;9018;fire_smoke;/mnt/e/SyncData/paper2_main/datasets/UFireIndoorFull/test/test_firesmoke/VSD3__lb_mixed_firesmoke__video5.mp4;none;/mnt/e/SyncData/paper2_main/zout/reports/baseline_vs_accMotion/1GPU_SV__ds_UFireIndoorTest__mt_temp_method_motion_block__e1ccb7b889a0__20260401.144240;none;/mnt/e/SyncData/paper2_main/zout/reports/baseline_vs_accMotion/MainPC__ds_UFireIndoorTest__mt_no_temp_method__af4b0d32a3d2__20260330.205208
VSD3__lb_mixed_firesmoke__video5.mp4;1509;9018;fire_smoke;/mnt/e/SyncData/paper2_main/datasets/UFireIndoorFull/test/test_firesmoke/VSD3__lb_mixed_firesmoke__video5.mp4;none;/mnt/e/SyncData/paper2_main/zout/reports/baseline_vs_accMotion/1GPU_SV__ds_UFireIndoorTest__mt_temp_method_motion_block__e1ccb7b889a0__20260401.144240;none;/mnt/e/SyncData/paper2_main/zout/reports/baseline_vs_accMotion/MainPC__ds_UFireIndoorTest__mt_no_temp_method__af4b0d32a3d2__20260330.205208
VSD3__lb_mixed_firesmoke__video5.mp4;1510;9018;fire_smoke;/mnt/e/SyncData/paper2_main/datasets/UFireIndoorFull/test/test_firesmoke/VSD3__lb_mixed_firesmoke__video5.mp4;none;/mnt/e/SyncData/paper2_main/zout/reports/baseline_vs_accMotion/1GPU_SV__ds_UFireIndoorTest__mt_temp_method_motion_block__e1ccb7b889a0__20260401.144240;none;/mnt/e/SyncData/paper2_main/zout/reports/baseline_vs_accMotion/MainPC__ds_UFireIndoorTest__mt_no_temp_method__af4b0d32a3d2__20260330.205208
VSD3__lb_mixed_firesmoke__video5.mp4;1511;9018;fire_smoke;/mnt/e/SyncData/paper2_main/datasets/UFireIndoorFull/test/test_firesmoke/VSD3__lb_mixed_firesmoke__video5.mp4;none;/mnt/e/SyncData/paper2_main/zout/reports/baseline_vs_accMotion/1GPU_SV__ds_UFireIndoorTest__mt_temp_method_motion_block__e1ccb7b889a0__20260401.144240;none;/mnt/e/SyncData/paper2_main/zout/reports/baseline_vs_accMotion/MainPC__ds_UFireIndoorTest__mt_no_temp_method__af4b0d32a3d2__20260330.205208
VSD3__lb_mixed_firesmoke__video5.mp4;1512;9018;fire_smoke;/mnt/e/SyncData/paper2_main/datasets/UFireIndoorFull/test/test_firesmoke/VSD3__lb_mixed_firesmoke__video5.mp4;none;/mnt/e/SyncData/paper2_main/zout/reports/baseline_vs_accMotion/1GPU_SV__ds_UFireIndoorTest__mt_temp_method_motion_block__e1ccb7b889a0__20260401.144240;none;/mnt/e/SyncData/paper2_main/zout/reports/baseline_vs_accMotion/MainPC__ds_UFireIndoorTest__mt_no_temp_method__af4b0d32a3d2__20260330.205208
VSD3__lb_mixed_firesmoke__video5.mp4;1513;9018;fire_smoke;/mnt/e/SyncData/paper2_main/datasets/UFireIndoorFull/test/test_firesmoke/VSD3__lb_mixed_firesmoke__video5.mp4;none;/mnt/e/SyncData/paper2_main/zout/reports/baseline_vs_accMotion/1GPU_SV__ds_UFireIndoorTest__mt_temp_method_motion_block__e1ccb7b889a0__20260401.144240;none;/mnt/e/SyncData/paper2_main/zout/reports/baseline_vs_accMotion/MainPC__ds_UFireIndoorTest__mt_no_temp_method__af4b0d32a3d2__20260330.205208
VSD3__lb_mixed_firesmoke__video5.mp4;1514;9018;fire_smoke;/mnt/e/SyncData/paper2_main/datasets/UFireIndoorFull/test/test_firesmoke/VSD3__lb_mixed_firesmoke__video5.mp4;none;/mnt/e/SyncData/paper2_main/zout/reports/baseline_vs_accMotion/1GPU_SV__ds_UFireIndoorTest__mt_temp_method_motion_block__e1ccb7b889a0__20260401.144240;none;/mnt/e/SyncData/paper2_main/zout/reports/baseline_vs_accMotion/MainPC__ds_UFireIndoorTest__mt_no_temp_method__af4b0d32a3d2__20260330.205208
VSD3__lb_mixed_firesmoke__video5.mp4;1515;9018;fire_smoke;/mnt/e/SyncData/paper2_main/datasets/UFireIndoorFull/test/test_firesmoke/VSD3__lb_mixed_firesmoke__video5.mp4;none;/mnt/e/SyncData/paper2_main/zout/reports/baseline_vs_accMotion/1GPU_SV__ds_UFireIndoorTest__mt_temp_method_motion_block__e1ccb7b889a0__20260401.144240;none;/mnt/e/SyncData/paper2_main/zout/reports/baseline_vs_accMotion/MainPC__ds_UFireIndoorTest__mt_no_temp_method__af4b0d32a3d2__20260330.205208
VSD3__lb_mixed_firesmoke__video5.mp4;1516;9018;fire_smoke;/mnt/e/SyncData/paper2_main/datasets/UFireIndoorFull/test/test_firesmoke/VSD3__lb_mixed_firesmoke__video5.mp4;none;/mnt/e/SyncData/paper2_main/zout/reports/baseline_vs_accMotion/1GPU_SV__ds_UFireIndoorTest__mt_temp_method_motion_block__e1ccb7b889a0__20260401.144240;none;/mnt/e/SyncData/paper2_main/zout/reports/baseline_vs_accMotion/MainPC__ds_UFireIndoorTest__mt_no_temp_method__af4b0d32a3d2__20260330.205208
VSD3__lb_mixed_firesmoke__video5.mp4;1517;9018;fire_smoke;/mnt/e/SyncData/paper2_main/datasets/UFireIndoorFull/test/test_firesmoke/VSD3__lb_mixed_firesmoke__video5.mp4;none;/mnt/e/SyncData/paper2_main/zout/reports/baseline_vs_accMotion/1GPU_SV__ds_UFireIndoorTest__mt_temp_method_motion_block__e1ccb7b889a0__20260401.144240;none;/mnt/e/SyncData/paper2_main/zout/reports/baseline_vs_accMotion/MainPC__ds_UFireIndoorTest__mt_no_temp_method__af4b0d32a3d2__20260330.205208
VSD3__lb_mixed_firesmoke__video5.mp4;1518;9018;fire_smoke;/mnt/e/SyncData/paper2_main/datasets/UFireIndoorFull/test/test_firesmoke/VSD3__lb_mixed_firesmoke__video5.mp4;none;/mnt/e/SyncData/paper2_main/zout/reports/baseline_vs_accMotion/1GPU_SV__ds_UFireIndoorTest__mt_temp_method_motion_block__e1ccb7b889a0__20260401.144240;none;/mnt/e/SyncData/paper2_main/zout/reports/baseline_vs_accMotion/MainPC__ds_UFireIndoorTest__mt_no_temp_method__af4b0d32a3d2__20260330.205208
VSD3__lb_mixed_firesmoke__video5.mp4;1519;9018;fire_smoke;/mnt/e/SyncData/paper2_main/datasets/UFireIndoorFull/test/test_firesmoke/VSD3__lb_mixed_firesmoke__video5.mp4;none;/mnt/e/SyncData/paper2_main/zout/reports/baseline_vs_accMotion/1GPU_SV__ds_UFireIndoorTest__mt_temp_method_motion_block__e1ccb7b889a0__20260401.144240;none;/mnt/e/SyncData/paper2_main/zout/reports/baseline_vs_accMotion/MainPC__ds_UFireIndoorTest__mt_no_temp_method__af4b0d32a3d2__20260330.205208
VSD3__lb_mixed_firesmoke__video5.mp4;1520;9018;fire_smoke;/mnt/e/SyncData/paper2_main/datasets/UFireIndoorFull/test/test_firesmoke/VSD3__lb_mixed_firesmoke__video5.mp4;none;/mnt/e/SyncData/paper2_main/zout/reports/baseline_vs_accMotion/1GPU_SV__ds_UFireIndoorTest__mt_temp_method_motion_block__e1ccb7b889a0__20260401.144240;none;/mnt/e/SyncData/paper2_main/zout/reports/baseline_vs_accMotion/MainPC__ds_UFireIndoorTest__mt_no_temp_method__af4b0d32a3d2__20260330.205208
VSD3__lb_mixed_firesmoke__video5.mp4;1521;9018;fire_smoke;/mnt/e/SyncData/paper2_main/datasets/UFireIndoorFull/test/test_firesmoke/VSD3__lb_mixed_firesmoke__video5.mp4;none;/mnt/e/SyncData/paper2_main/zout/reports/baseline_vs_accMotion/1GPU_SV__ds_UFireIndoorTest__mt_temp_method_motion_block__e1ccb7b889a0__20260401.144240;none;/mnt/e/SyncData/paper2_main/zout/reports/baseline_vs_accMotion/MainPC__ds_UFireIndoorTest__mt_no_temp_method__af4b0d32a3d2__20260330.205208
VSD3__lb_mixed_firesmoke__video5.mp4;1522;9018;fire_smoke;/mnt/e/SyncData/paper2_main/datasets/UFireIndoorFull/test/test_firesmoke/VSD3__lb_mixed_firesmoke__video5.mp4;none;/mnt/e/SyncData/paper2_main/zout/reports/baseline_vs_accMotion/1GPU_SV__ds_UFireIndoorTest__mt_temp_method_motion_block__e1ccb7b889a0__20260401.144240;none;/mnt/e/SyncData/paper2_main/zout/reports/baseline_vs_accMotion/MainPC__ds_UFireIndoorTest__mt_no_temp_method__af4b0d32a3d2__20260330.205208
VSD3__lb_mixed_firesmoke__video5.mp4;1523;9018;fire_smoke;/mnt/e/SyncData/paper2_main/datasets/UFireIndoorFull/test/test_firesmoke/VSD3__lb_mixed_firesmoke__video5.mp4;none;/mnt/e/SyncData/paper2_main/zout/reports/baseline_vs_accMotion/1GPU_SV__ds_UFireIndoorTest__mt_temp_method_motion_block__e1ccb7b889a0__20260401.144240;none;/mnt/e/SyncData/paper2_main/zout/reports/baseline_vs_accMotion/MainPC__ds_UFireIndoorTest__mt_no_temp_method__af4b0d32a3d2__20260330.205208
VSD3__lb_mixed_firesmoke__video5.mp4;1524;9018;fire_smoke;/mnt/e/SyncData/paper2_main/datasets/UFireIndoorFull/test/test_firesmoke/VSD3__lb_mixed_firesmoke__video5.mp4;none;/mnt/e/SyncData/paper2_main/zout/reports/baseline_vs_accMotion/1GPU_SV__ds_UFireIndoorTest__mt_temp_method_motion_block__e1ccb7b889a0__20260401.144240;none;/mnt/e/SyncData/paper2_main/zout/reports/baseline_vs_accMotion/MainPC__ds_UFireIndoorTest__mt_no_temp_method__af4b0d32a3d2__20260330.205208
VSD3__lb_mixed_firesmoke__video5.mp4;1525;9018;fire_smoke;/mnt/e/SyncData/paper2_main/datasets/UFireIndoorFull/test/test_firesmoke/VSD3__lb_mixed_firesmoke__video5.mp4;none;/mnt/e/SyncData/paper2_main/zout/reports/baseline_vs_accMotion/1GPU_SV__ds_UFireIndoorTest__mt_temp_method_motion_block__e1ccb7b889a0__20260401.144240;none;/mnt/e/SyncData/paper2_main/zout/reports/baseline_vs_accMotion/MainPC__ds_UFireIndoorTest__mt_no_temp_method__af4b0d32a3d2__20260330.205208
VSD3__lb_mixed_firesmoke__video5.mp4;1526;9018;fire_smoke;/mnt/e/SyncData/paper2_main/datasets/UFireIndoorFull/test/test_firesmoke/VSD3__lb_mixed_firesmoke__video5.mp4;none;/mnt/e/SyncData/paper2_main/zout/reports/baseline_vs_accMotion/1GPU_SV__ds_UFireIndoorTest__mt_temp_method_motion_block__e1ccb7b889a0__20260401.144240;none;/mnt/e/SyncData/paper2_main/zout/reports/baseline_vs_accMotion/MainPC__ds_UFireIndoorTest__mt_no_temp_method__af4b0d32a3d2__20260330.205208
VSD3__lb_mixed_firesmoke__video5.mp4;1527;9018;fire_smoke;/mnt/e/SyncData/paper2_main/datasets/UFireIndoorFull/test/test_firesmoke/VSD3__lb_mixed_firesmoke__video5.mp4;none;/mnt/e/SyncData/paper2_main/zout/reports/baseline_vs_accMotion/1GPU_SV__ds_UFireIndoorTest__mt_temp_method_motion_block__e1ccb7b889a0__20260401.144240;none;/mnt/e/SyncData/paper2_main/zout/reports/baseline_vs_accMotion/MainPC__ds_UFireIndoorTest__mt_no_temp_method__af4b0d32a3d2__20260330.205208
VSD3__lb_mixed_firesmoke__video5.mp4;1528;9018;fire_smoke;/mnt/e/SyncData/paper2_main/datasets/UFireIndoorFull/test/test_firesmoke/VSD3__lb_mixed_firesmoke__video5.mp4;none;/mnt/e/SyncData/paper2_main/zout/reports/baseline_vs_accMotion/1GPU_SV__ds_UFireIndoorTest__mt_temp_method_motion_block__e1ccb7b889a0__20260401.144240;none;/mnt/e/SyncData/paper2_main/zout/reports/baseline_vs_accMotion/MainPC__ds_UFireIndoorTest__mt_no_temp_method__af4b0d32a3d2__20260330.205208
VSD3__lb_mixed_firesmoke__video5.mp4;1529;9018;fire_smoke;/mnt/e/SyncData/paper2_main/datasets/UFireIndoorFull/test/test_firesmoke/VSD3__lb_mixed_firesmoke__video5.mp4;none;/mnt/e/SyncData/paper2_main/zout/reports/baseline_vs_accMotion/1GPU_SV__ds_UFireIndoorTest__mt_temp_method_motion_block__e1ccb7b889a0__20260401.144240;none;/mnt/e/SyncData/paper2_main/zout/reports/baseline_vs_accMotion/MainPC__ds_UFireIndoorTest__mt_no_temp_method__af4b0d32a3d2__20260330.205208
VSD3__lb_mixed_firesmoke__video5.mp4;1530;9018;fire_smoke;/mnt/e/SyncData/paper2_main/datasets/UFireIndoorFull/test/test_firesmoke/VSD3__lb_mixed_firesmoke__video5.mp4;none;/mnt/e/SyncData/paper2_main/zout/reports/baseline_vs_accMotion/1GPU_SV__ds_UFireIndoorTest__mt_temp_method_motion_block__e1ccb7b889a0__20260401.144240;none;/mnt/e/SyncData/paper2_main/zout/reports/baseline_vs_accMotion/MainPC__ds_UFireIndoorTest__mt_no_temp_method__af4b0d32a3d2__20260330.205208
VSD3__lb_mixed_firesmoke__video5.mp4;1531;9018;fire_smoke;/mnt/e/SyncData/paper2_main/datasets/UFireIndoorFull/test/test_firesmoke/VSD3__lb_mixed_firesmoke__video5.mp4;none;/mnt/e/SyncData/paper2_main/zout/reports/baseline_vs_accMotion/1GPU_SV__ds_UFireIndoorTest__mt_temp_method_motion_block__e1ccb7b889a0__20260401.144240;none;/mnt/e/SyncData/paper2_main/zout/reports/baseline_vs_accMotion/MainPC__ds_UFireIndoorTest__mt_no_temp_method__af4b0d32a3d2__20260330.205208
VSD3__lb_mixed_firesmoke__video5.mp4;1532;9018;fire_smoke;/mnt/e/SyncData/paper2_main/datasets/UFireIndoorFull/test/test_firesmoke/VSD3__lb_mixed_firesmoke__video5.mp4;none;/mnt/e/SyncData/paper2_main/zout/reports/baseline_vs_accMotion/1GPU_SV__ds_UFireIndoorTest__mt_temp_method_motion_block__e1ccb7b889a0__20260401.144240;none;/mnt/e/SyncData/paper2_main/zout/reports/baseline_vs_accMotion/MainPC__ds_UFireIndoorTest__mt_no_temp_method__af4b0d32a3d2__20260330.205208
VSD3__lb_mixed_firesmoke__video5.mp4;1533;9018;fire_smoke;/mnt/e/SyncData/paper2_main/datasets/UFireIndoorFull/test/test_firesmoke/VSD3__lb_mixed_firesmoke__video5.mp4;none;/mnt/e/SyncData/paper2_main/zout/reports/baseline_vs_accMotion/1GPU_SV__ds_UFireIndoorTest__mt_temp_method_motion_block__e1ccb7b889a0__20260401.144240;none;/mnt/e/SyncData/paper2_main/zout/reports/baseline_vs_accMotion/MainPC__ds_UFireIndoorTest__mt_no_temp_method__af4b0d32a3d2__20260330.205208
VSD3__lb_mixed_firesmoke__video5.mp4;1534;9018;fire_smoke;/mnt/e/SyncData/paper2_main/datasets/UFireIndoorFull/test/test_firesmoke/VSD3__lb_mixed_firesmoke__video5.mp4;none;/mnt/e/SyncData/paper2_main/zout/reports/baseline_vs_accMotion/1GPU_SV__ds_UFireIndoorTest__mt_temp_method_motion_block__e1ccb7b889a0__20260401.144240;none;/mnt/e/SyncData/paper2_main/zout/reports/baseline_vs_accMotion/MainPC__ds_UFireIndoorTest__mt_no_temp_method__af4b0d32a3d2__20260330.205208
VSD3__lb_mixed_firesmoke__video5.mp4;1535;9018;fire_smoke;/mnt/e/SyncData/paper2_main/datasets/UFireIndoorFull/test/test_firesmoke/VSD3__lb_mixed_firesmoke__video5.mp4;none;/mnt/e/SyncData/paper2_main/zout/reports/baseline_vs_accMotion/1GPU_SV__ds_UFireIndoorTest__mt_temp_method_motion_block__e1ccb7b889a0__20260401.144240;none;/mnt/e/SyncData/paper2_main/zout/reports/baseline_vs_accMotion/MainPC__ds_UFireIndoorTest__mt_no_temp_method__af4b0d32a3d2__20260330.205208
VSD3__lb_mixed_firesmoke__video5.mp4;1536;9018;fire_smoke;/mnt/e/SyncData/paper2_main/datasets/UFireIndoorFull/test/test_firesmoke/VSD3__lb_mixed_firesmoke__video5.mp4;none;/mnt/e/SyncData/paper2_main/zout/reports/baseline_vs_accMotion/1GPU_SV__ds_UFireIndoorTest__mt_temp_method_motion_block__e1ccb7b889a0__20260401.144240;none;/mnt/e/SyncData/paper2_main/zout/reports/baseline_vs_accMotion/MainPC__ds_UFireIndoorTest__mt_no_temp_method__af4b0d32a3d2__20260330.205208
VSD3__lb_mixed_firesmoke__video5.mp4;1537;9018;fire_smoke;/mnt/e/SyncData/paper2_main/datasets/UFireIndoorFull/test/test_firesmoke/VSD3__lb_mixed_firesmoke__video5.mp4;none;/mnt/e/SyncData/paper2_main/zout/reports/baseline_vs_accMotion/1GPU_SV__ds_UFireIndoorTest__mt_temp_method_motion_block__e1ccb7b889a0__20260401.144240;none;/mnt/e/SyncData/paper2_main/zout/reports/baseline_vs_accMotion/MainPC__ds_UFireIndoorTest__mt_no_temp_method__af4b0d32a3d2__20260330.205208
VSD3__lb_mixed_firesmoke__video5.mp4;1538;9018;fire_smoke;/mnt/e/SyncData/paper2_main/datasets/UFireIndoorFull/test/test_firesmoke/VSD3__lb_mixed_firesmoke__video5.mp4;none;/mnt/e/SyncData/paper2_main/zout/reports/baseline_vs_accMotion/1GPU_SV__ds_UFireIndoorTest__mt_temp_method_motion_block__e1ccb7b889a0__20260401.144240;none;/mnt/e/SyncData/paper2_main/zout/reports/baseline_vs_accMotion/MainPC__ds_UFireIndoorTest__mt_no_temp_method__af4b0d32a3d2__20260330.205208
VSD3__lb_mixed_firesmoke__video5.mp4;1539;9018;fire_smoke;/mnt/e/SyncData/paper2_main/datasets/UFireIndoorFull/test/test_firesmoke/VSD3__lb_mixed_firesmoke__video5.mp4;none;/mnt/e/SyncData/paper2_main/zout/reports/baseline_vs_accMotion/1GPU_SV__ds_UFireIndoorTest__mt_temp_method_motion_block__e1ccb7b889a0__20260401.144240;none;/mnt/e/SyncData/paper2_main/zout/reports/baseline_vs_accMotion/MainPC__ds_UFireIndoorTest__mt_no_temp_method__af4b0d32a3d2__20260330.205208
VSD3__lb_mixed_firesmoke__video5.mp4;1540;9018;fire_smoke;/mnt/e/SyncData/paper2_main/datasets/UFireIndoorFull/test/test_firesmoke/VSD3__lb_mixed_firesmoke__video5.mp4;none;/mnt/e/SyncData/paper2_main/zout/reports/baseline_vs_accMotion/1GPU_SV__ds_UFireIndoorTest__mt_temp_method_motion_block__e1ccb7b889a0__20260401.144240;none;/mnt/e/SyncData/paper2_main/zout/reports/baseline_vs_accMotion/MainPC__ds_UFireIndoorTest__mt_no_temp_method__af4b0d32a3d2__20260330.205208
VSD3__lb_mixed_firesmoke__video5.mp4;1541;9018;fire_smoke;/mnt/e/SyncData/paper2_main/datasets/UFireIndoorFull/test/test_firesmoke/VSD3__lb_mixed_firesmoke__video5.mp4;none;/mnt/e/SyncData/paper2_main/zout/reports/baseline_vs_accMotion/1GPU_SV__ds_UFireIndoorTest__mt_temp_method_motion_block__e1ccb7b889a0__20260401.144240;none;/mnt/e/SyncData/paper2_main/zout/reports/baseline_vs_accMotion/MainPC__ds_UFireIndoorTest__mt_no_temp_method__af4b0d32a3d2__20260330.205208
VSD3__lb_mixed_firesmoke__video5.mp4;1542;9018;fire_smoke;/mnt/e/SyncData/paper2_main/datasets/UFireIndoorFull/test/test_firesmoke/VSD3__lb_mixed_firesmoke__video5.mp4;none;/mnt/e/SyncData/paper2_main/zout/reports/baseline_vs_accMotion/1GPU_SV__ds_UFireIndoorTest__mt_temp_method_motion_block__e1ccb7b889a0__20260401.144240;none;/mnt/e/SyncData/paper2_main/zout/reports/baseline_vs_accMotion/MainPC__ds_UFireIndoorTest__mt_no_temp_method__af4b0d32a3d2__20260330.205208
VSD3__lb_mixed_firesmoke__video5.mp4;1543;9018;fire_smoke;/mnt/e/SyncData/paper2_main/datasets/UFireIndoorFull/test/test_firesmoke/VSD3__lb_mixed_firesmoke__video5.mp4;none;/mnt/e/SyncData/paper2_main/zout/reports/baseline_vs_accMotion/1GPU_SV__ds_UFireIndoorTest__mt_temp_method_motion_block__e1ccb7b889a0__20260401.144240;none;/mnt/e/SyncData/paper2_main/zout/reports/baseline_vs_accMotion/MainPC__ds_UFireIndoorTest__mt_no_temp_method__af4b0d32a3d2__20260330.205208
VSD3__lb_mixed_firesmoke__video5.mp4;1544;9018;fire_smoke;/mnt/e/SyncData/paper2_main/datasets/UFireIndoorFull/test/test_firesmoke/VSD3__lb_mixed_firesmoke__video5.mp4;none;/mnt/e/SyncData/paper2_main/zout/reports/baseline_vs_accMotion/1GPU_SV__ds_UFireIndoorTest__mt_temp_method_motion_block__e1ccb7b889a0__20260401.144240;none;/mnt/e/SyncData/paper2_main/zout/reports/baseline_vs_accMotion/MainPC__ds_UFireIndoorTest__mt_no_temp_method__af4b0d32a3d2__20260330.205208
VSD3__lb_mixed_firesmoke__video5.mp4;1545;9018;fire_smoke;/mnt/e/SyncData/paper2_main/datasets/UFireIndoorFull/test/test_firesmoke/VSD3__lb_mixed_firesmoke__video5.mp4;none;/mnt/e/SyncData/paper2_main/zout/reports/baseline_vs_accMotion/1GPU_SV__ds_UFireIndoorTest__mt_temp_method_motion_block__e1ccb7b889a0__20260401.144240;none;/mnt/e/SyncData/paper2_main/zout/reports/baseline_vs_accMotion/MainPC__ds_UFireIndoorTest__mt_no_temp_method__af4b0d32a3d2__20260330.205208
VSD3__lb_mixed_firesmoke__video5.mp4;1546;9018;fire_smoke;/mnt/e/SyncData/paper2_main/datasets/UFireIndoorFull/test/test_firesmoke/VSD3__lb_mixed_firesmoke__video5.mp4;none;/mnt/e/SyncData/paper2_main/zout/reports/baseline_vs_accMotion/1GPU_SV__ds_UFireIndoorTest__mt_temp_method_motion_block__e1ccb7b889a0__20260401.144240;none;/mnt/e/SyncData/paper2_main/zout/reports/baseline_vs_accMotion/MainPC__ds_UFireIndoorTest__mt_no_temp_method__af4b0d32a3d2__20260330.205208
VSD3__lb_mixed_firesmoke__video5.mp4;1547;9018;fire_smoke;/mnt/e/SyncData/paper2_main/datasets/UFireIndoorFull/test/test_firesmoke/VSD3__lb_mixed_firesmoke__video5.mp4;none;/mnt/e/SyncData/paper2_main/zout/reports/baseline_vs_accMotion/1GPU_SV__ds_UFireIndoorTest__mt_temp_method_motion_block__e1ccb7b889a0__20260401.144240;none;/mnt/e/SyncData/paper2_main/zout/reports/baseline_vs_accMotion/MainPC__ds_UFireIndoorTest__mt_no_temp_method__af4b0d32a3d2__20260330.205208
VSD3__lb_mixed_firesmoke__video5.mp4;1548;9018;fire_smoke;/mnt/e/SyncData/paper2_main/datasets/UFireIndoorFull/test/test_firesmoke/VSD3__lb_mixed_firesmoke__video5.mp4;none;/mnt/e/SyncData/paper2_main/zout/reports/baseline_vs_accMotion/1GPU_SV__ds_UFireIndoorTest__mt_temp_method_motion_block__e1ccb7b889a0__20260401.144240;none;/mnt/e/SyncData/paper2_main/zout/reports/baseline_vs_accMotion/MainPC__ds_UFireIndoorTest__mt_no_temp_method__af4b0d32a3d2__20260330.205208
VSD3__lb_mixed_firesmoke__video5.mp4;1549;9018;fire_smoke;/mnt/e/SyncData/paper2_main/datasets/UFireIndoorFull/test/test_firesmoke/VSD3__lb_mixed_firesmoke__video5.mp4;none;/mnt/e/SyncData/paper2_main/zout/reports/baseline_vs_accMotion/1GPU_SV__ds_UFireIndoorTest__mt_temp_method_motion_block__e1ccb7b889a0__20260401.144240;none;/mnt/e/SyncData/paper2_main/zout/reports/baseline_vs_accMotion/MainPC__ds_UFireIndoorTest__mt_no_temp_method__af4b0d32a3d2__20260330.205208
VSD3__lb_mixed_firesmoke__video5.mp4;1550;9018;fire_smoke;/mnt/e/SyncData/paper2_main/datasets/UFireIndoorFull/test/test_firesmoke/VSD3__lb_mixed_firesmoke__video5.mp4;none;/mnt/e/SyncData/paper2_main/zout/reports/baseline_vs_accMotion/1GPU_SV__ds_UFireIndoorTest__mt_temp_method_motion_block__e1ccb7b889a0__20260401.144240;none;/mnt/e/SyncData/paper2_main/zout/reports/baseline_vs_accMotion/MainPC__ds_UFireIndoorTest__mt_no_temp_method__af4b0d32a3d2__20260330.205208
VSD3__lb_mixed_firesmoke__video5.mp4;1551;9018;fire_smoke;/mnt/e/SyncData/paper2_main/datasets/UFireIndoorFull/test/test_firesmoke/VSD3__lb_mixed_firesmoke__video5.mp4;none;/mnt/e/SyncData/paper2_main/zout/reports/baseline_vs_accMotion/1GPU_SV__ds_UFireIndoorTest__mt_temp_method_motion_block__e1ccb7b889a0__20260401.144240;none;/mnt/e/SyncData/paper2_main/zout/reports/baseline_vs_accMotion/MainPC__ds_UFireIndoorTest__mt_no_temp_method__af4b0d32a3d2__20260330.205208
VSD3__lb_mixed_firesmoke__video5.mp4;1552;9018;fire_smoke;/mnt/e/SyncData/paper2_main/datasets/UFireIndoorFull/test/test_firesmoke/VSD3__lb_mixed_firesmoke__video5.mp4;none;/mnt/e/SyncData/paper2_main/zout/reports/baseline_vs_accMotion/1GPU_SV__ds_UFireIndoorTest__mt_temp_method_motion_block__e1ccb7b889a0__20260401.144240;none;/mnt/e/SyncData/paper2_main/zout/reports/baseline_vs_accMotion/MainPC__ds_UFireIndoorTest__mt_no_temp_method__af4b0d32a3d2__20260330.205208
VSD3__lb_mixed_firesmoke__video5.mp4;1553;9018;fire_smoke;/mnt/e/SyncData/paper2_main/datasets/UFireIndoorFull/test/test_firesmoke/VSD3__lb_mixed_firesmoke__video5.mp4;none;/mnt/e/SyncData/paper2_main/zout/reports/baseline_vs_accMotion/1GPU_SV__ds_UFireIndoorTest__mt_temp_method_motion_block__e1ccb7b889a0__20260401.144240;none;/mnt/e/SyncData/paper2_main/zout/reports/baseline_vs_accMotion/MainPC__ds_UFireIndoorTest__mt_no_temp_method__af4b0d32a3d2__20260330.205208
VSD3__lb_mixed_firesmoke__video5.mp4;1554;9018;fire_smoke;/mnt/e/SyncData/paper2_main/datasets/UFireIndoorFull/test/test_firesmoke/VSD3__lb_mixed_firesmoke__video5.mp4;none;/mnt/e/SyncData/paper2_main/zout/reports/baseline_vs_accMotion/1GPU_SV__ds_UFireIndoorTest__mt_temp_method_motion_block__e1ccb7b889a0__20260401.144240;none;/mnt/e/SyncData/paper2_main/zout/reports/baseline_vs_accMotion/MainPC__ds_UFireIndoorTest__mt_no_temp_method__af4b0d32a3d2__20260330.205208
VSD3__lb_mixed_firesmoke__video5.mp4;1555;9018;fire_smoke;/mnt/e/SyncData/paper2_main/datasets/UFireIndoorFull/test/test_firesmoke/VSD3__lb_mixed_firesmoke__video5.mp4;none;/mnt/e/SyncData/paper2_main/zout/reports/baseline_vs_accMotion/1GPU_SV__ds_UFireIndoorTest__mt_temp_method_motion_block__e1ccb7b889a0__20260401.144240;none;/mnt/e/SyncData/paper2_main/zout/reports/baseline_vs_accMotion/MainPC__ds_UFireIndoorTest__mt_no_temp_method__af4b0d32a3d2__20260330.205208
VSD3__lb_mixed_firesmoke__video5.mp4;1556;9018;fire_smoke;/mnt/e/SyncData/paper2_main/datasets/UFireIndoorFull/test/test_firesmoke/VSD3__lb_mixed_firesmoke__video5.mp4;none;/mnt/e/SyncData/paper2_main/zout/reports/baseline_vs_accMotion/1GPU_SV__ds_UFireIndoorTest__mt_temp_method_motion_block__e1ccb7b889a0__20260401.144240;none;/mnt/e/SyncData/paper2_main/zout/reports/baseline_vs_accMotion/MainPC__ds_UFireIndoorTest__mt_no_temp_method__af4b0d32a3d2__20260330.205208
VSD3__lb_mixed_firesmoke__video5.mp4;1557;9018;fire_smoke;/mnt/e/SyncData/paper2_main/datasets/UFireIndoorFull/test/test_firesmoke/VSD3__lb_mixed_firesmoke__video5.mp4;none;/mnt/e/SyncData/paper2_main/zout/reports/baseline_vs_accMotion/1GPU_SV__ds_UFireIndoorTest__mt_temp_method_motion_block__e1ccb7b889a0__20260401.144240;none;/mnt/e/SyncData/paper2_main/zout/reports/baseline_vs_accMotion/MainPC__ds_UFireIndoorTest__mt_no_temp_method__af4b0d32a3d2__20260330.205208
VSD3__lb_mixed_firesmoke__video5.mp4;1558;9018;fire_smoke;/mnt/e/SyncData/paper2_main/datasets/UFireIndoorFull/test/test_firesmoke/VSD3__lb_mixed_firesmoke__video5.mp4;none;/mnt/e/SyncData/paper2_main/zout/reports/baseline_vs_accMotion/1GPU_SV__ds_UFireIndoorTest__mt_temp_method_motion_block__e1ccb7b889a0__20260401.144240;none;/mnt/e/SyncData/paper2_main/zout/reports/baseline_vs_accMotion/MainPC__ds_UFireIndoorTest__mt_no_temp_method__af4b0d32a3d2__20260330.205208
VSD3__lb_mixed_firesmoke__video5.mp4;1559;9018;fire_smoke;/mnt/e/SyncData/paper2_main/datasets/UFireIndoorFull/test/test_firesmoke/VSD3__lb_mixed_firesmoke__video5.mp4;none;/mnt/e/SyncData/paper2_main/zout/reports/baseline_vs_accMotion/1GPU_SV__ds_UFireIndoorTest__mt_temp_method_motion_block__e1ccb7b889a0__20260401.144240;none;/mnt/e/SyncData/paper2_main/zout/reports/baseline_vs_accMotion/MainPC__ds_UFireIndoorTest__mt_no_temp_method__af4b0d32a3d2__20260330.205208
VSD3__lb_mixed_firesmoke__video5.mp4;1560;9018;fire_smoke;/mnt/e/SyncData/paper2_main/datasets/UFireIndoorFull/test/test_firesmoke/VSD3__lb_mixed_firesmoke__video5.mp4;none;/mnt/e/SyncData/paper2_main/zout/reports/baseline_vs_accMotion/1GPU_SV__ds_UFireIndoorTest__mt_temp_method_motion_block__e1ccb7b889a0__20260401.144240;none;/mnt/e/SyncData/paper2_main/zout/reports/baseline_vs_accMotion/MainPC__ds_UFireIndoorTest__mt_no_temp_method__af4b0d32a3d2__20260330.205208
VSD3__lb_mixed_firesmoke__video5.mp4;1561;9018;fire_smoke;/mnt/e/SyncData/paper2_main/datasets/UFireIndoorFull/test/test_firesmoke/VSD3__lb_mixed_firesmoke__video5.mp4;none;/mnt/e/SyncData/paper2_main/zout/reports/baseline_vs_accMotion/1GPU_SV__ds_UFireIndoorTest__mt_temp_method_motion_block__e1ccb7b889a0__20260401.144240;none;/mnt/e/SyncData/paper2_main/zout/reports/baseline_vs_accMotion/MainPC__ds_UFireIndoorTest__mt_no_temp_method__af4b0d32a3d2__20260330.205208
VSD3__lb_mixed_firesmoke__video5.mp4;1562;9018;fire_smoke;/mnt/e/SyncData/paper2_main/datasets/UFireIndoorFull/test/test_firesmoke/VSD3__lb_mixed_firesmoke__video5.mp4;none;/mnt/e/SyncData/paper2_main/zout/reports/baseline_vs_accMotion/1GPU_SV__ds_UFireIndoorTest__mt_temp_method_motion_block__e1ccb7b889a0__20260401.144240;none;/mnt/e/SyncData/paper2_main/zout/reports/baseline_vs_accMotion/MainPC__ds_UFireIndoorTest__mt_no_temp_method__af4b0d32a3d2__20260330.205208
VSD3__lb_mixed_firesmoke__video5.mp4;1563;9018;fire_smoke;/mnt/e/SyncData/paper2_main/datasets/UFireIndoorFull/test/test_firesmoke/VSD3__lb_mixed_firesmoke__video5.mp4;none;/mnt/e/SyncData/paper2_main/zout/reports/baseline_vs_accMotion/1GPU_SV__ds_UFireIndoorTest__mt_temp_method_motion_block__e1ccb7b889a0__20260401.144240;none;/mnt/e/SyncData/paper2_main/zout/reports/baseline_vs_accMotion/MainPC__ds_UFireIndoorTest__mt_no_temp_method__af4b0d32a3d2__20260330.205208
VSD3__lb_mixed_firesmoke__video5.mp4;1564;9018;fire_smoke;/mnt/e/SyncData/paper2_main/datasets/UFireIndoorFull/test/test_firesmoke/VSD3__lb_mixed_firesmoke__video5.mp4;none;/mnt/e/SyncData/paper2_main/zout/reports/baseline_vs_accMotion/1GPU_SV__ds_UFireIndoorTest__mt_temp_method_motion_block__e1ccb7b889a0__20260401.144240;none;/mnt/e/SyncData/paper2_main/zout/reports/baseline_vs_accMotion/MainPC__ds_UFireIndoorTest__mt_no_temp_method__af4b0d32a3d2__20260330.205208
VSD3__lb_mixed_firesmoke__video5.mp4;1565;9018;fire_smoke;/mnt/e/SyncData/paper2_main/datasets/UFireIndoorFull/test/test_firesmoke/VSD3__lb_mixed_firesmoke__video5.mp4;none;/mnt/e/SyncData/paper2_main/zout/reports/baseline_vs_accMotion/1GPU_SV__ds_UFireIndoorTest__mt_temp_method_motion_block__e1ccb7b889a0__20260401.144240;none;/mnt/e/SyncData/paper2_main/zout/reports/baseline_vs_accMotion/MainPC__ds_UFireIndoorTest__mt_no_temp_method__af4b0d32a3d2__20260330.205208
VSD3__lb_mixed_firesmoke__video5.mp4;1566;9018;fire_smoke;/mnt/e/SyncData/paper2_main/datasets/UFireIndoorFull/test/test_firesmoke/VSD3__lb_mixed_firesmoke__video5.mp4;none;/mnt/e/SyncData/paper2_main/zout/reports/baseline_vs_accMotion/1GPU_SV__ds_UFireIndoorTest__mt_temp_method_motion_block__e1ccb7b889a0__20260401.144240;none;/mnt/e/SyncData/paper2_main/zout/reports/baseline_vs_accMotion/MainPC__ds_UFireIndoorTest__mt_no_temp_method__af4b0d32a3d2__20260330.205208
VSD3__lb_mixed_firesmoke__video5.mp4;1567;9018;fire_smoke;/mnt/e/SyncData/paper2_main/datasets/UFireIndoorFull/test/test_firesmoke/VSD3__lb_mixed_firesmoke__video5.mp4;none;/mnt/e/SyncData/paper2_main/zout/reports/baseline_vs_accMotion/1GPU_SV__ds_UFireIndoorTest__mt_temp_method_motion_block__e1ccb7b889a0__20260401.144240;none;/mnt/e/SyncData/paper2_main/zout/reports/baseline_vs_accMotion/MainPC__ds_UFireIndoorTest__mt_no_temp_method__af4b0d32a3d2__20260330.205208
VSD3__lb_mixed_firesmoke__video5.mp4;1568;9018;fire_smoke;/mnt/e/SyncData/paper2_main/datasets/UFireIndoorFull/test/test_firesmoke/VSD3__lb_mixed_firesmoke__video5.mp4;none;/mnt/e/SyncData/paper2_main/zout/reports/baseline_vs_accMotion/1GPU_SV__ds_UFireIndoorTest__mt_temp_method_motion_block__e1ccb7b889a0__20260401.144240;none;/mnt/e/SyncData/paper2_main/zout/reports/baseline_vs_accMotion/MainPC__ds_UFireIndoorTest__mt_no_temp_method__af4b0d32a3d2__20260330.205208
VSD3__lb_mixed_firesmoke__video5.mp4;1569;9018;fire_smoke;/mnt/e/SyncData/paper2_main/datasets/UFireIndoorFull/test/test_firesmoke/VSD3__lb_mixed_firesmoke__video5.mp4;none;/mnt/e/SyncData/paper2_main/zout/reports/baseline_vs_accMotion/1GPU_SV__ds_UFireIndoorTest__mt_temp_method_motion_block__e1ccb7b889a0__20260401.144240;none;/mnt/e/SyncData/paper2_main/zout/reports/baseline_vs_accMotion/MainPC__ds_UFireIndoorTest__mt_no_temp_method__af4b0d32a3d2__20260330.205208
VSD3__lb_mixed_firesmoke__video5.mp4;1570;9018;fire_smoke;/mnt/e/SyncData/paper2_main/datasets/UFireIndoorFull/test/test_firesmoke/VSD3__lb_mixed_firesmoke__video5.mp4;none;/mnt/e/SyncData/paper2_main/zout/reports/baseline_vs_accMotion/1GPU_SV__ds_UFireIndoorTest__mt_temp_method_motion_block__e1ccb7b889a0__20260401.144240;none;/mnt/e/SyncData/paper2_main/zout/reports/baseline_vs_accMotion/MainPC__ds_UFireIndoorTest__mt_no_temp_method__af4b0d32a3d2__20260330.205208
VSD3__lb_mixed_firesmoke__video5.mp4;1571;9018;fire_smoke;/mnt/e/SyncData/paper2_main/datasets/UFireIndoorFull/test/test_firesmoke/VSD3__lb_mixed_firesmoke__video5.mp4;none;/mnt/e/SyncData/paper2_main/zout/reports/baseline_vs_accMotion/1GPU_SV__ds_UFireIndoorTest__mt_temp_method_motion_block__e1ccb7b889a0__20260401.144240;none;/mnt/e/SyncData/paper2_main/zout/reports/baseline_vs_accMotion/MainPC__ds_UFireIndoorTest__mt_no_temp_method__af4b0d32a3d2__20260330.205208
VSD3__lb_mixed_firesmoke__video5.mp4;1572;9018;fire_smoke;/mnt/e/SyncData/paper2_main/datasets/UFireIndoorFull/test/test_firesmoke/VSD3__lb_mixed_firesmoke__video5.mp4;none;/mnt/e/SyncData/paper2_main/zout/reports/baseline_vs_accMotion/1GPU_SV__ds_UFireIndoorTest__mt_temp_method_motion_block__e1ccb7b889a0__20260401.144240;none;/mnt/e/SyncData/paper2_main/zout/reports/baseline_vs_accMotion/MainPC__ds_UFireIndoorTest__mt_no_temp_method__af4b0d32a3d2__20260330.205208
VSD3__lb_mixed_firesmoke__video5.mp4;1573;9018;fire_smoke;/mnt/e/SyncData/paper2_main/datasets/UFireIndoorFull/test/test_firesmoke/VSD3__lb_mixed_firesmoke__video5.mp4;none;/mnt/e/SyncData/paper2_main/zout/reports/baseline_vs_accMotion/1GPU_SV__ds_UFireIndoorTest__mt_temp_method_motion_block__e1ccb7b889a0__20260401.144240;none;/mnt/e/SyncData/paper2_main/zout/reports/baseline_vs_accMotion/MainPC__ds_UFireIndoorTest__mt_no_temp_method__af4b0d32a3d2__20260330.205208
VSD3__lb_mixed_firesmoke__video5.mp4;1574;9018;fire_smoke;/mnt/e/SyncData/paper2_main/datasets/UFireIndoorFull/test/test_firesmoke/VSD3__lb_mixed_firesmoke__video5.mp4;none;/mnt/e/SyncData/paper2_main/zout/reports/baseline_vs_accMotion/1GPU_SV__ds_UFireIndoorTest__mt_temp_method_motion_block__e1ccb7b889a0__20260401.144240;none;/mnt/e/SyncData/paper2_main/zout/reports/baseline_vs_accMotion/MainPC__ds_UFireIndoorTest__mt_no_temp_method__af4b0d32a3d2__20260330.205208
VSD3__lb_mixed_firesmoke__video5.mp4;1575;9018;fire_smoke;/mnt/e/SyncData/paper2_main/datasets/UFireIndoorFull/test/test_firesmoke/VSD3__lb_mixed_firesmoke__video5.mp4;none;/mnt/e/SyncData/paper2_main/zout/reports/baseline_vs_accMotion/1GPU_SV__ds_UFireIndoorTest__mt_temp_method_motion_block__e1ccb7b889a0__20260401.144240;none;/mnt/e/SyncData/paper2_main/zout/reports/baseline_vs_accMotion/MainPC__ds_UFireIndoorTest__mt_no_temp_method__af4b0d32a3d2__20260330.205208
VSD3__lb_mixed_firesmoke__video5.mp4;1576;9018;fire_smoke;/mnt/e/SyncData/paper2_main/datasets/UFireIndoorFull/test/test_firesmoke/VSD3__lb_mixed_firesmoke__video5.mp4;none;/mnt/e/SyncData/paper2_main/zout/reports/baseline_vs_accMotion/1GPU_SV__ds_UFireIndoorTest__mt_temp_method_motion_block__e1ccb7b889a0__20260401.144240;none;/mnt/e/SyncData/paper2_main/zout/reports/baseline_vs_accMotion/MainPC__ds_UFireIndoorTest__mt_no_temp_method__af4b0d32a3d2__20260330.205208
VSD3__lb_mixed_firesmoke__video5.mp4;1577;9018;fire_smoke;/mnt/e/SyncData/paper2_main/datasets/UFireIndoorFull/test/test_firesmoke/VSD3__lb_mixed_firesmoke__video5.mp4;none;/mnt/e/SyncData/paper2_main/zout/reports/baseline_vs_accMotion/1GPU_SV__ds_UFireIndoorTest__mt_temp_method_motion_block__e1ccb7b889a0__20260401.144240;none;/mnt/e/SyncData/paper2_main/zout/reports/baseline_vs_accMotion/MainPC__ds_UFireIndoorTest__mt_no_temp_method__af4b0d32a3d2__20260330.205208
VSD3__lb_mixed_firesmoke__video5.mp4;1578;9018;fire_smoke;/mnt/e/SyncData/paper2_main/datasets/UFireIndoorFull/test/test_firesmoke/VSD3__lb_mixed_firesmoke__video5.mp4;none;/mnt/e/SyncData/paper2_main/zout/reports/baseline_vs_accMotion/1GPU_SV__ds_UFireIndoorTest__mt_temp_method_motion_block__e1ccb7b889a0__20260401.144240;none;/mnt/e/SyncData/paper2_main/zout/reports/baseline_vs_accMotion/MainPC__ds_UFireIndoorTest__mt_no_temp_method__af4b0d32a3d2__20260330.205208
VSD3__lb_mixed_firesmoke__video5.mp4;1579;9018;fire_smoke;/mnt/e/SyncData/paper2_main/datasets/UFireIndoorFull/test/test_firesmoke/VSD3__lb_mixed_firesmoke__video5.mp4;none;/mnt/e/SyncData/paper2_main/zout/reports/baseline_vs_accMotion/1GPU_SV__ds_UFireIndoorTest__mt_temp_method_motion_block__e1ccb7b889a0__20260401.144240;none;/mnt/e/SyncData/paper2_main/zout/reports/baseline_vs_accMotion/MainPC__ds_UFireIndoorTest__mt_no_temp_method__af4b0d32a3d2__20260330.205208
VSD3__lb_mixed_firesmoke__video5.mp4;1580;9018;fire_smoke;/mnt/e/SyncData/paper2_main/datasets/UFireIndoorFull/test/test_firesmoke/VSD3__lb_mixed_firesmoke__video5.mp4;none;/mnt/e/SyncData/paper2_main/zout/reports/baseline_vs_accMotion/1GPU_SV__ds_UFireIndoorTest__mt_temp_method_motion_block__e1ccb7b889a0__20260401.144240;none;/mnt/e/SyncData/paper2_main/zout/reports/baseline_vs_accMotion/MainPC__ds_UFireIndoorTest__mt_no_temp_method__af4b0d32a3d2__20260330.205208
VSD3__lb_mixed_firesmoke__video5.mp4;1581;9018;fire_smoke;/mnt/e/SyncData/paper2_main/datasets/UFireIndoorFull/test/test_firesmoke/VSD3__lb_mixed_firesmoke__video5.mp4;none;/mnt/e/SyncData/paper2_main/zout/reports/baseline_vs_accMotion/1GPU_SV__ds_UFireIndoorTest__mt_temp_method_motion_block__e1ccb7b889a0__20260401.144240;none;/mnt/e/SyncData/paper2_main/zout/reports/baseline_vs_accMotion/MainPC__ds_UFireIndoorTest__mt_no_temp_method__af4b0d32a3d2__20260330.205208
VSD3__lb_mixed_firesmoke__video5.mp4;1582;9018;fire_smoke;/mnt/e/SyncData/paper2_main/datasets/UFireIndoorFull/test/test_firesmoke/VSD3__lb_mixed_firesmoke__video5.mp4;none;/mnt/e/SyncData/paper2_main/zout/reports/baseline_vs_accMotion/1GPU_SV__ds_UFireIndoorTest__mt_temp_method_motion_block__e1ccb7b889a0__20260401.144240;none;/mnt/e/SyncData/paper2_main/zout/reports/baseline_vs_accMotion/MainPC__ds_UFireIndoorTest__mt_no_temp_method__af4b0d32a3d2__20260330.205208
VSD3__lb_mixed_firesmoke__video5.mp4;1583;9018;fire_smoke;/mnt/e/SyncData/paper2_main/datasets/UFireIndoorFull/test/test_firesmoke/VSD3__lb_mixed_firesmoke__video5.mp4;none;/mnt/e/SyncData/paper2_main/zout/reports/baseline_vs_accMotion/1GPU_SV__ds_UFireIndoorTest__mt_temp_method_motion_block__e1ccb7b889a0__20260401.144240;none;/mnt/e/SyncData/paper2_main/zout/reports/baseline_vs_accMotion/MainPC__ds_UFireIndoorTest__mt_no_temp_method__af4b0d32a3d2__20260330.205208
VSD3__lb_mixed_firesmoke__video5.mp4;1584;9018;fire_smoke;/mnt/e/SyncData/paper2_main/datasets/UFireIndoorFull/test/test_firesmoke/VSD3__lb_mixed_firesmoke__video5.mp4;none;/mnt/e/SyncData/paper2_main/zout/reports/baseline_vs_accMotion/1GPU_SV__ds_UFireIndoorTest__mt_temp_method_motion_block__e1ccb7b889a0__20260401.144240;none;/mnt/e/SyncData/paper2_main/zout/reports/baseline_vs_accMotion/MainPC__ds_UFireIndoorTest__mt_no_temp_method__af4b0d32a3d2__20260330.205208
VSD3__lb_mixed_firesmoke__video5.mp4;1585;9018;fire_smoke;/mnt/e/SyncData/paper2_main/datasets/UFireIndoorFull/test/test_firesmoke/VSD3__lb_mixed_firesmoke__video5.mp4;none;/mnt/e/SyncData/paper2_main/zout/reports/baseline_vs_accMotion/1GPU_SV__ds_UFireIndoorTest__mt_temp_method_motion_block__e1ccb7b889a0__20260401.144240;none;/mnt/e/SyncData/paper2_main/zout/reports/baseline_vs_accMotion/MainPC__ds_UFireIndoorTest__mt_no_temp_method__af4b0d32a3d2__20260330.205208
VSD3__lb_mixed_firesmoke__video5.mp4;1586;9018;fire_smoke;/mnt/e/SyncData/paper2_main/datasets/UFireIndoorFull/test/test_firesmoke/VSD3__lb_mixed_firesmoke__video5.mp4;none;/mnt/e/SyncData/paper2_main/zout/reports/baseline_vs_accMotion/1GPU_SV__ds_UFireIndoorTest__mt_temp_method_motion_block__e1ccb7b889a0__20260401.144240;none;/mnt/e/SyncData/paper2_main/zout/reports/baseline_vs_accMotion/MainPC__ds_UFireIndoorTest__mt_no_temp_method__af4b0d32a3d2__20260330.205208
VSD3__lb_mixed_firesmoke__video5.mp4;1587;9018;fire_smoke;/mnt/e/SyncData/paper2_main/datasets/UFireIndoorFull/test/test_firesmoke/VSD3__lb_mixed_firesmoke__video5.mp4;none;/mnt/e/SyncData/paper2_main/zout/reports/baseline_vs_accMotion/1GPU_SV__ds_UFireIndoorTest__mt_temp_method_motion_block__e1ccb7b889a0__20260401.144240;none;/mnt/e/SyncData/paper2_main/zout/reports/baseline_vs_accMotion/MainPC__ds_UFireIndoorTest__mt_no_temp_method__af4b0d32a3d2__20260330.205208
VSD3__lb_mixed_firesmoke__video5.mp4;1588;9018;fire_smoke;/mnt/e/SyncData/paper2_main/datasets/UFireIndoorFull/test/test_firesmoke/VSD3__lb_mixed_firesmoke__video5.mp4;none;/mnt/e/SyncData/paper2_main/zout/reports/baseline_vs_accMotion/1GPU_SV__ds_UFireIndoorTest__mt_temp_method_motion_block__e1ccb7b889a0__20260401.144240;none;/mnt/e/SyncData/paper2_main/zout/reports/baseline_vs_accMotion/MainPC__ds_UFireIndoorTest__mt_no_temp_method__af4b0d32a3d2__20260330.205208
VSD3__lb_mixed_firesmoke__video5.mp4;1589;9018;fire_smoke;/mnt/e/SyncData/paper2_main/datasets/UFireIndoorFull/test/test_firesmoke/VSD3__lb_mixed_firesmoke__video5.mp4;none;/mnt/e/SyncData/paper2_main/zout/reports/baseline_vs_accMotion/1GPU_SV__ds_UFireIndoorTest__mt_temp_method_motion_block__e1ccb7b889a0__20260401.144240;none;/mnt/e/SyncData/paper2_main/zout/reports/baseline_vs_accMotion/MainPC__ds_UFireIndoorTest__mt_no_temp_method__af4b0d32a3d2__20260330.205208
VSD3__lb_mixed_firesmoke__video5.mp4;1590;9018;fire_smoke;/mnt/e/SyncData/paper2_main/datasets/UFireIndoorFull/test/test_firesmoke/VSD3__lb_mixed_firesmoke__video5.mp4;none;/mnt/e/SyncData/paper2_main/zout/reports/baseline_vs_accMotion/1GPU_SV__ds_UFireIndoorTest__mt_temp_method_motion_block__e1ccb7b889a0__20260401.144240;none;/mnt/e/SyncData/paper2_main/zout/reports/baseline_vs_accMotion/MainPC__ds_UFireIndoorTest__mt_no_temp_method__af4b0d32a3d2__20260330.205208
VSD3__lb_mixed_firesmoke__video5.mp4;1591;9018;fire_smoke;/mnt/e/SyncData/paper2_main/datasets/UFireIndoorFull/test/test_firesmoke/VSD3__lb_mixed_firesmoke__video5.mp4;none;/mnt/e/SyncData/paper2_main/zout/reports/baseline_vs_accMotion/1GPU_SV__ds_UFireIndoorTest__mt_temp_method_motion_block__e1ccb7b889a0__20260401.144240;none;/mnt/e/SyncData/paper2_main/zout/reports/baseline_vs_accMotion/MainPC__ds_UFireIndoorTest__mt_no_temp_method__af4b0d32a3d2__20260330.205208
VSD3__lb_mixed_firesmoke__video5.mp4;1592;9018;fire_smoke;/mnt/e/SyncData/paper2_main/datasets/UFireIndoorFull/test/test_firesmoke/VSD3__lb_mixed_firesmoke__video5.mp4;none;/mnt/e/SyncData/paper2_main/zout/reports/baseline_vs_accMotion/1GPU_SV__ds_UFireIndoorTest__mt_temp_method_motion_block__e1ccb7b889a0__20260401.144240;none;/mnt/e/SyncData/paper2_main/zout/reports/baseline_vs_accMotion/MainPC__ds_UFireIndoorTest__mt_no_temp_method__af4b0d32a3d2__20260330.205208
VSD3__lb_mixed_firesmoke__video5.mp4;1593;9018;fire_smoke;/mnt/e/SyncData/paper2_main/datasets/UFireIndoorFull/test/test_firesmoke/VSD3__lb_mixed_firesmoke__video5.mp4;none;/mnt/e/SyncData/paper2_main/zout/reports/baseline_vs_accMotion/1GPU_SV__ds_UFireIndoorTest__mt_temp_method_motion_block__e1ccb7b889a0__20260401.144240;none;/mnt/e/SyncData/paper2_main/zout/reports/baseline_vs_accMotion/MainPC__ds_UFireIndoorTest__mt_no_temp_method__af4b0d32a3d2__20260330.205208
VSD3__lb_mixed_firesmoke__video5.mp4;1594;9018;fire_smoke;/mnt/e/SyncData/paper2_main/datasets/UFireIndoorFull/test/test_firesmoke/VSD3__lb_mixed_firesmoke__video5.mp4;none;/mnt/e/SyncData/paper2_main/zout/reports/baseline_vs_accMotion/1GPU_SV__ds_UFireIndoorTest__mt_temp_method_motion_block__e1ccb7b889a0__20260401.144240;none;/mnt/e/SyncData/paper2_main/zout/reports/baseline_vs_accMotion/MainPC__ds_UFireIndoorTest__mt_no_temp_method__af4b0d32a3d2__20260330.205208
VSD3__lb_mixed_firesmoke__video5.mp4;1595;9018;fire_smoke;/mnt/e/SyncData/paper2_main/datasets/UFireIndoorFull/test/test_firesmoke/VSD3__lb_mixed_firesmoke__video5.mp4;none;/mnt/e/SyncData/paper2_main/zout/reports/baseline_vs_accMotion/1GPU_SV__ds_UFireIndoorTest__mt_temp_method_motion_block__e1ccb7b889a0__20260401.144240;none;/mnt/e/SyncData/paper2_main/zout/reports/baseline_vs_accMotion/MainPC__ds_UFireIndoorTest__mt_no_temp_method__af4b0d32a3d2__20260330.205208
VSD3__lb_mixed_firesmoke__video5.mp4;1596;9018;fire_smoke;/mnt/e/SyncData/paper2_main/datasets/UFireIndoorFull/test/test_firesmoke/VSD3__lb_mixed_firesmoke__video5.mp4;none;/mnt/e/SyncData/paper2_main/zout/reports/baseline_vs_accMotion/1GPU_SV__ds_UFireIndoorTest__mt_temp_method_motion_block__e1ccb7b889a0__20260401.144240;none;/mnt/e/SyncData/paper2_main/zout/reports/baseline_vs_accMotion/MainPC__ds_UFireIndoorTest__mt_no_temp_method__af4b0d32a3d2__20260330.205208
VSD3__lb_mixed_firesmoke__video5.mp4;1597;9018;fire_smoke;/mnt/e/SyncData/paper2_main/datasets/UFireIndoorFull/test/test_firesmoke/VSD3__lb_mixed_firesmoke__video5.mp4;none;/mnt/e/SyncData/paper2_main/zout/reports/baseline_vs_accMotion/1GPU_SV__ds_UFireIndoorTest__mt_temp_method_motion_block__e1ccb7b889a0__20260401.144240;none;/mnt/e/SyncData/paper2_main/zout/reports/baseline_vs_accMotion/MainPC__ds_UFireIndoorTest__mt_no_temp_method__af4b0d32a3d2__20260330.205208
VSD3__lb_mixed_firesmoke__video5.mp4;1598;9018;fire_smoke;/mnt/e/SyncData/paper2_main/datasets/UFireIndoorFull/test/test_firesmoke/VSD3__lb_mixed_firesmoke__video5.mp4;none;/mnt/e/SyncData/paper2_main/zout/reports/baseline_vs_accMotion/1GPU_SV__ds_UFireIndoorTest__mt_temp_method_motion_block__e1ccb7b889a0__20260401.144240;none;/mnt/e/SyncData/paper2_main/zout/reports/baseline_vs_accMotion/MainPC__ds_UFireIndoorTest__mt_no_temp_method__af4b0d32a3d2__20260330.205208
VSD3__lb_mixed_firesmoke__video5.mp4;1599;9018;fire_smoke;/mnt/e/SyncData/paper2_main/datasets/UFireIndoorFull/test/test_firesmoke/VSD3__lb_mixed_firesmoke__video5.mp4;none;/mnt/e/SyncData/paper2_main/zout/reports/baseline_vs_accMotion/1GPU_SV__ds_UFireIndoorTest__mt_temp_method_motion_block__e1ccb7b889a0__20260401.144240;none;/mnt/e/SyncData/paper2_main/zout/reports/baseline_vs_accMotion/MainPC__ds_UFireIndoorTest__mt_no_temp_method__af4b0d32a3d2__20260330.205208
VSD3__lb_mixed_firesmoke__video5.mp4;1600;9018;fire_smoke;/mnt/e/SyncData/paper2_main/datasets/UFireIndoorFull/test/test_firesmoke/VSD3__lb_mixed_firesmoke__video5.mp4;none;/mnt/e/SyncData/paper2_main/zout/reports/baseline_vs_accMotion/1GPU_SV__ds_UFireIndoorTest__mt_temp_method_motion_block__e1ccb7b889a0__20260401.144240;none;/mnt/e/SyncData/paper2_main/zout/reports/baseline_vs_accMotion/MainPC__ds_UFireIndoorTest__mt_no_temp_method__af4b0d32a3d2__20260330.205208
VSD3__lb_mixed_firesmoke__video5.mp4;1601;9018;fire_smoke;/mnt/e/SyncData/paper2_main/datasets/UFireIndoorFull/test/test_firesmoke/VSD3__lb_mixed_firesmoke__video5.mp4;none;/mnt/e/SyncData/paper2_main/zout/reports/baseline_vs_accMotion/1GPU_SV__ds_UFireIndoorTest__mt_temp_method_motion_block__e1ccb7b889a0__20260401.144240;none;/mnt/e/SyncData/paper2_main/zout/reports/baseline_vs_accMotion/MainPC__ds_UFireIndoorTest__mt_no_temp_method__af4b0d32a3d2__20260330.205208
VSD3__lb_mixed_firesmoke__video5.mp4;1602;9018;fire_smoke;/mnt/e/SyncData/paper2_main/datasets/UFireIndoorFull/test/test_firesmoke/VSD3__lb_mixed_firesmoke__video5.mp4;none;/mnt/e/SyncData/paper2_main/zout/reports/baseline_vs_accMotion/1GPU_SV__ds_UFireIndoorTest__mt_temp_method_motion_block__e1ccb7b889a0__20260401.144240;none;/mnt/e/SyncData/paper2_main/zout/reports/baseline_vs_accMotion/MainPC__ds_UFireIndoorTest__mt_no_temp_method__af4b0d32a3d2__20260330.205208
VSD3__lb_mixed_firesmoke__video5.mp4;1603;9018;fire_smoke;/mnt/e/SyncData/paper2_main/datasets/UFireIndoorFull/test/test_firesmoke/VSD3__lb_mixed_firesmoke__video5.mp4;none;/mnt/e/SyncData/paper2_main/zout/reports/baseline_vs_accMotion/1GPU_SV__ds_UFireIndoorTest__mt_temp_method_motion_block__e1ccb7b889a0__20260401.144240;none;/mnt/e/SyncData/paper2_main/zout/reports/baseline_vs_accMotion/MainPC__ds_UFireIndoorTest__mt_no_temp_method__af4b0d32a3d2__20260330.205208
VSD3__lb_mixed_firesmoke__video5.mp4;1604;9018;fire_smoke;/mnt/e/SyncData/paper2_main/datasets/UFireIndoorFull/test/test_firesmoke/VSD3__lb_mixed_firesmoke__video5.mp4;none;/mnt/e/SyncData/paper2_main/zout/reports/baseline_vs_accMotion/1GPU_SV__ds_UFireIndoorTest__mt_temp_method_motion_block__e1ccb7b889a0__20260401.144240;none;/mnt/e/SyncData/paper2_main/zout/reports/baseline_vs_accMotion/MainPC__ds_UFireIndoorTest__mt_no_temp_method__af4b0d32a3d2__20260330.205208
VSD3__lb_mixed_firesmoke__video5.mp4;1605;9018;fire_smoke;/mnt/e/SyncData/paper2_main/datasets/UFireIndoorFull/test/test_firesmoke/VSD3__lb_mixed_firesmoke__video5.mp4;none;/mnt/e/SyncData/paper2_main/zout/reports/baseline_vs_accMotion/1GPU_SV__ds_UFireIndoorTest__mt_temp_method_motion_block__e1ccb7b889a0__20260401.144240;none;/mnt/e/SyncData/paper2_main/zout/reports/baseline_vs_accMotion/MainPC__ds_UFireIndoorTest__mt_no_temp_method__af4b0d32a3d2__20260330.205208
VSD3__lb_mixed_firesmoke__video5.mp4;1606;9018;fire_smoke;/mnt/e/SyncData/paper2_main/datasets/UFireIndoorFull/test/test_firesmoke/VSD3__lb_mixed_firesmoke__video5.mp4;none;/mnt/e/SyncData/paper2_main/zout/reports/baseline_vs_accMotion/1GPU_SV__ds_UFireIndoorTest__mt_temp_method_motion_block__e1ccb7b889a0__20260401.144240;none;/mnt/e/SyncData/paper2_main/zout/reports/baseline_vs_accMotion/MainPC__ds_UFireIndoorTest__mt_no_temp_method__af4b0d32a3d2__20260330.205208
VSD3__lb_mixed_firesmoke__video5.mp4;1607;9018;fire_smoke;/mnt/e/SyncData/paper2_main/datasets/UFireIndoorFull/test/test_firesmoke/VSD3__lb_mixed_firesmoke__video5.mp4;none;/mnt/e/SyncData/paper2_main/zout/reports/baseline_vs_accMotion/1GPU_SV__ds_UFireIndoorTest__mt_temp_method_motion_block__e1ccb7b889a0__20260401.144240;none;/mnt/e/SyncData/paper2_main/zout/reports/baseline_vs_accMotion/MainPC__ds_UFireIndoorTest__mt_no_temp_method__af4b0d32a3d2__20260330.205208
VSD3__lb_mixed_firesmoke__video5.mp4;1608;9018;fire_smoke;/mnt/e/SyncData/paper2_main/datasets/UFireIndoorFull/test/test_firesmoke/VSD3__lb_mixed_firesmoke__video5.mp4;none;/mnt/e/SyncData/paper2_main/zout/reports/baseline_vs_accMotion/1GPU_SV__ds_UFireIndoorTest__mt_temp_method_motion_block__e1ccb7b889a0__20260401.144240;none;/mnt/e/SyncData/paper2_main/zout/reports/baseline_vs_accMotion/MainPC__ds_UFireIndoorTest__mt_no_temp_method__af4b0d32a3d2__20260330.205208
VSD3__lb_mixed_firesmoke__video5.mp4;1609;9018;fire_smoke;/mnt/e/SyncData/paper2_main/datasets/UFireIndoorFull/test/test_firesmoke/VSD3__lb_mixed_firesmoke__video5.mp4;none;/mnt/e/SyncData/paper2_main/zout/reports/baseline_vs_accMotion/1GPU_SV__ds_UFireIndoorTest__mt_temp_method_motion_block__e1ccb7b889a0__20260401.144240;none;/mnt/e/SyncData/paper2_main/zout/reports/baseline_vs_accMotion/MainPC__ds_UFireIndoorTest__mt_no_temp_method__af4b0d32a3d2__20260330.205208
VSD3__lb_mixed_firesmoke__video5.mp4;1610;9018;fire_smoke;/mnt/e/SyncData/paper2_main/datasets/UFireIndoorFull/test/test_firesmoke/VSD3__lb_mixed_firesmoke__video5.mp4;none;/mnt/e/SyncData/paper2_main/zout/reports/baseline_vs_accMotion/1GPU_SV__ds_UFireIndoorTest__mt_temp_method_motion_block__e1ccb7b889a0__20260401.144240;none;/mnt/e/SyncData/paper2_main/zout/reports/baseline_vs_accMotion/MainPC__ds_UFireIndoorTest__mt_no_temp_method__af4b0d32a3d2__20260330.205208
VSD3__lb_mixed_firesmoke__video5.mp4;1611;9018;fire_smoke;/mnt/e/SyncData/paper2_main/datasets/UFireIndoorFull/test/test_firesmoke/VSD3__lb_mixed_firesmoke__video5.mp4;none;/mnt/e/SyncData/paper2_main/zout/reports/baseline_vs_accMotion/1GPU_SV__ds_UFireIndoorTest__mt_temp_method_motion_block__e1ccb7b889a0__20260401.144240;none;/mnt/e/SyncData/paper2_main/zout/reports/baseline_vs_accMotion/MainPC__ds_UFireIndoorTest__mt_no_temp_method__af4b0d32a3d2__20260330.205208
VSD3__lb_mixed_firesmoke__video5.mp4;1612;9018;fire_smoke;/mnt/e/SyncData/paper2_main/datasets/UFireIndoorFull/test/test_firesmoke/VSD3__lb_mixed_firesmoke__video5.mp4;none;/mnt/e/SyncData/paper2_main/zout/reports/baseline_vs_accMotion/1GPU_SV__ds_UFireIndoorTest__mt_temp_method_motion_block__e1ccb7b889a0__20260401.144240;none;/mnt/e/SyncData/paper2_main/zout/reports/baseline_vs_accMotion/MainPC__ds_UFireIndoorTest__mt_no_temp_method__af4b0d32a3d2__20260330.205208
VSD3__lb_mixed_firesmoke__video5.mp4;1613;9018;fire_smoke;/mnt/e/SyncData/paper2_main/datasets/UFireIndoorFull/test/test_firesmoke/VSD3__lb_mixed_firesmoke__video5.mp4;none;/mnt/e/SyncData/paper2_main/zout/reports/baseline_vs_accMotion/1GPU_SV__ds_UFireIndoorTest__mt_temp_method_motion_block__e1ccb7b889a0__20260401.144240;none;/mnt/e/SyncData/paper2_main/zout/reports/baseline_vs_accMotion/MainPC__ds_UFireIndoorTest__mt_no_temp_method__af4b0d32a3d2__20260330.205208
VSD3__lb_mixed_firesmoke__video5.mp4;1614;9018;fire_smoke;/mnt/e/SyncData/paper2_main/datasets/UFireIndoorFull/test/test_firesmoke/VSD3__lb_mixed_firesmoke__video5.mp4;none;/mnt/e/SyncData/paper2_main/zout/reports/baseline_vs_accMotion/1GPU_SV__ds_UFireIndoorTest__mt_temp_method_motion_block__e1ccb7b889a0__20260401.144240;none;/mnt/e/SyncData/paper2_main/zout/reports/baseline_vs_accMotion/MainPC__ds_UFireIndoorTest__mt_no_temp_method__af4b0d32a3d2__20260330.205208
VSD3__lb_mixed_firesmoke__video5.mp4;1615;9018;fire_smoke;/mnt/e/SyncData/paper2_main/datasets/UFireIndoorFull/test/test_firesmoke/VSD3__lb_mixed_firesmoke__video5.mp4;none;/mnt/e/SyncData/paper2_main/zout/reports/baseline_vs_accMotion/1GPU_SV__ds_UFireIndoorTest__mt_temp_method_motion_block__e1ccb7b889a0__20260401.144240;none;/mnt/e/SyncData/paper2_main/zout/reports/baseline_vs_accMotion/MainPC__ds_UFireIndoorTest__mt_no_temp_method__af4b0d32a3d2__20260330.205208
VSD3__lb_mixed_firesmoke__video5.mp4;1616;9018;fire_smoke;/mnt/e/SyncData/paper2_main/datasets/UFireIndoorFull/test/test_firesmoke/VSD3__lb_mixed_firesmoke__video5.mp4;none;/mnt/e/SyncData/paper2_main/zout/reports/baseline_vs_accMotion/1GPU_SV__ds_UFireIndoorTest__mt_temp_method_motion_block__e1ccb7b889a0__20260401.144240;none;/mnt/e/SyncData/paper2_main/zout/reports/baseline_vs_accMotion/MainPC__ds_UFireIndoorTest__mt_no_temp_method__af4b0d32a3d2__20260330.205208
VSD3__lb_mixed_firesmoke__video5.mp4;1617;9018;fire_smoke;/mnt/e/SyncData/paper2_main/datasets/UFireIndoorFull/test/test_firesmoke/VSD3__lb_mixed_firesmoke__video5.mp4;none;/mnt/e/SyncData/paper2_main/zout/reports/baseline_vs_accMotion/1GPU_SV__ds_UFireIndoorTest__mt_temp_method_motion_block__e1ccb7b889a0__20260401.144240;none;/mnt/e/SyncData/paper2_main/zout/reports/baseline_vs_accMotion/MainPC__ds_UFireIndoorTest__mt_no_temp_method__af4b0d32a3d2__20260330.205208
VSD3__lb_mixed_firesmoke__video5.mp4;1618;9018;fire_smoke;/mnt/e/SyncData/paper2_main/datasets/UFireIndoorFull/test/test_firesmoke/VSD3__lb_mixed_firesmoke__video5.mp4;none;/mnt/e/SyncData/paper2_main/zout/reports/baseline_vs_accMotion/1GPU_SV__ds_UFireIndoorTest__mt_temp_method_motion_block__e1ccb7b889a0__20260401.144240;none;/mnt/e/SyncData/paper2_main/zout/reports/baseline_vs_accMotion/MainPC__ds_UFireIndoorTest__mt_no_temp_method__af4b0d32a3d2__20260330.205208
VSD3__lb_mixed_firesmoke__video5.mp4;1619;9018;fire_smoke;/mnt/e/SyncData/paper2_main/datasets/UFireIndoorFull/test/test_firesmoke/VSD3__lb_mixed_firesmoke__video5.mp4;none;/mnt/e/SyncData/paper2_main/zout/reports/baseline_vs_accMotion/1GPU_SV__ds_UFireIndoorTest__mt_temp_method_motion_block__e1ccb7b889a0__20260401.144240;none;/mnt/e/SyncData/paper2_main/zout/reports/baseline_vs_accMotion/MainPC__ds_UFireIndoorTest__mt_no_temp_method__af4b0d32a3d2__20260330.205208
VSD3__lb_mixed_firesmoke__video5.mp4;1620;9018;fire_smoke;/mnt/e/SyncData/paper2_main/datasets/UFireIndoorFull/test/test_firesmoke/VSD3__lb_mixed_firesmoke__video5.mp4;none;/mnt/e/SyncData/paper2_main/zout/reports/baseline_vs_accMotion/1GPU_SV__ds_UFireIndoorTest__mt_temp_method_motion_block__e1ccb7b889a0__20260401.144240;none;/mnt/e/SyncData/paper2_main/zout/reports/baseline_vs_accMotion/MainPC__ds_UFireIndoorTest__mt_no_temp_method__af4b0d32a3d2__20260330.205208
VSD3__lb_mixed_firesmoke__video5.mp4;1621;9018;fire_smoke;/mnt/e/SyncData/paper2_main/datasets/UFireIndoorFull/test/test_firesmoke/VSD3__lb_mixed_firesmoke__video5.mp4;none;/mnt/e/SyncData/paper2_main/zout/reports/baseline_vs_accMotion/1GPU_SV__ds_UFireIndoorTest__mt_temp_method_motion_block__e1ccb7b889a0__20260401.144240;none;/mnt/e/SyncData/paper2_main/zout/reports/baseline_vs_accMotion/MainPC__ds_UFireIndoorTest__mt_no_temp_method__af4b0d32a3d2__20260330.205208
VSD3__lb_mixed_firesmoke__video5.mp4;1622;9018;fire_smoke;/mnt/e/SyncData/paper2_main/datasets/UFireIndoorFull/test/test_firesmoke/VSD3__lb_mixed_firesmoke__video5.mp4;none;/mnt/e/SyncData/paper2_main/zout/reports/baseline_vs_accMotion/1GPU_SV__ds_UFireIndoorTest__mt_temp_method_motion_block__e1ccb7b889a0__20260401.144240;none;/mnt/e/SyncData/paper2_main/zout/reports/baseline_vs_accMotion/MainPC__ds_UFireIndoorTest__mt_no_temp_method__af4b0d32a3d2__20260330.205208
VSD3__lb_mixed_firesmoke__video5.mp4;1623;9018;fire_smoke;/mnt/e/SyncData/paper2_main/datasets/UFireIndoorFull/test/test_firesmoke/VSD3__lb_mixed_firesmoke__video5.mp4;none;/mnt/e/SyncData/paper2_main/zout/reports/baseline_vs_accMotion/1GPU_SV__ds_UFireIndoorTest__mt_temp_method_motion_block__e1ccb7b889a0__20260401.144240;none;/mnt/e/SyncData/paper2_main/zout/reports/baseline_vs_accMotion/MainPC__ds_UFireIndoorTest__mt_no_temp_method__af4b0d32a3d2__20260330.205208
VSD3__lb_mixed_firesmoke__video5.mp4;1624;9018;fire_smoke;/mnt/e/SyncData/paper2_main/datasets/UFireIndoorFull/test/test_firesmoke/VSD3__lb_mixed_firesmoke__video5.mp4;none;/mnt/e/SyncData/paper2_main/zout/reports/baseline_vs_accMotion/1GPU_SV__ds_UFireIndoorTest__mt_temp_method_motion_block__e1ccb7b889a0__20260401.144240;none;/mnt/e/SyncData/paper2_main/zout/reports/baseline_vs_accMotion/MainPC__ds_UFireIndoorTest__mt_no_temp_method__af4b0d32a3d2__20260330.205208
VSD3__lb_mixed_firesmoke__video5.mp4;1625;9018;fire_smoke;/mnt/e/SyncData/paper2_main/datasets/UFireIndoorFull/test/test_firesmoke/VSD3__lb_mixed_firesmoke__video5.mp4;none;/mnt/e/SyncData/paper2_main/zout/reports/baseline_vs_accMotion/1GPU_SV__ds_UFireIndoorTest__mt_temp_method_motion_block__e1ccb7b889a0__20260401.144240;none;/mnt/e/SyncData/paper2_main/zout/reports/baseline_vs_accMotion/MainPC__ds_UFireIndoorTest__mt_no_temp_method__af4b0d32a3d2__20260330.205208
VSD3__lb_mixed_firesmoke__video5.mp4;1626;9018;fire_smoke;/mnt/e/SyncData/paper2_main/datasets/UFireIndoorFull/test/test_firesmoke/VSD3__lb_mixed_firesmoke__video5.mp4;none;/mnt/e/SyncData/paper2_main/zout/reports/baseline_vs_accMotion/1GPU_SV__ds_UFireIndoorTest__mt_temp_method_motion_block__e1ccb7b889a0__20260401.144240;none;/mnt/e/SyncData/paper2_main/zout/reports/baseline_vs_accMotion/MainPC__ds_UFireIndoorTest__mt_no_temp_method__af4b0d32a3d2__20260330.205208
VSD3__lb_mixed_firesmoke__video5.mp4;1627;9018;fire_smoke;/mnt/e/SyncData/paper2_main/datasets/UFireIndoorFull/test/test_firesmoke/VSD3__lb_mixed_firesmoke__video5.mp4;none;/mnt/e/SyncData/paper2_main/zout/reports/baseline_vs_accMotion/1GPU_SV__ds_UFireIndoorTest__mt_temp_method_motion_block__e1ccb7b889a0__20260401.144240;none;/mnt/e/SyncData/paper2_main/zout/reports/baseline_vs_accMotion/MainPC__ds_UFireIndoorTest__mt_no_temp_method__af4b0d32a3d2__20260330.205208
VSD3__lb_mixed_firesmoke__video5.mp4;1628;9018;fire_smoke;/mnt/e/SyncData/paper2_main/datasets/UFireIndoorFull/test/test_firesmoke/VSD3__lb_mixed_firesmoke__video5.mp4;none;/mnt/e/SyncData/paper2_main/zout/reports/baseline_vs_accMotion/1GPU_SV__ds_UFireIndoorTest__mt_temp_method_motion_block__e1ccb7b889a0__20260401.144240;none;/mnt/e/SyncData/paper2_main/zout/reports/baseline_vs_accMotion/MainPC__ds_UFireIndoorTest__mt_no_temp_method__af4b0d32a3d2__20260330.205208
VSD3__lb_mixed_firesmoke__video5.mp4;1629;9018;fire_smoke;/mnt/e/SyncData/paper2_main/datasets/UFireIndoorFull/test/test_firesmoke/VSD3__lb_mixed_firesmoke__video5.mp4;none;/mnt/e/SyncData/paper2_main/zout/reports/baseline_vs_accMotion/1GPU_SV__ds_UFireIndoorTest__mt_temp_method_motion_block__e1ccb7b889a0__20260401.144240;none;/mnt/e/SyncData/paper2_main/zout/reports/baseline_vs_accMotion/MainPC__ds_UFireIndoorTest__mt_no_temp_method__af4b0d32a3d2__20260330.205208
VSD3__lb_mixed_firesmoke__video5.mp4;1630;9018;fire_smoke;/mnt/e/SyncData/paper2_main/datasets/UFireIndoorFull/test/test_firesmoke/VSD3__lb_mixed_firesmoke__video5.mp4;none;/mnt/e/SyncData/paper2_main/zout/reports/baseline_vs_accMotion/1GPU_SV__ds_UFireIndoorTest__mt_temp_method_motion_block__e1ccb7b889a0__20260401.144240;none;/mnt/e/SyncData/paper2_main/zout/reports/baseline_vs_accMotion/MainPC__ds_UFireIndoorTest__mt_no_temp_method__af4b0d32a3d2__20260330.205208
VSD3__lb_mixed_firesmoke__video5.mp4;1631;9018;fire_smoke;/mnt/e/SyncData/paper2_main/datasets/UFireIndoorFull/test/test_firesmoke/VSD3__lb_mixed_firesmoke__video5.mp4;none;/mnt/e/SyncData/paper2_main/zout/reports/baseline_vs_accMotion/1GPU_SV__ds_UFireIndoorTest__mt_temp_method_motion_block__e1ccb7b889a0__20260401.144240;none;/mnt/e/SyncData/paper2_main/zout/reports/baseline_vs_accMotion/MainPC__ds_UFireIndoorTest__mt_no_temp_method__af4b0d32a3d2__20260330.205208
VSD3__lb_mixed_firesmoke__video5.mp4;1632;9018;fire_smoke;/mnt/e/SyncData/paper2_main/datasets/UFireIndoorFull/test/test_firesmoke/VSD3__lb_mixed_firesmoke__video5.mp4;none;/mnt/e/SyncData/paper2_main/zout/reports/baseline_vs_accMotion/1GPU_SV__ds_UFireIndoorTest__mt_temp_method_motion_block__e1ccb7b889a0__20260401.144240;none;/mnt/e/SyncData/paper2_main/zout/reports/baseline_vs_accMotion/MainPC__ds_UFireIndoorTest__mt_no_temp_method__af4b0d32a3d2__20260330.205208
VSD3__lb_mixed_firesmoke__video5.mp4;1633;9018;fire_smoke;/mnt/e/SyncData/paper2_main/datasets/UFireIndoorFull/test/test_firesmoke/VSD3__lb_mixed_firesmoke__video5.mp4;none;/mnt/e/SyncData/paper2_main/zout/reports/baseline_vs_accMotion/1GPU_SV__ds_UFireIndoorTest__mt_temp_method_motion_block__e1ccb7b889a0__20260401.144240;none;/mnt/e/SyncData/paper2_main/zout/reports/baseline_vs_accMotion/MainPC__ds_UFireIndoorTest__mt_no_temp_method__af4b0d32a3d2__20260330.205208
VSD3__lb_mixed_firesmoke__video5.mp4;1634;9018;fire_smoke;/mnt/e/SyncData/paper2_main/datasets/UFireIndoorFull/test/test_firesmoke/VSD3__lb_mixed_firesmoke__video5.mp4;none;/mnt/e/SyncData/paper2_main/zout/reports/baseline_vs_accMotion/1GPU_SV__ds_UFireIndoorTest__mt_temp_method_motion_block__e1ccb7b889a0__20260401.144240;none;/mnt/e/SyncData/paper2_main/zout/reports/baseline_vs_accMotion/MainPC__ds_UFireIndoorTest__mt_no_temp_method__af4b0d32a3d2__20260330.205208
VSD3__lb_mixed_firesmoke__video5.mp4;1635;9018;fire_smoke;/mnt/e/SyncData/paper2_main/datasets/UFireIndoorFull/test/test_firesmoke/VSD3__lb_mixed_firesmoke__video5.mp4;none;/mnt/e/SyncData/paper2_main/zout/reports/baseline_vs_accMotion/1GPU_SV__ds_UFireIndoorTest__mt_temp_method_motion_block__e1ccb7b889a0__20260401.144240;none;/mnt/e/SyncData/paper2_main/zout/reports/baseline_vs_accMotion/MainPC__ds_UFireIndoorTest__mt_no_temp_method__af4b0d32a3d2__20260330.205208
VSD3__lb_mixed_firesmoke__video5.mp4;1636;9018;fire_smoke;/mnt/e/SyncData/paper2_main/datasets/UFireIndoorFull/test/test_firesmoke/VSD3__lb_mixed_firesmoke__video5.mp4;none;/mnt/e/SyncData/paper2_main/zout/reports/baseline_vs_accMotion/1GPU_SV__ds_UFireIndoorTest__mt_temp_method_motion_block__e1ccb7b889a0__20260401.144240;none;/mnt/e/SyncData/paper2_main/zout/reports/baseline_vs_accMotion/MainPC__ds_UFireIndoorTest__mt_no_temp_method__af4b0d32a3d2__20260330.205208
VSD3__lb_mixed_firesmoke__video5.mp4;1637;9018;fire_smoke;/mnt/e/SyncData/paper2_main/datasets/UFireIndoorFull/test/test_firesmoke/VSD3__lb_mixed_firesmoke__video5.mp4;none;/mnt/e/SyncData/paper2_main/zout/reports/baseline_vs_accMotion/1GPU_SV__ds_UFireIndoorTest__mt_temp_method_motion_block__e1ccb7b889a0__20260401.144240;none;/mnt/e/SyncData/paper2_main/zout/reports/baseline_vs_accMotion/MainPC__ds_UFireIndoorTest__mt_no_temp_method__af4b0d32a3d2__20260330.205208
VSD3__lb_mixed_firesmoke__video5.mp4;1638;9018;fire_smoke;/mnt/e/SyncData/paper2_main/datasets/UFireIndoorFull/test/test_firesmoke/VSD3__lb_mixed_firesmoke__video5.mp4;none;/mnt/e/SyncData/paper2_main/zout/reports/baseline_vs_accMotion/1GPU_SV__ds_UFireIndoorTest__mt_temp_method_motion_block__e1ccb7b889a0__20260401.144240;none;/mnt/e/SyncData/paper2_main/zout/reports/baseline_vs_accMotion/MainPC__ds_UFireIndoorTest__mt_no_temp_method__af4b0d32a3d2__20260330.205208
VSD3__lb_mixed_firesmoke__video5.mp4;1639;9018;fire_smoke;/mnt/e/SyncData/paper2_main/datasets/UFireIndoorFull/test/test_firesmoke/VSD3__lb_mixed_firesmoke__video5.mp4;none;/mnt/e/SyncData/paper2_main/zout/reports/baseline_vs_accMotion/1GPU_SV__ds_UFireIndoorTest__mt_temp_method_motion_block__e1ccb7b889a0__20260401.144240;none;/mnt/e/SyncData/paper2_main/zout/reports/baseline_vs_accMotion/MainPC__ds_UFireIndoorTest__mt_no_temp_method__af4b0d32a3d2__20260330.205208
VSD3__lb_mixed_firesmoke__video5.mp4;1640;9018;fire_smoke;/mnt/e/SyncData/paper2_main/datasets/UFireIndoorFull/test/test_firesmoke/VSD3__lb_mixed_firesmoke__video5.mp4;none;/mnt/e/SyncData/paper2_main/zout/reports/baseline_vs_accMotion/1GPU_SV__ds_UFireIndoorTest__mt_temp_method_motion_block__e1ccb7b889a0__20260401.144240;none;/mnt/e/SyncData/paper2_main/zout/reports/baseline_vs_accMotion/MainPC__ds_UFireIndoorTest__mt_no_temp_method__af4b0d32a3d2__20260330.205208
VSD3__lb_mixed_firesmoke__video5.mp4;1641;9018;fire_smoke;/mnt/e/SyncData/paper2_main/datasets/UFireIndoorFull/test/test_firesmoke/VSD3__lb_mixed_firesmoke__video5.mp4;none;/mnt/e/SyncData/paper2_main/zout/reports/baseline_vs_accMotion/1GPU_SV__ds_UFireIndoorTest__mt_temp_method_motion_block__e1ccb7b889a0__20260401.144240;none;/mnt/e/SyncData/paper2_main/zout/reports/baseline_vs_accMotion/MainPC__ds_UFireIndoorTest__mt_no_temp_method__af4b0d32a3d2__20260330.205208
VSD3__lb_mixed_firesmoke__video5.mp4;1642;9018;fire_smoke;/mnt/e/SyncData/paper2_main/datasets/UFireIndoorFull/test/test_firesmoke/VSD3__lb_mixed_firesmoke__video5.mp4;none;/mnt/e/SyncData/paper2_main/zout/reports/baseline_vs_accMotion/1GPU_SV__ds_UFireIndoorTest__mt_temp_method_motion_block__e1ccb7b889a0__20260401.144240;none;/mnt/e/SyncData/paper2_main/zout/reports/baseline_vs_accMotion/MainPC__ds_UFireIndoorTest__mt_no_temp_method__af4b0d32a3d2__20260330.205208
VSD3__lb_mixed_firesmoke__video5.mp4;1643;9018;fire_smoke;/mnt/e/SyncData/paper2_main/datasets/UFireIndoorFull/test/test_firesmoke/VSD3__lb_mixed_firesmoke__video5.mp4;none;/mnt/e/SyncData/paper2_main/zout/reports/baseline_vs_accMotion/1GPU_SV__ds_UFireIndoorTest__mt_temp_method_motion_block__e1ccb7b889a0__20260401.144240;none;/mnt/e/SyncData/paper2_main/zout/reports/baseline_vs_accMotion/MainPC__ds_UFireIndoorTest__mt_no_temp_method__af4b0d32a3d2__20260330.205208
VSD3__lb_mixed_firesmoke__video5.mp4;1644;9018;fire_smoke;/mnt/e/SyncData/paper2_main/datasets/UFireIndoorFull/test/test_firesmoke/VSD3__lb_mixed_firesmoke__video5.mp4;none;/mnt/e/SyncData/paper2_main/zout/reports/baseline_vs_accMotion/1GPU_SV__ds_UFireIndoorTest__mt_temp_method_motion_block__e1ccb7b889a0__20260401.144240;none;/mnt/e/SyncData/paper2_main/zout/reports/baseline_vs_accMotion/MainPC__ds_UFireIndoorTest__mt_no_temp_method__af4b0d32a3d2__20260330.205208
VSD3__lb_mixed_firesmoke__video5.mp4;1645;9018;fire_smoke;/mnt/e/SyncData/paper2_main/datasets/UFireIndoorFull/test/test_firesmoke/VSD3__lb_mixed_firesmoke__video5.mp4;none;/mnt/e/SyncData/paper2_main/zout/reports/baseline_vs_accMotion/1GPU_SV__ds_UFireIndoorTest__mt_temp_method_motion_block__e1ccb7b889a0__20260401.144240;none;/mnt/e/SyncData/paper2_main/zout/reports/baseline_vs_accMotion/MainPC__ds_UFireIndoorTest__mt_no_temp_method__af4b0d32a3d2__20260330.205208
VSD3__lb_mixed_firesmoke__video5.mp4;1646;9018;fire_smoke;/mnt/e/SyncData/paper2_main/datasets/UFireIndoorFull/test/test_firesmoke/VSD3__lb_mixed_firesmoke__video5.mp4;none;/mnt/e/SyncData/paper2_main/zout/reports/baseline_vs_accMotion/1GPU_SV__ds_UFireIndoorTest__mt_temp_method_motion_block__e1ccb7b889a0__20260401.144240;none;/mnt/e/SyncData/paper2_main/zout/reports/baseline_vs_accMotion/MainPC__ds_UFireIndoorTest__mt_no_temp_method__af4b0d32a3d2__20260330.205208
VSD3__lb_mixed_firesmoke__video5.mp4;1647;9018;fire_smoke;/mnt/e/SyncData/paper2_main/datasets/UFireIndoorFull/test/test_firesmoke/VSD3__lb_mixed_firesmoke__video5.mp4;none;/mnt/e/SyncData/paper2_main/zout/reports/baseline_vs_accMotion/1GPU_SV__ds_UFireIndoorTest__mt_temp_method_motion_block__e1ccb7b889a0__20260401.144240;none;/mnt/e/SyncData/paper2_main/zout/reports/baseline_vs_accMotion/MainPC__ds_UFireIndoorTest__mt_no_temp_method__af4b0d32a3d2__20260330.205208
VSD3__lb_mixed_firesmoke__video5.mp4;1648;9018;fire_smoke;/mnt/e/SyncData/paper2_main/datasets/UFireIndoorFull/test/test_firesmoke/VSD3__lb_mixed_firesmoke__video5.mp4;none;/mnt/e/SyncData/paper2_main/zout/reports/baseline_vs_accMotion/1GPU_SV__ds_UFireIndoorTest__mt_temp_method_motion_block__e1ccb7b889a0__20260401.144240;none;/mnt/e/SyncData/paper2_main/zout/reports/baseline_vs_accMotion/MainPC__ds_UFireIndoorTest__mt_no_temp_method__af4b0d32a3d2__20260330.205208
VSD3__lb_mixed_firesmoke__video5.mp4;1649;9018;fire_smoke;/mnt/e/SyncData/paper2_main/datasets/UFireIndoorFull/test/test_firesmoke/VSD3__lb_mixed_firesmoke__video5.mp4;none;/mnt/e/SyncData/paper2_main/zout/reports/baseline_vs_accMotion/1GPU_SV__ds_UFireIndoorTest__mt_temp_method_motion_block__e1ccb7b889a0__20260401.144240;none;/mnt/e/SyncData/paper2_main/zout/reports/baseline_vs_accMotion/MainPC__ds_UFireIndoorTest__mt_no_temp_method__af4b0d32a3d2__20260330.205208
VSD3__lb_mixed_firesmoke__video5.mp4;1650;9018;fire_smoke;/mnt/e/SyncData/paper2_main/datasets/UFireIndoorFull/test/test_firesmoke/VSD3__lb_mixed_firesmoke__video5.mp4;none;/mnt/e/SyncData/paper2_main/zout/reports/baseline_vs_accMotion/1GPU_SV__ds_UFireIndoorTest__mt_temp_method_motion_block__e1ccb7b889a0__20260401.144240;none;/mnt/e/SyncData/paper2_main/zout/reports/baseline_vs_accMotion/MainPC__ds_UFireIndoorTest__mt_no_temp_method__af4b0d32a3d2__20260330.205208
VSD3__lb_mixed_firesmoke__video5.mp4;1651;9018;fire_smoke;/mnt/e/SyncData/paper2_main/datasets/UFireIndoorFull/test/test_firesmoke/VSD3__lb_mixed_firesmoke__video5.mp4;none;/mnt/e/SyncData/paper2_main/zout/reports/baseline_vs_accMotion/1GPU_SV__ds_UFireIndoorTest__mt_temp_method_motion_block__e1ccb7b889a0__20260401.144240;none;/mnt/e/SyncData/paper2_main/zout/reports/baseline_vs_accMotion/MainPC__ds_UFireIndoorTest__mt_no_temp_method__af4b0d32a3d2__20260330.205208
VSD3__lb_mixed_firesmoke__video5.mp4;1652;9018;fire_smoke;/mnt/e/SyncData/paper2_main/datasets/UFireIndoorFull/test/test_firesmoke/VSD3__lb_mixed_firesmoke__video5.mp4;none;/mnt/e/SyncData/paper2_main/zout/reports/baseline_vs_accMotion/1GPU_SV__ds_UFireIndoorTest__mt_temp_method_motion_block__e1ccb7b889a0__20260401.144240;none;/mnt/e/SyncData/paper2_main/zout/reports/baseline_vs_accMotion/MainPC__ds_UFireIndoorTest__mt_no_temp_method__af4b0d32a3d2__20260330.205208
VSD3__lb_mixed_firesmoke__video5.mp4;1653;9018;fire_smoke;/mnt/e/SyncData/paper2_main/datasets/UFireIndoorFull/test/test_firesmoke/VSD3__lb_mixed_firesmoke__video5.mp4;none;/mnt/e/SyncData/paper2_main/zout/reports/baseline_vs_accMotion/1GPU_SV__ds_UFireIndoorTest__mt_temp_method_motion_block__e1ccb7b889a0__20260401.144240;none;/mnt/e/SyncData/paper2_main/zout/reports/baseline_vs_accMotion/MainPC__ds_UFireIndoorTest__mt_no_temp_method__af4b0d32a3d2__20260330.205208
VSD3__lb_mixed_firesmoke__video5.mp4;1654;9018;fire_smoke;/mnt/e/SyncData/paper2_main/datasets/UFireIndoorFull/test/test_firesmoke/VSD3__lb_mixed_firesmoke__video5.mp4;none;/mnt/e/SyncData/paper2_main/zout/reports/baseline_vs_accMotion/1GPU_SV__ds_UFireIndoorTest__mt_temp_method_motion_block__e1ccb7b889a0__20260401.144240;none;/mnt/e/SyncData/paper2_main/zout/reports/baseline_vs_accMotion/MainPC__ds_UFireIndoorTest__mt_no_temp_method__af4b0d32a3d2__20260330.205208
VSD3__lb_mixed_firesmoke__video5.mp4;1655;9018;fire_smoke;/mnt/e/SyncData/paper2_main/datasets/UFireIndoorFull/test/test_firesmoke/VSD3__lb_mixed_firesmoke__video5.mp4;none;/mnt/e/SyncData/paper2_main/zout/reports/baseline_vs_accMotion/1GPU_SV__ds_UFireIndoorTest__mt_temp_method_motion_block__e1ccb7b889a0__20260401.144240;none;/mnt/e/SyncData/paper2_main/zout/reports/baseline_vs_accMotion/MainPC__ds_UFireIndoorTest__mt_no_temp_method__af4b0d32a3d2__20260330.205208
VSD3__lb_mixed_firesmoke__video5.mp4;1656;9018;fire_smoke;/mnt/e/SyncData/paper2_main/datasets/UFireIndoorFull/test/test_firesmoke/VSD3__lb_mixed_firesmoke__video5.mp4;none;/mnt/e/SyncData/paper2_main/zout/reports/baseline_vs_accMotion/1GPU_SV__ds_UFireIndoorTest__mt_temp_method_motion_block__e1ccb7b889a0__20260401.144240;none;/mnt/e/SyncData/paper2_main/zout/reports/baseline_vs_accMotion/MainPC__ds_UFireIndoorTest__mt_no_temp_method__af4b0d32a3d2__20260330.205208
VSD3__lb_mixed_firesmoke__video5.mp4;1657;9018;fire_smoke;/mnt/e/SyncData/paper2_main/datasets/UFireIndoorFull/test/test_firesmoke/VSD3__lb_mixed_firesmoke__video5.mp4;none;/mnt/e/SyncData/paper2_main/zout/reports/baseline_vs_accMotion/1GPU_SV__ds_UFireIndoorTest__mt_temp_method_motion_block__e1ccb7b889a0__20260401.144240;none;/mnt/e/SyncData/paper2_main/zout/reports/baseline_vs_accMotion/MainPC__ds_UFireIndoorTest__mt_no_temp_method__af4b0d32a3d2__20260330.205208
VSD3__lb_mixed_firesmoke__video5.mp4;1658;9018;fire_smoke;/mnt/e/SyncData/paper2_main/datasets/UFireIndoorFull/test/test_firesmoke/VSD3__lb_mixed_firesmoke__video5.mp4;none;/mnt/e/SyncData/paper2_main/zout/reports/baseline_vs_accMotion/1GPU_SV__ds_UFireIndoorTest__mt_temp_method_motion_block__e1ccb7b889a0__20260401.144240;none;/mnt/e/SyncData/paper2_main/zout/reports/baseline_vs_accMotion/MainPC__ds_UFireIndoorTest__mt_no_temp_method__af4b0d32a3d2__20260330.205208
VSD3__lb_mixed_firesmoke__video5.mp4;1659;9018;fire_smoke;/mnt/e/SyncData/paper2_main/datasets/UFireIndoorFull/test/test_firesmoke/VSD3__lb_mixed_firesmoke__video5.mp4;none;/mnt/e/SyncData/paper2_main/zout/reports/baseline_vs_accMotion/1GPU_SV__ds_UFireIndoorTest__mt_temp_method_motion_block__e1ccb7b889a0__20260401.144240;none;/mnt/e/SyncData/paper2_main/zout/reports/baseline_vs_accMotion/MainPC__ds_UFireIndoorTest__mt_no_temp_method__af4b0d32a3d2__20260330.205208
VSD3__lb_mixed_firesmoke__video5.mp4;1660;9018;fire_smoke;/mnt/e/SyncData/paper2_main/datasets/UFireIndoorFull/test/test_firesmoke/VSD3__lb_mixed_firesmoke__video5.mp4;none;/mnt/e/SyncData/paper2_main/zout/reports/baseline_vs_accMotion/1GPU_SV__ds_UFireIndoorTest__mt_temp_method_motion_block__e1ccb7b889a0__20260401.144240;none;/mnt/e/SyncData/paper2_main/zout/reports/baseline_vs_accMotion/MainPC__ds_UFireIndoorTest__mt_no_temp_method__af4b0d32a3d2__20260330.205208
VSD3__lb_mixed_firesmoke__video5.mp4;1661;9018;fire_smoke;/mnt/e/SyncData/paper2_main/datasets/UFireIndoorFull/test/test_firesmoke/VSD3__lb_mixed_firesmoke__video5.mp4;none;/mnt/e/SyncData/paper2_main/zout/reports/baseline_vs_accMotion/1GPU_SV__ds_UFireIndoorTest__mt_temp_method_motion_block__e1ccb7b889a0__20260401.144240;none;/mnt/e/SyncData/paper2_main/zout/reports/baseline_vs_accMotion/MainPC__ds_UFireIndoorTest__mt_no_temp_method__af4b0d32a3d2__20260330.205208
VSD3__lb_mixed_firesmoke__video5.mp4;1662;9018;fire_smoke;/mnt/e/SyncData/paper2_main/datasets/UFireIndoorFull/test/test_firesmoke/VSD3__lb_mixed_firesmoke__video5.mp4;none;/mnt/e/SyncData/paper2_main/zout/reports/baseline_vs_accMotion/1GPU_SV__ds_UFireIndoorTest__mt_temp_method_motion_block__e1ccb7b889a0__20260401.144240;none;/mnt/e/SyncData/paper2_main/zout/reports/baseline_vs_accMotion/MainPC__ds_UFireIndoorTest__mt_no_temp_method__af4b0d32a3d2__20260330.205208
VSD3__lb_mixed_firesmoke__video5.mp4;1663;9018;fire_smoke;/mnt/e/SyncData/paper2_main/datasets/UFireIndoorFull/test/test_firesmoke/VSD3__lb_mixed_firesmoke__video5.mp4;none;/mnt/e/SyncData/paper2_main/zout/reports/baseline_vs_accMotion/1GPU_SV__ds_UFireIndoorTest__mt_temp_method_motion_block__e1ccb7b889a0__20260401.144240;none;/mnt/e/SyncData/paper2_main/zout/reports/baseline_vs_accMotion/MainPC__ds_UFireIndoorTest__mt_no_temp_method__af4b0d32a3d2__20260330.205208
VSD3__lb_mixed_firesmoke__video5.mp4;1664;9018;fire_smoke;/mnt/e/SyncData/paper2_main/datasets/UFireIndoorFull/test/test_firesmoke/VSD3__lb_mixed_firesmoke__video5.mp4;none;/mnt/e/SyncData/paper2_main/zout/reports/baseline_vs_accMotion/1GPU_SV__ds_UFireIndoorTest__mt_temp_method_motion_block__e1ccb7b889a0__20260401.144240;none;/mnt/e/SyncData/paper2_main/zout/reports/baseline_vs_accMotion/MainPC__ds_UFireIndoorTest__mt_no_temp_method__af4b0d32a3d2__20260330.205208
VSD3__lb_mixed_firesmoke__video5.mp4;1665;9018;fire_smoke;/mnt/e/SyncData/paper2_main/datasets/UFireIndoorFull/test/test_firesmoke/VSD3__lb_mixed_firesmoke__video5.mp4;none;/mnt/e/SyncData/paper2_main/zout/reports/baseline_vs_accMotion/1GPU_SV__ds_UFireIndoorTest__mt_temp_method_motion_block__e1ccb7b889a0__20260401.144240;none;/mnt/e/SyncData/paper2_main/zout/reports/baseline_vs_accMotion/MainPC__ds_UFireIndoorTest__mt_no_temp_method__af4b0d32a3d2__20260330.205208
VSD3__lb_mixed_firesmoke__video5.mp4;1666;9018;fire_smoke;/mnt/e/SyncData/paper2_main/datasets/UFireIndoorFull/test/test_firesmoke/VSD3__lb_mixed_firesmoke__video5.mp4;none;/mnt/e/SyncData/paper2_main/zout/reports/baseline_vs_accMotion/1GPU_SV__ds_UFireIndoorTest__mt_temp_method_motion_block__e1ccb7b889a0__20260401.144240;none;/mnt/e/SyncData/paper2_main/zout/reports/baseline_vs_accMotion/MainPC__ds_UFireIndoorTest__mt_no_temp_method__af4b0d32a3d2__20260330.205208
VSD3__lb_mixed_firesmoke__video5.mp4;1667;9018;fire_smoke;/mnt/e/SyncData/paper2_main/datasets/UFireIndoorFull/test/test_firesmoke/VSD3__lb_mixed_firesmoke__video5.mp4;none;/mnt/e/SyncData/paper2_main/zout/reports/baseline_vs_accMotion/1GPU_SV__ds_UFireIndoorTest__mt_temp_method_motion_block__e1ccb7b889a0__20260401.144240;none;/mnt/e/SyncData/paper2_main/zout/reports/baseline_vs_accMotion/MainPC__ds_UFireIndoorTest__mt_no_temp_method__af4b0d32a3d2__20260330.205208
VSD3__lb_mixed_firesmoke__video5.mp4;1668;9018;fire_smoke;/mnt/e/SyncData/paper2_main/datasets/UFireIndoorFull/test/test_firesmoke/VSD3__lb_mixed_firesmoke__video5.mp4;none;/mnt/e/SyncData/paper2_main/zout/reports/baseline_vs_accMotion/1GPU_SV__ds_UFireIndoorTest__mt_temp_method_motion_block__e1ccb7b889a0__20260401.144240;none;/mnt/e/SyncData/paper2_main/zout/reports/baseline_vs_accMotion/MainPC__ds_UFireIndoorTest__mt_no_temp_method__af4b0d32a3d2__20260330.205208
VSD3__lb_mixed_firesmoke__video5.mp4;1669;9018;fire_smoke;/mnt/e/SyncData/paper2_main/datasets/UFireIndoorFull/test/test_firesmoke/VSD3__lb_mixed_firesmoke__video5.mp4;none;/mnt/e/SyncData/paper2_main/zout/reports/baseline_vs_accMotion/1GPU_SV__ds_UFireIndoorTest__mt_temp_method_motion_block__e1ccb7b889a0__20260401.144240;none;/mnt/e/SyncData/paper2_main/zout/reports/baseline_vs_accMotion/MainPC__ds_UFireIndoorTest__mt_no_temp_method__af4b0d32a3d2__20260330.205208
VSD3__lb_mixed_firesmoke__video5.mp4;1670;9018;fire_smoke;/mnt/e/SyncData/paper2_main/datasets/UFireIndoorFull/test/test_firesmoke/VSD3__lb_mixed_firesmoke__video5.mp4;none;/mnt/e/SyncData/paper2_main/zout/reports/baseline_vs_accMotion/1GPU_SV__ds_UFireIndoorTest__mt_temp_method_motion_block__e1ccb7b889a0__20260401.144240;none;/mnt/e/SyncData/paper2_main/zout/reports/baseline_vs_accMotion/MainPC__ds_UFireIndoorTest__mt_no_temp_method__af4b0d32a3d2__20260330.205208
VSD3__lb_mixed_firesmoke__video5.mp4;1671;9018;fire_smoke;/mnt/e/SyncData/paper2_main/datasets/UFireIndoorFull/test/test_firesmoke/VSD3__lb_mixed_firesmoke__video5.mp4;none;/mnt/e/SyncData/paper2_main/zout/reports/baseline_vs_accMotion/1GPU_SV__ds_UFireIndoorTest__mt_temp_method_motion_block__e1ccb7b889a0__20260401.144240;none;/mnt/e/SyncData/paper2_main/zout/reports/baseline_vs_accMotion/MainPC__ds_UFireIndoorTest__mt_no_temp_method__af4b0d32a3d2__20260330.205208
VSD3__lb_mixed_firesmoke__video5.mp4;1672;9018;fire_smoke;/mnt/e/SyncData/paper2_main/datasets/UFireIndoorFull/test/test_firesmoke/VSD3__lb_mixed_firesmoke__video5.mp4;none;/mnt/e/SyncData/paper2_main/zout/reports/baseline_vs_accMotion/1GPU_SV__ds_UFireIndoorTest__mt_temp_method_motion_block__e1ccb7b889a0__20260401.144240;none;/mnt/e/SyncData/paper2_main/zout/reports/baseline_vs_accMotion/MainPC__ds_UFireIndoorTest__mt_no_temp_method__af4b0d32a3d2__20260330.205208
VSD3__lb_mixed_firesmoke__video5.mp4;1673;9018;fire_smoke;/mnt/e/SyncData/paper2_main/datasets/UFireIndoorFull/test/test_firesmoke/VSD3__lb_mixed_firesmoke__video5.mp4;none;/mnt/e/SyncData/paper2_main/zout/reports/baseline_vs_accMotion/1GPU_SV__ds_UFireIndoorTest__mt_temp_method_motion_block__e1ccb7b889a0__20260401.144240;none;/mnt/e/SyncData/paper2_main/zout/reports/baseline_vs_accMotion/MainPC__ds_UFireIndoorTest__mt_no_temp_method__af4b0d32a3d2__20260330.205208
VSD3__lb_mixed_firesmoke__video5.mp4;1674;9018;fire_smoke;/mnt/e/SyncData/paper2_main/datasets/UFireIndoorFull/test/test_firesmoke/VSD3__lb_mixed_firesmoke__video5.mp4;none;/mnt/e/SyncData/paper2_main/zout/reports/baseline_vs_accMotion/1GPU_SV__ds_UFireIndoorTest__mt_temp_method_motion_block__e1ccb7b889a0__20260401.144240;none;/mnt/e/SyncData/paper2_main/zout/reports/baseline_vs_accMotion/MainPC__ds_UFireIndoorTest__mt_no_temp_method__af4b0d32a3d2__20260330.205208
VSD3__lb_mixed_firesmoke__video5.mp4;1675;9018;fire_smoke;/mnt/e/SyncData/paper2_main/datasets/UFireIndoorFull/test/test_firesmoke/VSD3__lb_mixed_firesmoke__video5.mp4;none;/mnt/e/SyncData/paper2_main/zout/reports/baseline_vs_accMotion/1GPU_SV__ds_UFireIndoorTest__mt_temp_method_motion_block__e1ccb7b889a0__20260401.144240;none;/mnt/e/SyncData/paper2_main/zout/reports/baseline_vs_accMotion/MainPC__ds_UFireIndoorTest__mt_no_temp_method__af4b0d32a3d2__20260330.205208
VSD3__lb_mixed_firesmoke__video5.mp4;1676;9018;fire_smoke;/mnt/e/SyncData/paper2_main/datasets/UFireIndoorFull/test/test_firesmoke/VSD3__lb_mixed_firesmoke__video5.mp4;none;/mnt/e/SyncData/paper2_main/zout/reports/baseline_vs_accMotion/1GPU_SV__ds_UFireIndoorTest__mt_temp_method_motion_block__e1ccb7b889a0__20260401.144240;none;/mnt/e/SyncData/paper2_main/zout/reports/baseline_vs_accMotion/MainPC__ds_UFireIndoorTest__mt_no_temp_method__af4b0d32a3d2__20260330.205208
VSD3__lb_mixed_firesmoke__video5.mp4;1677;9018;fire_smoke;/mnt/e/SyncData/paper2_main/datasets/UFireIndoorFull/test/test_firesmoke/VSD3__lb_mixed_firesmoke__video5.mp4;none;/mnt/e/SyncData/paper2_main/zout/reports/baseline_vs_accMotion/1GPU_SV__ds_UFireIndoorTest__mt_temp_method_motion_block__e1ccb7b889a0__20260401.144240;none;/mnt/e/SyncData/paper2_main/zout/reports/baseline_vs_accMotion/MainPC__ds_UFireIndoorTest__mt_no_temp_method__af4b0d32a3d2__20260330.205208
VSD3__lb_mixed_firesmoke__video5.mp4;1678;9018;fire_smoke;/mnt/e/SyncData/paper2_main/datasets/UFireIndoorFull/test/test_firesmoke/VSD3__lb_mixed_firesmoke__video5.mp4;none;/mnt/e/SyncData/paper2_main/zout/reports/baseline_vs_accMotion/1GPU_SV__ds_UFireIndoorTest__mt_temp_method_motion_block__e1ccb7b889a0__20260401.144240;none;/mnt/e/SyncData/paper2_main/zout/reports/baseline_vs_accMotion/MainPC__ds_UFireIndoorTest__mt_no_temp_method__af4b0d32a3d2__20260330.205208
VSD3__lb_mixed_firesmoke__video5.mp4;1679;9018;fire_smoke;/mnt/e/SyncData/paper2_main/datasets/UFireIndoorFull/test/test_firesmoke/VSD3__lb_mixed_firesmoke__video5.mp4;none;/mnt/e/SyncData/paper2_main/zout/reports/baseline_vs_accMotion/1GPU_SV__ds_UFireIndoorTest__mt_temp_method_motion_block__e1ccb7b889a0__20260401.144240;none;/mnt/e/SyncData/paper2_main/zout/reports/baseline_vs_accMotion/MainPC__ds_UFireIndoorTest__mt_no_temp_method__af4b0d32a3d2__20260330.205208
VSD3__lb_mixed_firesmoke__video5.mp4;1680;9018;fire_smoke;/mnt/e/SyncData/paper2_main/datasets/UFireIndoorFull/test/test_firesmoke/VSD3__lb_mixed_firesmoke__video5.mp4;none;/mnt/e/SyncData/paper2_main/zout/reports/baseline_vs_accMotion/1GPU_SV__ds_UFireIndoorTest__mt_temp_method_motion_block__e1ccb7b889a0__20260401.144240;none;/mnt/e/SyncData/paper2_main/zout/reports/baseline_vs_accMotion/MainPC__ds_UFireIndoorTest__mt_no_temp_method__af4b0d32a3d2__20260330.205208
VSD3__lb_mixed_firesmoke__video5.mp4;1681;9018;fire_smoke;/mnt/e/SyncData/paper2_main/datasets/UFireIndoorFull/test/test_firesmoke/VSD3__lb_mixed_firesmoke__video5.mp4;none;/mnt/e/SyncData/paper2_main/zout/reports/baseline_vs_accMotion/1GPU_SV__ds_UFireIndoorTest__mt_temp_method_motion_block__e1ccb7b889a0__20260401.144240;none;/mnt/e/SyncData/paper2_main/zout/reports/baseline_vs_accMotion/MainPC__ds_UFireIndoorTest__mt_no_temp_method__af4b0d32a3d2__20260330.205208
VSD3__lb_mixed_firesmoke__video5.mp4;1682;9018;fire_smoke;/mnt/e/SyncData/paper2_main/datasets/UFireIndoorFull/test/test_firesmoke/VSD3__lb_mixed_firesmoke__video5.mp4;none;/mnt/e/SyncData/paper2_main/zout/reports/baseline_vs_accMotion/1GPU_SV__ds_UFireIndoorTest__mt_temp_method_motion_block__e1ccb7b889a0__20260401.144240;none;/mnt/e/SyncData/paper2_main/zout/reports/baseline_vs_accMotion/MainPC__ds_UFireIndoorTest__mt_no_temp_method__af4b0d32a3d2__20260330.205208
VSD3__lb_mixed_firesmoke__video5.mp4;1683;9018;fire_smoke;/mnt/e/SyncData/paper2_main/datasets/UFireIndoorFull/test/test_firesmoke/VSD3__lb_mixed_firesmoke__video5.mp4;none;/mnt/e/SyncData/paper2_main/zout/reports/baseline_vs_accMotion/1GPU_SV__ds_UFireIndoorTest__mt_temp_method_motion_block__e1ccb7b889a0__20260401.144240;none;/mnt/e/SyncData/paper2_main/zout/reports/baseline_vs_accMotion/MainPC__ds_UFireIndoorTest__mt_no_temp_method__af4b0d32a3d2__20260330.205208
VSD3__lb_mixed_firesmoke__video5.mp4;1684;9018;fire_smoke;/mnt/e/SyncData/paper2_main/datasets/UFireIndoorFull/test/test_firesmoke/VSD3__lb_mixed_firesmoke__video5.mp4;none;/mnt/e/SyncData/paper2_main/zout/reports/baseline_vs_accMotion/1GPU_SV__ds_UFireIndoorTest__mt_temp_method_motion_block__e1ccb7b889a0__20260401.144240;none;/mnt/e/SyncData/paper2_main/zout/reports/baseline_vs_accMotion/MainPC__ds_UFireIndoorTest__mt_no_temp_method__af4b0d32a3d2__20260330.205208
VSD3__lb_mixed_firesmoke__video5.mp4;1685;9018;fire_smoke;/mnt/e/SyncData/paper2_main/datasets/UFireIndoorFull/test/test_firesmoke/VSD3__lb_mixed_firesmoke__video5.mp4;none;/mnt/e/SyncData/paper2_main/zout/reports/baseline_vs_accMotion/1GPU_SV__ds_UFireIndoorTest__mt_temp_method_motion_block__e1ccb7b889a0__20260401.144240;none;/mnt/e/SyncData/paper2_main/zout/reports/baseline_vs_accMotion/MainPC__ds_UFireIndoorTest__mt_no_temp_method__af4b0d32a3d2__20260330.205208
VSD3__lb_mixed_firesmoke__video5.mp4;1686;9018;fire_smoke;/mnt/e/SyncData/paper2_main/datasets/UFireIndoorFull/test/test_firesmoke/VSD3__lb_mixed_firesmoke__video5.mp4;none;/mnt/e/SyncData/paper2_main/zout/reports/baseline_vs_accMotion/1GPU_SV__ds_UFireIndoorTest__mt_temp_method_motion_block__e1ccb7b889a0__20260401.144240;none;/mnt/e/SyncData/paper2_main/zout/reports/baseline_vs_accMotion/MainPC__ds_UFireIndoorTest__mt_no_temp_method__af4b0d32a3d2__20260330.205208
VSD3__lb_mixed_firesmoke__video5.mp4;1687;9018;fire_smoke;/mnt/e/SyncData/paper2_main/datasets/UFireIndoorFull/test/test_firesmoke/VSD3__lb_mixed_firesmoke__video5.mp4;none;/mnt/e/SyncData/paper2_main/zout/reports/baseline_vs_accMotion/1GPU_SV__ds_UFireIndoorTest__mt_temp_method_motion_block__e1ccb7b889a0__20260401.144240;none;/mnt/e/SyncData/paper2_main/zout/reports/baseline_vs_accMotion/MainPC__ds_UFireIndoorTest__mt_no_temp_method__af4b0d32a3d2__20260330.205208
VSD3__lb_mixed_firesmoke__video5.mp4;1688;9018;fire_smoke;/mnt/e/SyncData/paper2_main/datasets/UFireIndoorFull/test/test_firesmoke/VSD3__lb_mixed_firesmoke__video5.mp4;none;/mnt/e/SyncData/paper2_main/zout/reports/baseline_vs_accMotion/1GPU_SV__ds_UFireIndoorTest__mt_temp_method_motion_block__e1ccb7b889a0__20260401.144240;none;/mnt/e/SyncData/paper2_main/zout/reports/baseline_vs_accMotion/MainPC__ds_UFireIndoorTest__mt_no_temp_method__af4b0d32a3d2__20260330.205208
VSD3__lb_mixed_firesmoke__video5.mp4;1689;9018;fire_smoke;/mnt/e/SyncData/paper2_main/datasets/UFireIndoorFull/test/test_firesmoke/VSD3__lb_mixed_firesmoke__video5.mp4;none;/mnt/e/SyncData/paper2_main/zout/reports/baseline_vs_accMotion/1GPU_SV__ds_UFireIndoorTest__mt_temp_method_motion_block__e1ccb7b889a0__20260401.144240;none;/mnt/e/SyncData/paper2_main/zout/reports/baseline_vs_accMotion/MainPC__ds_UFireIndoorTest__mt_no_temp_method__af4b0d32a3d2__20260330.205208
VSD3__lb_mixed_firesmoke__video5.mp4;1690;9018;fire_smoke;/mnt/e/SyncData/paper2_main/datasets/UFireIndoorFull/test/test_firesmoke/VSD3__lb_mixed_firesmoke__video5.mp4;none;/mnt/e/SyncData/paper2_main/zout/reports/baseline_vs_accMotion/1GPU_SV__ds_UFireIndoorTest__mt_temp_method_motion_block__e1ccb7b889a0__20260401.144240;none;/mnt/e/SyncData/paper2_main/zout/reports/baseline_vs_accMotion/MainPC__ds_UFireIndoorTest__mt_no_temp_method__af4b0d32a3d2__20260330.205208
VSD3__lb_mixed_firesmoke__video5.mp4;1691;9018;fire_smoke;/mnt/e/SyncData/paper2_main/datasets/UFireIndoorFull/test/test_firesmoke/VSD3__lb_mixed_firesmoke__video5.mp4;none;/mnt/e/SyncData/paper2_main/zout/reports/baseline_vs_accMotion/1GPU_SV__ds_UFireIndoorTest__mt_temp_method_motion_block__e1ccb7b889a0__20260401.144240;none;/mnt/e/SyncData/paper2_main/zout/reports/baseline_vs_accMotion/MainPC__ds_UFireIndoorTest__mt_no_temp_method__af4b0d32a3d2__20260330.205208
VSD3__lb_mixed_firesmoke__video5.mp4;1692;9018;fire_smoke;/mnt/e/SyncData/paper2_main/datasets/UFireIndoorFull/test/test_firesmoke/VSD3__lb_mixed_firesmoke__video5.mp4;none;/mnt/e/SyncData/paper2_main/zout/reports/baseline_vs_accMotion/1GPU_SV__ds_UFireIndoorTest__mt_temp_method_motion_block__e1ccb7b889a0__20260401.144240;none;/mnt/e/SyncData/paper2_main/zout/reports/baseline_vs_accMotion/MainPC__ds_UFireIndoorTest__mt_no_temp_method__af4b0d32a3d2__20260330.205208
VSD3__lb_mixed_firesmoke__video5.mp4;1693;9018;fire_smoke;/mnt/e/SyncData/paper2_main/datasets/UFireIndoorFull/test/test_firesmoke/VSD3__lb_mixed_firesmoke__video5.mp4;none;/mnt/e/SyncData/paper2_main/zout/reports/baseline_vs_accMotion/1GPU_SV__ds_UFireIndoorTest__mt_temp_method_motion_block__e1ccb7b889a0__20260401.144240;none;/mnt/e/SyncData/paper2_main/zout/reports/baseline_vs_accMotion/MainPC__ds_UFireIndoorTest__mt_no_temp_method__af4b0d32a3d2__20260330.205208
VSD3__lb_mixed_firesmoke__video5.mp4;1694;9018;fire_smoke;/mnt/e/SyncData/paper2_main/datasets/UFireIndoorFull/test/test_firesmoke/VSD3__lb_mixed_firesmoke__video5.mp4;none;/mnt/e/SyncData/paper2_main/zout/reports/baseline_vs_accMotion/1GPU_SV__ds_UFireIndoorTest__mt_temp_method_motion_block__e1ccb7b889a0__20260401.144240;none;/mnt/e/SyncData/paper2_main/zout/reports/baseline_vs_accMotion/MainPC__ds_UFireIndoorTest__mt_no_temp_method__af4b0d32a3d2__20260330.205208
VSD3__lb_mixed_firesmoke__video5.mp4;1695;9018;fire_smoke;/mnt/e/SyncData/paper2_main/datasets/UFireIndoorFull/test/test_firesmoke/VSD3__lb_mixed_firesmoke__video5.mp4;none;/mnt/e/SyncData/paper2_main/zout/reports/baseline_vs_accMotion/1GPU_SV__ds_UFireIndoorTest__mt_temp_method_motion_block__e1ccb7b889a0__20260401.144240;none;/mnt/e/SyncData/paper2_main/zout/reports/baseline_vs_accMotion/MainPC__ds_UFireIndoorTest__mt_no_temp_method__af4b0d32a3d2__20260330.205208
VSD3__lb_mixed_firesmoke__video5.mp4;1696;9018;fire_smoke;/mnt/e/SyncData/paper2_main/datasets/UFireIndoorFull/test/test_firesmoke/VSD3__lb_mixed_firesmoke__video5.mp4;none;/mnt/e/SyncData/paper2_main/zout/reports/baseline_vs_accMotion/1GPU_SV__ds_UFireIndoorTest__mt_temp_method_motion_block__e1ccb7b889a0__20260401.144240;none;/mnt/e/SyncData/paper2_main/zout/reports/baseline_vs_accMotion/MainPC__ds_UFireIndoorTest__mt_no_temp_method__af4b0d32a3d2__20260330.205208
VSD3__lb_mixed_firesmoke__video5.mp4;1697;9018;fire_smoke;/mnt/e/SyncData/paper2_main/datasets/UFireIndoorFull/test/test_firesmoke/VSD3__lb_mixed_firesmoke__video5.mp4;none;/mnt/e/SyncData/paper2_main/zout/reports/baseline_vs_accMotion/1GPU_SV__ds_UFireIndoorTest__mt_temp_method_motion_block__e1ccb7b889a0__20260401.144240;none;/mnt/e/SyncData/paper2_main/zout/reports/baseline_vs_accMotion/MainPC__ds_UFireIndoorTest__mt_no_temp_method__af4b0d32a3d2__20260330.205208
VSD3__lb_mixed_firesmoke__video5.mp4;1698;9018;fire_smoke;/mnt/e/SyncData/paper2_main/datasets/UFireIndoorFull/test/test_firesmoke/VSD3__lb_mixed_firesmoke__video5.mp4;none;/mnt/e/SyncData/paper2_main/zout/reports/baseline_vs_accMotion/1GPU_SV__ds_UFireIndoorTest__mt_temp_method_motion_block__e1ccb7b889a0__20260401.144240;none;/mnt/e/SyncData/paper2_main/zout/reports/baseline_vs_accMotion/MainPC__ds_UFireIndoorTest__mt_no_temp_method__af4b0d32a3d2__20260330.205208
VSD3__lb_mixed_firesmoke__video5.mp4;1701;9018;fire_smoke;/mnt/e/SyncData/paper2_main/datasets/UFireIndoorFull/test/test_firesmoke/VSD3__lb_mixed_firesmoke__video5.mp4;none;/mnt/e/SyncData/paper2_main/zout/reports/baseline_vs_accMotion/1GPU_SV__ds_UFireIndoorTest__mt_temp_method_motion_block__e1ccb7b889a0__20260401.144240;none;/mnt/e/SyncData/paper2_main/zout/reports/baseline_vs_accMotion/MainPC__ds_UFireIndoorTest__mt_no_temp_method__af4b0d32a3d2__20260330.205208
VSD3__lb_mixed_firesmoke__video5.mp4;1702;9018;fire_smoke;/mnt/e/SyncData/paper2_main/datasets/UFireIndoorFull/test/test_firesmoke/VSD3__lb_mixed_firesmoke__video5.mp4;none;/mnt/e/SyncData/paper2_main/zout/reports/baseline_vs_accMotion/1GPU_SV__ds_UFireIndoorTest__mt_temp_method_motion_block__e1ccb7b889a0__20260401.144240;none;/mnt/e/SyncData/paper2_main/zout/reports/baseline_vs_accMotion/MainPC__ds_UFireIndoorTest__mt_no_temp_method__af4b0d32a3d2__20260330.205208
VSD3__lb_mixed_firesmoke__video5.mp4;1711;9018;fire_smoke;/mnt/e/SyncData/paper2_main/datasets/UFireIndoorFull/test/test_firesmoke/VSD3__lb_mixed_firesmoke__video5.mp4;none;/mnt/e/SyncData/paper2_main/zout/reports/baseline_vs_accMotion/1GPU_SV__ds_UFireIndoorTest__mt_temp_method_motion_block__e1ccb7b889a0__20260401.144240;none;/mnt/e/SyncData/paper2_main/zout/reports/baseline_vs_accMotion/MainPC__ds_UFireIndoorTest__mt_no_temp_method__af4b0d32a3d2__20260330.205208
VSD3__lb_mixed_firesmoke__video5.mp4;1712;9018;fire_smoke;/mnt/e/SyncData/paper2_main/datasets/UFireIndoorFull/test/test_firesmoke/VSD3__lb_mixed_firesmoke__video5.mp4;none;/mnt/e/SyncData/paper2_main/zout/reports/baseline_vs_accMotion/1GPU_SV__ds_UFireIndoorTest__mt_temp_method_motion_block__e1ccb7b889a0__20260401.144240;none;/mnt/e/SyncData/paper2_main/zout/reports/baseline_vs_accMotion/MainPC__ds_UFireIndoorTest__mt_no_temp_method__af4b0d32a3d2__20260330.205208
VSD3__lb_mixed_firesmoke__video5.mp4;1713;9018;fire_smoke;/mnt/e/SyncData/paper2_main/datasets/UFireIndoorFull/test/test_firesmoke/VSD3__lb_mixed_firesmoke__video5.mp4;none;/mnt/e/SyncData/paper2_main/zout/reports/baseline_vs_accMotion/1GPU_SV__ds_UFireIndoorTest__mt_temp_method_motion_block__e1ccb7b889a0__20260401.144240;none;/mnt/e/SyncData/paper2_main/zout/reports/baseline_vs_accMotion/MainPC__ds_UFireIndoorTest__mt_no_temp_method__af4b0d32a3d2__20260330.205208
VSD3__lb_mixed_firesmoke__video5.mp4;1714;9018;fire_smoke;/mnt/e/SyncData/paper2_main/datasets/UFireIndoorFull/test/test_firesmoke/VSD3__lb_mixed_firesmoke__video5.mp4;none;/mnt/e/SyncData/paper2_main/zout/reports/baseline_vs_accMotion/1GPU_SV__ds_UFireIndoorTest__mt_temp_method_motion_block__e1ccb7b889a0__20260401.144240;none;/mnt/e/SyncData/paper2_main/zout/reports/baseline_vs_accMotion/MainPC__ds_UFireIndoorTest__mt_no_temp_method__af4b0d32a3d2__20260330.205208
VSD3__lb_mixed_firesmoke__video5.mp4;1719;9018;fire_smoke;/mnt/e/SyncData/paper2_main/datasets/UFireIndoorFull/test/test_firesmoke/VSD3__lb_mixed_firesmoke__video5.mp4;none;/mnt/e/SyncData/paper2_main/zout/reports/baseline_vs_accMotion/1GPU_SV__ds_UFireIndoorTest__mt_temp_method_motion_block__e1ccb7b889a0__20260401.144240;none;/mnt/e/SyncData/paper2_main/zout/reports/baseline_vs_accMotion/MainPC__ds_UFireIndoorTest__mt_no_temp_method__af4b0d32a3d2__20260330.205208
VSD3__lb_mixed_firesmoke__video5.mp4;1720;9018;fire_smoke;/mnt/e/SyncData/paper2_main/datasets/UFireIndoorFull/test/test_firesmoke/VSD3__lb_mixed_firesmoke__video5.mp4;none;/mnt/e/SyncData/paper2_main/zout/reports/baseline_vs_accMotion/1GPU_SV__ds_UFireIndoorTest__mt_temp_method_motion_block__e1ccb7b889a0__20260401.144240;none;/mnt/e/SyncData/paper2_main/zout/reports/baseline_vs_accMotion/MainPC__ds_UFireIndoorTest__mt_no_temp_method__af4b0d32a3d2__20260330.205208
VSD3__lb_mixed_firesmoke__video5.mp4;1729;9018;fire_smoke;/mnt/e/SyncData/paper2_main/datasets/UFireIndoorFull/test/test_firesmoke/VSD3__lb_mixed_firesmoke__video5.mp4;none;/mnt/e/SyncData/paper2_main/zout/reports/baseline_vs_accMotion/1GPU_SV__ds_UFireIndoorTest__mt_temp_method_motion_block__e1ccb7b889a0__20260401.144240;none;/mnt/e/SyncData/paper2_main/zout/reports/baseline_vs_accMotion/MainPC__ds_UFireIndoorTest__mt_no_temp_method__af4b0d32a3d2__20260330.205208
VSD3__lb_mixed_firesmoke__video5.mp4;1730;9018;fire_smoke;/mnt/e/SyncData/paper2_main/datasets/UFireIndoorFull/test/test_firesmoke/VSD3__lb_mixed_firesmoke__video5.mp4;none;/mnt/e/SyncData/paper2_main/zout/reports/baseline_vs_accMotion/1GPU_SV__ds_UFireIndoorTest__mt_temp_method_motion_block__e1ccb7b889a0__20260401.144240;none;/mnt/e/SyncData/paper2_main/zout/reports/baseline_vs_accMotion/MainPC__ds_UFireIndoorTest__mt_no_temp_method__af4b0d32a3d2__20260330.205208
VSD3__lb_mixed_firesmoke__video5.mp4;1731;9018;fire_smoke;/mnt/e/SyncData/paper2_main/datasets/UFireIndoorFull/test/test_firesmoke/VSD3__lb_mixed_firesmoke__video5.mp4;none;/mnt/e/SyncData/paper2_main/zout/reports/baseline_vs_accMotion/1GPU_SV__ds_UFireIndoorTest__mt_temp_method_motion_block__e1ccb7b889a0__20260401.144240;none;/mnt/e/SyncData/paper2_main/zout/reports/baseline_vs_accMotion/MainPC__ds_UFireIndoorTest__mt_no_temp_method__af4b0d32a3d2__20260330.205208
VSD3__lb_mixed_firesmoke__video5.mp4;1732;9018;fire_smoke;/mnt/e/SyncData/paper2_main/datasets/UFireIndoorFull/test/test_firesmoke/VSD3__lb_mixed_firesmoke__video5.mp4;none;/mnt/e/SyncData/paper2_main/zout/reports/baseline_vs_accMotion/1GPU_SV__ds_UFireIndoorTest__mt_temp_method_motion_block__e1ccb7b889a0__20260401.144240;none;/mnt/e/SyncData/paper2_main/zout/reports/baseline_vs_accMotion/MainPC__ds_UFireIndoorTest__mt_no_temp_method__af4b0d32a3d2__20260330.205208
VSD3__lb_mixed_firesmoke__video5.mp4;1733;9018;fire_smoke;/mnt/e/SyncData/paper2_main/datasets/UFireIndoorFull/test/test_firesmoke/VSD3__lb_mixed_firesmoke__video5.mp4;none;/mnt/e/SyncData/paper2_main/zout/reports/baseline_vs_accMotion/1GPU_SV__ds_UFireIndoorTest__mt_temp_method_motion_block__e1ccb7b889a0__20260401.144240;none;/mnt/e/SyncData/paper2_main/zout/reports/baseline_vs_accMotion/MainPC__ds_UFireIndoorTest__mt_no_temp_method__af4b0d32a3d2__20260330.205208
VSD3__lb_mixed_firesmoke__video5.mp4;1734;9018;fire_smoke;/mnt/e/SyncData/paper2_main/datasets/UFireIndoorFull/test/test_firesmoke/VSD3__lb_mixed_firesmoke__video5.mp4;none;/mnt/e/SyncData/paper2_main/zout/reports/baseline_vs_accMotion/1GPU_SV__ds_UFireIndoorTest__mt_temp_method_motion_block__e1ccb7b889a0__20260401.144240;none;/mnt/e/SyncData/paper2_main/zout/reports/baseline_vs_accMotion/MainPC__ds_UFireIndoorTest__mt_no_temp_method__af4b0d32a3d2__20260330.205208
VSD3__lb_mixed_firesmoke__video5.mp4;1735;9018;fire_smoke;/mnt/e/SyncData/paper2_main/datasets/UFireIndoorFull/test/test_firesmoke/VSD3__lb_mixed_firesmoke__video5.mp4;none;/mnt/e/SyncData/paper2_main/zout/reports/baseline_vs_accMotion/1GPU_SV__ds_UFireIndoorTest__mt_temp_method_motion_block__e1ccb7b889a0__20260401.144240;none;/mnt/e/SyncData/paper2_main/zout/reports/baseline_vs_accMotion/MainPC__ds_UFireIndoorTest__mt_no_temp_method__af4b0d32a3d2__20260330.205208
VSD3__lb_mixed_firesmoke__video5.mp4;1736;9018;fire_smoke;/mnt/e/SyncData/paper2_main/datasets/UFireIndoorFull/test/test_firesmoke/VSD3__lb_mixed_firesmoke__video5.mp4;none;/mnt/e/SyncData/paper2_main/zout/reports/baseline_vs_accMotion/1GPU_SV__ds_UFireIndoorTest__mt_temp_method_motion_block__e1ccb7b889a0__20260401.144240;none;/mnt/e/SyncData/paper2_main/zout/reports/baseline_vs_accMotion/MainPC__ds_UFireIndoorTest__mt_no_temp_method__af4b0d32a3d2__20260330.205208
VSD3__lb_mixed_firesmoke__video5.mp4;1737;9018;fire_smoke;/mnt/e/SyncData/paper2_main/datasets/UFireIndoorFull/test/test_firesmoke/VSD3__lb_mixed_firesmoke__video5.mp4;none;/mnt/e/SyncData/paper2_main/zout/reports/baseline_vs_accMotion/1GPU_SV__ds_UFireIndoorTest__mt_temp_method_motion_block__e1ccb7b889a0__20260401.144240;none;/mnt/e/SyncData/paper2_main/zout/reports/baseline_vs_accMotion/MainPC__ds_UFireIndoorTest__mt_no_temp_method__af4b0d32a3d2__20260330.205208
VSD3__lb_mixed_firesmoke__video5.mp4;1738;9018;fire_smoke;/mnt/e/SyncData/paper2_main/datasets/UFireIndoorFull/test/test_firesmoke/VSD3__lb_mixed_firesmoke__video5.mp4;none;/mnt/e/SyncData/paper2_main/zout/reports/baseline_vs_accMotion/1GPU_SV__ds_UFireIndoorTest__mt_temp_method_motion_block__e1ccb7b889a0__20260401.144240;none;/mnt/e/SyncData/paper2_main/zout/reports/baseline_vs_accMotion/MainPC__ds_UFireIndoorTest__mt_no_temp_method__af4b0d32a3d2__20260330.205208
VSD3__lb_mixed_firesmoke__video5.mp4;1739;9018;fire_smoke;/mnt/e/SyncData/paper2_main/datasets/UFireIndoorFull/test/test_firesmoke/VSD3__lb_mixed_firesmoke__video5.mp4;none;/mnt/e/SyncData/paper2_main/zout/reports/baseline_vs_accMotion/1GPU_SV__ds_UFireIndoorTest__mt_temp_method_motion_block__e1ccb7b889a0__20260401.144240;none;/mnt/e/SyncData/paper2_main/zout/reports/baseline_vs_accMotion/MainPC__ds_UFireIndoorTest__mt_no_temp_method__af4b0d32a3d2__20260330.205208
VSD3__lb_mixed_firesmoke__video5.mp4;1740;9018;fire_smoke;/mnt/e/SyncData/paper2_main/datasets/UFireIndoorFull/test/test_firesmoke/VSD3__lb_mixed_firesmoke__video5.mp4;none;/mnt/e/SyncData/paper2_main/zout/reports/baseline_vs_accMotion/1GPU_SV__ds_UFireIndoorTest__mt_temp_method_motion_block__e1ccb7b889a0__20260401.144240;none;/mnt/e/SyncData/paper2_main/zout/reports/baseline_vs_accMotion/MainPC__ds_UFireIndoorTest__mt_no_temp_method__af4b0d32a3d2__20260330.205208
VSD3__lb_mixed_firesmoke__video5.mp4;1741;9018;fire_smoke;/mnt/e/SyncData/paper2_main/datasets/UFireIndoorFull/test/test_firesmoke/VSD3__lb_mixed_firesmoke__video5.mp4;none;/mnt/e/SyncData/paper2_main/zout/reports/baseline_vs_accMotion/1GPU_SV__ds_UFireIndoorTest__mt_temp_method_motion_block__e1ccb7b889a0__20260401.144240;none;/mnt/e/SyncData/paper2_main/zout/reports/baseline_vs_accMotion/MainPC__ds_UFireIndoorTest__mt_no_temp_method__af4b0d32a3d2__20260330.205208
VSD3__lb_mixed_firesmoke__video5.mp4;1743;9018;fire_smoke;/mnt/e/SyncData/paper2_main/datasets/UFireIndoorFull/test/test_firesmoke/VSD3__lb_mixed_firesmoke__video5.mp4;none;/mnt/e/SyncData/paper2_main/zout/reports/baseline_vs_accMotion/1GPU_SV__ds_UFireIndoorTest__mt_temp_method_motion_block__e1ccb7b889a0__20260401.144240;none;/mnt/e/SyncData/paper2_main/zout/reports/baseline_vs_accMotion/MainPC__ds_UFireIndoorTest__mt_no_temp_method__af4b0d32a3d2__20260330.205208
VSD3__lb_mixed_firesmoke__video5.mp4;1744;9018;fire_smoke;/mnt/e/SyncData/paper2_main/datasets/UFireIndoorFull/test/test_firesmoke/VSD3__lb_mixed_firesmoke__video5.mp4;none;/mnt/e/SyncData/paper2_main/zout/reports/baseline_vs_accMotion/1GPU_SV__ds_UFireIndoorTest__mt_temp_method_motion_block__e1ccb7b889a0__20260401.144240;none;/mnt/e/SyncData/paper2_main/zout/reports/baseline_vs_accMotion/MainPC__ds_UFireIndoorTest__mt_no_temp_method__af4b0d32a3d2__20260330.205208
VSD3__lb_mixed_firesmoke__video5.mp4;1745;9018;fire_smoke;/mnt/e/SyncData/paper2_main/datasets/UFireIndoorFull/test/test_firesmoke/VSD3__lb_mixed_firesmoke__video5.mp4;none;/mnt/e/SyncData/paper2_main/zout/reports/baseline_vs_accMotion/1GPU_SV__ds_UFireIndoorTest__mt_temp_method_motion_block__e1ccb7b889a0__20260401.144240;none;/mnt/e/SyncData/paper2_main/zout/reports/baseline_vs_accMotion/MainPC__ds_UFireIndoorTest__mt_no_temp_method__af4b0d32a3d2__20260330.205208
VSD3__lb_mixed_firesmoke__video5.mp4;1746;9018;fire_smoke;/mnt/e/SyncData/paper2_main/datasets/UFireIndoorFull/test/test_firesmoke/VSD3__lb_mixed_firesmoke__video5.mp4;none;/mnt/e/SyncData/paper2_main/zout/reports/baseline_vs_accMotion/1GPU_SV__ds_UFireIndoorTest__mt_temp_method_motion_block__e1ccb7b889a0__20260401.144240;none;/mnt/e/SyncData/paper2_main/zout/reports/baseline_vs_accMotion/MainPC__ds_UFireIndoorTest__mt_no_temp_method__af4b0d32a3d2__20260330.205208
VSD3__lb_mixed_firesmoke__video5.mp4;1763;9018;fire_smoke;/mnt/e/SyncData/paper2_main/datasets/UFireIndoorFull/test/test_firesmoke/VSD3__lb_mixed_firesmoke__video5.mp4;none;/mnt/e/SyncData/paper2_main/zout/reports/baseline_vs_accMotion/1GPU_SV__ds_UFireIndoorTest__mt_temp_method_motion_block__e1ccb7b889a0__20260401.144240;none;/mnt/e/SyncData/paper2_main/zout/reports/baseline_vs_accMotion/MainPC__ds_UFireIndoorTest__mt_no_temp_method__af4b0d32a3d2__20260330.205208
VSD3__lb_mixed_firesmoke__video5.mp4;1764;9018;fire_smoke;/mnt/e/SyncData/paper2_main/datasets/UFireIndoorFull/test/test_firesmoke/VSD3__lb_mixed_firesmoke__video5.mp4;none;/mnt/e/SyncData/paper2_main/zout/reports/baseline_vs_accMotion/1GPU_SV__ds_UFireIndoorTest__mt_temp_method_motion_block__e1ccb7b889a0__20260401.144240;none;/mnt/e/SyncData/paper2_main/zout/reports/baseline_vs_accMotion/MainPC__ds_UFireIndoorTest__mt_no_temp_method__af4b0d32a3d2__20260330.205208
VSD3__lb_mixed_firesmoke__video5.mp4;1771;9018;fire_smoke;/mnt/e/SyncData/paper2_main/datasets/UFireIndoorFull/test/test_firesmoke/VSD3__lb_mixed_firesmoke__video5.mp4;none;/mnt/e/SyncData/paper2_main/zout/reports/baseline_vs_accMotion/1GPU_SV__ds_UFireIndoorTest__mt_temp_method_motion_block__e1ccb7b889a0__20260401.144240;none;/mnt/e/SyncData/paper2_main/zout/reports/baseline_vs_accMotion/MainPC__ds_UFireIndoorTest__mt_no_temp_method__af4b0d32a3d2__20260330.205208
VSD3__lb_mixed_firesmoke__video5.mp4;1772;9018;fire_smoke;/mnt/e/SyncData/paper2_main/datasets/UFireIndoorFull/test/test_firesmoke/VSD3__lb_mixed_firesmoke__video5.mp4;none;/mnt/e/SyncData/paper2_main/zout/reports/baseline_vs_accMotion/1GPU_SV__ds_UFireIndoorTest__mt_temp_method_motion_block__e1ccb7b889a0__20260401.144240;none;/mnt/e/SyncData/paper2_main/zout/reports/baseline_vs_accMotion/MainPC__ds_UFireIndoorTest__mt_no_temp_method__af4b0d32a3d2__20260330.205208
VSD3__lb_mixed_firesmoke__video5.mp4;1773;9018;fire_smoke;/mnt/e/SyncData/paper2_main/datasets/UFireIndoorFull/test/test_firesmoke/VSD3__lb_mixed_firesmoke__video5.mp4;none;/mnt/e/SyncData/paper2_main/zout/reports/baseline_vs_accMotion/1GPU_SV__ds_UFireIndoorTest__mt_temp_method_motion_block__e1ccb7b889a0__20260401.144240;none;/mnt/e/SyncData/paper2_main/zout/reports/baseline_vs_accMotion/MainPC__ds_UFireIndoorTest__mt_no_temp_method__af4b0d32a3d2__20260330.205208
VSD3__lb_mixed_firesmoke__video5.mp4;1774;9018;fire_smoke;/mnt/e/SyncData/paper2_main/datasets/UFireIndoorFull/test/test_firesmoke/VSD3__lb_mixed_firesmoke__video5.mp4;none;/mnt/e/SyncData/paper2_main/zout/reports/baseline_vs_accMotion/1GPU_SV__ds_UFireIndoorTest__mt_temp_method_motion_block__e1ccb7b889a0__20260401.144240;none;/mnt/e/SyncData/paper2_main/zout/reports/baseline_vs_accMotion/MainPC__ds_UFireIndoorTest__mt_no_temp_method__af4b0d32a3d2__20260330.205208
VSD3__lb_mixed_firesmoke__video5.mp4;1775;9018;fire_smoke;/mnt/e/SyncData/paper2_main/datasets/UFireIndoorFull/test/test_firesmoke/VSD3__lb_mixed_firesmoke__video5.mp4;none;/mnt/e/SyncData/paper2_main/zout/reports/baseline_vs_accMotion/1GPU_SV__ds_UFireIndoorTest__mt_temp_method_motion_block__e1ccb7b889a0__20260401.144240;none;/mnt/e/SyncData/paper2_main/zout/reports/baseline_vs_accMotion/MainPC__ds_UFireIndoorTest__mt_no_temp_method__af4b0d32a3d2__20260330.205208
VSD3__lb_mixed_firesmoke__video5.mp4;1776;9018;fire_smoke;/mnt/e/SyncData/paper2_main/datasets/UFireIndoorFull/test/test_firesmoke/VSD3__lb_mixed_firesmoke__video5.mp4;none;/mnt/e/SyncData/paper2_main/zout/reports/baseline_vs_accMotion/1GPU_SV__ds_UFireIndoorTest__mt_temp_method_motion_block__e1ccb7b889a0__20260401.144240;none;/mnt/e/SyncData/paper2_main/zout/reports/baseline_vs_accMotion/MainPC__ds_UFireIndoorTest__mt_no_temp_method__af4b0d32a3d2__20260330.205208
VSD3__lb_mixed_firesmoke__video5.mp4;1781;9018;fire_smoke;/mnt/e/SyncData/paper2_main/datasets/UFireIndoorFull/test/test_firesmoke/VSD3__lb_mixed_firesmoke__video5.mp4;none;/mnt/e/SyncData/paper2_main/zout/reports/baseline_vs_accMotion/1GPU_SV__ds_UFireIndoorTest__mt_temp_method_motion_block__e1ccb7b889a0__20260401.144240;none;/mnt/e/SyncData/paper2_main/zout/reports/baseline_vs_accMotion/MainPC__ds_UFireIndoorTest__mt_no_temp_method__af4b0d32a3d2__20260330.205208
VSD3__lb_mixed_firesmoke__video5.mp4;1782;9018;fire_smoke;/mnt/e/SyncData/paper2_main/datasets/UFireIndoorFull/test/test_firesmoke/VSD3__lb_mixed_firesmoke__video5.mp4;none;/mnt/e/SyncData/paper2_main/zout/reports/baseline_vs_accMotion/1GPU_SV__ds_UFireIndoorTest__mt_temp_method_motion_block__e1ccb7b889a0__20260401.144240;none;/mnt/e/SyncData/paper2_main/zout/reports/baseline_vs_accMotion/MainPC__ds_UFireIndoorTest__mt_no_temp_method__af4b0d32a3d2__20260330.205208
VSD3__lb_mixed_firesmoke__video5.mp4;1783;9018;fire_smoke;/mnt/e/SyncData/paper2_main/datasets/UFireIndoorFull/test/test_firesmoke/VSD3__lb_mixed_firesmoke__video5.mp4;none;/mnt/e/SyncData/paper2_main/zout/reports/baseline_vs_accMotion/1GPU_SV__ds_UFireIndoorTest__mt_temp_method_motion_block__e1ccb7b889a0__20260401.144240;none;/mnt/e/SyncData/paper2_main/zout/reports/baseline_vs_accMotion/MainPC__ds_UFireIndoorTest__mt_no_temp_method__af4b0d32a3d2__20260330.205208
VSD3__lb_mixed_firesmoke__video5.mp4;1784;9018;fire_smoke;/mnt/e/SyncData/paper2_main/datasets/UFireIndoorFull/test/test_firesmoke/VSD3__lb_mixed_firesmoke__video5.mp4;none;/mnt/e/SyncData/paper2_main/zout/reports/baseline_vs_accMotion/1GPU_SV__ds_UFireIndoorTest__mt_temp_method_motion_block__e1ccb7b889a0__20260401.144240;none;/mnt/e/SyncData/paper2_main/zout/reports/baseline_vs_accMotion/MainPC__ds_UFireIndoorTest__mt_no_temp_method__af4b0d32a3d2__20260330.205208
VSD3__lb_mixed_firesmoke__video5.mp4;1785;9018;fire_smoke;/mnt/e/SyncData/paper2_main/datasets/UFireIndoorFull/test/test_firesmoke/VSD3__lb_mixed_firesmoke__video5.mp4;none;/mnt/e/SyncData/paper2_main/zout/reports/baseline_vs_accMotion/1GPU_SV__ds_UFireIndoorTest__mt_temp_method_motion_block__e1ccb7b889a0__20260401.144240;none;/mnt/e/SyncData/paper2_main/zout/reports/baseline_vs_accMotion/MainPC__ds_UFireIndoorTest__mt_no_temp_method__af4b0d32a3d2__20260330.205208
VSD3__lb_mixed_firesmoke__video5.mp4;1786;9018;fire_smoke;/mnt/e/SyncData/paper2_main/datasets/UFireIndoorFull/test/test_firesmoke/VSD3__lb_mixed_firesmoke__video5.mp4;none;/mnt/e/SyncData/paper2_main/zout/reports/baseline_vs_accMotion/1GPU_SV__ds_UFireIndoorTest__mt_temp_method_motion_block__e1ccb7b889a0__20260401.144240;none;/mnt/e/SyncData/paper2_main/zout/reports/baseline_vs_accMotion/MainPC__ds_UFireIndoorTest__mt_no_temp_method__af4b0d32a3d2__20260330.205208
VSD3__lb_mixed_firesmoke__video5.mp4;1789;9018;fire_smoke;/mnt/e/SyncData/paper2_main/datasets/UFireIndoorFull/test/test_firesmoke/VSD3__lb_mixed_firesmoke__video5.mp4;none;/mnt/e/SyncData/paper2_main/zout/reports/baseline_vs_accMotion/1GPU_SV__ds_UFireIndoorTest__mt_temp_method_motion_block__e1ccb7b889a0__20260401.144240;none;/mnt/e/SyncData/paper2_main/zout/reports/baseline_vs_accMotion/MainPC__ds_UFireIndoorTest__mt_no_temp_method__af4b0d32a3d2__20260330.205208
VSD3__lb_mixed_firesmoke__video5.mp4;1790;9018;fire_smoke;/mnt/e/SyncData/paper2_main/datasets/UFireIndoorFull/test/test_firesmoke/VSD3__lb_mixed_firesmoke__video5.mp4;none;/mnt/e/SyncData/paper2_main/zout/reports/baseline_vs_accMotion/1GPU_SV__ds_UFireIndoorTest__mt_temp_method_motion_block__e1ccb7b889a0__20260401.144240;none;/mnt/e/SyncData/paper2_main/zout/reports/baseline_vs_accMotion/MainPC__ds_UFireIndoorTest__mt_no_temp_method__af4b0d32a3d2__20260330.205208
VSD3__lb_mixed_firesmoke__video5.mp4;1793;9018;fire_smoke;/mnt/e/SyncData/paper2_main/datasets/UFireIndoorFull/test/test_firesmoke/VSD3__lb_mixed_firesmoke__video5.mp4;none;/mnt/e/SyncData/paper2_main/zout/reports/baseline_vs_accMotion/1GPU_SV__ds_UFireIndoorTest__mt_temp_method_motion_block__e1ccb7b889a0__20260401.144240;none;/mnt/e/SyncData/paper2_main/zout/reports/baseline_vs_accMotion/MainPC__ds_UFireIndoorTest__mt_no_temp_method__af4b0d32a3d2__20260330.205208
VSD3__lb_mixed_firesmoke__video5.mp4;1794;9018;fire_smoke;/mnt/e/SyncData/paper2_main/datasets/UFireIndoorFull/test/test_firesmoke/VSD3__lb_mixed_firesmoke__video5.mp4;none;/mnt/e/SyncData/paper2_main/zout/reports/baseline_vs_accMotion/1GPU_SV__ds_UFireIndoorTest__mt_temp_method_motion_block__e1ccb7b889a0__20260401.144240;none;/mnt/e/SyncData/paper2_main/zout/reports/baseline_vs_accMotion/MainPC__ds_UFireIndoorTest__mt_no_temp_method__af4b0d32a3d2__20260330.205208
VSD3__lb_mixed_firesmoke__video5.mp4;1795;9018;fire_smoke;/mnt/e/SyncData/paper2_main/datasets/UFireIndoorFull/test/test_firesmoke/VSD3__lb_mixed_firesmoke__video5.mp4;none;/mnt/e/SyncData/paper2_main/zout/reports/baseline_vs_accMotion/1GPU_SV__ds_UFireIndoorTest__mt_temp_method_motion_block__e1ccb7b889a0__20260401.144240;none;/mnt/e/SyncData/paper2_main/zout/reports/baseline_vs_accMotion/MainPC__ds_UFireIndoorTest__mt_no_temp_method__af4b0d32a3d2__20260330.205208
VSD3__lb_mixed_firesmoke__video5.mp4;1796;9018;fire_smoke;/mnt/e/SyncData/paper2_main/datasets/UFireIndoorFull/test/test_firesmoke/VSD3__lb_mixed_firesmoke__video5.mp4;none;/mnt/e/SyncData/paper2_main/zout/reports/baseline_vs_accMotion/1GPU_SV__ds_UFireIndoorTest__mt_temp_method_motion_block__e1ccb7b889a0__20260401.144240;none;/mnt/e/SyncData/paper2_main/zout/reports/baseline_vs_accMotion/MainPC__ds_UFireIndoorTest__mt_no_temp_method__af4b0d32a3d2__20260330.205208
VSD3__lb_mixed_firesmoke__video5.mp4;1797;9018;fire_smoke;/mnt/e/SyncData/paper2_main/datasets/UFireIndoorFull/test/test_firesmoke/VSD3__lb_mixed_firesmoke__video5.mp4;none;/mnt/e/SyncData/paper2_main/zout/reports/baseline_vs_accMotion/1GPU_SV__ds_UFireIndoorTest__mt_temp_method_motion_block__e1ccb7b889a0__20260401.144240;none;/mnt/e/SyncData/paper2_main/zout/reports/baseline_vs_accMotion/MainPC__ds_UFireIndoorTest__mt_no_temp_method__af4b0d32a3d2__20260330.205208
VSD3__lb_mixed_firesmoke__video5.mp4;1798;9018;fire_smoke;/mnt/e/SyncData/paper2_main/datasets/UFireIndoorFull/test/test_firesmoke/VSD3__lb_mixed_firesmoke__video5.mp4;none;/mnt/e/SyncData/paper2_main/zout/reports/baseline_vs_accMotion/1GPU_SV__ds_UFireIndoorTest__mt_temp_method_motion_block__e1ccb7b889a0__20260401.144240;none;/mnt/e/SyncData/paper2_main/zout/reports/baseline_vs_accMotion/MainPC__ds_UFireIndoorTest__mt_no_temp_method__af4b0d32a3d2__20260330.205208
VSD3__lb_mixed_firesmoke__video5.mp4;1799;9018;fire_smoke;/mnt/e/SyncData/paper2_main/datasets/UFireIndoorFull/test/test_firesmoke/VSD3__lb_mixed_firesmoke__video5.mp4;none;/mnt/e/SyncData/paper2_main/zout/reports/baseline_vs_accMotion/1GPU_SV__ds_UFireIndoorTest__mt_temp_method_motion_block__e1ccb7b889a0__20260401.144240;none;/mnt/e/SyncData/paper2_main/zout/reports/baseline_vs_accMotion/MainPC__ds_UFireIndoorTest__mt_no_temp_method__af4b0d32a3d2__20260330.205208
VSD3__lb_mixed_firesmoke__video5.mp4;1800;9018;fire_smoke;/mnt/e/SyncData/paper2_main/datasets/UFireIndoorFull/test/test_firesmoke/VSD3__lb_mixed_firesmoke__video5.mp4;none;/mnt/e/SyncData/paper2_main/zout/reports/baseline_vs_accMotion/1GPU_SV__ds_UFireIndoorTest__mt_temp_method_motion_block__e1ccb7b889a0__20260401.144240;none;/mnt/e/SyncData/paper2_main/zout/reports/baseline_vs_accMotion/MainPC__ds_UFireIndoorTest__mt_no_temp_method__af4b0d32a3d2__20260330.205208
VSD3__lb_mixed_firesmoke__video5.mp4;1801;9018;fire_smoke;/mnt/e/SyncData/paper2_main/datasets/UFireIndoorFull/test/test_firesmoke/VSD3__lb_mixed_firesmoke__video5.mp4;none;/mnt/e/SyncData/paper2_main/zout/reports/baseline_vs_accMotion/1GPU_SV__ds_UFireIndoorTest__mt_temp_method_motion_block__e1ccb7b889a0__20260401.144240;none;/mnt/e/SyncData/paper2_main/zout/reports/baseline_vs_accMotion/MainPC__ds_UFireIndoorTest__mt_no_temp_method__af4b0d32a3d2__20260330.205208
VSD3__lb_mixed_firesmoke__video5.mp4;1802;9018;fire_smoke;/mnt/e/SyncData/paper2_main/datasets/UFireIndoorFull/test/test_firesmoke/VSD3__lb_mixed_firesmoke__video5.mp4;none;/mnt/e/SyncData/paper2_main/zout/reports/baseline_vs_accMotion/1GPU_SV__ds_UFireIndoorTest__mt_temp_method_motion_block__e1ccb7b889a0__20260401.144240;none;/mnt/e/SyncData/paper2_main/zout/reports/baseline_vs_accMotion/MainPC__ds_UFireIndoorTest__mt_no_temp_method__af4b0d32a3d2__20260330.205208
VSD3__lb_mixed_firesmoke__video5.mp4;1803;9018;fire_smoke;/mnt/e/SyncData/paper2_main/datasets/UFireIndoorFull/test/test_firesmoke/VSD3__lb_mixed_firesmoke__video5.mp4;none;/mnt/e/SyncData/paper2_main/zout/reports/baseline_vs_accMotion/1GPU_SV__ds_UFireIndoorTest__mt_temp_method_motion_block__e1ccb7b889a0__20260401.144240;none;/mnt/e/SyncData/paper2_main/zout/reports/baseline_vs_accMotion/MainPC__ds_UFireIndoorTest__mt_no_temp_method__af4b0d32a3d2__20260330.205208
VSD3__lb_mixed_firesmoke__video5.mp4;1804;9018;fire_smoke;/mnt/e/SyncData/paper2_main/datasets/UFireIndoorFull/test/test_firesmoke/VSD3__lb_mixed_firesmoke__video5.mp4;none;/mnt/e/SyncData/paper2_main/zout/reports/baseline_vs_accMotion/1GPU_SV__ds_UFireIndoorTest__mt_temp_method_motion_block__e1ccb7b889a0__20260401.144240;none;/mnt/e/SyncData/paper2_main/zout/reports/baseline_vs_accMotion/MainPC__ds_UFireIndoorTest__mt_no_temp_method__af4b0d32a3d2__20260330.205208
VSD3__lb_mixed_firesmoke__video5.mp4;1805;9018;fire_smoke;/mnt/e/SyncData/paper2_main/datasets/UFireIndoorFull/test/test_firesmoke/VSD3__lb_mixed_firesmoke__video5.mp4;none;/mnt/e/SyncData/paper2_main/zout/reports/baseline_vs_accMotion/1GPU_SV__ds_UFireIndoorTest__mt_temp_method_motion_block__e1ccb7b889a0__20260401.144240;none;/mnt/e/SyncData/paper2_main/zout/reports/baseline_vs_accMotion/MainPC__ds_UFireIndoorTest__mt_no_temp_method__af4b0d32a3d2__20260330.205208
VSD3__lb_mixed_firesmoke__video5.mp4;1806;9018;fire_smoke;/mnt/e/SyncData/paper2_main/datasets/UFireIndoorFull/test/test_firesmoke/VSD3__lb_mixed_firesmoke__video5.mp4;none;/mnt/e/SyncData/paper2_main/zout/reports/baseline_vs_accMotion/1GPU_SV__ds_UFireIndoorTest__mt_temp_method_motion_block__e1ccb7b889a0__20260401.144240;none;/mnt/e/SyncData/paper2_main/zout/reports/baseline_vs_accMotion/MainPC__ds_UFireIndoorTest__mt_no_temp_method__af4b0d32a3d2__20260330.205208
VSD3__lb_mixed_firesmoke__video5.mp4;1807;9018;fire_smoke;/mnt/e/SyncData/paper2_main/datasets/UFireIndoorFull/test/test_firesmoke/VSD3__lb_mixed_firesmoke__video5.mp4;none;/mnt/e/SyncData/paper2_main/zout/reports/baseline_vs_accMotion/1GPU_SV__ds_UFireIndoorTest__mt_temp_method_motion_block__e1ccb7b889a0__20260401.144240;none;/mnt/e/SyncData/paper2_main/zout/reports/baseline_vs_accMotion/MainPC__ds_UFireIndoorTest__mt_no_temp_method__af4b0d32a3d2__20260330.205208
VSD3__lb_mixed_firesmoke__video5.mp4;1808;9018;fire_smoke;/mnt/e/SyncData/paper2_main/datasets/UFireIndoorFull/test/test_firesmoke/VSD3__lb_mixed_firesmoke__video5.mp4;none;/mnt/e/SyncData/paper2_main/zout/reports/baseline_vs_accMotion/1GPU_SV__ds_UFireIndoorTest__mt_temp_method_motion_block__e1ccb7b889a0__20260401.144240;none;/mnt/e/SyncData/paper2_main/zout/reports/baseline_vs_accMotion/MainPC__ds_UFireIndoorTest__mt_no_temp_method__af4b0d32a3d2__20260330.205208
VSD3__lb_mixed_firesmoke__video5.mp4;1809;9018;fire_smoke;/mnt/e/SyncData/paper2_main/datasets/UFireIndoorFull/test/test_firesmoke/VSD3__lb_mixed_firesmoke__video5.mp4;none;/mnt/e/SyncData/paper2_main/zout/reports/baseline_vs_accMotion/1GPU_SV__ds_UFireIndoorTest__mt_temp_method_motion_block__e1ccb7b889a0__20260401.144240;none;/mnt/e/SyncData/paper2_main/zout/reports/baseline_vs_accMotion/MainPC__ds_UFireIndoorTest__mt_no_temp_method__af4b0d32a3d2__20260330.205208
VSD3__lb_mixed_firesmoke__video5.mp4;1810;9018;fire_smoke;/mnt/e/SyncData/paper2_main/datasets/UFireIndoorFull/test/test_firesmoke/VSD3__lb_mixed_firesmoke__video5.mp4;none;/mnt/e/SyncData/paper2_main/zout/reports/baseline_vs_accMotion/1GPU_SV__ds_UFireIndoorTest__mt_temp_method_motion_block__e1ccb7b889a0__20260401.144240;none;/mnt/e/SyncData/paper2_main/zout/reports/baseline_vs_accMotion/MainPC__ds_UFireIndoorTest__mt_no_temp_method__af4b0d32a3d2__20260330.205208
VSD3__lb_mixed_firesmoke__video5.mp4;1811;9018;fire_smoke;/mnt/e/SyncData/paper2_main/datasets/UFireIndoorFull/test/test_firesmoke/VSD3__lb_mixed_firesmoke__video5.mp4;none;/mnt/e/SyncData/paper2_main/zout/reports/baseline_vs_accMotion/1GPU_SV__ds_UFireIndoorTest__mt_temp_method_motion_block__e1ccb7b889a0__20260401.144240;none;/mnt/e/SyncData/paper2_main/zout/reports/baseline_vs_accMotion/MainPC__ds_UFireIndoorTest__mt_no_temp_method__af4b0d32a3d2__20260330.205208
VSD3__lb_mixed_firesmoke__video5.mp4;1812;9018;fire_smoke;/mnt/e/SyncData/paper2_main/datasets/UFireIndoorFull/test/test_firesmoke/VSD3__lb_mixed_firesmoke__video5.mp4;none;/mnt/e/SyncData/paper2_main/zout/reports/baseline_vs_accMotion/1GPU_SV__ds_UFireIndoorTest__mt_temp_method_motion_block__e1ccb7b889a0__20260401.144240;none;/mnt/e/SyncData/paper2_main/zout/reports/baseline_vs_accMotion/MainPC__ds_UFireIndoorTest__mt_no_temp_method__af4b0d32a3d2__20260330.205208
VSD3__lb_mixed_firesmoke__video5.mp4;1813;9018;fire_smoke;/mnt/e/SyncData/paper2_main/datasets/UFireIndoorFull/test/test_firesmoke/VSD3__lb_mixed_firesmoke__video5.mp4;none;/mnt/e/SyncData/paper2_main/zout/reports/baseline_vs_accMotion/1GPU_SV__ds_UFireIndoorTest__mt_temp_method_motion_block__e1ccb7b889a0__20260401.144240;none;/mnt/e/SyncData/paper2_main/zout/reports/baseline_vs_accMotion/MainPC__ds_UFireIndoorTest__mt_no_temp_method__af4b0d32a3d2__20260330.205208
VSD3__lb_mixed_firesmoke__video5.mp4;1814;9018;fire_smoke;/mnt/e/SyncData/paper2_main/datasets/UFireIndoorFull/test/test_firesmoke/VSD3__lb_mixed_firesmoke__video5.mp4;none;/mnt/e/SyncData/paper2_main/zout/reports/baseline_vs_accMotion/1GPU_SV__ds_UFireIndoorTest__mt_temp_method_motion_block__e1ccb7b889a0__20260401.144240;none;/mnt/e/SyncData/paper2_main/zout/reports/baseline_vs_accMotion/MainPC__ds_UFireIndoorTest__mt_no_temp_method__af4b0d32a3d2__20260330.205208
VSD3__lb_mixed_firesmoke__video5.mp4;1815;9018;fire_smoke;/mnt/e/SyncData/paper2_main/datasets/UFireIndoorFull/test/test_firesmoke/VSD3__lb_mixed_firesmoke__video5.mp4;none;/mnt/e/SyncData/paper2_main/zout/reports/baseline_vs_accMotion/1GPU_SV__ds_UFireIndoorTest__mt_temp_method_motion_block__e1ccb7b889a0__20260401.144240;none;/mnt/e/SyncData/paper2_main/zout/reports/baseline_vs_accMotion/MainPC__ds_UFireIndoorTest__mt_no_temp_method__af4b0d32a3d2__20260330.205208
VSD3__lb_mixed_firesmoke__video5.mp4;1816;9018;fire_smoke;/mnt/e/SyncData/paper2_main/datasets/UFireIndoorFull/test/test_firesmoke/VSD3__lb_mixed_firesmoke__video5.mp4;none;/mnt/e/SyncData/paper2_main/zout/reports/baseline_vs_accMotion/1GPU_SV__ds_UFireIndoorTest__mt_temp_method_motion_block__e1ccb7b889a0__20260401.144240;none;/mnt/e/SyncData/paper2_main/zout/reports/baseline_vs_accMotion/MainPC__ds_UFireIndoorTest__mt_no_temp_method__af4b0d32a3d2__20260330.205208
VSD3__lb_mixed_firesmoke__video5.mp4;1817;9018;fire_smoke;/mnt/e/SyncData/paper2_main/datasets/UFireIndoorFull/test/test_firesmoke/VSD3__lb_mixed_firesmoke__video5.mp4;none;/mnt/e/SyncData/paper2_main/zout/reports/baseline_vs_accMotion/1GPU_SV__ds_UFireIndoorTest__mt_temp_method_motion_block__e1ccb7b889a0__20260401.144240;none;/mnt/e/SyncData/paper2_main/zout/reports/baseline_vs_accMotion/MainPC__ds_UFireIndoorTest__mt_no_temp_method__af4b0d32a3d2__20260330.205208
VSD3__lb_mixed_firesmoke__video5.mp4;1818;9018;fire_smoke;/mnt/e/SyncData/paper2_main/datasets/UFireIndoorFull/test/test_firesmoke/VSD3__lb_mixed_firesmoke__video5.mp4;none;/mnt/e/SyncData/paper2_main/zout/reports/baseline_vs_accMotion/1GPU_SV__ds_UFireIndoorTest__mt_temp_method_motion_block__e1ccb7b889a0__20260401.144240;none;/mnt/e/SyncData/paper2_main/zout/reports/baseline_vs_accMotion/MainPC__ds_UFireIndoorTest__mt_no_temp_method__af4b0d32a3d2__20260330.205208
VSD3__lb_mixed_firesmoke__video5.mp4;1819;9018;fire_smoke;/mnt/e/SyncData/paper2_main/datasets/UFireIndoorFull/test/test_firesmoke/VSD3__lb_mixed_firesmoke__video5.mp4;none;/mnt/e/SyncData/paper2_main/zout/reports/baseline_vs_accMotion/1GPU_SV__ds_UFireIndoorTest__mt_temp_method_motion_block__e1ccb7b889a0__20260401.144240;none;/mnt/e/SyncData/paper2_main/zout/reports/baseline_vs_accMotion/MainPC__ds_UFireIndoorTest__mt_no_temp_method__af4b0d32a3d2__20260330.205208
VSD3__lb_mixed_firesmoke__video5.mp4;1820;9018;fire_smoke;/mnt/e/SyncData/paper2_main/datasets/UFireIndoorFull/test/test_firesmoke/VSD3__lb_mixed_firesmoke__video5.mp4;none;/mnt/e/SyncData/paper2_main/zout/reports/baseline_vs_accMotion/1GPU_SV__ds_UFireIndoorTest__mt_temp_method_motion_block__e1ccb7b889a0__20260401.144240;none;/mnt/e/SyncData/paper2_main/zout/reports/baseline_vs_accMotion/MainPC__ds_UFireIndoorTest__mt_no_temp_method__af4b0d32a3d2__20260330.205208
VSD3__lb_mixed_firesmoke__video5.mp4;1821;9018;fire_smoke;/mnt/e/SyncData/paper2_main/datasets/UFireIndoorFull/test/test_firesmoke/VSD3__lb_mixed_firesmoke__video5.mp4;none;/mnt/e/SyncData/paper2_main/zout/reports/baseline_vs_accMotion/1GPU_SV__ds_UFireIndoorTest__mt_temp_method_motion_block__e1ccb7b889a0__20260401.144240;none;/mnt/e/SyncData/paper2_main/zout/reports/baseline_vs_accMotion/MainPC__ds_UFireIndoorTest__mt_no_temp_method__af4b0d32a3d2__20260330.205208
VSD3__lb_mixed_firesmoke__video5.mp4;1822;9018;fire_smoke;/mnt/e/SyncData/paper2_main/datasets/UFireIndoorFull/test/test_firesmoke/VSD3__lb_mixed_firesmoke__video5.mp4;none;/mnt/e/SyncData/paper2_main/zout/reports/baseline_vs_accMotion/1GPU_SV__ds_UFireIndoorTest__mt_temp_method_motion_block__e1ccb7b889a0__20260401.144240;none;/mnt/e/SyncData/paper2_main/zout/reports/baseline_vs_accMotion/MainPC__ds_UFireIndoorTest__mt_no_temp_method__af4b0d32a3d2__20260330.205208
VSD3__lb_mixed_firesmoke__video5.mp4;1823;9018;fire_smoke;/mnt/e/SyncData/paper2_main/datasets/UFireIndoorFull/test/test_firesmoke/VSD3__lb_mixed_firesmoke__video5.mp4;none;/mnt/e/SyncData/paper2_main/zout/reports/baseline_vs_accMotion/1GPU_SV__ds_UFireIndoorTest__mt_temp_method_motion_block__e1ccb7b889a0__20260401.144240;none;/mnt/e/SyncData/paper2_main/zout/reports/baseline_vs_accMotion/MainPC__ds_UFireIndoorTest__mt_no_temp_method__af4b0d32a3d2__20260330.205208
VSD3__lb_mixed_firesmoke__video5.mp4;1824;9018;fire_smoke;/mnt/e/SyncData/paper2_main/datasets/UFireIndoorFull/test/test_firesmoke/VSD3__lb_mixed_firesmoke__video5.mp4;none;/mnt/e/SyncData/paper2_main/zout/reports/baseline_vs_accMotion/1GPU_SV__ds_UFireIndoorTest__mt_temp_method_motion_block__e1ccb7b889a0__20260401.144240;none;/mnt/e/SyncData/paper2_main/zout/reports/baseline_vs_accMotion/MainPC__ds_UFireIndoorTest__mt_no_temp_method__af4b0d32a3d2__20260330.205208
VSD3__lb_mixed_firesmoke__video5.mp4;1825;9018;fire_smoke;/mnt/e/SyncData/paper2_main/datasets/UFireIndoorFull/test/test_firesmoke/VSD3__lb_mixed_firesmoke__video5.mp4;none;/mnt/e/SyncData/paper2_main/zout/reports/baseline_vs_accMotion/1GPU_SV__ds_UFireIndoorTest__mt_temp_method_motion_block__e1ccb7b889a0__20260401.144240;none;/mnt/e/SyncData/paper2_main/zout/reports/baseline_vs_accMotion/MainPC__ds_UFireIndoorTest__mt_no_temp_method__af4b0d32a3d2__20260330.205208
VSD3__lb_mixed_firesmoke__video5.mp4;1826;9018;fire_smoke;/mnt/e/SyncData/paper2_main/datasets/UFireIndoorFull/test/test_firesmoke/VSD3__lb_mixed_firesmoke__video5.mp4;none;/mnt/e/SyncData/paper2_main/zout/reports/baseline_vs_accMotion/1GPU_SV__ds_UFireIndoorTest__mt_temp_method_motion_block__e1ccb7b889a0__20260401.144240;none;/mnt/e/SyncData/paper2_main/zout/reports/baseline_vs_accMotion/MainPC__ds_UFireIndoorTest__mt_no_temp_method__af4b0d32a3d2__20260330.205208
VSD3__lb_mixed_firesmoke__video5.mp4;1827;9018;fire_smoke;/mnt/e/SyncData/paper2_main/datasets/UFireIndoorFull/test/test_firesmoke/VSD3__lb_mixed_firesmoke__video5.mp4;none;/mnt/e/SyncData/paper2_main/zout/reports/baseline_vs_accMotion/1GPU_SV__ds_UFireIndoorTest__mt_temp_method_motion_block__e1ccb7b889a0__20260401.144240;none;/mnt/e/SyncData/paper2_main/zout/reports/baseline_vs_accMotion/MainPC__ds_UFireIndoorTest__mt_no_temp_method__af4b0d32a3d2__20260330.205208
VSD3__lb_mixed_firesmoke__video5.mp4;1828;9018;fire_smoke;/mnt/e/SyncData/paper2_main/datasets/UFireIndoorFull/test/test_firesmoke/VSD3__lb_mixed_firesmoke__video5.mp4;none;/mnt/e/SyncData/paper2_main/zout/reports/baseline_vs_accMotion/1GPU_SV__ds_UFireIndoorTest__mt_temp_method_motion_block__e1ccb7b889a0__20260401.144240;none;/mnt/e/SyncData/paper2_main/zout/reports/baseline_vs_accMotion/MainPC__ds_UFireIndoorTest__mt_no_temp_method__af4b0d32a3d2__20260330.205208
VSD3__lb_mixed_firesmoke__video5.mp4;1829;9018;fire_smoke;/mnt/e/SyncData/paper2_main/datasets/UFireIndoorFull/test/test_firesmoke/VSD3__lb_mixed_firesmoke__video5.mp4;none;/mnt/e/SyncData/paper2_main/zout/reports/baseline_vs_accMotion/1GPU_SV__ds_UFireIndoorTest__mt_temp_method_motion_block__e1ccb7b889a0__20260401.144240;none;/mnt/e/SyncData/paper2_main/zout/reports/baseline_vs_accMotion/MainPC__ds_UFireIndoorTest__mt_no_temp_method__af4b0d32a3d2__20260330.205208
VSD3__lb_mixed_firesmoke__video5.mp4;1830;9018;fire_smoke;/mnt/e/SyncData/paper2_main/datasets/UFireIndoorFull/test/test_firesmoke/VSD3__lb_mixed_firesmoke__video5.mp4;none;/mnt/e/SyncData/paper2_main/zout/reports/baseline_vs_accMotion/1GPU_SV__ds_UFireIndoorTest__mt_temp_method_motion_block__e1ccb7b889a0__20260401.144240;none;/mnt/e/SyncData/paper2_main/zout/reports/baseline_vs_accMotion/MainPC__ds_UFireIndoorTest__mt_no_temp_method__af4b0d32a3d2__20260330.205208
VSD3__lb_mixed_firesmoke__video5.mp4;1831;9018;fire_smoke;/mnt/e/SyncData/paper2_main/datasets/UFireIndoorFull/test/test_firesmoke/VSD3__lb_mixed_firesmoke__video5.mp4;none;/mnt/e/SyncData/paper2_main/zout/reports/baseline_vs_accMotion/1GPU_SV__ds_UFireIndoorTest__mt_temp_method_motion_block__e1ccb7b889a0__20260401.144240;none;/mnt/e/SyncData/paper2_main/zout/reports/baseline_vs_accMotion/MainPC__ds_UFireIndoorTest__mt_no_temp_method__af4b0d32a3d2__20260330.205208
VSD3__lb_mixed_firesmoke__video5.mp4;1832;9018;fire_smoke;/mnt/e/SyncData/paper2_main/datasets/UFireIndoorFull/test/test_firesmoke/VSD3__lb_mixed_firesmoke__video5.mp4;none;/mnt/e/SyncData/paper2_main/zout/reports/baseline_vs_accMotion/1GPU_SV__ds_UFireIndoorTest__mt_temp_method_motion_block__e1ccb7b889a0__20260401.144240;none;/mnt/e/SyncData/paper2_main/zout/reports/baseline_vs_accMotion/MainPC__ds_UFireIndoorTest__mt_no_temp_method__af4b0d32a3d2__20260330.205208
VSD3__lb_mixed_firesmoke__video5.mp4;1833;9018;fire_smoke;/mnt/e/SyncData/paper2_main/datasets/UFireIndoorFull/test/test_firesmoke/VSD3__lb_mixed_firesmoke__video5.mp4;none;/mnt/e/SyncData/paper2_main/zout/reports/baseline_vs_accMotion/1GPU_SV__ds_UFireIndoorTest__mt_temp_method_motion_block__e1ccb7b889a0__20260401.144240;none;/mnt/e/SyncData/paper2_main/zout/reports/baseline_vs_accMotion/MainPC__ds_UFireIndoorTest__mt_no_temp_method__af4b0d32a3d2__20260330.205208
VSD3__lb_mixed_firesmoke__video5.mp4;1834;9018;fire_smoke;/mnt/e/SyncData/paper2_main/datasets/UFireIndoorFull/test/test_firesmoke/VSD3__lb_mixed_firesmoke__video5.mp4;none;/mnt/e/SyncData/paper2_main/zout/reports/baseline_vs_accMotion/1GPU_SV__ds_UFireIndoorTest__mt_temp_method_motion_block__e1ccb7b889a0__20260401.144240;none;/mnt/e/SyncData/paper2_main/zout/reports/baseline_vs_accMotion/MainPC__ds_UFireIndoorTest__mt_no_temp_method__af4b0d32a3d2__20260330.205208
VSD3__lb_mixed_firesmoke__video5.mp4;1835;9018;fire_smoke;/mnt/e/SyncData/paper2_main/datasets/UFireIndoorFull/test/test_firesmoke/VSD3__lb_mixed_firesmoke__video5.mp4;none;/mnt/e/SyncData/paper2_main/zout/reports/baseline_vs_accMotion/1GPU_SV__ds_UFireIndoorTest__mt_temp_method_motion_block__e1ccb7b889a0__20260401.144240;none;/mnt/e/SyncData/paper2_main/zout/reports/baseline_vs_accMotion/MainPC__ds_UFireIndoorTest__mt_no_temp_method__af4b0d32a3d2__20260330.205208
VSD3__lb_mixed_firesmoke__video5.mp4;1836;9018;fire_smoke;/mnt/e/SyncData/paper2_main/datasets/UFireIndoorFull/test/test_firesmoke/VSD3__lb_mixed_firesmoke__video5.mp4;none;/mnt/e/SyncData/paper2_main/zout/reports/baseline_vs_accMotion/1GPU_SV__ds_UFireIndoorTest__mt_temp_method_motion_block__e1ccb7b889a0__20260401.144240;none;/mnt/e/SyncData/paper2_main/zout/reports/baseline_vs_accMotion/MainPC__ds_UFireIndoorTest__mt_no_temp_method__af4b0d32a3d2__20260330.205208
VSD3__lb_mixed_firesmoke__video5.mp4;1837;9018;fire_smoke;/mnt/e/SyncData/paper2_main/datasets/UFireIndoorFull/test/test_firesmoke/VSD3__lb_mixed_firesmoke__video5.mp4;none;/mnt/e/SyncData/paper2_main/zout/reports/baseline_vs_accMotion/1GPU_SV__ds_UFireIndoorTest__mt_temp_method_motion_block__e1ccb7b889a0__20260401.144240;none;/mnt/e/SyncData/paper2_main/zout/reports/baseline_vs_accMotion/MainPC__ds_UFireIndoorTest__mt_no_temp_method__af4b0d32a3d2__20260330.205208
VSD3__lb_mixed_firesmoke__video5.mp4;1838;9018;fire_smoke;/mnt/e/SyncData/paper2_main/datasets/UFireIndoorFull/test/test_firesmoke/VSD3__lb_mixed_firesmoke__video5.mp4;none;/mnt/e/SyncData/paper2_main/zout/reports/baseline_vs_accMotion/1GPU_SV__ds_UFireIndoorTest__mt_temp_method_motion_block__e1ccb7b889a0__20260401.144240;none;/mnt/e/SyncData/paper2_main/zout/reports/baseline_vs_accMotion/MainPC__ds_UFireIndoorTest__mt_no_temp_method__af4b0d32a3d2__20260330.205208
VSD3__lb_mixed_firesmoke__video5.mp4;1839;9018;fire_smoke;/mnt/e/SyncData/paper2_main/datasets/UFireIndoorFull/test/test_firesmoke/VSD3__lb_mixed_firesmoke__video5.mp4;none;/mnt/e/SyncData/paper2_main/zout/reports/baseline_vs_accMotion/1GPU_SV__ds_UFireIndoorTest__mt_temp_method_motion_block__e1ccb7b889a0__20260401.144240;none;/mnt/e/SyncData/paper2_main/zout/reports/baseline_vs_accMotion/MainPC__ds_UFireIndoorTest__mt_no_temp_method__af4b0d32a3d2__20260330.205208
VSD3__lb_mixed_firesmoke__video5.mp4;1840;9018;fire_smoke;/mnt/e/SyncData/paper2_main/datasets/UFireIndoorFull/test/test_firesmoke/VSD3__lb_mixed_firesmoke__video5.mp4;none;/mnt/e/SyncData/paper2_main/zout/reports/baseline_vs_accMotion/1GPU_SV__ds_UFireIndoorTest__mt_temp_method_motion_block__e1ccb7b889a0__20260401.144240;none;/mnt/e/SyncData/paper2_main/zout/reports/baseline_vs_accMotion/MainPC__ds_UFireIndoorTest__mt_no_temp_method__af4b0d32a3d2__20260330.205208
VSD3__lb_mixed_firesmoke__video5.mp4;1841;9018;fire_smoke;/mnt/e/SyncData/paper2_main/datasets/UFireIndoorFull/test/test_firesmoke/VSD3__lb_mixed_firesmoke__video5.mp4;none;/mnt/e/SyncData/paper2_main/zout/reports/baseline_vs_accMotion/1GPU_SV__ds_UFireIndoorTest__mt_temp_method_motion_block__e1ccb7b889a0__20260401.144240;none;/mnt/e/SyncData/paper2_main/zout/reports/baseline_vs_accMotion/MainPC__ds_UFireIndoorTest__mt_no_temp_method__af4b0d32a3d2__20260330.205208
VSD3__lb_mixed_firesmoke__video5.mp4;1842;9018;fire_smoke;/mnt/e/SyncData/paper2_main/datasets/UFireIndoorFull/test/test_firesmoke/VSD3__lb_mixed_firesmoke__video5.mp4;none;/mnt/e/SyncData/paper2_main/zout/reports/baseline_vs_accMotion/1GPU_SV__ds_UFireIndoorTest__mt_temp_method_motion_block__e1ccb7b889a0__20260401.144240;none;/mnt/e/SyncData/paper2_main/zout/reports/baseline_vs_accMotion/MainPC__ds_UFireIndoorTest__mt_no_temp_method__af4b0d32a3d2__20260330.205208
VSD3__lb_mixed_firesmoke__video5.mp4;1843;9018;fire_smoke;/mnt/e/SyncData/paper2_main/datasets/UFireIndoorFull/test/test_firesmoke/VSD3__lb_mixed_firesmoke__video5.mp4;none;/mnt/e/SyncData/paper2_main/zout/reports/baseline_vs_accMotion/1GPU_SV__ds_UFireIndoorTest__mt_temp_method_motion_block__e1ccb7b889a0__20260401.144240;none;/mnt/e/SyncData/paper2_main/zout/reports/baseline_vs_accMotion/MainPC__ds_UFireIndoorTest__mt_no_temp_method__af4b0d32a3d2__20260330.205208
VSD3__lb_mixed_firesmoke__video5.mp4;1844;9018;fire_smoke;/mnt/e/SyncData/paper2_main/datasets/UFireIndoorFull/test/test_firesmoke/VSD3__lb_mixed_firesmoke__video5.mp4;none;/mnt/e/SyncData/paper2_main/zout/reports/baseline_vs_accMotion/1GPU_SV__ds_UFireIndoorTest__mt_temp_method_motion_block__e1ccb7b889a0__20260401.144240;none;/mnt/e/SyncData/paper2_main/zout/reports/baseline_vs_accMotion/MainPC__ds_UFireIndoorTest__mt_no_temp_method__af4b0d32a3d2__20260330.205208
VSD3__lb_mixed_firesmoke__video5.mp4;1845;9018;fire_smoke;/mnt/e/SyncData/paper2_main/datasets/UFireIndoorFull/test/test_firesmoke/VSD3__lb_mixed_firesmoke__video5.mp4;none;/mnt/e/SyncData/paper2_main/zout/reports/baseline_vs_accMotion/1GPU_SV__ds_UFireIndoorTest__mt_temp_method_motion_block__e1ccb7b889a0__20260401.144240;none;/mnt/e/SyncData/paper2_main/zout/reports/baseline_vs_accMotion/MainPC__ds_UFireIndoorTest__mt_no_temp_method__af4b0d32a3d2__20260330.205208
VSD3__lb_mixed_firesmoke__video5.mp4;1846;9018;fire_smoke;/mnt/e/SyncData/paper2_main/datasets/UFireIndoorFull/test/test_firesmoke/VSD3__lb_mixed_firesmoke__video5.mp4;none;/mnt/e/SyncData/paper2_main/zout/reports/baseline_vs_accMotion/1GPU_SV__ds_UFireIndoorTest__mt_temp_method_motion_block__e1ccb7b889a0__20260401.144240;none;/mnt/e/SyncData/paper2_main/zout/reports/baseline_vs_accMotion/MainPC__ds_UFireIndoorTest__mt_no_temp_method__af4b0d32a3d2__20260330.205208
VSD3__lb_mixed_firesmoke__video5.mp4;1847;9018;fire_smoke;/mnt/e/SyncData/paper2_main/datasets/UFireIndoorFull/test/test_firesmoke/VSD3__lb_mixed_firesmoke__video5.mp4;none;/mnt/e/SyncData/paper2_main/zout/reports/baseline_vs_accMotion/1GPU_SV__ds_UFireIndoorTest__mt_temp_method_motion_block__e1ccb7b889a0__20260401.144240;none;/mnt/e/SyncData/paper2_main/zout/reports/baseline_vs_accMotion/MainPC__ds_UFireIndoorTest__mt_no_temp_method__af4b0d32a3d2__20260330.205208
VSD3__lb_mixed_firesmoke__video5.mp4;1848;9018;fire_smoke;/mnt/e/SyncData/paper2_main/datasets/UFireIndoorFull/test/test_firesmoke/VSD3__lb_mixed_firesmoke__video5.mp4;none;/mnt/e/SyncData/paper2_main/zout/reports/baseline_vs_accMotion/1GPU_SV__ds_UFireIndoorTest__mt_temp_method_motion_block__e1ccb7b889a0__20260401.144240;none;/mnt/e/SyncData/paper2_main/zout/reports/baseline_vs_accMotion/MainPC__ds_UFireIndoorTest__mt_no_temp_method__af4b0d32a3d2__20260330.205208
VSD3__lb_mixed_firesmoke__video5.mp4;1849;9018;fire_smoke;/mnt/e/SyncData/paper2_main/datasets/UFireIndoorFull/test/test_firesmoke/VSD3__lb_mixed_firesmoke__video5.mp4;none;/mnt/e/SyncData/paper2_main/zout/reports/baseline_vs_accMotion/1GPU_SV__ds_UFireIndoorTest__mt_temp_method_motion_block__e1ccb7b889a0__20260401.144240;none;/mnt/e/SyncData/paper2_main/zout/reports/baseline_vs_accMotion/MainPC__ds_UFireIndoorTest__mt_no_temp_method__af4b0d32a3d2__20260330.205208
VSD3__lb_mixed_firesmoke__video5.mp4;1850;9018;fire_smoke;/mnt/e/SyncData/paper2_main/datasets/UFireIndoorFull/test/test_firesmoke/VSD3__lb_mixed_firesmoke__video5.mp4;none;/mnt/e/SyncData/paper2_main/zout/reports/baseline_vs_accMotion/1GPU_SV__ds_UFireIndoorTest__mt_temp_method_motion_block__e1ccb7b889a0__20260401.144240;none;/mnt/e/SyncData/paper2_main/zout/reports/baseline_vs_accMotion/MainPC__ds_UFireIndoorTest__mt_no_temp_method__af4b0d32a3d2__20260330.205208
VSD3__lb_mixed_firesmoke__video5.mp4;1853;9018;fire_smoke;/mnt/e/SyncData/paper2_main/datasets/UFireIndoorFull/test/test_firesmoke/VSD3__lb_mixed_firesmoke__video5.mp4;none;/mnt/e/SyncData/paper2_main/zout/reports/baseline_vs_accMotion/1GPU_SV__ds_UFireIndoorTest__mt_temp_method_motion_block__e1ccb7b889a0__20260401.144240;none;/mnt/e/SyncData/paper2_main/zout/reports/baseline_vs_accMotion/MainPC__ds_UFireIndoorTest__mt_no_temp_method__af4b0d32a3d2__20260330.205208
VSD3__lb_mixed_firesmoke__video5.mp4;1854;9018;fire_smoke;/mnt/e/SyncData/paper2_main/datasets/UFireIndoorFull/test/test_firesmoke/VSD3__lb_mixed_firesmoke__video5.mp4;none;/mnt/e/SyncData/paper2_main/zout/reports/baseline_vs_accMotion/1GPU_SV__ds_UFireIndoorTest__mt_temp_method_motion_block__e1ccb7b889a0__20260401.144240;none;/mnt/e/SyncData/paper2_main/zout/reports/baseline_vs_accMotion/MainPC__ds_UFireIndoorTest__mt_no_temp_method__af4b0d32a3d2__20260330.205208
VSD3__lb_mixed_firesmoke__video5.mp4;1855;9018;fire_smoke;/mnt/e/SyncData/paper2_main/datasets/UFireIndoorFull/test/test_firesmoke/VSD3__lb_mixed_firesmoke__video5.mp4;none;/mnt/e/SyncData/paper2_main/zout/reports/baseline_vs_accMotion/1GPU_SV__ds_UFireIndoorTest__mt_temp_method_motion_block__e1ccb7b889a0__20260401.144240;none;/mnt/e/SyncData/paper2_main/zout/reports/baseline_vs_accMotion/MainPC__ds_UFireIndoorTest__mt_no_temp_method__af4b0d32a3d2__20260330.205208
VSD3__lb_mixed_firesmoke__video5.mp4;1856;9018;fire_smoke;/mnt/e/SyncData/paper2_main/datasets/UFireIndoorFull/test/test_firesmoke/VSD3__lb_mixed_firesmoke__video5.mp4;none;/mnt/e/SyncData/paper2_main/zout/reports/baseline_vs_accMotion/1GPU_SV__ds_UFireIndoorTest__mt_temp_method_motion_block__e1ccb7b889a0__20260401.144240;none;/mnt/e/SyncData/paper2_main/zout/reports/baseline_vs_accMotion/MainPC__ds_UFireIndoorTest__mt_no_temp_method__af4b0d32a3d2__20260330.205208
VSD3__lb_mixed_firesmoke__video5.mp4;1857;9018;fire_smoke;/mnt/e/SyncData/paper2_main/datasets/UFireIndoorFull/test/test_firesmoke/VSD3__lb_mixed_firesmoke__video5.mp4;none;/mnt/e/SyncData/paper2_main/zout/reports/baseline_vs_accMotion/1GPU_SV__ds_UFireIndoorTest__mt_temp_method_motion_block__e1ccb7b889a0__20260401.144240;none;/mnt/e/SyncData/paper2_main/zout/reports/baseline_vs_accMotion/MainPC__ds_UFireIndoorTest__mt_no_temp_method__af4b0d32a3d2__20260330.205208
VSD3__lb_mixed_firesmoke__video5.mp4;1858;9018;fire_smoke;/mnt/e/SyncData/paper2_main/datasets/UFireIndoorFull/test/test_firesmoke/VSD3__lb_mixed_firesmoke__video5.mp4;none;/mnt/e/SyncData/paper2_main/zout/reports/baseline_vs_accMotion/1GPU_SV__ds_UFireIndoorTest__mt_temp_method_motion_block__e1ccb7b889a0__20260401.144240;none;/mnt/e/SyncData/paper2_main/zout/reports/baseline_vs_accMotion/MainPC__ds_UFireIndoorTest__mt_no_temp_method__af4b0d32a3d2__20260330.205208
VSD3__lb_mixed_firesmoke__video5.mp4;1859;9018;fire_smoke;/mnt/e/SyncData/paper2_main/datasets/UFireIndoorFull/test/test_firesmoke/VSD3__lb_mixed_firesmoke__video5.mp4;none;/mnt/e/SyncData/paper2_main/zout/reports/baseline_vs_accMotion/1GPU_SV__ds_UFireIndoorTest__mt_temp_method_motion_block__e1ccb7b889a0__20260401.144240;none;/mnt/e/SyncData/paper2_main/zout/reports/baseline_vs_accMotion/MainPC__ds_UFireIndoorTest__mt_no_temp_method__af4b0d32a3d2__20260330.205208
VSD3__lb_mixed_firesmoke__video5.mp4;1860;9018;fire_smoke;/mnt/e/SyncData/paper2_main/datasets/UFireIndoorFull/test/test_firesmoke/VSD3__lb_mixed_firesmoke__video5.mp4;none;/mnt/e/SyncData/paper2_main/zout/reports/baseline_vs_accMotion/1GPU_SV__ds_UFireIndoorTest__mt_temp_method_motion_block__e1ccb7b889a0__20260401.144240;none;/mnt/e/SyncData/paper2_main/zout/reports/baseline_vs_accMotion/MainPC__ds_UFireIndoorTest__mt_no_temp_method__af4b0d32a3d2__20260330.205208
VSD3__lb_mixed_firesmoke__video5.mp4;1861;9018;fire_smoke;/mnt/e/SyncData/paper2_main/datasets/UFireIndoorFull/test/test_firesmoke/VSD3__lb_mixed_firesmoke__video5.mp4;none;/mnt/e/SyncData/paper2_main/zout/reports/baseline_vs_accMotion/1GPU_SV__ds_UFireIndoorTest__mt_temp_method_motion_block__e1ccb7b889a0__20260401.144240;none;/mnt/e/SyncData/paper2_main/zout/reports/baseline_vs_accMotion/MainPC__ds_UFireIndoorTest__mt_no_temp_method__af4b0d32a3d2__20260330.205208
VSD3__lb_mixed_firesmoke__video5.mp4;1862;9018;fire_smoke;/mnt/e/SyncData/paper2_main/datasets/UFireIndoorFull/test/test_firesmoke/VSD3__lb_mixed_firesmoke__video5.mp4;none;/mnt/e/SyncData/paper2_main/zout/reports/baseline_vs_accMotion/1GPU_SV__ds_UFireIndoorTest__mt_temp_method_motion_block__e1ccb7b889a0__20260401.144240;none;/mnt/e/SyncData/paper2_main/zout/reports/baseline_vs_accMotion/MainPC__ds_UFireIndoorTest__mt_no_temp_method__af4b0d32a3d2__20260330.205208
VSD3__lb_mixed_firesmoke__video5.mp4;1863;9018;fire_smoke;/mnt/e/SyncData/paper2_main/datasets/UFireIndoorFull/test/test_firesmoke/VSD3__lb_mixed_firesmoke__video5.mp4;none;/mnt/e/SyncData/paper2_main/zout/reports/baseline_vs_accMotion/1GPU_SV__ds_UFireIndoorTest__mt_temp_method_motion_block__e1ccb7b889a0__20260401.144240;none;/mnt/e/SyncData/paper2_main/zout/reports/baseline_vs_accMotion/MainPC__ds_UFireIndoorTest__mt_no_temp_method__af4b0d32a3d2__20260330.205208
VSD3__lb_mixed_firesmoke__video5.mp4;1864;9018;fire_smoke;/mnt/e/SyncData/paper2_main/datasets/UFireIndoorFull/test/test_firesmoke/VSD3__lb_mixed_firesmoke__video5.mp4;none;/mnt/e/SyncData/paper2_main/zout/reports/baseline_vs_accMotion/1GPU_SV__ds_UFireIndoorTest__mt_temp_method_motion_block__e1ccb7b889a0__20260401.144240;none;/mnt/e/SyncData/paper2_main/zout/reports/baseline_vs_accMotion/MainPC__ds_UFireIndoorTest__mt_no_temp_method__af4b0d32a3d2__20260330.205208
VSD3__lb_mixed_firesmoke__video5.mp4;1865;9018;fire_smoke;/mnt/e/SyncData/paper2_main/datasets/UFireIndoorFull/test/test_firesmoke/VSD3__lb_mixed_firesmoke__video5.mp4;none;/mnt/e/SyncData/paper2_main/zout/reports/baseline_vs_accMotion/1GPU_SV__ds_UFireIndoorTest__mt_temp_method_motion_block__e1ccb7b889a0__20260401.144240;none;/mnt/e/SyncData/paper2_main/zout/reports/baseline_vs_accMotion/MainPC__ds_UFireIndoorTest__mt_no_temp_method__af4b0d32a3d2__20260330.205208
VSD3__lb_mixed_firesmoke__video5.mp4;1866;9018;fire_smoke;/mnt/e/SyncData/paper2_main/datasets/UFireIndoorFull/test/test_firesmoke/VSD3__lb_mixed_firesmoke__video5.mp4;none;/mnt/e/SyncData/paper2_main/zout/reports/baseline_vs_accMotion/1GPU_SV__ds_UFireIndoorTest__mt_temp_method_motion_block__e1ccb7b889a0__20260401.144240;none;/mnt/e/SyncData/paper2_main/zout/reports/baseline_vs_accMotion/MainPC__ds_UFireIndoorTest__mt_no_temp_method__af4b0d32a3d2__20260330.205208
VSD3__lb_mixed_firesmoke__video5.mp4;1867;9018;fire_smoke;/mnt/e/SyncData/paper2_main/datasets/UFireIndoorFull/test/test_firesmoke/VSD3__lb_mixed_firesmoke__video5.mp4;none;/mnt/e/SyncData/paper2_main/zout/reports/baseline_vs_accMotion/1GPU_SV__ds_UFireIndoorTest__mt_temp_method_motion_block__e1ccb7b889a0__20260401.144240;none;/mnt/e/SyncData/paper2_main/zout/reports/baseline_vs_accMotion/MainPC__ds_UFireIndoorTest__mt_no_temp_method__af4b0d32a3d2__20260330.205208
VSD3__lb_mixed_firesmoke__video5.mp4;1868;9018;fire_smoke;/mnt/e/SyncData/paper2_main/datasets/UFireIndoorFull/test/test_firesmoke/VSD3__lb_mixed_firesmoke__video5.mp4;none;/mnt/e/SyncData/paper2_main/zout/reports/baseline_vs_accMotion/1GPU_SV__ds_UFireIndoorTest__mt_temp_method_motion_block__e1ccb7b889a0__20260401.144240;none;/mnt/e/SyncData/paper2_main/zout/reports/baseline_vs_accMotion/MainPC__ds_UFireIndoorTest__mt_no_temp_method__af4b0d32a3d2__20260330.205208
VSD3__lb_mixed_firesmoke__video5.mp4;1869;9018;fire_smoke;/mnt/e/SyncData/paper2_main/datasets/UFireIndoorFull/test/test_firesmoke/VSD3__lb_mixed_firesmoke__video5.mp4;none;/mnt/e/SyncData/paper2_main/zout/reports/baseline_vs_accMotion/1GPU_SV__ds_UFireIndoorTest__mt_temp_method_motion_block__e1ccb7b889a0__20260401.144240;none;/mnt/e/SyncData/paper2_main/zout/reports/baseline_vs_accMotion/MainPC__ds_UFireIndoorTest__mt_no_temp_method__af4b0d32a3d2__20260330.205208
VSD3__lb_mixed_firesmoke__video5.mp4;1870;9018;fire_smoke;/mnt/e/SyncData/paper2_main/datasets/UFireIndoorFull/test/test_firesmoke/VSD3__lb_mixed_firesmoke__video5.mp4;none;/mnt/e/SyncData/paper2_main/zout/reports/baseline_vs_accMotion/1GPU_SV__ds_UFireIndoorTest__mt_temp_method_motion_block__e1ccb7b889a0__20260401.144240;none;/mnt/e/SyncData/paper2_main/zout/reports/baseline_vs_accMotion/MainPC__ds_UFireIndoorTest__mt_no_temp_method__af4b0d32a3d2__20260330.205208
VSD3__lb_mixed_firesmoke__video5.mp4;1871;9018;fire_smoke;/mnt/e/SyncData/paper2_main/datasets/UFireIndoorFull/test/test_firesmoke/VSD3__lb_mixed_firesmoke__video5.mp4;none;/mnt/e/SyncData/paper2_main/zout/reports/baseline_vs_accMotion/1GPU_SV__ds_UFireIndoorTest__mt_temp_method_motion_block__e1ccb7b889a0__20260401.144240;none;/mnt/e/SyncData/paper2_main/zout/reports/baseline_vs_accMotion/MainPC__ds_UFireIndoorTest__mt_no_temp_method__af4b0d32a3d2__20260330.205208
VSD3__lb_mixed_firesmoke__video5.mp4;1872;9018;fire_smoke;/mnt/e/SyncData/paper2_main/datasets/UFireIndoorFull/test/test_firesmoke/VSD3__lb_mixed_firesmoke__video5.mp4;none;/mnt/e/SyncData/paper2_main/zout/reports/baseline_vs_accMotion/1GPU_SV__ds_UFireIndoorTest__mt_temp_method_motion_block__e1ccb7b889a0__20260401.144240;none;/mnt/e/SyncData/paper2_main/zout/reports/baseline_vs_accMotion/MainPC__ds_UFireIndoorTest__mt_no_temp_method__af4b0d32a3d2__20260330.205208
VSD3__lb_mixed_firesmoke__video5.mp4;1873;9018;fire_smoke;/mnt/e/SyncData/paper2_main/datasets/UFireIndoorFull/test/test_firesmoke/VSD3__lb_mixed_firesmoke__video5.mp4;none;/mnt/e/SyncData/paper2_main/zout/reports/baseline_vs_accMotion/1GPU_SV__ds_UFireIndoorTest__mt_temp_method_motion_block__e1ccb7b889a0__20260401.144240;none;/mnt/e/SyncData/paper2_main/zout/reports/baseline_vs_accMotion/MainPC__ds_UFireIndoorTest__mt_no_temp_method__af4b0d32a3d2__20260330.205208
VSD3__lb_mixed_firesmoke__video5.mp4;1874;9018;fire_smoke;/mnt/e/SyncData/paper2_main/datasets/UFireIndoorFull/test/test_firesmoke/VSD3__lb_mixed_firesmoke__video5.mp4;none;/mnt/e/SyncData/paper2_main/zout/reports/baseline_vs_accMotion/1GPU_SV__ds_UFireIndoorTest__mt_temp_method_motion_block__e1ccb7b889a0__20260401.144240;none;/mnt/e/SyncData/paper2_main/zout/reports/baseline_vs_accMotion/MainPC__ds_UFireIndoorTest__mt_no_temp_method__af4b0d32a3d2__20260330.205208
VSD3__lb_mixed_firesmoke__video5.mp4;1875;9018;fire_smoke;/mnt/e/SyncData/paper2_main/datasets/UFireIndoorFull/test/test_firesmoke/VSD3__lb_mixed_firesmoke__video5.mp4;none;/mnt/e/SyncData/paper2_main/zout/reports/baseline_vs_accMotion/1GPU_SV__ds_UFireIndoorTest__mt_temp_method_motion_block__e1ccb7b889a0__20260401.144240;none;/mnt/e/SyncData/paper2_main/zout/reports/baseline_vs_accMotion/MainPC__ds_UFireIndoorTest__mt_no_temp_method__af4b0d32a3d2__20260330.205208
VSD3__lb_mixed_firesmoke__video5.mp4;1876;9018;fire_smoke;/mnt/e/SyncData/paper2_main/datasets/UFireIndoorFull/test/test_firesmoke/VSD3__lb_mixed_firesmoke__video5.mp4;none;/mnt/e/SyncData/paper2_main/zout/reports/baseline_vs_accMotion/1GPU_SV__ds_UFireIndoorTest__mt_temp_method_motion_block__e1ccb7b889a0__20260401.144240;none;/mnt/e/SyncData/paper2_main/zout/reports/baseline_vs_accMotion/MainPC__ds_UFireIndoorTest__mt_no_temp_method__af4b0d32a3d2__20260330.205208
VSD3__lb_mixed_firesmoke__video5.mp4;1877;9018;fire_smoke;/mnt/e/SyncData/paper2_main/datasets/UFireIndoorFull/test/test_firesmoke/VSD3__lb_mixed_firesmoke__video5.mp4;none;/mnt/e/SyncData/paper2_main/zout/reports/baseline_vs_accMotion/1GPU_SV__ds_UFireIndoorTest__mt_temp_method_motion_block__e1ccb7b889a0__20260401.144240;none;/mnt/e/SyncData/paper2_main/zout/reports/baseline_vs_accMotion/MainPC__ds_UFireIndoorTest__mt_no_temp_method__af4b0d32a3d2__20260330.205208
VSD3__lb_mixed_firesmoke__video5.mp4;1878;9018;fire_smoke;/mnt/e/SyncData/paper2_main/datasets/UFireIndoorFull/test/test_firesmoke/VSD3__lb_mixed_firesmoke__video5.mp4;none;/mnt/e/SyncData/paper2_main/zout/reports/baseline_vs_accMotion/1GPU_SV__ds_UFireIndoorTest__mt_temp_method_motion_block__e1ccb7b889a0__20260401.144240;none;/mnt/e/SyncData/paper2_main/zout/reports/baseline_vs_accMotion/MainPC__ds_UFireIndoorTest__mt_no_temp_method__af4b0d32a3d2__20260330.205208
VSD3__lb_mixed_firesmoke__video5.mp4;1879;9018;fire_smoke;/mnt/e/SyncData/paper2_main/datasets/UFireIndoorFull/test/test_firesmoke/VSD3__lb_mixed_firesmoke__video5.mp4;none;/mnt/e/SyncData/paper2_main/zout/reports/baseline_vs_accMotion/1GPU_SV__ds_UFireIndoorTest__mt_temp_method_motion_block__e1ccb7b889a0__20260401.144240;none;/mnt/e/SyncData/paper2_main/zout/reports/baseline_vs_accMotion/MainPC__ds_UFireIndoorTest__mt_no_temp_method__af4b0d32a3d2__20260330.205208
VSD3__lb_mixed_firesmoke__video5.mp4;1880;9018;fire_smoke;/mnt/e/SyncData/paper2_main/datasets/UFireIndoorFull/test/test_firesmoke/VSD3__lb_mixed_firesmoke__video5.mp4;none;/mnt/e/SyncData/paper2_main/zout/reports/baseline_vs_accMotion/1GPU_SV__ds_UFireIndoorTest__mt_temp_method_motion_block__e1ccb7b889a0__20260401.144240;none;/mnt/e/SyncData/paper2_main/zout/reports/baseline_vs_accMotion/MainPC__ds_UFireIndoorTest__mt_no_temp_method__af4b0d32a3d2__20260330.205208
VSD3__lb_mixed_firesmoke__video5.mp4;1881;9018;fire_smoke;/mnt/e/SyncData/paper2_main/datasets/UFireIndoorFull/test/test_firesmoke/VSD3__lb_mixed_firesmoke__video5.mp4;none;/mnt/e/SyncData/paper2_main/zout/reports/baseline_vs_accMotion/1GPU_SV__ds_UFireIndoorTest__mt_temp_method_motion_block__e1ccb7b889a0__20260401.144240;none;/mnt/e/SyncData/paper2_main/zout/reports/baseline_vs_accMotion/MainPC__ds_UFireIndoorTest__mt_no_temp_method__af4b0d32a3d2__20260330.205208
VSD3__lb_mixed_firesmoke__video5.mp4;1882;9018;fire_smoke;/mnt/e/SyncData/paper2_main/datasets/UFireIndoorFull/test/test_firesmoke/VSD3__lb_mixed_firesmoke__video5.mp4;none;/mnt/e/SyncData/paper2_main/zout/reports/baseline_vs_accMotion/1GPU_SV__ds_UFireIndoorTest__mt_temp_method_motion_block__e1ccb7b889a0__20260401.144240;none;/mnt/e/SyncData/paper2_main/zout/reports/baseline_vs_accMotion/MainPC__ds_UFireIndoorTest__mt_no_temp_method__af4b0d32a3d2__20260330.205208
VSD3__lb_mixed_firesmoke__video5.mp4;1883;9018;fire_smoke;/mnt/e/SyncData/paper2_main/datasets/UFireIndoorFull/test/test_firesmoke/VSD3__lb_mixed_firesmoke__video5.mp4;none;/mnt/e/SyncData/paper2_main/zout/reports/baseline_vs_accMotion/1GPU_SV__ds_UFireIndoorTest__mt_temp_method_motion_block__e1ccb7b889a0__20260401.144240;none;/mnt/e/SyncData/paper2_main/zout/reports/baseline_vs_accMotion/MainPC__ds_UFireIndoorTest__mt_no_temp_method__af4b0d32a3d2__20260330.205208
VSD3__lb_mixed_firesmoke__video5.mp4;1884;9018;fire_smoke;/mnt/e/SyncData/paper2_main/datasets/UFireIndoorFull/test/test_firesmoke/VSD3__lb_mixed_firesmoke__video5.mp4;none;/mnt/e/SyncData/paper2_main/zout/reports/baseline_vs_accMotion/1GPU_SV__ds_UFireIndoorTest__mt_temp_method_motion_block__e1ccb7b889a0__20260401.144240;none;/mnt/e/SyncData/paper2_main/zout/reports/baseline_vs_accMotion/MainPC__ds_UFireIndoorTest__mt_no_temp_method__af4b0d32a3d2__20260330.205208
VSD3__lb_mixed_firesmoke__video5.mp4;1885;9018;fire_smoke;/mnt/e/SyncData/paper2_main/datasets/UFireIndoorFull/test/test_firesmoke/VSD3__lb_mixed_firesmoke__video5.mp4;none;/mnt/e/SyncData/paper2_main/zout/reports/baseline_vs_accMotion/1GPU_SV__ds_UFireIndoorTest__mt_temp_method_motion_block__e1ccb7b889a0__20260401.144240;none;/mnt/e/SyncData/paper2_main/zout/reports/baseline_vs_accMotion/MainPC__ds_UFireIndoorTest__mt_no_temp_method__af4b0d32a3d2__20260330.205208
VSD3__lb_mixed_firesmoke__video5.mp4;1886;9018;fire_smoke;/mnt/e/SyncData/paper2_main/datasets/UFireIndoorFull/test/test_firesmoke/VSD3__lb_mixed_firesmoke__video5.mp4;none;/mnt/e/SyncData/paper2_main/zout/reports/baseline_vs_accMotion/1GPU_SV__ds_UFireIndoorTest__mt_temp_method_motion_block__e1ccb7b889a0__20260401.144240;none;/mnt/e/SyncData/paper2_main/zout/reports/baseline_vs_accMotion/MainPC__ds_UFireIndoorTest__mt_no_temp_method__af4b0d32a3d2__20260330.205208
VSD3__lb_mixed_firesmoke__video5.mp4;1889;9018;fire_smoke;/mnt/e/SyncData/paper2_main/datasets/UFireIndoorFull/test/test_firesmoke/VSD3__lb_mixed_firesmoke__video5.mp4;none;/mnt/e/SyncData/paper2_main/zout/reports/baseline_vs_accMotion/1GPU_SV__ds_UFireIndoorTest__mt_temp_method_motion_block__e1ccb7b889a0__20260401.144240;none;/mnt/e/SyncData/paper2_main/zout/reports/baseline_vs_accMotion/MainPC__ds_UFireIndoorTest__mt_no_temp_method__af4b0d32a3d2__20260330.205208
VSD3__lb_mixed_firesmoke__video5.mp4;1890;9018;fire_smoke;/mnt/e/SyncData/paper2_main/datasets/UFireIndoorFull/test/test_firesmoke/VSD3__lb_mixed_firesmoke__video5.mp4;none;/mnt/e/SyncData/paper2_main/zout/reports/baseline_vs_accMotion/1GPU_SV__ds_UFireIndoorTest__mt_temp_method_motion_block__e1ccb7b889a0__20260401.144240;none;/mnt/e/SyncData/paper2_main/zout/reports/baseline_vs_accMotion/MainPC__ds_UFireIndoorTest__mt_no_temp_method__af4b0d32a3d2__20260330.205208
VSD3__lb_mixed_firesmoke__video5.mp4;1891;9018;fire_smoke;/mnt/e/SyncData/paper2_main/datasets/UFireIndoorFull/test/test_firesmoke/VSD3__lb_mixed_firesmoke__video5.mp4;none;/mnt/e/SyncData/paper2_main/zout/reports/baseline_vs_accMotion/1GPU_SV__ds_UFireIndoorTest__mt_temp_method_motion_block__e1ccb7b889a0__20260401.144240;none;/mnt/e/SyncData/paper2_main/zout/reports/baseline_vs_accMotion/MainPC__ds_UFireIndoorTest__mt_no_temp_method__af4b0d32a3d2__20260330.205208
VSD3__lb_mixed_firesmoke__video5.mp4;1892;9018;fire_smoke;/mnt/e/SyncData/paper2_main/datasets/UFireIndoorFull/test/test_firesmoke/VSD3__lb_mixed_firesmoke__video5.mp4;none;/mnt/e/SyncData/paper2_main/zout/reports/baseline_vs_accMotion/1GPU_SV__ds_UFireIndoorTest__mt_temp_method_motion_block__e1ccb7b889a0__20260401.144240;none;/mnt/e/SyncData/paper2_main/zout/reports/baseline_vs_accMotion/MainPC__ds_UFireIndoorTest__mt_no_temp_method__af4b0d32a3d2__20260330.205208
VSD3__lb_mixed_firesmoke__video5.mp4;1893;9018;fire_smoke;/mnt/e/SyncData/paper2_main/datasets/UFireIndoorFull/test/test_firesmoke/VSD3__lb_mixed_firesmoke__video5.mp4;none;/mnt/e/SyncData/paper2_main/zout/reports/baseline_vs_accMotion/1GPU_SV__ds_UFireIndoorTest__mt_temp_method_motion_block__e1ccb7b889a0__20260401.144240;none;/mnt/e/SyncData/paper2_main/zout/reports/baseline_vs_accMotion/MainPC__ds_UFireIndoorTest__mt_no_temp_method__af4b0d32a3d2__20260330.205208
VSD3__lb_mixed_firesmoke__video5.mp4;1894;9018;fire_smoke;/mnt/e/SyncData/paper2_main/datasets/UFireIndoorFull/test/test_firesmoke/VSD3__lb_mixed_firesmoke__video5.mp4;none;/mnt/e/SyncData/paper2_main/zout/reports/baseline_vs_accMotion/1GPU_SV__ds_UFireIndoorTest__mt_temp_method_motion_block__e1ccb7b889a0__20260401.144240;none;/mnt/e/SyncData/paper2_main/zout/reports/baseline_vs_accMotion/MainPC__ds_UFireIndoorTest__mt_no_temp_method__af4b0d32a3d2__20260330.205208
VSD3__lb_mixed_firesmoke__video5.mp4;1895;9018;fire_smoke;/mnt/e/SyncData/paper2_main/datasets/UFireIndoorFull/test/test_firesmoke/VSD3__lb_mixed_firesmoke__video5.mp4;none;/mnt/e/SyncData/paper2_main/zout/reports/baseline_vs_accMotion/1GPU_SV__ds_UFireIndoorTest__mt_temp_method_motion_block__e1ccb7b889a0__20260401.144240;none;/mnt/e/SyncData/paper2_main/zout/reports/baseline_vs_accMotion/MainPC__ds_UFireIndoorTest__mt_no_temp_method__af4b0d32a3d2__20260330.205208
VSD3__lb_mixed_firesmoke__video5.mp4;1896;9018;fire_smoke;/mnt/e/SyncData/paper2_main/datasets/UFireIndoorFull/test/test_firesmoke/VSD3__lb_mixed_firesmoke__video5.mp4;none;/mnt/e/SyncData/paper2_main/zout/reports/baseline_vs_accMotion/1GPU_SV__ds_UFireIndoorTest__mt_temp_method_motion_block__e1ccb7b889a0__20260401.144240;none;/mnt/e/SyncData/paper2_main/zout/reports/baseline_vs_accMotion/MainPC__ds_UFireIndoorTest__mt_no_temp_method__af4b0d32a3d2__20260330.205208
VSD3__lb_mixed_firesmoke__video5.mp4;1897;9018;fire_smoke;/mnt/e/SyncData/paper2_main/datasets/UFireIndoorFull/test/test_firesmoke/VSD3__lb_mixed_firesmoke__video5.mp4;none;/mnt/e/SyncData/paper2_main/zout/reports/baseline_vs_accMotion/1GPU_SV__ds_UFireIndoorTest__mt_temp_method_motion_block__e1ccb7b889a0__20260401.144240;none;/mnt/e/SyncData/paper2_main/zout/reports/baseline_vs_accMotion/MainPC__ds_UFireIndoorTest__mt_no_temp_method__af4b0d32a3d2__20260330.205208
VSD3__lb_mixed_firesmoke__video5.mp4;1898;9018;fire_smoke;/mnt/e/SyncData/paper2_main/datasets/UFireIndoorFull/test/test_firesmoke/VSD3__lb_mixed_firesmoke__video5.mp4;none;/mnt/e/SyncData/paper2_main/zout/reports/baseline_vs_accMotion/1GPU_SV__ds_UFireIndoorTest__mt_temp_method_motion_block__e1ccb7b889a0__20260401.144240;none;/mnt/e/SyncData/paper2_main/zout/reports/baseline_vs_accMotion/MainPC__ds_UFireIndoorTest__mt_no_temp_method__af4b0d32a3d2__20260330.205208
VSD3__lb_mixed_firesmoke__video5.mp4;1899;9018;fire_smoke;/mnt/e/SyncData/paper2_main/datasets/UFireIndoorFull/test/test_firesmoke/VSD3__lb_mixed_firesmoke__video5.mp4;none;/mnt/e/SyncData/paper2_main/zout/reports/baseline_vs_accMotion/1GPU_SV__ds_UFireIndoorTest__mt_temp_method_motion_block__e1ccb7b889a0__20260401.144240;none;/mnt/e/SyncData/paper2_main/zout/reports/baseline_vs_accMotion/MainPC__ds_UFireIndoorTest__mt_no_temp_method__af4b0d32a3d2__20260330.205208
VSD3__lb_mixed_firesmoke__video5.mp4;1900;9018;fire_smoke;/mnt/e/SyncData/paper2_main/datasets/UFireIndoorFull/test/test_firesmoke/VSD3__lb_mixed_firesmoke__video5.mp4;none;/mnt/e/SyncData/paper2_main/zout/reports/baseline_vs_accMotion/1GPU_SV__ds_UFireIndoorTest__mt_temp_method_motion_block__e1ccb7b889a0__20260401.144240;none;/mnt/e/SyncData/paper2_main/zout/reports/baseline_vs_accMotion/MainPC__ds_UFireIndoorTest__mt_no_temp_method__af4b0d32a3d2__20260330.205208
VSD3__lb_mixed_firesmoke__video5.mp4;1901;9018;fire_smoke;/mnt/e/SyncData/paper2_main/datasets/UFireIndoorFull/test/test_firesmoke/VSD3__lb_mixed_firesmoke__video5.mp4;none;/mnt/e/SyncData/paper2_main/zout/reports/baseline_vs_accMotion/1GPU_SV__ds_UFireIndoorTest__mt_temp_method_motion_block__e1ccb7b889a0__20260401.144240;none;/mnt/e/SyncData/paper2_main/zout/reports/baseline_vs_accMotion/MainPC__ds_UFireIndoorTest__mt_no_temp_method__af4b0d32a3d2__20260330.205208
VSD3__lb_mixed_firesmoke__video5.mp4;1902;9018;fire_smoke;/mnt/e/SyncData/paper2_main/datasets/UFireIndoorFull/test/test_firesmoke/VSD3__lb_mixed_firesmoke__video5.mp4;none;/mnt/e/SyncData/paper2_main/zout/reports/baseline_vs_accMotion/1GPU_SV__ds_UFireIndoorTest__mt_temp_method_motion_block__e1ccb7b889a0__20260401.144240;none;/mnt/e/SyncData/paper2_main/zout/reports/baseline_vs_accMotion/MainPC__ds_UFireIndoorTest__mt_no_temp_method__af4b0d32a3d2__20260330.205208
VSD3__lb_mixed_firesmoke__video5.mp4;1903;9018;fire_smoke;/mnt/e/SyncData/paper2_main/datasets/UFireIndoorFull/test/test_firesmoke/VSD3__lb_mixed_firesmoke__video5.mp4;none;/mnt/e/SyncData/paper2_main/zout/reports/baseline_vs_accMotion/1GPU_SV__ds_UFireIndoorTest__mt_temp_method_motion_block__e1ccb7b889a0__20260401.144240;none;/mnt/e/SyncData/paper2_main/zout/reports/baseline_vs_accMotion/MainPC__ds_UFireIndoorTest__mt_no_temp_method__af4b0d32a3d2__20260330.205208
VSD3__lb_mixed_firesmoke__video5.mp4;1904;9018;fire_smoke;/mnt/e/SyncData/paper2_main/datasets/UFireIndoorFull/test/test_firesmoke/VSD3__lb_mixed_firesmoke__video5.mp4;none;/mnt/e/SyncData/paper2_main/zout/reports/baseline_vs_accMotion/1GPU_SV__ds_UFireIndoorTest__mt_temp_method_motion_block__e1ccb7b889a0__20260401.144240;none;/mnt/e/SyncData/paper2_main/zout/reports/baseline_vs_accMotion/MainPC__ds_UFireIndoorTest__mt_no_temp_method__af4b0d32a3d2__20260330.205208
VSD3__lb_mixed_firesmoke__video5.mp4;1905;9018;fire_smoke;/mnt/e/SyncData/paper2_main/datasets/UFireIndoorFull/test/test_firesmoke/VSD3__lb_mixed_firesmoke__video5.mp4;none;/mnt/e/SyncData/paper2_main/zout/reports/baseline_vs_accMotion/1GPU_SV__ds_UFireIndoorTest__mt_temp_method_motion_block__e1ccb7b889a0__20260401.144240;none;/mnt/e/SyncData/paper2_main/zout/reports/baseline_vs_accMotion/MainPC__ds_UFireIndoorTest__mt_no_temp_method__af4b0d32a3d2__20260330.205208
VSD3__lb_mixed_firesmoke__video5.mp4;1906;9018;fire_smoke;/mnt/e/SyncData/paper2_main/datasets/UFireIndoorFull/test/test_firesmoke/VSD3__lb_mixed_firesmoke__video5.mp4;none;/mnt/e/SyncData/paper2_main/zout/reports/baseline_vs_accMotion/1GPU_SV__ds_UFireIndoorTest__mt_temp_method_motion_block__e1ccb7b889a0__20260401.144240;none;/mnt/e/SyncData/paper2_main/zout/reports/baseline_vs_accMotion/MainPC__ds_UFireIndoorTest__mt_no_temp_method__af4b0d32a3d2__20260330.205208
VSD3__lb_mixed_firesmoke__video5.mp4;1907;9018;fire_smoke;/mnt/e/SyncData/paper2_main/datasets/UFireIndoorFull/test/test_firesmoke/VSD3__lb_mixed_firesmoke__video5.mp4;none;/mnt/e/SyncData/paper2_main/zout/reports/baseline_vs_accMotion/1GPU_SV__ds_UFireIndoorTest__mt_temp_method_motion_block__e1ccb7b889a0__20260401.144240;none;/mnt/e/SyncData/paper2_main/zout/reports/baseline_vs_accMotion/MainPC__ds_UFireIndoorTest__mt_no_temp_method__af4b0d32a3d2__20260330.205208
VSD3__lb_mixed_firesmoke__video5.mp4;1908;9018;fire_smoke;/mnt/e/SyncData/paper2_main/datasets/UFireIndoorFull/test/test_firesmoke/VSD3__lb_mixed_firesmoke__video5.mp4;none;/mnt/e/SyncData/paper2_main/zout/reports/baseline_vs_accMotion/1GPU_SV__ds_UFireIndoorTest__mt_temp_method_motion_block__e1ccb7b889a0__20260401.144240;none;/mnt/e/SyncData/paper2_main/zout/reports/baseline_vs_accMotion/MainPC__ds_UFireIndoorTest__mt_no_temp_method__af4b0d32a3d2__20260330.205208
VSD3__lb_mixed_firesmoke__video5.mp4;1909;9018;fire_smoke;/mnt/e/SyncData/paper2_main/datasets/UFireIndoorFull/test/test_firesmoke/VSD3__lb_mixed_firesmoke__video5.mp4;none;/mnt/e/SyncData/paper2_main/zout/reports/baseline_vs_accMotion/1GPU_SV__ds_UFireIndoorTest__mt_temp_method_motion_block__e1ccb7b889a0__20260401.144240;none;/mnt/e/SyncData/paper2_main/zout/reports/baseline_vs_accMotion/MainPC__ds_UFireIndoorTest__mt_no_temp_method__af4b0d32a3d2__20260330.205208
VSD3__lb_mixed_firesmoke__video5.mp4;1910;9018;fire_smoke;/mnt/e/SyncData/paper2_main/datasets/UFireIndoorFull/test/test_firesmoke/VSD3__lb_mixed_firesmoke__video5.mp4;none;/mnt/e/SyncData/paper2_main/zout/reports/baseline_vs_accMotion/1GPU_SV__ds_UFireIndoorTest__mt_temp_method_motion_block__e1ccb7b889a0__20260401.144240;none;/mnt/e/SyncData/paper2_main/zout/reports/baseline_vs_accMotion/MainPC__ds_UFireIndoorTest__mt_no_temp_method__af4b0d32a3d2__20260330.205208
VSD3__lb_mixed_firesmoke__video5.mp4;1911;9018;fire_smoke;/mnt/e/SyncData/paper2_main/datasets/UFireIndoorFull/test/test_firesmoke/VSD3__lb_mixed_firesmoke__video5.mp4;none;/mnt/e/SyncData/paper2_main/zout/reports/baseline_vs_accMotion/1GPU_SV__ds_UFireIndoorTest__mt_temp_method_motion_block__e1ccb7b889a0__20260401.144240;none;/mnt/e/SyncData/paper2_main/zout/reports/baseline_vs_accMotion/MainPC__ds_UFireIndoorTest__mt_no_temp_method__af4b0d32a3d2__20260330.205208
VSD3__lb_mixed_firesmoke__video5.mp4;1912;9018;fire_smoke;/mnt/e/SyncData/paper2_main/datasets/UFireIndoorFull/test/test_firesmoke/VSD3__lb_mixed_firesmoke__video5.mp4;none;/mnt/e/SyncData/paper2_main/zout/reports/baseline_vs_accMotion/1GPU_SV__ds_UFireIndoorTest__mt_temp_method_motion_block__e1ccb7b889a0__20260401.144240;none;/mnt/e/SyncData/paper2_main/zout/reports/baseline_vs_accMotion/MainPC__ds_UFireIndoorTest__mt_no_temp_method__af4b0d32a3d2__20260330.205208
VSD3__lb_mixed_firesmoke__video5.mp4;1913;9018;fire_smoke;/mnt/e/SyncData/paper2_main/datasets/UFireIndoorFull/test/test_firesmoke/VSD3__lb_mixed_firesmoke__video5.mp4;none;/mnt/e/SyncData/paper2_main/zout/reports/baseline_vs_accMotion/1GPU_SV__ds_UFireIndoorTest__mt_temp_method_motion_block__e1ccb7b889a0__20260401.144240;none;/mnt/e/SyncData/paper2_main/zout/reports/baseline_vs_accMotion/MainPC__ds_UFireIndoorTest__mt_no_temp_method__af4b0d32a3d2__20260330.205208
VSD3__lb_mixed_firesmoke__video5.mp4;1914;9018;fire_smoke;/mnt/e/SyncData/paper2_main/datasets/UFireIndoorFull/test/test_firesmoke/VSD3__lb_mixed_firesmoke__video5.mp4;none;/mnt/e/SyncData/paper2_main/zout/reports/baseline_vs_accMotion/1GPU_SV__ds_UFireIndoorTest__mt_temp_method_motion_block__e1ccb7b889a0__20260401.144240;none;/mnt/e/SyncData/paper2_main/zout/reports/baseline_vs_accMotion/MainPC__ds_UFireIndoorTest__mt_no_temp_method__af4b0d32a3d2__20260330.205208
VSD3__lb_mixed_firesmoke__video5.mp4;1915;9018;fire_smoke;/mnt/e/SyncData/paper2_main/datasets/UFireIndoorFull/test/test_firesmoke/VSD3__lb_mixed_firesmoke__video5.mp4;none;/mnt/e/SyncData/paper2_main/zout/reports/baseline_vs_accMotion/1GPU_SV__ds_UFireIndoorTest__mt_temp_method_motion_block__e1ccb7b889a0__20260401.144240;none;/mnt/e/SyncData/paper2_main/zout/reports/baseline_vs_accMotion/MainPC__ds_UFireIndoorTest__mt_no_temp_method__af4b0d32a3d2__20260330.205208
VSD3__lb_mixed_firesmoke__video5.mp4;1916;9018;fire_smoke;/mnt/e/SyncData/paper2_main/datasets/UFireIndoorFull/test/test_firesmoke/VSD3__lb_mixed_firesmoke__video5.mp4;none;/mnt/e/SyncData/paper2_main/zout/reports/baseline_vs_accMotion/1GPU_SV__ds_UFireIndoorTest__mt_temp_method_motion_block__e1ccb7b889a0__20260401.144240;none;/mnt/e/SyncData/paper2_main/zout/reports/baseline_vs_accMotion/MainPC__ds_UFireIndoorTest__mt_no_temp_method__af4b0d32a3d2__20260330.205208
VSD3__lb_mixed_firesmoke__video5.mp4;1917;9018;fire_smoke;/mnt/e/SyncData/paper2_main/datasets/UFireIndoorFull/test/test_firesmoke/VSD3__lb_mixed_firesmoke__video5.mp4;none;/mnt/e/SyncData/paper2_main/zout/reports/baseline_vs_accMotion/1GPU_SV__ds_UFireIndoorTest__mt_temp_method_motion_block__e1ccb7b889a0__20260401.144240;none;/mnt/e/SyncData/paper2_main/zout/reports/baseline_vs_accMotion/MainPC__ds_UFireIndoorTest__mt_no_temp_method__af4b0d32a3d2__20260330.205208
VSD3__lb_mixed_firesmoke__video5.mp4;1918;9018;fire_smoke;/mnt/e/SyncData/paper2_main/datasets/UFireIndoorFull/test/test_firesmoke/VSD3__lb_mixed_firesmoke__video5.mp4;none;/mnt/e/SyncData/paper2_main/zout/reports/baseline_vs_accMotion/1GPU_SV__ds_UFireIndoorTest__mt_temp_method_motion_block__e1ccb7b889a0__20260401.144240;none;/mnt/e/SyncData/paper2_main/zout/reports/baseline_vs_accMotion/MainPC__ds_UFireIndoorTest__mt_no_temp_method__af4b0d32a3d2__20260330.205208
VSD3__lb_mixed_firesmoke__video5.mp4;1919;9018;fire_smoke;/mnt/e/SyncData/paper2_main/datasets/UFireIndoorFull/test/test_firesmoke/VSD3__lb_mixed_firesmoke__video5.mp4;none;/mnt/e/SyncData/paper2_main/zout/reports/baseline_vs_accMotion/1GPU_SV__ds_UFireIndoorTest__mt_temp_method_motion_block__e1ccb7b889a0__20260401.144240;none;/mnt/e/SyncData/paper2_main/zout/reports/baseline_vs_accMotion/MainPC__ds_UFireIndoorTest__mt_no_temp_method__af4b0d32a3d2__20260330.205208
VSD3__lb_mixed_firesmoke__video5.mp4;1920;9018;fire_smoke;/mnt/e/SyncData/paper2_main/datasets/UFireIndoorFull/test/test_firesmoke/VSD3__lb_mixed_firesmoke__video5.mp4;none;/mnt/e/SyncData/paper2_main/zout/reports/baseline_vs_accMotion/1GPU_SV__ds_UFireIndoorTest__mt_temp_method_motion_block__e1ccb7b889a0__20260401.144240;none;/mnt/e/SyncData/paper2_main/zout/reports/baseline_vs_accMotion/MainPC__ds_UFireIndoorTest__mt_no_temp_method__af4b0d32a3d2__20260330.205208
VSD3__lb_mixed_firesmoke__video5.mp4;1921;9018;fire_smoke;/mnt/e/SyncData/paper2_main/datasets/UFireIndoorFull/test/test_firesmoke/VSD3__lb_mixed_firesmoke__video5.mp4;none;/mnt/e/SyncData/paper2_main/zout/reports/baseline_vs_accMotion/1GPU_SV__ds_UFireIndoorTest__mt_temp_method_motion_block__e1ccb7b889a0__20260401.144240;none;/mnt/e/SyncData/paper2_main/zout/reports/baseline_vs_accMotion/MainPC__ds_UFireIndoorTest__mt_no_temp_method__af4b0d32a3d2__20260330.205208
VSD3__lb_mixed_firesmoke__video5.mp4;1922;9018;fire_smoke;/mnt/e/SyncData/paper2_main/datasets/UFireIndoorFull/test/test_firesmoke/VSD3__lb_mixed_firesmoke__video5.mp4;none;/mnt/e/SyncData/paper2_main/zout/reports/baseline_vs_accMotion/1GPU_SV__ds_UFireIndoorTest__mt_temp_method_motion_block__e1ccb7b889a0__20260401.144240;none;/mnt/e/SyncData/paper2_main/zout/reports/baseline_vs_accMotion/MainPC__ds_UFireIndoorTest__mt_no_temp_method__af4b0d32a3d2__20260330.205208
VSD3__lb_mixed_firesmoke__video5.mp4;1923;9018;fire_smoke;/mnt/e/SyncData/paper2_main/datasets/UFireIndoorFull/test/test_firesmoke/VSD3__lb_mixed_firesmoke__video5.mp4;none;/mnt/e/SyncData/paper2_main/zout/reports/baseline_vs_accMotion/1GPU_SV__ds_UFireIndoorTest__mt_temp_method_motion_block__e1ccb7b889a0__20260401.144240;none;/mnt/e/SyncData/paper2_main/zout/reports/baseline_vs_accMotion/MainPC__ds_UFireIndoorTest__mt_no_temp_method__af4b0d32a3d2__20260330.205208
VSD3__lb_mixed_firesmoke__video5.mp4;1924;9018;fire_smoke;/mnt/e/SyncData/paper2_main/datasets/UFireIndoorFull/test/test_firesmoke/VSD3__lb_mixed_firesmoke__video5.mp4;none;/mnt/e/SyncData/paper2_main/zout/reports/baseline_vs_accMotion/1GPU_SV__ds_UFireIndoorTest__mt_temp_method_motion_block__e1ccb7b889a0__20260401.144240;none;/mnt/e/SyncData/paper2_main/zout/reports/baseline_vs_accMotion/MainPC__ds_UFireIndoorTest__mt_no_temp_method__af4b0d32a3d2__20260330.205208
VSD3__lb_mixed_firesmoke__video5.mp4;1925;9018;fire_smoke;/mnt/e/SyncData/paper2_main/datasets/UFireIndoorFull/test/test_firesmoke/VSD3__lb_mixed_firesmoke__video5.mp4;none;/mnt/e/SyncData/paper2_main/zout/reports/baseline_vs_accMotion/1GPU_SV__ds_UFireIndoorTest__mt_temp_method_motion_block__e1ccb7b889a0__20260401.144240;none;/mnt/e/SyncData/paper2_main/zout/reports/baseline_vs_accMotion/MainPC__ds_UFireIndoorTest__mt_no_temp_method__af4b0d32a3d2__20260330.205208
VSD3__lb_mixed_firesmoke__video5.mp4;1926;9018;fire_smoke;/mnt/e/SyncData/paper2_main/datasets/UFireIndoorFull/test/test_firesmoke/VSD3__lb_mixed_firesmoke__video5.mp4;none;/mnt/e/SyncData/paper2_main/zout/reports/baseline_vs_accMotion/1GPU_SV__ds_UFireIndoorTest__mt_temp_method_motion_block__e1ccb7b889a0__20260401.144240;none;/mnt/e/SyncData/paper2_main/zout/reports/baseline_vs_accMotion/MainPC__ds_UFireIndoorTest__mt_no_temp_method__af4b0d32a3d2__20260330.205208
VSD3__lb_mixed_firesmoke__video5.mp4;1929;9018;fire_smoke;/mnt/e/SyncData/paper2_main/datasets/UFireIndoorFull/test/test_firesmoke/VSD3__lb_mixed_firesmoke__video5.mp4;none;/mnt/e/SyncData/paper2_main/zout/reports/baseline_vs_accMotion/1GPU_SV__ds_UFireIndoorTest__mt_temp_method_motion_block__e1ccb7b889a0__20260401.144240;none;/mnt/e/SyncData/paper2_main/zout/reports/baseline_vs_accMotion/MainPC__ds_UFireIndoorTest__mt_no_temp_method__af4b0d32a3d2__20260330.205208
VSD3__lb_mixed_firesmoke__video5.mp4;1930;9018;fire_smoke;/mnt/e/SyncData/paper2_main/datasets/UFireIndoorFull/test/test_firesmoke/VSD3__lb_mixed_firesmoke__video5.mp4;none;/mnt/e/SyncData/paper2_main/zout/reports/baseline_vs_accMotion/1GPU_SV__ds_UFireIndoorTest__mt_temp_method_motion_block__e1ccb7b889a0__20260401.144240;none;/mnt/e/SyncData/paper2_main/zout/reports/baseline_vs_accMotion/MainPC__ds_UFireIndoorTest__mt_no_temp_method__af4b0d32a3d2__20260330.205208
VSD3__lb_mixed_firesmoke__video5.mp4;1931;9018;fire_smoke;/mnt/e/SyncData/paper2_main/datasets/UFireIndoorFull/test/test_firesmoke/VSD3__lb_mixed_firesmoke__video5.mp4;none;/mnt/e/SyncData/paper2_main/zout/reports/baseline_vs_accMotion/1GPU_SV__ds_UFireIndoorTest__mt_temp_method_motion_block__e1ccb7b889a0__20260401.144240;none;/mnt/e/SyncData/paper2_main/zout/reports/baseline_vs_accMotion/MainPC__ds_UFireIndoorTest__mt_no_temp_method__af4b0d32a3d2__20260330.205208
VSD3__lb_mixed_firesmoke__video5.mp4;1932;9018;fire_smoke;/mnt/e/SyncData/paper2_main/datasets/UFireIndoorFull/test/test_firesmoke/VSD3__lb_mixed_firesmoke__video5.mp4;none;/mnt/e/SyncData/paper2_main/zout/reports/baseline_vs_accMotion/1GPU_SV__ds_UFireIndoorTest__mt_temp_method_motion_block__e1ccb7b889a0__20260401.144240;none;/mnt/e/SyncData/paper2_main/zout/reports/baseline_vs_accMotion/MainPC__ds_UFireIndoorTest__mt_no_temp_method__af4b0d32a3d2__20260330.205208
VSD3__lb_mixed_firesmoke__video5.mp4;1933;9018;fire_smoke;/mnt/e/SyncData/paper2_main/datasets/UFireIndoorFull/test/test_firesmoke/VSD3__lb_mixed_firesmoke__video5.mp4;none;/mnt/e/SyncData/paper2_main/zout/reports/baseline_vs_accMotion/1GPU_SV__ds_UFireIndoorTest__mt_temp_method_motion_block__e1ccb7b889a0__20260401.144240;none;/mnt/e/SyncData/paper2_main/zout/reports/baseline_vs_accMotion/MainPC__ds_UFireIndoorTest__mt_no_temp_method__af4b0d32a3d2__20260330.205208
VSD3__lb_mixed_firesmoke__video5.mp4;1934;9018;fire_smoke;/mnt/e/SyncData/paper2_main/datasets/UFireIndoorFull/test/test_firesmoke/VSD3__lb_mixed_firesmoke__video5.mp4;none;/mnt/e/SyncData/paper2_main/zout/reports/baseline_vs_accMotion/1GPU_SV__ds_UFireIndoorTest__mt_temp_method_motion_block__e1ccb7b889a0__20260401.144240;none;/mnt/e/SyncData/paper2_main/zout/reports/baseline_vs_accMotion/MainPC__ds_UFireIndoorTest__mt_no_temp_method__af4b0d32a3d2__20260330.205208
VSD3__lb_mixed_firesmoke__video5.mp4;1935;9018;fire_smoke;/mnt/e/SyncData/paper2_main/datasets/UFireIndoorFull/test/test_firesmoke/VSD3__lb_mixed_firesmoke__video5.mp4;none;/mnt/e/SyncData/paper2_main/zout/reports/baseline_vs_accMotion/1GPU_SV__ds_UFireIndoorTest__mt_temp_method_motion_block__e1ccb7b889a0__20260401.144240;none;/mnt/e/SyncData/paper2_main/zout/reports/baseline_vs_accMotion/MainPC__ds_UFireIndoorTest__mt_no_temp_method__af4b0d32a3d2__20260330.205208
VSD3__lb_mixed_firesmoke__video5.mp4;1936;9018;fire_smoke;/mnt/e/SyncData/paper2_main/datasets/UFireIndoorFull/test/test_firesmoke/VSD3__lb_mixed_firesmoke__video5.mp4;none;/mnt/e/SyncData/paper2_main/zout/reports/baseline_vs_accMotion/1GPU_SV__ds_UFireIndoorTest__mt_temp_method_motion_block__e1ccb7b889a0__20260401.144240;none;/mnt/e/SyncData/paper2_main/zout/reports/baseline_vs_accMotion/MainPC__ds_UFireIndoorTest__mt_no_temp_method__af4b0d32a3d2__20260330.205208
VSD3__lb_mixed_firesmoke__video5.mp4;1937;9018;fire_smoke;/mnt/e/SyncData/paper2_main/datasets/UFireIndoorFull/test/test_firesmoke/VSD3__lb_mixed_firesmoke__video5.mp4;none;/mnt/e/SyncData/paper2_main/zout/reports/baseline_vs_accMotion/1GPU_SV__ds_UFireIndoorTest__mt_temp_method_motion_block__e1ccb7b889a0__20260401.144240;none;/mnt/e/SyncData/paper2_main/zout/reports/baseline_vs_accMotion/MainPC__ds_UFireIndoorTest__mt_no_temp_method__af4b0d32a3d2__20260330.205208
VSD3__lb_mixed_firesmoke__video5.mp4;1938;9018;fire_smoke;/mnt/e/SyncData/paper2_main/datasets/UFireIndoorFull/test/test_firesmoke/VSD3__lb_mixed_firesmoke__video5.mp4;none;/mnt/e/SyncData/paper2_main/zout/reports/baseline_vs_accMotion/1GPU_SV__ds_UFireIndoorTest__mt_temp_method_motion_block__e1ccb7b889a0__20260401.144240;none;/mnt/e/SyncData/paper2_main/zout/reports/baseline_vs_accMotion/MainPC__ds_UFireIndoorTest__mt_no_temp_method__af4b0d32a3d2__20260330.205208
VSD3__lb_mixed_firesmoke__video5.mp4;1939;9018;fire_smoke;/mnt/e/SyncData/paper2_main/datasets/UFireIndoorFull/test/test_firesmoke/VSD3__lb_mixed_firesmoke__video5.mp4;none;/mnt/e/SyncData/paper2_main/zout/reports/baseline_vs_accMotion/1GPU_SV__ds_UFireIndoorTest__mt_temp_method_motion_block__e1ccb7b889a0__20260401.144240;none;/mnt/e/SyncData/paper2_main/zout/reports/baseline_vs_accMotion/MainPC__ds_UFireIndoorTest__mt_no_temp_method__af4b0d32a3d2__20260330.205208
VSD3__lb_mixed_firesmoke__video5.mp4;1940;9018;fire_smoke;/mnt/e/SyncData/paper2_main/datasets/UFireIndoorFull/test/test_firesmoke/VSD3__lb_mixed_firesmoke__video5.mp4;none;/mnt/e/SyncData/paper2_main/zout/reports/baseline_vs_accMotion/1GPU_SV__ds_UFireIndoorTest__mt_temp_method_motion_block__e1ccb7b889a0__20260401.144240;none;/mnt/e/SyncData/paper2_main/zout/reports/baseline_vs_accMotion/MainPC__ds_UFireIndoorTest__mt_no_temp_method__af4b0d32a3d2__20260330.205208
VSD3__lb_mixed_firesmoke__video5.mp4;1941;9018;fire_smoke;/mnt/e/SyncData/paper2_main/datasets/UFireIndoorFull/test/test_firesmoke/VSD3__lb_mixed_firesmoke__video5.mp4;none;/mnt/e/SyncData/paper2_main/zout/reports/baseline_vs_accMotion/1GPU_SV__ds_UFireIndoorTest__mt_temp_method_motion_block__e1ccb7b889a0__20260401.144240;none;/mnt/e/SyncData/paper2_main/zout/reports/baseline_vs_accMotion/MainPC__ds_UFireIndoorTest__mt_no_temp_method__af4b0d32a3d2__20260330.205208
VSD3__lb_mixed_firesmoke__video5.mp4;1942;9018;fire_smoke;/mnt/e/SyncData/paper2_main/datasets/UFireIndoorFull/test/test_firesmoke/VSD3__lb_mixed_firesmoke__video5.mp4;none;/mnt/e/SyncData/paper2_main/zout/reports/baseline_vs_accMotion/1GPU_SV__ds_UFireIndoorTest__mt_temp_method_motion_block__e1ccb7b889a0__20260401.144240;none;/mnt/e/SyncData/paper2_main/zout/reports/baseline_vs_accMotion/MainPC__ds_UFireIndoorTest__mt_no_temp_method__af4b0d32a3d2__20260330.205208
VSD3__lb_mixed_firesmoke__video5.mp4;1943;9018;fire_smoke;/mnt/e/SyncData/paper2_main/datasets/UFireIndoorFull/test/test_firesmoke/VSD3__lb_mixed_firesmoke__video5.mp4;none;/mnt/e/SyncData/paper2_main/zout/reports/baseline_vs_accMotion/1GPU_SV__ds_UFireIndoorTest__mt_temp_method_motion_block__e1ccb7b889a0__20260401.144240;none;/mnt/e/SyncData/paper2_main/zout/reports/baseline_vs_accMotion/MainPC__ds_UFireIndoorTest__mt_no_temp_method__af4b0d32a3d2__20260330.205208
VSD3__lb_mixed_firesmoke__video5.mp4;1944;9018;fire_smoke;/mnt/e/SyncData/paper2_main/datasets/UFireIndoorFull/test/test_firesmoke/VSD3__lb_mixed_firesmoke__video5.mp4;none;/mnt/e/SyncData/paper2_main/zout/reports/baseline_vs_accMotion/1GPU_SV__ds_UFireIndoorTest__mt_temp_method_motion_block__e1ccb7b889a0__20260401.144240;none;/mnt/e/SyncData/paper2_main/zout/reports/baseline_vs_accMotion/MainPC__ds_UFireIndoorTest__mt_no_temp_method__af4b0d32a3d2__20260330.205208
VSD3__lb_mixed_firesmoke__video5.mp4;1945;9018;fire_smoke;/mnt/e/SyncData/paper2_main/datasets/UFireIndoorFull/test/test_firesmoke/VSD3__lb_mixed_firesmoke__video5.mp4;none;/mnt/e/SyncData/paper2_main/zout/reports/baseline_vs_accMotion/1GPU_SV__ds_UFireIndoorTest__mt_temp_method_motion_block__e1ccb7b889a0__20260401.144240;none;/mnt/e/SyncData/paper2_main/zout/reports/baseline_vs_accMotion/MainPC__ds_UFireIndoorTest__mt_no_temp_method__af4b0d32a3d2__20260330.205208
VSD3__lb_mixed_firesmoke__video5.mp4;1946;9018;fire_smoke;/mnt/e/SyncData/paper2_main/datasets/UFireIndoorFull/test/test_firesmoke/VSD3__lb_mixed_firesmoke__video5.mp4;none;/mnt/e/SyncData/paper2_main/zout/reports/baseline_vs_accMotion/1GPU_SV__ds_UFireIndoorTest__mt_temp_method_motion_block__e1ccb7b889a0__20260401.144240;none;/mnt/e/SyncData/paper2_main/zout/reports/baseline_vs_accMotion/MainPC__ds_UFireIndoorTest__mt_no_temp_method__af4b0d32a3d2__20260330.205208
VSD3__lb_mixed_firesmoke__video5.mp4;1947;9018;fire_smoke;/mnt/e/SyncData/paper2_main/datasets/UFireIndoorFull/test/test_firesmoke/VSD3__lb_mixed_firesmoke__video5.mp4;none;/mnt/e/SyncData/paper2_main/zout/reports/baseline_vs_accMotion/1GPU_SV__ds_UFireIndoorTest__mt_temp_method_motion_block__e1ccb7b889a0__20260401.144240;none;/mnt/e/SyncData/paper2_main/zout/reports/baseline_vs_accMotion/MainPC__ds_UFireIndoorTest__mt_no_temp_method__af4b0d32a3d2__20260330.205208
VSD3__lb_mixed_firesmoke__video5.mp4;1948;9018;fire_smoke;/mnt/e/SyncData/paper2_main/datasets/UFireIndoorFull/test/test_firesmoke/VSD3__lb_mixed_firesmoke__video5.mp4;none;/mnt/e/SyncData/paper2_main/zout/reports/baseline_vs_accMotion/1GPU_SV__ds_UFireIndoorTest__mt_temp_method_motion_block__e1ccb7b889a0__20260401.144240;none;/mnt/e/SyncData/paper2_main/zout/reports/baseline_vs_accMotion/MainPC__ds_UFireIndoorTest__mt_no_temp_method__af4b0d32a3d2__20260330.205208
VSD3__lb_mixed_firesmoke__video5.mp4;1949;9018;fire_smoke;/mnt/e/SyncData/paper2_main/datasets/UFireIndoorFull/test/test_firesmoke/VSD3__lb_mixed_firesmoke__video5.mp4;none;/mnt/e/SyncData/paper2_main/zout/reports/baseline_vs_accMotion/1GPU_SV__ds_UFireIndoorTest__mt_temp_method_motion_block__e1ccb7b889a0__20260401.144240;none;/mnt/e/SyncData/paper2_main/zout/reports/baseline_vs_accMotion/MainPC__ds_UFireIndoorTest__mt_no_temp_method__af4b0d32a3d2__20260330.205208
VSD3__lb_mixed_firesmoke__video5.mp4;1950;9018;fire_smoke;/mnt/e/SyncData/paper2_main/datasets/UFireIndoorFull/test/test_firesmoke/VSD3__lb_mixed_firesmoke__video5.mp4;none;/mnt/e/SyncData/paper2_main/zout/reports/baseline_vs_accMotion/1GPU_SV__ds_UFireIndoorTest__mt_temp_method_motion_block__e1ccb7b889a0__20260401.144240;none;/mnt/e/SyncData/paper2_main/zout/reports/baseline_vs_accMotion/MainPC__ds_UFireIndoorTest__mt_no_temp_method__af4b0d32a3d2__20260330.205208
VSD3__lb_mixed_firesmoke__video5.mp4;1951;9018;fire_smoke;/mnt/e/SyncData/paper2_main/datasets/UFireIndoorFull/test/test_firesmoke/VSD3__lb_mixed_firesmoke__video5.mp4;none;/mnt/e/SyncData/paper2_main/zout/reports/baseline_vs_accMotion/1GPU_SV__ds_UFireIndoorTest__mt_temp_method_motion_block__e1ccb7b889a0__20260401.144240;none;/mnt/e/SyncData/paper2_main/zout/reports/baseline_vs_accMotion/MainPC__ds_UFireIndoorTest__mt_no_temp_method__af4b0d32a3d2__20260330.205208
VSD3__lb_mixed_firesmoke__video5.mp4;1952;9018;fire_smoke;/mnt/e/SyncData/paper2_main/datasets/UFireIndoorFull/test/test_firesmoke/VSD3__lb_mixed_firesmoke__video5.mp4;none;/mnt/e/SyncData/paper2_main/zout/reports/baseline_vs_accMotion/1GPU_SV__ds_UFireIndoorTest__mt_temp_method_motion_block__e1ccb7b889a0__20260401.144240;none;/mnt/e/SyncData/paper2_main/zout/reports/baseline_vs_accMotion/MainPC__ds_UFireIndoorTest__mt_no_temp_method__af4b0d32a3d2__20260330.205208
VSD3__lb_mixed_firesmoke__video5.mp4;1953;9018;fire_smoke;/mnt/e/SyncData/paper2_main/datasets/UFireIndoorFull/test/test_firesmoke/VSD3__lb_mixed_firesmoke__video5.mp4;none;/mnt/e/SyncData/paper2_main/zout/reports/baseline_vs_accMotion/1GPU_SV__ds_UFireIndoorTest__mt_temp_method_motion_block__e1ccb7b889a0__20260401.144240;none;/mnt/e/SyncData/paper2_main/zout/reports/baseline_vs_accMotion/MainPC__ds_UFireIndoorTest__mt_no_temp_method__af4b0d32a3d2__20260330.205208
VSD3__lb_mixed_firesmoke__video5.mp4;1954;9018;fire_smoke;/mnt/e/SyncData/paper2_main/datasets/UFireIndoorFull/test/test_firesmoke/VSD3__lb_mixed_firesmoke__video5.mp4;none;/mnt/e/SyncData/paper2_main/zout/reports/baseline_vs_accMotion/1GPU_SV__ds_UFireIndoorTest__mt_temp_method_motion_block__e1ccb7b889a0__20260401.144240;none;/mnt/e/SyncData/paper2_main/zout/reports/baseline_vs_accMotion/MainPC__ds_UFireIndoorTest__mt_no_temp_method__af4b0d32a3d2__20260330.205208
VSD3__lb_mixed_firesmoke__video5.mp4;1955;9018;fire_smoke;/mnt/e/SyncData/paper2_main/datasets/UFireIndoorFull/test/test_firesmoke/VSD3__lb_mixed_firesmoke__video5.mp4;none;/mnt/e/SyncData/paper2_main/zout/reports/baseline_vs_accMotion/1GPU_SV__ds_UFireIndoorTest__mt_temp_method_motion_block__e1ccb7b889a0__20260401.144240;none;/mnt/e/SyncData/paper2_main/zout/reports/baseline_vs_accMotion/MainPC__ds_UFireIndoorTest__mt_no_temp_method__af4b0d32a3d2__20260330.205208
VSD3__lb_mixed_firesmoke__video5.mp4;1956;9018;fire_smoke;/mnt/e/SyncData/paper2_main/datasets/UFireIndoorFull/test/test_firesmoke/VSD3__lb_mixed_firesmoke__video5.mp4;none;/mnt/e/SyncData/paper2_main/zout/reports/baseline_vs_accMotion/1GPU_SV__ds_UFireIndoorTest__mt_temp_method_motion_block__e1ccb7b889a0__20260401.144240;none;/mnt/e/SyncData/paper2_main/zout/reports/baseline_vs_accMotion/MainPC__ds_UFireIndoorTest__mt_no_temp_method__af4b0d32a3d2__20260330.205208
VSD3__lb_mixed_firesmoke__video5.mp4;1957;9018;fire_smoke;/mnt/e/SyncData/paper2_main/datasets/UFireIndoorFull/test/test_firesmoke/VSD3__lb_mixed_firesmoke__video5.mp4;none;/mnt/e/SyncData/paper2_main/zout/reports/baseline_vs_accMotion/1GPU_SV__ds_UFireIndoorTest__mt_temp_method_motion_block__e1ccb7b889a0__20260401.144240;none;/mnt/e/SyncData/paper2_main/zout/reports/baseline_vs_accMotion/MainPC__ds_UFireIndoorTest__mt_no_temp_method__af4b0d32a3d2__20260330.205208
VSD3__lb_mixed_firesmoke__video5.mp4;1958;9018;fire_smoke;/mnt/e/SyncData/paper2_main/datasets/UFireIndoorFull/test/test_firesmoke/VSD3__lb_mixed_firesmoke__video5.mp4;none;/mnt/e/SyncData/paper2_main/zout/reports/baseline_vs_accMotion/1GPU_SV__ds_UFireIndoorTest__mt_temp_method_motion_block__e1ccb7b889a0__20260401.144240;none;/mnt/e/SyncData/paper2_main/zout/reports/baseline_vs_accMotion/MainPC__ds_UFireIndoorTest__mt_no_temp_method__af4b0d32a3d2__20260330.205208
VSD3__lb_mixed_firesmoke__video5.mp4;1959;9018;fire_smoke;/mnt/e/SyncData/paper2_main/datasets/UFireIndoorFull/test/test_firesmoke/VSD3__lb_mixed_firesmoke__video5.mp4;none;/mnt/e/SyncData/paper2_main/zout/reports/baseline_vs_accMotion/1GPU_SV__ds_UFireIndoorTest__mt_temp_method_motion_block__e1ccb7b889a0__20260401.144240;none;/mnt/e/SyncData/paper2_main/zout/reports/baseline_vs_accMotion/MainPC__ds_UFireIndoorTest__mt_no_temp_method__af4b0d32a3d2__20260330.205208
VSD3__lb_mixed_firesmoke__video5.mp4;1960;9018;fire_smoke;/mnt/e/SyncData/paper2_main/datasets/UFireIndoorFull/test/test_firesmoke/VSD3__lb_mixed_firesmoke__video5.mp4;none;/mnt/e/SyncData/paper2_main/zout/reports/baseline_vs_accMotion/1GPU_SV__ds_UFireIndoorTest__mt_temp_method_motion_block__e1ccb7b889a0__20260401.144240;none;/mnt/e/SyncData/paper2_main/zout/reports/baseline_vs_accMotion/MainPC__ds_UFireIndoorTest__mt_no_temp_method__af4b0d32a3d2__20260330.205208
VSD3__lb_mixed_firesmoke__video5.mp4;1961;9018;fire_smoke;/mnt/e/SyncData/paper2_main/datasets/UFireIndoorFull/test/test_firesmoke/VSD3__lb_mixed_firesmoke__video5.mp4;none;/mnt/e/SyncData/paper2_main/zout/reports/baseline_vs_accMotion/1GPU_SV__ds_UFireIndoorTest__mt_temp_method_motion_block__e1ccb7b889a0__20260401.144240;none;/mnt/e/SyncData/paper2_main/zout/reports/baseline_vs_accMotion/MainPC__ds_UFireIndoorTest__mt_no_temp_method__af4b0d32a3d2__20260330.205208
VSD3__lb_mixed_firesmoke__video5.mp4;1962;9018;fire_smoke;/mnt/e/SyncData/paper2_main/datasets/UFireIndoorFull/test/test_firesmoke/VSD3__lb_mixed_firesmoke__video5.mp4;none;/mnt/e/SyncData/paper2_main/zout/reports/baseline_vs_accMotion/1GPU_SV__ds_UFireIndoorTest__mt_temp_method_motion_block__e1ccb7b889a0__20260401.144240;none;/mnt/e/SyncData/paper2_main/zout/reports/baseline_vs_accMotion/MainPC__ds_UFireIndoorTest__mt_no_temp_method__af4b0d32a3d2__20260330.205208
VSD3__lb_mixed_firesmoke__video5.mp4;1963;9018;fire_smoke;/mnt/e/SyncData/paper2_main/datasets/UFireIndoorFull/test/test_firesmoke/VSD3__lb_mixed_firesmoke__video5.mp4;none;/mnt/e/SyncData/paper2_main/zout/reports/baseline_vs_accMotion/1GPU_SV__ds_UFireIndoorTest__mt_temp_method_motion_block__e1ccb7b889a0__20260401.144240;none;/mnt/e/SyncData/paper2_main/zout/reports/baseline_vs_accMotion/MainPC__ds_UFireIndoorTest__mt_no_temp_method__af4b0d32a3d2__20260330.205208
VSD3__lb_mixed_firesmoke__video5.mp4;1964;9018;fire_smoke;/mnt/e/SyncData/paper2_main/datasets/UFireIndoorFull/test/test_firesmoke/VSD3__lb_mixed_firesmoke__video5.mp4;none;/mnt/e/SyncData/paper2_main/zout/reports/baseline_vs_accMotion/1GPU_SV__ds_UFireIndoorTest__mt_temp_method_motion_block__e1ccb7b889a0__20260401.144240;none;/mnt/e/SyncData/paper2_main/zout/reports/baseline_vs_accMotion/MainPC__ds_UFireIndoorTest__mt_no_temp_method__af4b0d32a3d2__20260330.205208
VSD3__lb_mixed_firesmoke__video5.mp4;1965;9018;fire_smoke;/mnt/e/SyncData/paper2_main/datasets/UFireIndoorFull/test/test_firesmoke/VSD3__lb_mixed_firesmoke__video5.mp4;none;/mnt/e/SyncData/paper2_main/zout/reports/baseline_vs_accMotion/1GPU_SV__ds_UFireIndoorTest__mt_temp_method_motion_block__e1ccb7b889a0__20260401.144240;none;/mnt/e/SyncData/paper2_main/zout/reports/baseline_vs_accMotion/MainPC__ds_UFireIndoorTest__mt_no_temp_method__af4b0d32a3d2__20260330.205208
VSD3__lb_mixed_firesmoke__video5.mp4;1966;9018;fire_smoke;/mnt/e/SyncData/paper2_main/datasets/UFireIndoorFull/test/test_firesmoke/VSD3__lb_mixed_firesmoke__video5.mp4;none;/mnt/e/SyncData/paper2_main/zout/reports/baseline_vs_accMotion/1GPU_SV__ds_UFireIndoorTest__mt_temp_method_motion_block__e1ccb7b889a0__20260401.144240;none;/mnt/e/SyncData/paper2_main/zout/reports/baseline_vs_accMotion/MainPC__ds_UFireIndoorTest__mt_no_temp_method__af4b0d32a3d2__20260330.205208
VSD3__lb_mixed_firesmoke__video5.mp4;1967;9018;fire_smoke;/mnt/e/SyncData/paper2_main/datasets/UFireIndoorFull/test/test_firesmoke/VSD3__lb_mixed_firesmoke__video5.mp4;none;/mnt/e/SyncData/paper2_main/zout/reports/baseline_vs_accMotion/1GPU_SV__ds_UFireIndoorTest__mt_temp_method_motion_block__e1ccb7b889a0__20260401.144240;none;/mnt/e/SyncData/paper2_main/zout/reports/baseline_vs_accMotion/MainPC__ds_UFireIndoorTest__mt_no_temp_method__af4b0d32a3d2__20260330.205208
VSD3__lb_mixed_firesmoke__video5.mp4;1968;9018;fire_smoke;/mnt/e/SyncData/paper2_main/datasets/UFireIndoorFull/test/test_firesmoke/VSD3__lb_mixed_firesmoke__video5.mp4;none;/mnt/e/SyncData/paper2_main/zout/reports/baseline_vs_accMotion/1GPU_SV__ds_UFireIndoorTest__mt_temp_method_motion_block__e1ccb7b889a0__20260401.144240;none;/mnt/e/SyncData/paper2_main/zout/reports/baseline_vs_accMotion/MainPC__ds_UFireIndoorTest__mt_no_temp_method__af4b0d32a3d2__20260330.205208
VSD3__lb_mixed_firesmoke__video5.mp4;1969;9018;fire_smoke;/mnt/e/SyncData/paper2_main/datasets/UFireIndoorFull/test/test_firesmoke/VSD3__lb_mixed_firesmoke__video5.mp4;none;/mnt/e/SyncData/paper2_main/zout/reports/baseline_vs_accMotion/1GPU_SV__ds_UFireIndoorTest__mt_temp_method_motion_block__e1ccb7b889a0__20260401.144240;none;/mnt/e/SyncData/paper2_main/zout/reports/baseline_vs_accMotion/MainPC__ds_UFireIndoorTest__mt_no_temp_method__af4b0d32a3d2__20260330.205208
VSD3__lb_mixed_firesmoke__video5.mp4;1970;9018;fire_smoke;/mnt/e/SyncData/paper2_main/datasets/UFireIndoorFull/test/test_firesmoke/VSD3__lb_mixed_firesmoke__video5.mp4;none;/mnt/e/SyncData/paper2_main/zout/reports/baseline_vs_accMotion/1GPU_SV__ds_UFireIndoorTest__mt_temp_method_motion_block__e1ccb7b889a0__20260401.144240;none;/mnt/e/SyncData/paper2_main/zout/reports/baseline_vs_accMotion/MainPC__ds_UFireIndoorTest__mt_no_temp_method__af4b0d32a3d2__20260330.205208
VSD3__lb_mixed_firesmoke__video5.mp4;1971;9018;fire_smoke;/mnt/e/SyncData/paper2_main/datasets/UFireIndoorFull/test/test_firesmoke/VSD3__lb_mixed_firesmoke__video5.mp4;none;/mnt/e/SyncData/paper2_main/zout/reports/baseline_vs_accMotion/1GPU_SV__ds_UFireIndoorTest__mt_temp_method_motion_block__e1ccb7b889a0__20260401.144240;none;/mnt/e/SyncData/paper2_main/zout/reports/baseline_vs_accMotion/MainPC__ds_UFireIndoorTest__mt_no_temp_method__af4b0d32a3d2__20260330.205208
VSD3__lb_mixed_firesmoke__video5.mp4;1972;9018;fire_smoke;/mnt/e/SyncData/paper2_main/datasets/UFireIndoorFull/test/test_firesmoke/VSD3__lb_mixed_firesmoke__video5.mp4;none;/mnt/e/SyncData/paper2_main/zout/reports/baseline_vs_accMotion/1GPU_SV__ds_UFireIndoorTest__mt_temp_method_motion_block__e1ccb7b889a0__20260401.144240;none;/mnt/e/SyncData/paper2_main/zout/reports/baseline_vs_accMotion/MainPC__ds_UFireIndoorTest__mt_no_temp_method__af4b0d32a3d2__20260330.205208
VSD3__lb_mixed_firesmoke__video5.mp4;1973;9018;fire_smoke;/mnt/e/SyncData/paper2_main/datasets/UFireIndoorFull/test/test_firesmoke/VSD3__lb_mixed_firesmoke__video5.mp4;none;/mnt/e/SyncData/paper2_main/zout/reports/baseline_vs_accMotion/1GPU_SV__ds_UFireIndoorTest__mt_temp_method_motion_block__e1ccb7b889a0__20260401.144240;none;/mnt/e/SyncData/paper2_main/zout/reports/baseline_vs_accMotion/MainPC__ds_UFireIndoorTest__mt_no_temp_method__af4b0d32a3d2__20260330.205208
VSD3__lb_mixed_firesmoke__video5.mp4;1974;9018;fire_smoke;/mnt/e/SyncData/paper2_main/datasets/UFireIndoorFull/test/test_firesmoke/VSD3__lb_mixed_firesmoke__video5.mp4;none;/mnt/e/SyncData/paper2_main/zout/reports/baseline_vs_accMotion/1GPU_SV__ds_UFireIndoorTest__mt_temp_method_motion_block__e1ccb7b889a0__20260401.144240;none;/mnt/e/SyncData/paper2_main/zout/reports/baseline_vs_accMotion/MainPC__ds_UFireIndoorTest__mt_no_temp_method__af4b0d32a3d2__20260330.205208
VSD3__lb_mixed_firesmoke__video5.mp4;1975;9018;fire_smoke;/mnt/e/SyncData/paper2_main/datasets/UFireIndoorFull/test/test_firesmoke/VSD3__lb_mixed_firesmoke__video5.mp4;none;/mnt/e/SyncData/paper2_main/zout/reports/baseline_vs_accMotion/1GPU_SV__ds_UFireIndoorTest__mt_temp_method_motion_block__e1ccb7b889a0__20260401.144240;none;/mnt/e/SyncData/paper2_main/zout/reports/baseline_vs_accMotion/MainPC__ds_UFireIndoorTest__mt_no_temp_method__af4b0d32a3d2__20260330.205208
VSD3__lb_mixed_firesmoke__video5.mp4;1976;9018;fire_smoke;/mnt/e/SyncData/paper2_main/datasets/UFireIndoorFull/test/test_firesmoke/VSD3__lb_mixed_firesmoke__video5.mp4;none;/mnt/e/SyncData/paper2_main/zout/reports/baseline_vs_accMotion/1GPU_SV__ds_UFireIndoorTest__mt_temp_method_motion_block__e1ccb7b889a0__20260401.144240;none;/mnt/e/SyncData/paper2_main/zout/reports/baseline_vs_accMotion/MainPC__ds_UFireIndoorTest__mt_no_temp_method__af4b0d32a3d2__20260330.205208
VSD3__lb_mixed_firesmoke__video5.mp4;1977;9018;fire_smoke;/mnt/e/SyncData/paper2_main/datasets/UFireIndoorFull/test/test_firesmoke/VSD3__lb_mixed_firesmoke__video5.mp4;none;/mnt/e/SyncData/paper2_main/zout/reports/baseline_vs_accMotion/1GPU_SV__ds_UFireIndoorTest__mt_temp_method_motion_block__e1ccb7b889a0__20260401.144240;none;/mnt/e/SyncData/paper2_main/zout/reports/baseline_vs_accMotion/MainPC__ds_UFireIndoorTest__mt_no_temp_method__af4b0d32a3d2__20260330.205208
VSD3__lb_mixed_firesmoke__video5.mp4;1978;9018;fire_smoke;/mnt/e/SyncData/paper2_main/datasets/UFireIndoorFull/test/test_firesmoke/VSD3__lb_mixed_firesmoke__video5.mp4;none;/mnt/e/SyncData/paper2_main/zout/reports/baseline_vs_accMotion/1GPU_SV__ds_UFireIndoorTest__mt_temp_method_motion_block__e1ccb7b889a0__20260401.144240;none;/mnt/e/SyncData/paper2_main/zout/reports/baseline_vs_accMotion/MainPC__ds_UFireIndoorTest__mt_no_temp_method__af4b0d32a3d2__20260330.205208
VSD3__lb_mixed_firesmoke__video5.mp4;1979;9018;fire_smoke;/mnt/e/SyncData/paper2_main/datasets/UFireIndoorFull/test/test_firesmoke/VSD3__lb_mixed_firesmoke__video5.mp4;none;/mnt/e/SyncData/paper2_main/zout/reports/baseline_vs_accMotion/1GPU_SV__ds_UFireIndoorTest__mt_temp_method_motion_block__e1ccb7b889a0__20260401.144240;none;/mnt/e/SyncData/paper2_main/zout/reports/baseline_vs_accMotion/MainPC__ds_UFireIndoorTest__mt_no_temp_method__af4b0d32a3d2__20260330.205208
VSD3__lb_mixed_firesmoke__video5.mp4;1980;9018;fire_smoke;/mnt/e/SyncData/paper2_main/datasets/UFireIndoorFull/test/test_firesmoke/VSD3__lb_mixed_firesmoke__video5.mp4;none;/mnt/e/SyncData/paper2_main/zout/reports/baseline_vs_accMotion/1GPU_SV__ds_UFireIndoorTest__mt_temp_method_motion_block__e1ccb7b889a0__20260401.144240;none;/mnt/e/SyncData/paper2_main/zout/reports/baseline_vs_accMotion/MainPC__ds_UFireIndoorTest__mt_no_temp_method__af4b0d32a3d2__20260330.205208
VSD3__lb_mixed_firesmoke__video5.mp4;1981;9018;fire_smoke;/mnt/e/SyncData/paper2_main/datasets/UFireIndoorFull/test/test_firesmoke/VSD3__lb_mixed_firesmoke__video5.mp4;none;/mnt/e/SyncData/paper2_main/zout/reports/baseline_vs_accMotion/1GPU_SV__ds_UFireIndoorTest__mt_temp_method_motion_block__e1ccb7b889a0__20260401.144240;none;/mnt/e/SyncData/paper2_main/zout/reports/baseline_vs_accMotion/MainPC__ds_UFireIndoorTest__mt_no_temp_method__af4b0d32a3d2__20260330.205208
VSD3__lb_mixed_firesmoke__video5.mp4;1982;9018;fire_smoke;/mnt/e/SyncData/paper2_main/datasets/UFireIndoorFull/test/test_firesmoke/VSD3__lb_mixed_firesmoke__video5.mp4;none;/mnt/e/SyncData/paper2_main/zout/reports/baseline_vs_accMotion/1GPU_SV__ds_UFireIndoorTest__mt_temp_method_motion_block__e1ccb7b889a0__20260401.144240;none;/mnt/e/SyncData/paper2_main/zout/reports/baseline_vs_accMotion/MainPC__ds_UFireIndoorTest__mt_no_temp_method__af4b0d32a3d2__20260330.205208
VSD3__lb_mixed_firesmoke__video5.mp4;1983;9018;fire_smoke;/mnt/e/SyncData/paper2_main/datasets/UFireIndoorFull/test/test_firesmoke/VSD3__lb_mixed_firesmoke__video5.mp4;none;/mnt/e/SyncData/paper2_main/zout/reports/baseline_vs_accMotion/1GPU_SV__ds_UFireIndoorTest__mt_temp_method_motion_block__e1ccb7b889a0__20260401.144240;none;/mnt/e/SyncData/paper2_main/zout/reports/baseline_vs_accMotion/MainPC__ds_UFireIndoorTest__mt_no_temp_method__af4b0d32a3d2__20260330.205208
VSD3__lb_mixed_firesmoke__video5.mp4;1984;9018;fire_smoke;/mnt/e/SyncData/paper2_main/datasets/UFireIndoorFull/test/test_firesmoke/VSD3__lb_mixed_firesmoke__video5.mp4;none;/mnt/e/SyncData/paper2_main/zout/reports/baseline_vs_accMotion/1GPU_SV__ds_UFireIndoorTest__mt_temp_method_motion_block__e1ccb7b889a0__20260401.144240;none;/mnt/e/SyncData/paper2_main/zout/reports/baseline_vs_accMotion/MainPC__ds_UFireIndoorTest__mt_no_temp_method__af4b0d32a3d2__20260330.205208
VSD3__lb_mixed_firesmoke__video5.mp4;1985;9018;fire_smoke;/mnt/e/SyncData/paper2_main/datasets/UFireIndoorFull/test/test_firesmoke/VSD3__lb_mixed_firesmoke__video5.mp4;none;/mnt/e/SyncData/paper2_main/zout/reports/baseline_vs_accMotion/1GPU_SV__ds_UFireIndoorTest__mt_temp_method_motion_block__e1ccb7b889a0__20260401.144240;none;/mnt/e/SyncData/paper2_main/zout/reports/baseline_vs_accMotion/MainPC__ds_UFireIndoorTest__mt_no_temp_method__af4b0d32a3d2__20260330.205208
VSD3__lb_mixed_firesmoke__video5.mp4;1986;9018;fire_smoke;/mnt/e/SyncData/paper2_main/datasets/UFireIndoorFull/test/test_firesmoke/VSD3__lb_mixed_firesmoke__video5.mp4;none;/mnt/e/SyncData/paper2_main/zout/reports/baseline_vs_accMotion/1GPU_SV__ds_UFireIndoorTest__mt_temp_method_motion_block__e1ccb7b889a0__20260401.144240;none;/mnt/e/SyncData/paper2_main/zout/reports/baseline_vs_accMotion/MainPC__ds_UFireIndoorTest__mt_no_temp_method__af4b0d32a3d2__20260330.205208
VSD3__lb_mixed_firesmoke__video5.mp4;1987;9018;fire_smoke;/mnt/e/SyncData/paper2_main/datasets/UFireIndoorFull/test/test_firesmoke/VSD3__lb_mixed_firesmoke__video5.mp4;none;/mnt/e/SyncData/paper2_main/zout/reports/baseline_vs_accMotion/1GPU_SV__ds_UFireIndoorTest__mt_temp_method_motion_block__e1ccb7b889a0__20260401.144240;none;/mnt/e/SyncData/paper2_main/zout/reports/baseline_vs_accMotion/MainPC__ds_UFireIndoorTest__mt_no_temp_method__af4b0d32a3d2__20260330.205208
VSD3__lb_mixed_firesmoke__video5.mp4;1988;9018;fire_smoke;/mnt/e/SyncData/paper2_main/datasets/UFireIndoorFull/test/test_firesmoke/VSD3__lb_mixed_firesmoke__video5.mp4;none;/mnt/e/SyncData/paper2_main/zout/reports/baseline_vs_accMotion/1GPU_SV__ds_UFireIndoorTest__mt_temp_method_motion_block__e1ccb7b889a0__20260401.144240;none;/mnt/e/SyncData/paper2_main/zout/reports/baseline_vs_accMotion/MainPC__ds_UFireIndoorTest__mt_no_temp_method__af4b0d32a3d2__20260330.205208
VSD3__lb_mixed_firesmoke__video5.mp4;1989;9018;fire_smoke;/mnt/e/SyncData/paper2_main/datasets/UFireIndoorFull/test/test_firesmoke/VSD3__lb_mixed_firesmoke__video5.mp4;none;/mnt/e/SyncData/paper2_main/zout/reports/baseline_vs_accMotion/1GPU_SV__ds_UFireIndoorTest__mt_temp_method_motion_block__e1ccb7b889a0__20260401.144240;none;/mnt/e/SyncData/paper2_main/zout/reports/baseline_vs_accMotion/MainPC__ds_UFireIndoorTest__mt_no_temp_method__af4b0d32a3d2__20260330.205208
VSD3__lb_mixed_firesmoke__video5.mp4;1990;9018;fire_smoke;/mnt/e/SyncData/paper2_main/datasets/UFireIndoorFull/test/test_firesmoke/VSD3__lb_mixed_firesmoke__video5.mp4;none;/mnt/e/SyncData/paper2_main/zout/reports/baseline_vs_accMotion/1GPU_SV__ds_UFireIndoorTest__mt_temp_method_motion_block__e1ccb7b889a0__20260401.144240;none;/mnt/e/SyncData/paper2_main/zout/reports/baseline_vs_accMotion/MainPC__ds_UFireIndoorTest__mt_no_temp_method__af4b0d32a3d2__20260330.205208
VSD3__lb_mixed_firesmoke__video5.mp4;1991;9018;fire_smoke;/mnt/e/SyncData/paper2_main/datasets/UFireIndoorFull/test/test_firesmoke/VSD3__lb_mixed_firesmoke__video5.mp4;none;/mnt/e/SyncData/paper2_main/zout/reports/baseline_vs_accMotion/1GPU_SV__ds_UFireIndoorTest__mt_temp_method_motion_block__e1ccb7b889a0__20260401.144240;none;/mnt/e/SyncData/paper2_main/zout/reports/baseline_vs_accMotion/MainPC__ds_UFireIndoorTest__mt_no_temp_method__af4b0d32a3d2__20260330.205208
VSD3__lb_mixed_firesmoke__video5.mp4;1992;9018;fire_smoke;/mnt/e/SyncData/paper2_main/datasets/UFireIndoorFull/test/test_firesmoke/VSD3__lb_mixed_firesmoke__video5.mp4;none;/mnt/e/SyncData/paper2_main/zout/reports/baseline_vs_accMotion/1GPU_SV__ds_UFireIndoorTest__mt_temp_method_motion_block__e1ccb7b889a0__20260401.144240;none;/mnt/e/SyncData/paper2_main/zout/reports/baseline_vs_accMotion/MainPC__ds_UFireIndoorTest__mt_no_temp_method__af4b0d32a3d2__20260330.205208
VSD3__lb_mixed_firesmoke__video5.mp4;1993;9018;fire_smoke;/mnt/e/SyncData/paper2_main/datasets/UFireIndoorFull/test/test_firesmoke/VSD3__lb_mixed_firesmoke__video5.mp4;none;/mnt/e/SyncData/paper2_main/zout/reports/baseline_vs_accMotion/1GPU_SV__ds_UFireIndoorTest__mt_temp_method_motion_block__e1ccb7b889a0__20260401.144240;none;/mnt/e/SyncData/paper2_main/zout/reports/baseline_vs_accMotion/MainPC__ds_UFireIndoorTest__mt_no_temp_method__af4b0d32a3d2__20260330.205208
VSD3__lb_mixed_firesmoke__video5.mp4;1994;9018;fire_smoke;/mnt/e/SyncData/paper2_main/datasets/UFireIndoorFull/test/test_firesmoke/VSD3__lb_mixed_firesmoke__video5.mp4;none;/mnt/e/SyncData/paper2_main/zout/reports/baseline_vs_accMotion/1GPU_SV__ds_UFireIndoorTest__mt_temp_method_motion_block__e1ccb7b889a0__20260401.144240;none;/mnt/e/SyncData/paper2_main/zout/reports/baseline_vs_accMotion/MainPC__ds_UFireIndoorTest__mt_no_temp_method__af4b0d32a3d2__20260330.205208
VSD3__lb_mixed_firesmoke__video5.mp4;1995;9018;fire_smoke;/mnt/e/SyncData/paper2_main/datasets/UFireIndoorFull/test/test_firesmoke/VSD3__lb_mixed_firesmoke__video5.mp4;none;/mnt/e/SyncData/paper2_main/zout/reports/baseline_vs_accMotion/1GPU_SV__ds_UFireIndoorTest__mt_temp_method_motion_block__e1ccb7b889a0__20260401.144240;none;/mnt/e/SyncData/paper2_main/zout/reports/baseline_vs_accMotion/MainPC__ds_UFireIndoorTest__mt_no_temp_method__af4b0d32a3d2__20260330.205208
VSD3__lb_mixed_firesmoke__video5.mp4;1996;9018;fire_smoke;/mnt/e/SyncData/paper2_main/datasets/UFireIndoorFull/test/test_firesmoke/VSD3__lb_mixed_firesmoke__video5.mp4;none;/mnt/e/SyncData/paper2_main/zout/reports/baseline_vs_accMotion/1GPU_SV__ds_UFireIndoorTest__mt_temp_method_motion_block__e1ccb7b889a0__20260401.144240;none;/mnt/e/SyncData/paper2_main/zout/reports/baseline_vs_accMotion/MainPC__ds_UFireIndoorTest__mt_no_temp_method__af4b0d32a3d2__20260330.205208
VSD3__lb_mixed_firesmoke__video5.mp4;1997;9018;fire_smoke;/mnt/e/SyncData/paper2_main/datasets/UFireIndoorFull/test/test_firesmoke/VSD3__lb_mixed_firesmoke__video5.mp4;none;/mnt/e/SyncData/paper2_main/zout/reports/baseline_vs_accMotion/1GPU_SV__ds_UFireIndoorTest__mt_temp_method_motion_block__e1ccb7b889a0__20260401.144240;none;/mnt/e/SyncData/paper2_main/zout/reports/baseline_vs_accMotion/MainPC__ds_UFireIndoorTest__mt_no_temp_method__af4b0d32a3d2__20260330.205208
VSD3__lb_mixed_firesmoke__video5.mp4;1998;9018;fire_smoke;/mnt/e/SyncData/paper2_main/datasets/UFireIndoorFull/test/test_firesmoke/VSD3__lb_mixed_firesmoke__video5.mp4;none;/mnt/e/SyncData/paper2_main/zout/reports/baseline_vs_accMotion/1GPU_SV__ds_UFireIndoorTest__mt_temp_method_motion_block__e1ccb7b889a0__20260401.144240;none;/mnt/e/SyncData/paper2_main/zout/reports/baseline_vs_accMotion/MainPC__ds_UFireIndoorTest__mt_no_temp_method__af4b0d32a3d2__20260330.205208
VSD3__lb_mixed_firesmoke__video5.mp4;2001;9018;fire_smoke;/mnt/e/SyncData/paper2_main/datasets/UFireIndoorFull/test/test_firesmoke/VSD3__lb_mixed_firesmoke__video5.mp4;none;/mnt/e/SyncData/paper2_main/zout/reports/baseline_vs_accMotion/1GPU_SV__ds_UFireIndoorTest__mt_temp_method_motion_block__e1ccb7b889a0__20260401.144240;none;/mnt/e/SyncData/paper2_main/zout/reports/baseline_vs_accMotion/MainPC__ds_UFireIndoorTest__mt_no_temp_method__af4b0d32a3d2__20260330.205208
VSD3__lb_mixed_firesmoke__video5.mp4;2002;9018;fire_smoke;/mnt/e/SyncData/paper2_main/datasets/UFireIndoorFull/test/test_firesmoke/VSD3__lb_mixed_firesmoke__video5.mp4;none;/mnt/e/SyncData/paper2_main/zout/reports/baseline_vs_accMotion/1GPU_SV__ds_UFireIndoorTest__mt_temp_method_motion_block__e1ccb7b889a0__20260401.144240;none;/mnt/e/SyncData/paper2_main/zout/reports/baseline_vs_accMotion/MainPC__ds_UFireIndoorTest__mt_no_temp_method__af4b0d32a3d2__20260330.205208
VSD3__lb_mixed_firesmoke__video5.mp4;2003;9018;fire_smoke;/mnt/e/SyncData/paper2_main/datasets/UFireIndoorFull/test/test_firesmoke/VSD3__lb_mixed_firesmoke__video5.mp4;none;/mnt/e/SyncData/paper2_main/zout/reports/baseline_vs_accMotion/1GPU_SV__ds_UFireIndoorTest__mt_temp_method_motion_block__e1ccb7b889a0__20260401.144240;none;/mnt/e/SyncData/paper2_main/zout/reports/baseline_vs_accMotion/MainPC__ds_UFireIndoorTest__mt_no_temp_method__af4b0d32a3d2__20260330.205208
VSD3__lb_mixed_firesmoke__video5.mp4;2004;9018;fire_smoke;/mnt/e/SyncData/paper2_main/datasets/UFireIndoorFull/test/test_firesmoke/VSD3__lb_mixed_firesmoke__video5.mp4;none;/mnt/e/SyncData/paper2_main/zout/reports/baseline_vs_accMotion/1GPU_SV__ds_UFireIndoorTest__mt_temp_method_motion_block__e1ccb7b889a0__20260401.144240;none;/mnt/e/SyncData/paper2_main/zout/reports/baseline_vs_accMotion/MainPC__ds_UFireIndoorTest__mt_no_temp_method__af4b0d32a3d2__20260330.205208
VSD3__lb_mixed_firesmoke__video5.mp4;2005;9018;fire_smoke;/mnt/e/SyncData/paper2_main/datasets/UFireIndoorFull/test/test_firesmoke/VSD3__lb_mixed_firesmoke__video5.mp4;none;/mnt/e/SyncData/paper2_main/zout/reports/baseline_vs_accMotion/1GPU_SV__ds_UFireIndoorTest__mt_temp_method_motion_block__e1ccb7b889a0__20260401.144240;none;/mnt/e/SyncData/paper2_main/zout/reports/baseline_vs_accMotion/MainPC__ds_UFireIndoorTest__mt_no_temp_method__af4b0d32a3d2__20260330.205208
VSD3__lb_mixed_firesmoke__video5.mp4;2006;9018;fire_smoke;/mnt/e/SyncData/paper2_main/datasets/UFireIndoorFull/test/test_firesmoke/VSD3__lb_mixed_firesmoke__video5.mp4;none;/mnt/e/SyncData/paper2_main/zout/reports/baseline_vs_accMotion/1GPU_SV__ds_UFireIndoorTest__mt_temp_method_motion_block__e1ccb7b889a0__20260401.144240;none;/mnt/e/SyncData/paper2_main/zout/reports/baseline_vs_accMotion/MainPC__ds_UFireIndoorTest__mt_no_temp_method__af4b0d32a3d2__20260330.205208
VSD3__lb_mixed_firesmoke__video5.mp4;2011;9018;fire_smoke;/mnt/e/SyncData/paper2_main/datasets/UFireIndoorFull/test/test_firesmoke/VSD3__lb_mixed_firesmoke__video5.mp4;none;/mnt/e/SyncData/paper2_main/zout/reports/baseline_vs_accMotion/1GPU_SV__ds_UFireIndoorTest__mt_temp_method_motion_block__e1ccb7b889a0__20260401.144240;none;/mnt/e/SyncData/paper2_main/zout/reports/baseline_vs_accMotion/MainPC__ds_UFireIndoorTest__mt_no_temp_method__af4b0d32a3d2__20260330.205208
VSD3__lb_mixed_firesmoke__video5.mp4;2012;9018;fire_smoke;/mnt/e/SyncData/paper2_main/datasets/UFireIndoorFull/test/test_firesmoke/VSD3__lb_mixed_firesmoke__video5.mp4;none;/mnt/e/SyncData/paper2_main/zout/reports/baseline_vs_accMotion/1GPU_SV__ds_UFireIndoorTest__mt_temp_method_motion_block__e1ccb7b889a0__20260401.144240;none;/mnt/e/SyncData/paper2_main/zout/reports/baseline_vs_accMotion/MainPC__ds_UFireIndoorTest__mt_no_temp_method__af4b0d32a3d2__20260330.205208
VSD3__lb_mixed_firesmoke__video5.mp4;2013;9018;fire_smoke;/mnt/e/SyncData/paper2_main/datasets/UFireIndoorFull/test/test_firesmoke/VSD3__lb_mixed_firesmoke__video5.mp4;none;/mnt/e/SyncData/paper2_main/zout/reports/baseline_vs_accMotion/1GPU_SV__ds_UFireIndoorTest__mt_temp_method_motion_block__e1ccb7b889a0__20260401.144240;none;/mnt/e/SyncData/paper2_main/zout/reports/baseline_vs_accMotion/MainPC__ds_UFireIndoorTest__mt_no_temp_method__af4b0d32a3d2__20260330.205208
VSD3__lb_mixed_firesmoke__video5.mp4;2014;9018;fire_smoke;/mnt/e/SyncData/paper2_main/datasets/UFireIndoorFull/test/test_firesmoke/VSD3__lb_mixed_firesmoke__video5.mp4;none;/mnt/e/SyncData/paper2_main/zout/reports/baseline_vs_accMotion/1GPU_SV__ds_UFireIndoorTest__mt_temp_method_motion_block__e1ccb7b889a0__20260401.144240;none;/mnt/e/SyncData/paper2_main/zout/reports/baseline_vs_accMotion/MainPC__ds_UFireIndoorTest__mt_no_temp_method__af4b0d32a3d2__20260330.205208
VSD3__lb_mixed_firesmoke__video5.mp4;2015;9018;fire_smoke;/mnt/e/SyncData/paper2_main/datasets/UFireIndoorFull/test/test_firesmoke/VSD3__lb_mixed_firesmoke__video5.mp4;none;/mnt/e/SyncData/paper2_main/zout/reports/baseline_vs_accMotion/1GPU_SV__ds_UFireIndoorTest__mt_temp_method_motion_block__e1ccb7b889a0__20260401.144240;none;/mnt/e/SyncData/paper2_main/zout/reports/baseline_vs_accMotion/MainPC__ds_UFireIndoorTest__mt_no_temp_method__af4b0d32a3d2__20260330.205208
VSD3__lb_mixed_firesmoke__video5.mp4;2016;9018;fire_smoke;/mnt/e/SyncData/paper2_main/datasets/UFireIndoorFull/test/test_firesmoke/VSD3__lb_mixed_firesmoke__video5.mp4;none;/mnt/e/SyncData/paper2_main/zout/reports/baseline_vs_accMotion/1GPU_SV__ds_UFireIndoorTest__mt_temp_method_motion_block__e1ccb7b889a0__20260401.144240;none;/mnt/e/SyncData/paper2_main/zout/reports/baseline_vs_accMotion/MainPC__ds_UFireIndoorTest__mt_no_temp_method__af4b0d32a3d2__20260330.205208
VSD3__lb_mixed_firesmoke__video5.mp4;2017;9018;fire_smoke;/mnt/e/SyncData/paper2_main/datasets/UFireIndoorFull/test/test_firesmoke/VSD3__lb_mixed_firesmoke__video5.mp4;none;/mnt/e/SyncData/paper2_main/zout/reports/baseline_vs_accMotion/1GPU_SV__ds_UFireIndoorTest__mt_temp_method_motion_block__e1ccb7b889a0__20260401.144240;none;/mnt/e/SyncData/paper2_main/zout/reports/baseline_vs_accMotion/MainPC__ds_UFireIndoorTest__mt_no_temp_method__af4b0d32a3d2__20260330.205208
VSD3__lb_mixed_firesmoke__video5.mp4;2018;9018;fire_smoke;/mnt/e/SyncData/paper2_main/datasets/UFireIndoorFull/test/test_firesmoke/VSD3__lb_mixed_firesmoke__video5.mp4;none;/mnt/e/SyncData/paper2_main/zout/reports/baseline_vs_accMotion/1GPU_SV__ds_UFireIndoorTest__mt_temp_method_motion_block__e1ccb7b889a0__20260401.144240;none;/mnt/e/SyncData/paper2_main/zout/reports/baseline_vs_accMotion/MainPC__ds_UFireIndoorTest__mt_no_temp_method__af4b0d32a3d2__20260330.205208
VSD3__lb_mixed_firesmoke__video5.mp4;2021;9018;fire_smoke;/mnt/e/SyncData/paper2_main/datasets/UFireIndoorFull/test/test_firesmoke/VSD3__lb_mixed_firesmoke__video5.mp4;none;/mnt/e/SyncData/paper2_main/zout/reports/baseline_vs_accMotion/1GPU_SV__ds_UFireIndoorTest__mt_temp_method_motion_block__e1ccb7b889a0__20260401.144240;none;/mnt/e/SyncData/paper2_main/zout/reports/baseline_vs_accMotion/MainPC__ds_UFireIndoorTest__mt_no_temp_method__af4b0d32a3d2__20260330.205208
VSD3__lb_mixed_firesmoke__video5.mp4;2022;9018;fire_smoke;/mnt/e/SyncData/paper2_main/datasets/UFireIndoorFull/test/test_firesmoke/VSD3__lb_mixed_firesmoke__video5.mp4;none;/mnt/e/SyncData/paper2_main/zout/reports/baseline_vs_accMotion/1GPU_SV__ds_UFireIndoorTest__mt_temp_method_motion_block__e1ccb7b889a0__20260401.144240;none;/mnt/e/SyncData/paper2_main/zout/reports/baseline_vs_accMotion/MainPC__ds_UFireIndoorTest__mt_no_temp_method__af4b0d32a3d2__20260330.205208
VSD3__lb_mixed_firesmoke__video5.mp4;2023;9018;fire_smoke;/mnt/e/SyncData/paper2_main/datasets/UFireIndoorFull/test/test_firesmoke/VSD3__lb_mixed_firesmoke__video5.mp4;none;/mnt/e/SyncData/paper2_main/zout/reports/baseline_vs_accMotion/1GPU_SV__ds_UFireIndoorTest__mt_temp_method_motion_block__e1ccb7b889a0__20260401.144240;none;/mnt/e/SyncData/paper2_main/zout/reports/baseline_vs_accMotion/MainPC__ds_UFireIndoorTest__mt_no_temp_method__af4b0d32a3d2__20260330.205208
VSD3__lb_mixed_firesmoke__video5.mp4;2024;9018;fire_smoke;/mnt/e/SyncData/paper2_main/datasets/UFireIndoorFull/test/test_firesmoke/VSD3__lb_mixed_firesmoke__video5.mp4;none;/mnt/e/SyncData/paper2_main/zout/reports/baseline_vs_accMotion/1GPU_SV__ds_UFireIndoorTest__mt_temp_method_motion_block__e1ccb7b889a0__20260401.144240;none;/mnt/e/SyncData/paper2_main/zout/reports/baseline_vs_accMotion/MainPC__ds_UFireIndoorTest__mt_no_temp_method__af4b0d32a3d2__20260330.205208
VSD3__lb_mixed_firesmoke__video5.mp4;2025;9018;fire_smoke;/mnt/e/SyncData/paper2_main/datasets/UFireIndoorFull/test/test_firesmoke/VSD3__lb_mixed_firesmoke__video5.mp4;none;/mnt/e/SyncData/paper2_main/zout/reports/baseline_vs_accMotion/1GPU_SV__ds_UFireIndoorTest__mt_temp_method_motion_block__e1ccb7b889a0__20260401.144240;none;/mnt/e/SyncData/paper2_main/zout/reports/baseline_vs_accMotion/MainPC__ds_UFireIndoorTest__mt_no_temp_method__af4b0d32a3d2__20260330.205208
VSD3__lb_mixed_firesmoke__video5.mp4;2026;9018;fire_smoke;/mnt/e/SyncData/paper2_main/datasets/UFireIndoorFull/test/test_firesmoke/VSD3__lb_mixed_firesmoke__video5.mp4;none;/mnt/e/SyncData/paper2_main/zout/reports/baseline_vs_accMotion/1GPU_SV__ds_UFireIndoorTest__mt_temp_method_motion_block__e1ccb7b889a0__20260401.144240;none;/mnt/e/SyncData/paper2_main/zout/reports/baseline_vs_accMotion/MainPC__ds_UFireIndoorTest__mt_no_temp_method__af4b0d32a3d2__20260330.205208
VSD3__lb_mixed_firesmoke__video5.mp4;2027;9018;fire_smoke;/mnt/e/SyncData/paper2_main/datasets/UFireIndoorFull/test/test_firesmoke/VSD3__lb_mixed_firesmoke__video5.mp4;none;/mnt/e/SyncData/paper2_main/zout/reports/baseline_vs_accMotion/1GPU_SV__ds_UFireIndoorTest__mt_temp_method_motion_block__e1ccb7b889a0__20260401.144240;none;/mnt/e/SyncData/paper2_main/zout/reports/baseline_vs_accMotion/MainPC__ds_UFireIndoorTest__mt_no_temp_method__af4b0d32a3d2__20260330.205208
VSD3__lb_mixed_firesmoke__video5.mp4;2028;9018;fire_smoke;/mnt/e/SyncData/paper2_main/datasets/UFireIndoorFull/test/test_firesmoke/VSD3__lb_mixed_firesmoke__video5.mp4;none;/mnt/e/SyncData/paper2_main/zout/reports/baseline_vs_accMotion/1GPU_SV__ds_UFireIndoorTest__mt_temp_method_motion_block__e1ccb7b889a0__20260401.144240;none;/mnt/e/SyncData/paper2_main/zout/reports/baseline_vs_accMotion/MainPC__ds_UFireIndoorTest__mt_no_temp_method__af4b0d32a3d2__20260330.205208
VSD3__lb_mixed_firesmoke__video5.mp4;2029;9018;fire_smoke;/mnt/e/SyncData/paper2_main/datasets/UFireIndoorFull/test/test_firesmoke/VSD3__lb_mixed_firesmoke__video5.mp4;none;/mnt/e/SyncData/paper2_main/zout/reports/baseline_vs_accMotion/1GPU_SV__ds_UFireIndoorTest__mt_temp_method_motion_block__e1ccb7b889a0__20260401.144240;none;/mnt/e/SyncData/paper2_main/zout/reports/baseline_vs_accMotion/MainPC__ds_UFireIndoorTest__mt_no_temp_method__af4b0d32a3d2__20260330.205208
VSD3__lb_mixed_firesmoke__video5.mp4;2030;9018;fire_smoke;/mnt/e/SyncData/paper2_main/datasets/UFireIndoorFull/test/test_firesmoke/VSD3__lb_mixed_firesmoke__video5.mp4;none;/mnt/e/SyncData/paper2_main/zout/reports/baseline_vs_accMotion/1GPU_SV__ds_UFireIndoorTest__mt_temp_method_motion_block__e1ccb7b889a0__20260401.144240;none;/mnt/e/SyncData/paper2_main/zout/reports/baseline_vs_accMotion/MainPC__ds_UFireIndoorTest__mt_no_temp_method__af4b0d32a3d2__20260330.205208
VSD3__lb_mixed_firesmoke__video5.mp4;2031;9018;fire_smoke;/mnt/e/SyncData/paper2_main/datasets/UFireIndoorFull/test/test_firesmoke/VSD3__lb_mixed_firesmoke__video5.mp4;none;/mnt/e/SyncData/paper2_main/zout/reports/baseline_vs_accMotion/1GPU_SV__ds_UFireIndoorTest__mt_temp_method_motion_block__e1ccb7b889a0__20260401.144240;none;/mnt/e/SyncData/paper2_main/zout/reports/baseline_vs_accMotion/MainPC__ds_UFireIndoorTest__mt_no_temp_method__af4b0d32a3d2__20260330.205208
VSD3__lb_mixed_firesmoke__video5.mp4;2032;9018;fire_smoke;/mnt/e/SyncData/paper2_main/datasets/UFireIndoorFull/test/test_firesmoke/VSD3__lb_mixed_firesmoke__video5.mp4;none;/mnt/e/SyncData/paper2_main/zout/reports/baseline_vs_accMotion/1GPU_SV__ds_UFireIndoorTest__mt_temp_method_motion_block__e1ccb7b889a0__20260401.144240;none;/mnt/e/SyncData/paper2_main/zout/reports/baseline_vs_accMotion/MainPC__ds_UFireIndoorTest__mt_no_temp_method__af4b0d32a3d2__20260330.205208
VSD3__lb_mixed_firesmoke__video5.mp4;2033;9018;fire_smoke;/mnt/e/SyncData/paper2_main/datasets/UFireIndoorFull/test/test_firesmoke/VSD3__lb_mixed_firesmoke__video5.mp4;none;/mnt/e/SyncData/paper2_main/zout/reports/baseline_vs_accMotion/1GPU_SV__ds_UFireIndoorTest__mt_temp_method_motion_block__e1ccb7b889a0__20260401.144240;none;/mnt/e/SyncData/paper2_main/zout/reports/baseline_vs_accMotion/MainPC__ds_UFireIndoorTest__mt_no_temp_method__af4b0d32a3d2__20260330.205208
VSD3__lb_mixed_firesmoke__video5.mp4;2034;9018;fire_smoke;/mnt/e/SyncData/paper2_main/datasets/UFireIndoorFull/test/test_firesmoke/VSD3__lb_mixed_firesmoke__video5.mp4;none;/mnt/e/SyncData/paper2_main/zout/reports/baseline_vs_accMotion/1GPU_SV__ds_UFireIndoorTest__mt_temp_method_motion_block__e1ccb7b889a0__20260401.144240;none;/mnt/e/SyncData/paper2_main/zout/reports/baseline_vs_accMotion/MainPC__ds_UFireIndoorTest__mt_no_temp_method__af4b0d32a3d2__20260330.205208
VSD3__lb_mixed_firesmoke__video5.mp4;2035;9018;fire_smoke;/mnt/e/SyncData/paper2_main/datasets/UFireIndoorFull/test/test_firesmoke/VSD3__lb_mixed_firesmoke__video5.mp4;none;/mnt/e/SyncData/paper2_main/zout/reports/baseline_vs_accMotion/1GPU_SV__ds_UFireIndoorTest__mt_temp_method_motion_block__e1ccb7b889a0__20260401.144240;none;/mnt/e/SyncData/paper2_main/zout/reports/baseline_vs_accMotion/MainPC__ds_UFireIndoorTest__mt_no_temp_method__af4b0d32a3d2__20260330.205208
VSD3__lb_mixed_firesmoke__video5.mp4;2036;9018;fire_smoke;/mnt/e/SyncData/paper2_main/datasets/UFireIndoorFull/test/test_firesmoke/VSD3__lb_mixed_firesmoke__video5.mp4;none;/mnt/e/SyncData/paper2_main/zout/reports/baseline_vs_accMotion/1GPU_SV__ds_UFireIndoorTest__mt_temp_method_motion_block__e1ccb7b889a0__20260401.144240;none;/mnt/e/SyncData/paper2_main/zout/reports/baseline_vs_accMotion/MainPC__ds_UFireIndoorTest__mt_no_temp_method__af4b0d32a3d2__20260330.205208
VSD3__lb_mixed_firesmoke__video5.mp4;2037;9018;fire_smoke;/mnt/e/SyncData/paper2_main/datasets/UFireIndoorFull/test/test_firesmoke/VSD3__lb_mixed_firesmoke__video5.mp4;none;/mnt/e/SyncData/paper2_main/zout/reports/baseline_vs_accMotion/1GPU_SV__ds_UFireIndoorTest__mt_temp_method_motion_block__e1ccb7b889a0__20260401.144240;none;/mnt/e/SyncData/paper2_main/zout/reports/baseline_vs_accMotion/MainPC__ds_UFireIndoorTest__mt_no_temp_method__af4b0d32a3d2__20260330.205208
VSD3__lb_mixed_firesmoke__video5.mp4;2038;9018;fire_smoke;/mnt/e/SyncData/paper2_main/datasets/UFireIndoorFull/test/test_firesmoke/VSD3__lb_mixed_firesmoke__video5.mp4;none;/mnt/e/SyncData/paper2_main/zout/reports/baseline_vs_accMotion/1GPU_SV__ds_UFireIndoorTest__mt_temp_method_motion_block__e1ccb7b889a0__20260401.144240;none;/mnt/e/SyncData/paper2_main/zout/reports/baseline_vs_accMotion/MainPC__ds_UFireIndoorTest__mt_no_temp_method__af4b0d32a3d2__20260330.205208
VSD3__lb_mixed_firesmoke__video5.mp4;2041;9018;fire_smoke;/mnt/e/SyncData/paper2_main/datasets/UFireIndoorFull/test/test_firesmoke/VSD3__lb_mixed_firesmoke__video5.mp4;none;/mnt/e/SyncData/paper2_main/zout/reports/baseline_vs_accMotion/1GPU_SV__ds_UFireIndoorTest__mt_temp_method_motion_block__e1ccb7b889a0__20260401.144240;none;/mnt/e/SyncData/paper2_main/zout/reports/baseline_vs_accMotion/MainPC__ds_UFireIndoorTest__mt_no_temp_method__af4b0d32a3d2__20260330.205208
VSD3__lb_mixed_firesmoke__video5.mp4;2042;9018;fire_smoke;/mnt/e/SyncData/paper2_main/datasets/UFireIndoorFull/test/test_firesmoke/VSD3__lb_mixed_firesmoke__video5.mp4;none;/mnt/e/SyncData/paper2_main/zout/reports/baseline_vs_accMotion/1GPU_SV__ds_UFireIndoorTest__mt_temp_method_motion_block__e1ccb7b889a0__20260401.144240;none;/mnt/e/SyncData/paper2_main/zout/reports/baseline_vs_accMotion/MainPC__ds_UFireIndoorTest__mt_no_temp_method__af4b0d32a3d2__20260330.205208
VSD3__lb_mixed_firesmoke__video5.mp4;2043;9018;fire_smoke;/mnt/e/SyncData/paper2_main/datasets/UFireIndoorFull/test/test_firesmoke/VSD3__lb_mixed_firesmoke__video5.mp4;none;/mnt/e/SyncData/paper2_main/zout/reports/baseline_vs_accMotion/1GPU_SV__ds_UFireIndoorTest__mt_temp_method_motion_block__e1ccb7b889a0__20260401.144240;none;/mnt/e/SyncData/paper2_main/zout/reports/baseline_vs_accMotion/MainPC__ds_UFireIndoorTest__mt_no_temp_method__af4b0d32a3d2__20260330.205208
VSD3__lb_mixed_firesmoke__video5.mp4;2044;9018;fire_smoke;/mnt/e/SyncData/paper2_main/datasets/UFireIndoorFull/test/test_firesmoke/VSD3__lb_mixed_firesmoke__video5.mp4;none;/mnt/e/SyncData/paper2_main/zout/reports/baseline_vs_accMotion/1GPU_SV__ds_UFireIndoorTest__mt_temp_method_motion_block__e1ccb7b889a0__20260401.144240;none;/mnt/e/SyncData/paper2_main/zout/reports/baseline_vs_accMotion/MainPC__ds_UFireIndoorTest__mt_no_temp_method__af4b0d32a3d2__20260330.205208
VSD3__lb_mixed_firesmoke__video5.mp4;2045;9018;fire_smoke;/mnt/e/SyncData/paper2_main/datasets/UFireIndoorFull/test/test_firesmoke/VSD3__lb_mixed_firesmoke__video5.mp4;none;/mnt/e/SyncData/paper2_main/zout/reports/baseline_vs_accMotion/1GPU_SV__ds_UFireIndoorTest__mt_temp_method_motion_block__e1ccb7b889a0__20260401.144240;none;/mnt/e/SyncData/paper2_main/zout/reports/baseline_vs_accMotion/MainPC__ds_UFireIndoorTest__mt_no_temp_method__af4b0d32a3d2__20260330.205208
VSD3__lb_mixed_firesmoke__video5.mp4;2046;9018;fire_smoke;/mnt/e/SyncData/paper2_main/datasets/UFireIndoorFull/test/test_firesmoke/VSD3__lb_mixed_firesmoke__video5.mp4;none;/mnt/e/SyncData/paper2_main/zout/reports/baseline_vs_accMotion/1GPU_SV__ds_UFireIndoorTest__mt_temp_method_motion_block__e1ccb7b889a0__20260401.144240;none;/mnt/e/SyncData/paper2_main/zout/reports/baseline_vs_accMotion/MainPC__ds_UFireIndoorTest__mt_no_temp_method__af4b0d32a3d2__20260330.205208
VSD3__lb_mixed_firesmoke__video5.mp4;2047;9018;fire_smoke;/mnt/e/SyncData/paper2_main/datasets/UFireIndoorFull/test/test_firesmoke/VSD3__lb_mixed_firesmoke__video5.mp4;none;/mnt/e/SyncData/paper2_main/zout/reports/baseline_vs_accMotion/1GPU_SV__ds_UFireIndoorTest__mt_temp_method_motion_block__e1ccb7b889a0__20260401.144240;none;/mnt/e/SyncData/paper2_main/zout/reports/baseline_vs_accMotion/MainPC__ds_UFireIndoorTest__mt_no_temp_method__af4b0d32a3d2__20260330.205208
VSD3__lb_mixed_firesmoke__video5.mp4;2048;9018;fire_smoke;/mnt/e/SyncData/paper2_main/datasets/UFireIndoorFull/test/test_firesmoke/VSD3__lb_mixed_firesmoke__video5.mp4;none;/mnt/e/SyncData/paper2_main/zout/reports/baseline_vs_accMotion/1GPU_SV__ds_UFireIndoorTest__mt_temp_method_motion_block__e1ccb7b889a0__20260401.144240;none;/mnt/e/SyncData/paper2_main/zout/reports/baseline_vs_accMotion/MainPC__ds_UFireIndoorTest__mt_no_temp_method__af4b0d32a3d2__20260330.205208
VSD3__lb_mixed_firesmoke__video5.mp4;2049;9018;fire_smoke;/mnt/e/SyncData/paper2_main/datasets/UFireIndoorFull/test/test_firesmoke/VSD3__lb_mixed_firesmoke__video5.mp4;none;/mnt/e/SyncData/paper2_main/zout/reports/baseline_vs_accMotion/1GPU_SV__ds_UFireIndoorTest__mt_temp_method_motion_block__e1ccb7b889a0__20260401.144240;none;/mnt/e/SyncData/paper2_main/zout/reports/baseline_vs_accMotion/MainPC__ds_UFireIndoorTest__mt_no_temp_method__af4b0d32a3d2__20260330.205208
VSD3__lb_mixed_firesmoke__video5.mp4;2050;9018;fire_smoke;/mnt/e/SyncData/paper2_main/datasets/UFireIndoorFull/test/test_firesmoke/VSD3__lb_mixed_firesmoke__video5.mp4;none;/mnt/e/SyncData/paper2_main/zout/reports/baseline_vs_accMotion/1GPU_SV__ds_UFireIndoorTest__mt_temp_method_motion_block__e1ccb7b889a0__20260401.144240;none;/mnt/e/SyncData/paper2_main/zout/reports/baseline_vs_accMotion/MainPC__ds_UFireIndoorTest__mt_no_temp_method__af4b0d32a3d2__20260330.205208
VSD3__lb_mixed_firesmoke__video5.mp4;2051;9018;fire_smoke;/mnt/e/SyncData/paper2_main/datasets/UFireIndoorFull/test/test_firesmoke/VSD3__lb_mixed_firesmoke__video5.mp4;none;/mnt/e/SyncData/paper2_main/zout/reports/baseline_vs_accMotion/1GPU_SV__ds_UFireIndoorTest__mt_temp_method_motion_block__e1ccb7b889a0__20260401.144240;none;/mnt/e/SyncData/paper2_main/zout/reports/baseline_vs_accMotion/MainPC__ds_UFireIndoorTest__mt_no_temp_method__af4b0d32a3d2__20260330.205208
VSD3__lb_mixed_firesmoke__video5.mp4;2052;9018;fire_smoke;/mnt/e/SyncData/paper2_main/datasets/UFireIndoorFull/test/test_firesmoke/VSD3__lb_mixed_firesmoke__video5.mp4;none;/mnt/e/SyncData/paper2_main/zout/reports/baseline_vs_accMotion/1GPU_SV__ds_UFireIndoorTest__mt_temp_method_motion_block__e1ccb7b889a0__20260401.144240;none;/mnt/e/SyncData/paper2_main/zout/reports/baseline_vs_accMotion/MainPC__ds_UFireIndoorTest__mt_no_temp_method__af4b0d32a3d2__20260330.205208
VSD3__lb_mixed_firesmoke__video5.mp4;2053;9018;fire_smoke;/mnt/e/SyncData/paper2_main/datasets/UFireIndoorFull/test/test_firesmoke/VSD3__lb_mixed_firesmoke__video5.mp4;none;/mnt/e/SyncData/paper2_main/zout/reports/baseline_vs_accMotion/1GPU_SV__ds_UFireIndoorTest__mt_temp_method_motion_block__e1ccb7b889a0__20260401.144240;none;/mnt/e/SyncData/paper2_main/zout/reports/baseline_vs_accMotion/MainPC__ds_UFireIndoorTest__mt_no_temp_method__af4b0d32a3d2__20260330.205208
VSD3__lb_mixed_firesmoke__video5.mp4;2054;9018;fire_smoke;/mnt/e/SyncData/paper2_main/datasets/UFireIndoorFull/test/test_firesmoke/VSD3__lb_mixed_firesmoke__video5.mp4;none;/mnt/e/SyncData/paper2_main/zout/reports/baseline_vs_accMotion/1GPU_SV__ds_UFireIndoorTest__mt_temp_method_motion_block__e1ccb7b889a0__20260401.144240;none;/mnt/e/SyncData/paper2_main/zout/reports/baseline_vs_accMotion/MainPC__ds_UFireIndoorTest__mt_no_temp_method__af4b0d32a3d2__20260330.205208
VSD3__lb_mixed_firesmoke__video5.mp4;2055;9018;fire_smoke;/mnt/e/SyncData/paper2_main/datasets/UFireIndoorFull/test/test_firesmoke/VSD3__lb_mixed_firesmoke__video5.mp4;none;/mnt/e/SyncData/paper2_main/zout/reports/baseline_vs_accMotion/1GPU_SV__ds_UFireIndoorTest__mt_temp_method_motion_block__e1ccb7b889a0__20260401.144240;none;/mnt/e/SyncData/paper2_main/zout/reports/baseline_vs_accMotion/MainPC__ds_UFireIndoorTest__mt_no_temp_method__af4b0d32a3d2__20260330.205208
VSD3__lb_mixed_firesmoke__video5.mp4;2056;9018;fire_smoke;/mnt/e/SyncData/paper2_main/datasets/UFireIndoorFull/test/test_firesmoke/VSD3__lb_mixed_firesmoke__video5.mp4;none;/mnt/e/SyncData/paper2_main/zout/reports/baseline_vs_accMotion/1GPU_SV__ds_UFireIndoorTest__mt_temp_method_motion_block__e1ccb7b889a0__20260401.144240;none;/mnt/e/SyncData/paper2_main/zout/reports/baseline_vs_accMotion/MainPC__ds_UFireIndoorTest__mt_no_temp_method__af4b0d32a3d2__20260330.205208
VSD3__lb_mixed_firesmoke__video5.mp4;2057;9018;fire_smoke;/mnt/e/SyncData/paper2_main/datasets/UFireIndoorFull/test/test_firesmoke/VSD3__lb_mixed_firesmoke__video5.mp4;none;/mnt/e/SyncData/paper2_main/zout/reports/baseline_vs_accMotion/1GPU_SV__ds_UFireIndoorTest__mt_temp_method_motion_block__e1ccb7b889a0__20260401.144240;none;/mnt/e/SyncData/paper2_main/zout/reports/baseline_vs_accMotion/MainPC__ds_UFireIndoorTest__mt_no_temp_method__af4b0d32a3d2__20260330.205208
VSD3__lb_mixed_firesmoke__video5.mp4;2058;9018;fire_smoke;/mnt/e/SyncData/paper2_main/datasets/UFireIndoorFull/test/test_firesmoke/VSD3__lb_mixed_firesmoke__video5.mp4;none;/mnt/e/SyncData/paper2_main/zout/reports/baseline_vs_accMotion/1GPU_SV__ds_UFireIndoorTest__mt_temp_method_motion_block__e1ccb7b889a0__20260401.144240;none;/mnt/e/SyncData/paper2_main/zout/reports/baseline_vs_accMotion/MainPC__ds_UFireIndoorTest__mt_no_temp_method__af4b0d32a3d2__20260330.205208
VSD3__lb_mixed_firesmoke__video5.mp4;2059;9018;fire_smoke;/mnt/e/SyncData/paper2_main/datasets/UFireIndoorFull/test/test_firesmoke/VSD3__lb_mixed_firesmoke__video5.mp4;none;/mnt/e/SyncData/paper2_main/zout/reports/baseline_vs_accMotion/1GPU_SV__ds_UFireIndoorTest__mt_temp_method_motion_block__e1ccb7b889a0__20260401.144240;none;/mnt/e/SyncData/paper2_main/zout/reports/baseline_vs_accMotion/MainPC__ds_UFireIndoorTest__mt_no_temp_method__af4b0d32a3d2__20260330.205208
VSD3__lb_mixed_firesmoke__video5.mp4;2060;9018;fire_smoke;/mnt/e/SyncData/paper2_main/datasets/UFireIndoorFull/test/test_firesmoke/VSD3__lb_mixed_firesmoke__video5.mp4;none;/mnt/e/SyncData/paper2_main/zout/reports/baseline_vs_accMotion/1GPU_SV__ds_UFireIndoorTest__mt_temp_method_motion_block__e1ccb7b889a0__20260401.144240;none;/mnt/e/SyncData/paper2_main/zout/reports/baseline_vs_accMotion/MainPC__ds_UFireIndoorTest__mt_no_temp_method__af4b0d32a3d2__20260330.205208
VSD3__lb_mixed_firesmoke__video5.mp4;2061;9018;fire_smoke;/mnt/e/SyncData/paper2_main/datasets/UFireIndoorFull/test/test_firesmoke/VSD3__lb_mixed_firesmoke__video5.mp4;none;/mnt/e/SyncData/paper2_main/zout/reports/baseline_vs_accMotion/1GPU_SV__ds_UFireIndoorTest__mt_temp_method_motion_block__e1ccb7b889a0__20260401.144240;none;/mnt/e/SyncData/paper2_main/zout/reports/baseline_vs_accMotion/MainPC__ds_UFireIndoorTest__mt_no_temp_method__af4b0d32a3d2__20260330.205208
VSD3__lb_mixed_firesmoke__video5.mp4;2062;9018;fire_smoke;/mnt/e/SyncData/paper2_main/datasets/UFireIndoorFull/test/test_firesmoke/VSD3__lb_mixed_firesmoke__video5.mp4;none;/mnt/e/SyncData/paper2_main/zout/reports/baseline_vs_accMotion/1GPU_SV__ds_UFireIndoorTest__mt_temp_method_motion_block__e1ccb7b889a0__20260401.144240;none;/mnt/e/SyncData/paper2_main/zout/reports/baseline_vs_accMotion/MainPC__ds_UFireIndoorTest__mt_no_temp_method__af4b0d32a3d2__20260330.205208
VSD3__lb_mixed_firesmoke__video5.mp4;2063;9018;fire_smoke;/mnt/e/SyncData/paper2_main/datasets/UFireIndoorFull/test/test_firesmoke/VSD3__lb_mixed_firesmoke__video5.mp4;none;/mnt/e/SyncData/paper2_main/zout/reports/baseline_vs_accMotion/1GPU_SV__ds_UFireIndoorTest__mt_temp_method_motion_block__e1ccb7b889a0__20260401.144240;none;/mnt/e/SyncData/paper2_main/zout/reports/baseline_vs_accMotion/MainPC__ds_UFireIndoorTest__mt_no_temp_method__af4b0d32a3d2__20260330.205208
VSD3__lb_mixed_firesmoke__video5.mp4;2064;9018;fire_smoke;/mnt/e/SyncData/paper2_main/datasets/UFireIndoorFull/test/test_firesmoke/VSD3__lb_mixed_firesmoke__video5.mp4;none;/mnt/e/SyncData/paper2_main/zout/reports/baseline_vs_accMotion/1GPU_SV__ds_UFireIndoorTest__mt_temp_method_motion_block__e1ccb7b889a0__20260401.144240;none;/mnt/e/SyncData/paper2_main/zout/reports/baseline_vs_accMotion/MainPC__ds_UFireIndoorTest__mt_no_temp_method__af4b0d32a3d2__20260330.205208
VSD3__lb_mixed_firesmoke__video5.mp4;2065;9018;fire_smoke;/mnt/e/SyncData/paper2_main/datasets/UFireIndoorFull/test/test_firesmoke/VSD3__lb_mixed_firesmoke__video5.mp4;none;/mnt/e/SyncData/paper2_main/zout/reports/baseline_vs_accMotion/1GPU_SV__ds_UFireIndoorTest__mt_temp_method_motion_block__e1ccb7b889a0__20260401.144240;none;/mnt/e/SyncData/paper2_main/zout/reports/baseline_vs_accMotion/MainPC__ds_UFireIndoorTest__mt_no_temp_method__af4b0d32a3d2__20260330.205208
VSD3__lb_mixed_firesmoke__video5.mp4;2066;9018;fire_smoke;/mnt/e/SyncData/paper2_main/datasets/UFireIndoorFull/test/test_firesmoke/VSD3__lb_mixed_firesmoke__video5.mp4;none;/mnt/e/SyncData/paper2_main/zout/reports/baseline_vs_accMotion/1GPU_SV__ds_UFireIndoorTest__mt_temp_method_motion_block__e1ccb7b889a0__20260401.144240;none;/mnt/e/SyncData/paper2_main/zout/reports/baseline_vs_accMotion/MainPC__ds_UFireIndoorTest__mt_no_temp_method__af4b0d32a3d2__20260330.205208
VSD3__lb_mixed_firesmoke__video5.mp4;2067;9018;fire_smoke;/mnt/e/SyncData/paper2_main/datasets/UFireIndoorFull/test/test_firesmoke/VSD3__lb_mixed_firesmoke__video5.mp4;none;/mnt/e/SyncData/paper2_main/zout/reports/baseline_vs_accMotion/1GPU_SV__ds_UFireIndoorTest__mt_temp_method_motion_block__e1ccb7b889a0__20260401.144240;none;/mnt/e/SyncData/paper2_main/zout/reports/baseline_vs_accMotion/MainPC__ds_UFireIndoorTest__mt_no_temp_method__af4b0d32a3d2__20260330.205208
VSD3__lb_mixed_firesmoke__video5.mp4;2068;9018;fire_smoke;/mnt/e/SyncData/paper2_main/datasets/UFireIndoorFull/test/test_firesmoke/VSD3__lb_mixed_firesmoke__video5.mp4;none;/mnt/e/SyncData/paper2_main/zout/reports/baseline_vs_accMotion/1GPU_SV__ds_UFireIndoorTest__mt_temp_method_motion_block__e1ccb7b889a0__20260401.144240;none;/mnt/e/SyncData/paper2_main/zout/reports/baseline_vs_accMotion/MainPC__ds_UFireIndoorTest__mt_no_temp_method__af4b0d32a3d2__20260330.205208
VSD3__lb_mixed_firesmoke__video5.mp4;2069;9018;fire_smoke;/mnt/e/SyncData/paper2_main/datasets/UFireIndoorFull/test/test_firesmoke/VSD3__lb_mixed_firesmoke__video5.mp4;none;/mnt/e/SyncData/paper2_main/zout/reports/baseline_vs_accMotion/1GPU_SV__ds_UFireIndoorTest__mt_temp_method_motion_block__e1ccb7b889a0__20260401.144240;none;/mnt/e/SyncData/paper2_main/zout/reports/baseline_vs_accMotion/MainPC__ds_UFireIndoorTest__mt_no_temp_method__af4b0d32a3d2__20260330.205208
VSD3__lb_mixed_firesmoke__video5.mp4;2070;9018;fire_smoke;/mnt/e/SyncData/paper2_main/datasets/UFireIndoorFull/test/test_firesmoke/VSD3__lb_mixed_firesmoke__video5.mp4;none;/mnt/e/SyncData/paper2_main/zout/reports/baseline_vs_accMotion/1GPU_SV__ds_UFireIndoorTest__mt_temp_method_motion_block__e1ccb7b889a0__20260401.144240;none;/mnt/e/SyncData/paper2_main/zout/reports/baseline_vs_accMotion/MainPC__ds_UFireIndoorTest__mt_no_temp_method__af4b0d32a3d2__20260330.205208
VSD3__lb_mixed_firesmoke__video5.mp4;2071;9018;fire_smoke;/mnt/e/SyncData/paper2_main/datasets/UFireIndoorFull/test/test_firesmoke/VSD3__lb_mixed_firesmoke__video5.mp4;none;/mnt/e/SyncData/paper2_main/zout/reports/baseline_vs_accMotion/1GPU_SV__ds_UFireIndoorTest__mt_temp_method_motion_block__e1ccb7b889a0__20260401.144240;none;/mnt/e/SyncData/paper2_main/zout/reports/baseline_vs_accMotion/MainPC__ds_UFireIndoorTest__mt_no_temp_method__af4b0d32a3d2__20260330.205208
VSD3__lb_mixed_firesmoke__video5.mp4;2072;9018;fire_smoke;/mnt/e/SyncData/paper2_main/datasets/UFireIndoorFull/test/test_firesmoke/VSD3__lb_mixed_firesmoke__video5.mp4;none;/mnt/e/SyncData/paper2_main/zout/reports/baseline_vs_accMotion/1GPU_SV__ds_UFireIndoorTest__mt_temp_method_motion_block__e1ccb7b889a0__20260401.144240;none;/mnt/e/SyncData/paper2_main/zout/reports/baseline_vs_accMotion/MainPC__ds_UFireIndoorTest__mt_no_temp_method__af4b0d32a3d2__20260330.205208
VSD3__lb_mixed_firesmoke__video5.mp4;2073;9018;fire_smoke;/mnt/e/SyncData/paper2_main/datasets/UFireIndoorFull/test/test_firesmoke/VSD3__lb_mixed_firesmoke__video5.mp4;none;/mnt/e/SyncData/paper2_main/zout/reports/baseline_vs_accMotion/1GPU_SV__ds_UFireIndoorTest__mt_temp_method_motion_block__e1ccb7b889a0__20260401.144240;none;/mnt/e/SyncData/paper2_main/zout/reports/baseline_vs_accMotion/MainPC__ds_UFireIndoorTest__mt_no_temp_method__af4b0d32a3d2__20260330.205208
VSD3__lb_mixed_firesmoke__video5.mp4;2074;9018;fire_smoke;/mnt/e/SyncData/paper2_main/datasets/UFireIndoorFull/test/test_firesmoke/VSD3__lb_mixed_firesmoke__video5.mp4;none;/mnt/e/SyncData/paper2_main/zout/reports/baseline_vs_accMotion/1GPU_SV__ds_UFireIndoorTest__mt_temp_method_motion_block__e1ccb7b889a0__20260401.144240;none;/mnt/e/SyncData/paper2_main/zout/reports/baseline_vs_accMotion/MainPC__ds_UFireIndoorTest__mt_no_temp_method__af4b0d32a3d2__20260330.205208
VSD3__lb_mixed_firesmoke__video5.mp4;2075;9018;fire_smoke;/mnt/e/SyncData/paper2_main/datasets/UFireIndoorFull/test/test_firesmoke/VSD3__lb_mixed_firesmoke__video5.mp4;none;/mnt/e/SyncData/paper2_main/zout/reports/baseline_vs_accMotion/1GPU_SV__ds_UFireIndoorTest__mt_temp_method_motion_block__e1ccb7b889a0__20260401.144240;none;/mnt/e/SyncData/paper2_main/zout/reports/baseline_vs_accMotion/MainPC__ds_UFireIndoorTest__mt_no_temp_method__af4b0d32a3d2__20260330.205208
VSD3__lb_mixed_firesmoke__video5.mp4;2076;9018;fire_smoke;/mnt/e/SyncData/paper2_main/datasets/UFireIndoorFull/test/test_firesmoke/VSD3__lb_mixed_firesmoke__video5.mp4;none;/mnt/e/SyncData/paper2_main/zout/reports/baseline_vs_accMotion/1GPU_SV__ds_UFireIndoorTest__mt_temp_method_motion_block__e1ccb7b889a0__20260401.144240;none;/mnt/e/SyncData/paper2_main/zout/reports/baseline_vs_accMotion/MainPC__ds_UFireIndoorTest__mt_no_temp_method__af4b0d32a3d2__20260330.205208
VSD3__lb_mixed_firesmoke__video5.mp4;2077;9018;fire_smoke;/mnt/e/SyncData/paper2_main/datasets/UFireIndoorFull/test/test_firesmoke/VSD3__lb_mixed_firesmoke__video5.mp4;none;/mnt/e/SyncData/paper2_main/zout/reports/baseline_vs_accMotion/1GPU_SV__ds_UFireIndoorTest__mt_temp_method_motion_block__e1ccb7b889a0__20260401.144240;none;/mnt/e/SyncData/paper2_main/zout/reports/baseline_vs_accMotion/MainPC__ds_UFireIndoorTest__mt_no_temp_method__af4b0d32a3d2__20260330.205208
VSD3__lb_mixed_firesmoke__video5.mp4;2078;9018;fire_smoke;/mnt/e/SyncData/paper2_main/datasets/UFireIndoorFull/test/test_firesmoke/VSD3__lb_mixed_firesmoke__video5.mp4;none;/mnt/e/SyncData/paper2_main/zout/reports/baseline_vs_accMotion/1GPU_SV__ds_UFireIndoorTest__mt_temp_method_motion_block__e1ccb7b889a0__20260401.144240;none;/mnt/e/SyncData/paper2_main/zout/reports/baseline_vs_accMotion/MainPC__ds_UFireIndoorTest__mt_no_temp_method__af4b0d32a3d2__20260330.205208
VSD3__lb_mixed_firesmoke__video5.mp4;2079;9018;fire_smoke;/mnt/e/SyncData/paper2_main/datasets/UFireIndoorFull/test/test_firesmoke/VSD3__lb_mixed_firesmoke__video5.mp4;none;/mnt/e/SyncData/paper2_main/zout/reports/baseline_vs_accMotion/1GPU_SV__ds_UFireIndoorTest__mt_temp_method_motion_block__e1ccb7b889a0__20260401.144240;none;/mnt/e/SyncData/paper2_main/zout/reports/baseline_vs_accMotion/MainPC__ds_UFireIndoorTest__mt_no_temp_method__af4b0d32a3d2__20260330.205208
VSD3__lb_mixed_firesmoke__video5.mp4;2080;9018;fire_smoke;/mnt/e/SyncData/paper2_main/datasets/UFireIndoorFull/test/test_firesmoke/VSD3__lb_mixed_firesmoke__video5.mp4;none;/mnt/e/SyncData/paper2_main/zout/reports/baseline_vs_accMotion/1GPU_SV__ds_UFireIndoorTest__mt_temp_method_motion_block__e1ccb7b889a0__20260401.144240;none;/mnt/e/SyncData/paper2_main/zout/reports/baseline_vs_accMotion/MainPC__ds_UFireIndoorTest__mt_no_temp_method__af4b0d32a3d2__20260330.205208
VSD3__lb_mixed_firesmoke__video5.mp4;2081;9018;fire_smoke;/mnt/e/SyncData/paper2_main/datasets/UFireIndoorFull/test/test_firesmoke/VSD3__lb_mixed_firesmoke__video5.mp4;none;/mnt/e/SyncData/paper2_main/zout/reports/baseline_vs_accMotion/1GPU_SV__ds_UFireIndoorTest__mt_temp_method_motion_block__e1ccb7b889a0__20260401.144240;none;/mnt/e/SyncData/paper2_main/zout/reports/baseline_vs_accMotion/MainPC__ds_UFireIndoorTest__mt_no_temp_method__af4b0d32a3d2__20260330.205208
VSD3__lb_mixed_firesmoke__video5.mp4;2082;9018;fire_smoke;/mnt/e/SyncData/paper2_main/datasets/UFireIndoorFull/test/test_firesmoke/VSD3__lb_mixed_firesmoke__video5.mp4;none;/mnt/e/SyncData/paper2_main/zout/reports/baseline_vs_accMotion/1GPU_SV__ds_UFireIndoorTest__mt_temp_method_motion_block__e1ccb7b889a0__20260401.144240;none;/mnt/e/SyncData/paper2_main/zout/reports/baseline_vs_accMotion/MainPC__ds_UFireIndoorTest__mt_no_temp_method__af4b0d32a3d2__20260330.205208
VSD3__lb_mixed_firesmoke__video5.mp4;2083;9018;fire_smoke;/mnt/e/SyncData/paper2_main/datasets/UFireIndoorFull/test/test_firesmoke/VSD3__lb_mixed_firesmoke__video5.mp4;none;/mnt/e/SyncData/paper2_main/zout/reports/baseline_vs_accMotion/1GPU_SV__ds_UFireIndoorTest__mt_temp_method_motion_block__e1ccb7b889a0__20260401.144240;none;/mnt/e/SyncData/paper2_main/zout/reports/baseline_vs_accMotion/MainPC__ds_UFireIndoorTest__mt_no_temp_method__af4b0d32a3d2__20260330.205208
VSD3__lb_mixed_firesmoke__video5.mp4;2084;9018;fire_smoke;/mnt/e/SyncData/paper2_main/datasets/UFireIndoorFull/test/test_firesmoke/VSD3__lb_mixed_firesmoke__video5.mp4;none;/mnt/e/SyncData/paper2_main/zout/reports/baseline_vs_accMotion/1GPU_SV__ds_UFireIndoorTest__mt_temp_method_motion_block__e1ccb7b889a0__20260401.144240;none;/mnt/e/SyncData/paper2_main/zout/reports/baseline_vs_accMotion/MainPC__ds_UFireIndoorTest__mt_no_temp_method__af4b0d32a3d2__20260330.205208
VSD3__lb_mixed_firesmoke__video5.mp4;2085;9018;fire_smoke;/mnt/e/SyncData/paper2_main/datasets/UFireIndoorFull/test/test_firesmoke/VSD3__lb_mixed_firesmoke__video5.mp4;none;/mnt/e/SyncData/paper2_main/zout/reports/baseline_vs_accMotion/1GPU_SV__ds_UFireIndoorTest__mt_temp_method_motion_block__e1ccb7b889a0__20260401.144240;none;/mnt/e/SyncData/paper2_main/zout/reports/baseline_vs_accMotion/MainPC__ds_UFireIndoorTest__mt_no_temp_method__af4b0d32a3d2__20260330.205208
VSD3__lb_mixed_firesmoke__video5.mp4;2086;9018;fire_smoke;/mnt/e/SyncData/paper2_main/datasets/UFireIndoorFull/test/test_firesmoke/VSD3__lb_mixed_firesmoke__video5.mp4;none;/mnt/e/SyncData/paper2_main/zout/reports/baseline_vs_accMotion/1GPU_SV__ds_UFireIndoorTest__mt_temp_method_motion_block__e1ccb7b889a0__20260401.144240;none;/mnt/e/SyncData/paper2_main/zout/reports/baseline_vs_accMotion/MainPC__ds_UFireIndoorTest__mt_no_temp_method__af4b0d32a3d2__20260330.205208
VSD3__lb_mixed_firesmoke__video5.mp4;2087;9018;fire_smoke;/mnt/e/SyncData/paper2_main/datasets/UFireIndoorFull/test/test_firesmoke/VSD3__lb_mixed_firesmoke__video5.mp4;none;/mnt/e/SyncData/paper2_main/zout/reports/baseline_vs_accMotion/1GPU_SV__ds_UFireIndoorTest__mt_temp_method_motion_block__e1ccb7b889a0__20260401.144240;none;/mnt/e/SyncData/paper2_main/zout/reports/baseline_vs_accMotion/MainPC__ds_UFireIndoorTest__mt_no_temp_method__af4b0d32a3d2__20260330.205208
VSD3__lb_mixed_firesmoke__video5.mp4;2088;9018;fire_smoke;/mnt/e/SyncData/paper2_main/datasets/UFireIndoorFull/test/test_firesmoke/VSD3__lb_mixed_firesmoke__video5.mp4;none;/mnt/e/SyncData/paper2_main/zout/reports/baseline_vs_accMotion/1GPU_SV__ds_UFireIndoorTest__mt_temp_method_motion_block__e1ccb7b889a0__20260401.144240;none;/mnt/e/SyncData/paper2_main/zout/reports/baseline_vs_accMotion/MainPC__ds_UFireIndoorTest__mt_no_temp_method__af4b0d32a3d2__20260330.205208
VSD3__lb_mixed_firesmoke__video5.mp4;2093;9018;fire_smoke;/mnt/e/SyncData/paper2_main/datasets/UFireIndoorFull/test/test_firesmoke/VSD3__lb_mixed_firesmoke__video5.mp4;none;/mnt/e/SyncData/paper2_main/zout/reports/baseline_vs_accMotion/1GPU_SV__ds_UFireIndoorTest__mt_temp_method_motion_block__e1ccb7b889a0__20260401.144240;none;/mnt/e/SyncData/paper2_main/zout/reports/baseline_vs_accMotion/MainPC__ds_UFireIndoorTest__mt_no_temp_method__af4b0d32a3d2__20260330.205208
VSD3__lb_mixed_firesmoke__video5.mp4;2094;9018;fire_smoke;/mnt/e/SyncData/paper2_main/datasets/UFireIndoorFull/test/test_firesmoke/VSD3__lb_mixed_firesmoke__video5.mp4;none;/mnt/e/SyncData/paper2_main/zout/reports/baseline_vs_accMotion/1GPU_SV__ds_UFireIndoorTest__mt_temp_method_motion_block__e1ccb7b889a0__20260401.144240;none;/mnt/e/SyncData/paper2_main/zout/reports/baseline_vs_accMotion/MainPC__ds_UFireIndoorTest__mt_no_temp_method__af4b0d32a3d2__20260330.205208
VSD3__lb_mixed_firesmoke__video5.mp4;2095;9018;fire_smoke;/mnt/e/SyncData/paper2_main/datasets/UFireIndoorFull/test/test_firesmoke/VSD3__lb_mixed_firesmoke__video5.mp4;none;/mnt/e/SyncData/paper2_main/zout/reports/baseline_vs_accMotion/1GPU_SV__ds_UFireIndoorTest__mt_temp_method_motion_block__e1ccb7b889a0__20260401.144240;none;/mnt/e/SyncData/paper2_main/zout/reports/baseline_vs_accMotion/MainPC__ds_UFireIndoorTest__mt_no_temp_method__af4b0d32a3d2__20260330.205208
VSD3__lb_mixed_firesmoke__video5.mp4;2096;9018;fire_smoke;/mnt/e/SyncData/paper2_main/datasets/UFireIndoorFull/test/test_firesmoke/VSD3__lb_mixed_firesmoke__video5.mp4;none;/mnt/e/SyncData/paper2_main/zout/reports/baseline_vs_accMotion/1GPU_SV__ds_UFireIndoorTest__mt_temp_method_motion_block__e1ccb7b889a0__20260401.144240;none;/mnt/e/SyncData/paper2_main/zout/reports/baseline_vs_accMotion/MainPC__ds_UFireIndoorTest__mt_no_temp_method__af4b0d32a3d2__20260330.205208
VSD3__lb_mixed_firesmoke__video5.mp4;2097;9018;fire_smoke;/mnt/e/SyncData/paper2_main/datasets/UFireIndoorFull/test/test_firesmoke/VSD3__lb_mixed_firesmoke__video5.mp4;none;/mnt/e/SyncData/paper2_main/zout/reports/baseline_vs_accMotion/1GPU_SV__ds_UFireIndoorTest__mt_temp_method_motion_block__e1ccb7b889a0__20260401.144240;none;/mnt/e/SyncData/paper2_main/zout/reports/baseline_vs_accMotion/MainPC__ds_UFireIndoorTest__mt_no_temp_method__af4b0d32a3d2__20260330.205208
VSD3__lb_mixed_firesmoke__video5.mp4;2098;9018;fire_smoke;/mnt/e/SyncData/paper2_main/datasets/UFireIndoorFull/test/test_firesmoke/VSD3__lb_mixed_firesmoke__video5.mp4;none;/mnt/e/SyncData/paper2_main/zout/reports/baseline_vs_accMotion/1GPU_SV__ds_UFireIndoorTest__mt_temp_method_motion_block__e1ccb7b889a0__20260401.144240;none;/mnt/e/SyncData/paper2_main/zout/reports/baseline_vs_accMotion/MainPC__ds_UFireIndoorTest__mt_no_temp_method__af4b0d32a3d2__20260330.205208
VSD3__lb_mixed_firesmoke__video5.mp4;2099;9018;fire_smoke;/mnt/e/SyncData/paper2_main/datasets/UFireIndoorFull/test/test_firesmoke/VSD3__lb_mixed_firesmoke__video5.mp4;none;/mnt/e/SyncData/paper2_main/zout/reports/baseline_vs_accMotion/1GPU_SV__ds_UFireIndoorTest__mt_temp_method_motion_block__e1ccb7b889a0__20260401.144240;none;/mnt/e/SyncData/paper2_main/zout/reports/baseline_vs_accMotion/MainPC__ds_UFireIndoorTest__mt_no_temp_method__af4b0d32a3d2__20260330.205208
VSD3__lb_mixed_firesmoke__video5.mp4;2100;9018;fire_smoke;/mnt/e/SyncData/paper2_main/datasets/UFireIndoorFull/test/test_firesmoke/VSD3__lb_mixed_firesmoke__video5.mp4;none;/mnt/e/SyncData/paper2_main/zout/reports/baseline_vs_accMotion/1GPU_SV__ds_UFireIndoorTest__mt_temp_method_motion_block__e1ccb7b889a0__20260401.144240;none;/mnt/e/SyncData/paper2_main/zout/reports/baseline_vs_accMotion/MainPC__ds_UFireIndoorTest__mt_no_temp_method__af4b0d32a3d2__20260330.205208
VSD3__lb_mixed_firesmoke__video5.mp4;2101;9018;fire_smoke;/mnt/e/SyncData/paper2_main/datasets/UFireIndoorFull/test/test_firesmoke/VSD3__lb_mixed_firesmoke__video5.mp4;none;/mnt/e/SyncData/paper2_main/zout/reports/baseline_vs_accMotion/1GPU_SV__ds_UFireIndoorTest__mt_temp_method_motion_block__e1ccb7b889a0__20260401.144240;none;/mnt/e/SyncData/paper2_main/zout/reports/baseline_vs_accMotion/MainPC__ds_UFireIndoorTest__mt_no_temp_method__af4b0d32a3d2__20260330.205208
VSD3__lb_mixed_firesmoke__video5.mp4;2102;9018;fire_smoke;/mnt/e/SyncData/paper2_main/datasets/UFireIndoorFull/test/test_firesmoke/VSD3__lb_mixed_firesmoke__video5.mp4;none;/mnt/e/SyncData/paper2_main/zout/reports/baseline_vs_accMotion/1GPU_SV__ds_UFireIndoorTest__mt_temp_method_motion_block__e1ccb7b889a0__20260401.144240;none;/mnt/e/SyncData/paper2_main/zout/reports/baseline_vs_accMotion/MainPC__ds_UFireIndoorTest__mt_no_temp_method__af4b0d32a3d2__20260330.205208
VSD3__lb_mixed_firesmoke__video5.mp4;2103;9018;fire_smoke;/mnt/e/SyncData/paper2_main/datasets/UFireIndoorFull/test/test_firesmoke/VSD3__lb_mixed_firesmoke__video5.mp4;none;/mnt/e/SyncData/paper2_main/zout/reports/baseline_vs_accMotion/1GPU_SV__ds_UFireIndoorTest__mt_temp_method_motion_block__e1ccb7b889a0__20260401.144240;none;/mnt/e/SyncData/paper2_main/zout/reports/baseline_vs_accMotion/MainPC__ds_UFireIndoorTest__mt_no_temp_method__af4b0d32a3d2__20260330.205208
VSD3__lb_mixed_firesmoke__video5.mp4;2104;9018;fire_smoke;/mnt/e/SyncData/paper2_main/datasets/UFireIndoorFull/test/test_firesmoke/VSD3__lb_mixed_firesmoke__video5.mp4;none;/mnt/e/SyncData/paper2_main/zout/reports/baseline_vs_accMotion/1GPU_SV__ds_UFireIndoorTest__mt_temp_method_motion_block__e1ccb7b889a0__20260401.144240;none;/mnt/e/SyncData/paper2_main/zout/reports/baseline_vs_accMotion/MainPC__ds_UFireIndoorTest__mt_no_temp_method__af4b0d32a3d2__20260330.205208
VSD3__lb_mixed_firesmoke__video5.mp4;2105;9018;fire_smoke;/mnt/e/SyncData/paper2_main/datasets/UFireIndoorFull/test/test_firesmoke/VSD3__lb_mixed_firesmoke__video5.mp4;none;/mnt/e/SyncData/paper2_main/zout/reports/baseline_vs_accMotion/1GPU_SV__ds_UFireIndoorTest__mt_temp_method_motion_block__e1ccb7b889a0__20260401.144240;none;/mnt/e/SyncData/paper2_main/zout/reports/baseline_vs_accMotion/MainPC__ds_UFireIndoorTest__mt_no_temp_method__af4b0d32a3d2__20260330.205208
VSD3__lb_mixed_firesmoke__video5.mp4;2106;9018;fire_smoke;/mnt/e/SyncData/paper2_main/datasets/UFireIndoorFull/test/test_firesmoke/VSD3__lb_mixed_firesmoke__video5.mp4;none;/mnt/e/SyncData/paper2_main/zout/reports/baseline_vs_accMotion/1GPU_SV__ds_UFireIndoorTest__mt_temp_method_motion_block__e1ccb7b889a0__20260401.144240;none;/mnt/e/SyncData/paper2_main/zout/reports/baseline_vs_accMotion/MainPC__ds_UFireIndoorTest__mt_no_temp_method__af4b0d32a3d2__20260330.205208
VSD3__lb_mixed_firesmoke__video5.mp4;2107;9018;fire_smoke;/mnt/e/SyncData/paper2_main/datasets/UFireIndoorFull/test/test_firesmoke/VSD3__lb_mixed_firesmoke__video5.mp4;none;/mnt/e/SyncData/paper2_main/zout/reports/baseline_vs_accMotion/1GPU_SV__ds_UFireIndoorTest__mt_temp_method_motion_block__e1ccb7b889a0__20260401.144240;none;/mnt/e/SyncData/paper2_main/zout/reports/baseline_vs_accMotion/MainPC__ds_UFireIndoorTest__mt_no_temp_method__af4b0d32a3d2__20260330.205208
VSD3__lb_mixed_firesmoke__video5.mp4;2108;9018;fire_smoke;/mnt/e/SyncData/paper2_main/datasets/UFireIndoorFull/test/test_firesmoke/VSD3__lb_mixed_firesmoke__video5.mp4;none;/mnt/e/SyncData/paper2_main/zout/reports/baseline_vs_accMotion/1GPU_SV__ds_UFireIndoorTest__mt_temp_method_motion_block__e1ccb7b889a0__20260401.144240;none;/mnt/e/SyncData/paper2_main/zout/reports/baseline_vs_accMotion/MainPC__ds_UFireIndoorTest__mt_no_temp_method__af4b0d32a3d2__20260330.205208
VSD3__lb_mixed_firesmoke__video5.mp4;2111;9018;fire_smoke;/mnt/e/SyncData/paper2_main/datasets/UFireIndoorFull/test/test_firesmoke/VSD3__lb_mixed_firesmoke__video5.mp4;none;/mnt/e/SyncData/paper2_main/zout/reports/baseline_vs_accMotion/1GPU_SV__ds_UFireIndoorTest__mt_temp_method_motion_block__e1ccb7b889a0__20260401.144240;none;/mnt/e/SyncData/paper2_main/zout/reports/baseline_vs_accMotion/MainPC__ds_UFireIndoorTest__mt_no_temp_method__af4b0d32a3d2__20260330.205208
VSD3__lb_mixed_firesmoke__video5.mp4;2112;9018;fire_smoke;/mnt/e/SyncData/paper2_main/datasets/UFireIndoorFull/test/test_firesmoke/VSD3__lb_mixed_firesmoke__video5.mp4;none;/mnt/e/SyncData/paper2_main/zout/reports/baseline_vs_accMotion/1GPU_SV__ds_UFireIndoorTest__mt_temp_method_motion_block__e1ccb7b889a0__20260401.144240;none;/mnt/e/SyncData/paper2_main/zout/reports/baseline_vs_accMotion/MainPC__ds_UFireIndoorTest__mt_no_temp_method__af4b0d32a3d2__20260330.205208
VSD3__lb_mixed_firesmoke__video5.mp4;2113;9018;fire_smoke;/mnt/e/SyncData/paper2_main/datasets/UFireIndoorFull/test/test_firesmoke/VSD3__lb_mixed_firesmoke__video5.mp4;none;/mnt/e/SyncData/paper2_main/zout/reports/baseline_vs_accMotion/1GPU_SV__ds_UFireIndoorTest__mt_temp_method_motion_block__e1ccb7b889a0__20260401.144240;none;/mnt/e/SyncData/paper2_main/zout/reports/baseline_vs_accMotion/MainPC__ds_UFireIndoorTest__mt_no_temp_method__af4b0d32a3d2__20260330.205208
VSD3__lb_mixed_firesmoke__video5.mp4;2114;9018;fire_smoke;/mnt/e/SyncData/paper2_main/datasets/UFireIndoorFull/test/test_firesmoke/VSD3__lb_mixed_firesmoke__video5.mp4;none;/mnt/e/SyncData/paper2_main/zout/reports/baseline_vs_accMotion/1GPU_SV__ds_UFireIndoorTest__mt_temp_method_motion_block__e1ccb7b889a0__20260401.144240;none;/mnt/e/SyncData/paper2_main/zout/reports/baseline_vs_accMotion/MainPC__ds_UFireIndoorTest__mt_no_temp_method__af4b0d32a3d2__20260330.205208
VSD3__lb_mixed_firesmoke__video5.mp4;2115;9018;fire_smoke;/mnt/e/SyncData/paper2_main/datasets/UFireIndoorFull/test/test_firesmoke/VSD3__lb_mixed_firesmoke__video5.mp4;none;/mnt/e/SyncData/paper2_main/zout/reports/baseline_vs_accMotion/1GPU_SV__ds_UFireIndoorTest__mt_temp_method_motion_block__e1ccb7b889a0__20260401.144240;none;/mnt/e/SyncData/paper2_main/zout/reports/baseline_vs_accMotion/MainPC__ds_UFireIndoorTest__mt_no_temp_method__af4b0d32a3d2__20260330.205208
VSD3__lb_mixed_firesmoke__video5.mp4;2116;9018;fire_smoke;/mnt/e/SyncData/paper2_main/datasets/UFireIndoorFull/test/test_firesmoke/VSD3__lb_mixed_firesmoke__video5.mp4;none;/mnt/e/SyncData/paper2_main/zout/reports/baseline_vs_accMotion/1GPU_SV__ds_UFireIndoorTest__mt_temp_method_motion_block__e1ccb7b889a0__20260401.144240;none;/mnt/e/SyncData/paper2_main/zout/reports/baseline_vs_accMotion/MainPC__ds_UFireIndoorTest__mt_no_temp_method__af4b0d32a3d2__20260330.205208
VSD3__lb_mixed_firesmoke__video5.mp4;2117;9018;fire_smoke;/mnt/e/SyncData/paper2_main/datasets/UFireIndoorFull/test/test_firesmoke/VSD3__lb_mixed_firesmoke__video5.mp4;none;/mnt/e/SyncData/paper2_main/zout/reports/baseline_vs_accMotion/1GPU_SV__ds_UFireIndoorTest__mt_temp_method_motion_block__e1ccb7b889a0__20260401.144240;none;/mnt/e/SyncData/paper2_main/zout/reports/baseline_vs_accMotion/MainPC__ds_UFireIndoorTest__mt_no_temp_method__af4b0d32a3d2__20260330.205208
VSD3__lb_mixed_firesmoke__video5.mp4;2118;9018;fire_smoke;/mnt/e/SyncData/paper2_main/datasets/UFireIndoorFull/test/test_firesmoke/VSD3__lb_mixed_firesmoke__video5.mp4;none;/mnt/e/SyncData/paper2_main/zout/reports/baseline_vs_accMotion/1GPU_SV__ds_UFireIndoorTest__mt_temp_method_motion_block__e1ccb7b889a0__20260401.144240;none;/mnt/e/SyncData/paper2_main/zout/reports/baseline_vs_accMotion/MainPC__ds_UFireIndoorTest__mt_no_temp_method__af4b0d32a3d2__20260330.205208
VSD3__lb_mixed_firesmoke__video5.mp4;2119;9018;fire_smoke;/mnt/e/SyncData/paper2_main/datasets/UFireIndoorFull/test/test_firesmoke/VSD3__lb_mixed_firesmoke__video5.mp4;none;/mnt/e/SyncData/paper2_main/zout/reports/baseline_vs_accMotion/1GPU_SV__ds_UFireIndoorTest__mt_temp_method_motion_block__e1ccb7b889a0__20260401.144240;none;/mnt/e/SyncData/paper2_main/zout/reports/baseline_vs_accMotion/MainPC__ds_UFireIndoorTest__mt_no_temp_method__af4b0d32a3d2__20260330.205208
VSD3__lb_mixed_firesmoke__video5.mp4;2120;9018;fire_smoke;/mnt/e/SyncData/paper2_main/datasets/UFireIndoorFull/test/test_firesmoke/VSD3__lb_mixed_firesmoke__video5.mp4;none;/mnt/e/SyncData/paper2_main/zout/reports/baseline_vs_accMotion/1GPU_SV__ds_UFireIndoorTest__mt_temp_method_motion_block__e1ccb7b889a0__20260401.144240;none;/mnt/e/SyncData/paper2_main/zout/reports/baseline_vs_accMotion/MainPC__ds_UFireIndoorTest__mt_no_temp_method__af4b0d32a3d2__20260330.205208
VSD3__lb_mixed_firesmoke__video5.mp4;2121;9018;fire_smoke;/mnt/e/SyncData/paper2_main/datasets/UFireIndoorFull/test/test_firesmoke/VSD3__lb_mixed_firesmoke__video5.mp4;none;/mnt/e/SyncData/paper2_main/zout/reports/baseline_vs_accMotion/1GPU_SV__ds_UFireIndoorTest__mt_temp_method_motion_block__e1ccb7b889a0__20260401.144240;none;/mnt/e/SyncData/paper2_main/zout/reports/baseline_vs_accMotion/MainPC__ds_UFireIndoorTest__mt_no_temp_method__af4b0d32a3d2__20260330.205208
VSD3__lb_mixed_firesmoke__video5.mp4;2122;9018;fire_smoke;/mnt/e/SyncData/paper2_main/datasets/UFireIndoorFull/test/test_firesmoke/VSD3__lb_mixed_firesmoke__video5.mp4;none;/mnt/e/SyncData/paper2_main/zout/reports/baseline_vs_accMotion/1GPU_SV__ds_UFireIndoorTest__mt_temp_method_motion_block__e1ccb7b889a0__20260401.144240;none;/mnt/e/SyncData/paper2_main/zout/reports/baseline_vs_accMotion/MainPC__ds_UFireIndoorTest__mt_no_temp_method__af4b0d32a3d2__20260330.205208
VSD3__lb_mixed_firesmoke__video5.mp4;2123;9018;fire_smoke;/mnt/e/SyncData/paper2_main/datasets/UFireIndoorFull/test/test_firesmoke/VSD3__lb_mixed_firesmoke__video5.mp4;none;/mnt/e/SyncData/paper2_main/zout/reports/baseline_vs_accMotion/1GPU_SV__ds_UFireIndoorTest__mt_temp_method_motion_block__e1ccb7b889a0__20260401.144240;none;/mnt/e/SyncData/paper2_main/zout/reports/baseline_vs_accMotion/MainPC__ds_UFireIndoorTest__mt_no_temp_method__af4b0d32a3d2__20260330.205208
VSD3__lb_mixed_firesmoke__video5.mp4;2124;9018;fire_smoke;/mnt/e/SyncData/paper2_main/datasets/UFireIndoorFull/test/test_firesmoke/VSD3__lb_mixed_firesmoke__video5.mp4;none;/mnt/e/SyncData/paper2_main/zout/reports/baseline_vs_accMotion/1GPU_SV__ds_UFireIndoorTest__mt_temp_method_motion_block__e1ccb7b889a0__20260401.144240;none;/mnt/e/SyncData/paper2_main/zout/reports/baseline_vs_accMotion/MainPC__ds_UFireIndoorTest__mt_no_temp_method__af4b0d32a3d2__20260330.205208
VSD3__lb_mixed_firesmoke__video5.mp4;2129;9018;fire_smoke;/mnt/e/SyncData/paper2_main/datasets/UFireIndoorFull/test/test_firesmoke/VSD3__lb_mixed_firesmoke__video5.mp4;none;/mnt/e/SyncData/paper2_main/zout/reports/baseline_vs_accMotion/1GPU_SV__ds_UFireIndoorTest__mt_temp_method_motion_block__e1ccb7b889a0__20260401.144240;none;/mnt/e/SyncData/paper2_main/zout/reports/baseline_vs_accMotion/MainPC__ds_UFireIndoorTest__mt_no_temp_method__af4b0d32a3d2__20260330.205208
VSD3__lb_mixed_firesmoke__video5.mp4;2130;9018;fire_smoke;/mnt/e/SyncData/paper2_main/datasets/UFireIndoorFull/test/test_firesmoke/VSD3__lb_mixed_firesmoke__video5.mp4;none;/mnt/e/SyncData/paper2_main/zout/reports/baseline_vs_accMotion/1GPU_SV__ds_UFireIndoorTest__mt_temp_method_motion_block__e1ccb7b889a0__20260401.144240;none;/mnt/e/SyncData/paper2_main/zout/reports/baseline_vs_accMotion/MainPC__ds_UFireIndoorTest__mt_no_temp_method__af4b0d32a3d2__20260330.205208
VSD3__lb_mixed_firesmoke__video5.mp4;2131;9018;fire_smoke;/mnt/e/SyncData/paper2_main/datasets/UFireIndoorFull/test/test_firesmoke/VSD3__lb_mixed_firesmoke__video5.mp4;none;/mnt/e/SyncData/paper2_main/zout/reports/baseline_vs_accMotion/1GPU_SV__ds_UFireIndoorTest__mt_temp_method_motion_block__e1ccb7b889a0__20260401.144240;none;/mnt/e/SyncData/paper2_main/zout/reports/baseline_vs_accMotion/MainPC__ds_UFireIndoorTest__mt_no_temp_method__af4b0d32a3d2__20260330.205208
VSD3__lb_mixed_firesmoke__video5.mp4;2132;9018;fire_smoke;/mnt/e/SyncData/paper2_main/datasets/UFireIndoorFull/test/test_firesmoke/VSD3__lb_mixed_firesmoke__video5.mp4;none;/mnt/e/SyncData/paper2_main/zout/reports/baseline_vs_accMotion/1GPU_SV__ds_UFireIndoorTest__mt_temp_method_motion_block__e1ccb7b889a0__20260401.144240;none;/mnt/e/SyncData/paper2_main/zout/reports/baseline_vs_accMotion/MainPC__ds_UFireIndoorTest__mt_no_temp_method__af4b0d32a3d2__20260330.205208
VSD3__lb_mixed_firesmoke__video5.mp4;2133;9018;fire_smoke;/mnt/e/SyncData/paper2_main/datasets/UFireIndoorFull/test/test_firesmoke/VSD3__lb_mixed_firesmoke__video5.mp4;none;/mnt/e/SyncData/paper2_main/zout/reports/baseline_vs_accMotion/1GPU_SV__ds_UFireIndoorTest__mt_temp_method_motion_block__e1ccb7b889a0__20260401.144240;none;/mnt/e/SyncData/paper2_main/zout/reports/baseline_vs_accMotion/MainPC__ds_UFireIndoorTest__mt_no_temp_method__af4b0d32a3d2__20260330.205208
VSD3__lb_mixed_firesmoke__video5.mp4;2134;9018;fire_smoke;/mnt/e/SyncData/paper2_main/datasets/UFireIndoorFull/test/test_firesmoke/VSD3__lb_mixed_firesmoke__video5.mp4;none;/mnt/e/SyncData/paper2_main/zout/reports/baseline_vs_accMotion/1GPU_SV__ds_UFireIndoorTest__mt_temp_method_motion_block__e1ccb7b889a0__20260401.144240;none;/mnt/e/SyncData/paper2_main/zout/reports/baseline_vs_accMotion/MainPC__ds_UFireIndoorTest__mt_no_temp_method__af4b0d32a3d2__20260330.205208
VSD3__lb_mixed_firesmoke__video5.mp4;2135;9018;fire_smoke;/mnt/e/SyncData/paper2_main/datasets/UFireIndoorFull/test/test_firesmoke/VSD3__lb_mixed_firesmoke__video5.mp4;none;/mnt/e/SyncData/paper2_main/zout/reports/baseline_vs_accMotion/1GPU_SV__ds_UFireIndoorTest__mt_temp_method_motion_block__e1ccb7b889a0__20260401.144240;none;/mnt/e/SyncData/paper2_main/zout/reports/baseline_vs_accMotion/MainPC__ds_UFireIndoorTest__mt_no_temp_method__af4b0d32a3d2__20260330.205208
VSD3__lb_mixed_firesmoke__video5.mp4;2136;9018;fire_smoke;/mnt/e/SyncData/paper2_main/datasets/UFireIndoorFull/test/test_firesmoke/VSD3__lb_mixed_firesmoke__video5.mp4;none;/mnt/e/SyncData/paper2_main/zout/reports/baseline_vs_accMotion/1GPU_SV__ds_UFireIndoorTest__mt_temp_method_motion_block__e1ccb7b889a0__20260401.144240;none;/mnt/e/SyncData/paper2_main/zout/reports/baseline_vs_accMotion/MainPC__ds_UFireIndoorTest__mt_no_temp_method__af4b0d32a3d2__20260330.205208
VSD3__lb_mixed_firesmoke__video5.mp4;2137;9018;fire_smoke;/mnt/e/SyncData/paper2_main/datasets/UFireIndoorFull/test/test_firesmoke/VSD3__lb_mixed_firesmoke__video5.mp4;none;/mnt/e/SyncData/paper2_main/zout/reports/baseline_vs_accMotion/1GPU_SV__ds_UFireIndoorTest__mt_temp_method_motion_block__e1ccb7b889a0__20260401.144240;none;/mnt/e/SyncData/paper2_main/zout/reports/baseline_vs_accMotion/MainPC__ds_UFireIndoorTest__mt_no_temp_method__af4b0d32a3d2__20260330.205208
VSD3__lb_mixed_firesmoke__video5.mp4;2138;9018;fire_smoke;/mnt/e/SyncData/paper2_main/datasets/UFireIndoorFull/test/test_firesmoke/VSD3__lb_mixed_firesmoke__video5.mp4;none;/mnt/e/SyncData/paper2_main/zout/reports/baseline_vs_accMotion/1GPU_SV__ds_UFireIndoorTest__mt_temp_method_motion_block__e1ccb7b889a0__20260401.144240;none;/mnt/e/SyncData/paper2_main/zout/reports/baseline_vs_accMotion/MainPC__ds_UFireIndoorTest__mt_no_temp_method__af4b0d32a3d2__20260330.205208
VSD3__lb_mixed_firesmoke__video5.mp4;2139;9018;fire_smoke;/mnt/e/SyncData/paper2_main/datasets/UFireIndoorFull/test/test_firesmoke/VSD3__lb_mixed_firesmoke__video5.mp4;none;/mnt/e/SyncData/paper2_main/zout/reports/baseline_vs_accMotion/1GPU_SV__ds_UFireIndoorTest__mt_temp_method_motion_block__e1ccb7b889a0__20260401.144240;none;/mnt/e/SyncData/paper2_main/zout/reports/baseline_vs_accMotion/MainPC__ds_UFireIndoorTest__mt_no_temp_method__af4b0d32a3d2__20260330.205208
VSD3__lb_mixed_firesmoke__video5.mp4;2140;9018;fire_smoke;/mnt/e/SyncData/paper2_main/datasets/UFireIndoorFull/test/test_firesmoke/VSD3__lb_mixed_firesmoke__video5.mp4;none;/mnt/e/SyncData/paper2_main/zout/reports/baseline_vs_accMotion/1GPU_SV__ds_UFireIndoorTest__mt_temp_method_motion_block__e1ccb7b889a0__20260401.144240;none;/mnt/e/SyncData/paper2_main/zout/reports/baseline_vs_accMotion/MainPC__ds_UFireIndoorTest__mt_no_temp_method__af4b0d32a3d2__20260330.205208
VSD3__lb_mixed_firesmoke__video5.mp4;2141;9018;fire_smoke;/mnt/e/SyncData/paper2_main/datasets/UFireIndoorFull/test/test_firesmoke/VSD3__lb_mixed_firesmoke__video5.mp4;none;/mnt/e/SyncData/paper2_main/zout/reports/baseline_vs_accMotion/1GPU_SV__ds_UFireIndoorTest__mt_temp_method_motion_block__e1ccb7b889a0__20260401.144240;none;/mnt/e/SyncData/paper2_main/zout/reports/baseline_vs_accMotion/MainPC__ds_UFireIndoorTest__mt_no_temp_method__af4b0d32a3d2__20260330.205208
VSD3__lb_mixed_firesmoke__video5.mp4;2142;9018;fire_smoke;/mnt/e/SyncData/paper2_main/datasets/UFireIndoorFull/test/test_firesmoke/VSD3__lb_mixed_firesmoke__video5.mp4;none;/mnt/e/SyncData/paper2_main/zout/reports/baseline_vs_accMotion/1GPU_SV__ds_UFireIndoorTest__mt_temp_method_motion_block__e1ccb7b889a0__20260401.144240;none;/mnt/e/SyncData/paper2_main/zout/reports/baseline_vs_accMotion/MainPC__ds_UFireIndoorTest__mt_no_temp_method__af4b0d32a3d2__20260330.205208
VSD3__lb_mixed_firesmoke__video5.mp4;2143;9018;fire_smoke;/mnt/e/SyncData/paper2_main/datasets/UFireIndoorFull/test/test_firesmoke/VSD3__lb_mixed_firesmoke__video5.mp4;none;/mnt/e/SyncData/paper2_main/zout/reports/baseline_vs_accMotion/1GPU_SV__ds_UFireIndoorTest__mt_temp_method_motion_block__e1ccb7b889a0__20260401.144240;none;/mnt/e/SyncData/paper2_main/zout/reports/baseline_vs_accMotion/MainPC__ds_UFireIndoorTest__mt_no_temp_method__af4b0d32a3d2__20260330.205208
VSD3__lb_mixed_firesmoke__video5.mp4;2144;9018;fire_smoke;/mnt/e/SyncData/paper2_main/datasets/UFireIndoorFull/test/test_firesmoke/VSD3__lb_mixed_firesmoke__video5.mp4;none;/mnt/e/SyncData/paper2_main/zout/reports/baseline_vs_accMotion/1GPU_SV__ds_UFireIndoorTest__mt_temp_method_motion_block__e1ccb7b889a0__20260401.144240;none;/mnt/e/SyncData/paper2_main/zout/reports/baseline_vs_accMotion/MainPC__ds_UFireIndoorTest__mt_no_temp_method__af4b0d32a3d2__20260330.205208
VSD3__lb_mixed_firesmoke__video5.mp4;2145;9018;fire_smoke;/mnt/e/SyncData/paper2_main/datasets/UFireIndoorFull/test/test_firesmoke/VSD3__lb_mixed_firesmoke__video5.mp4;none;/mnt/e/SyncData/paper2_main/zout/reports/baseline_vs_accMotion/1GPU_SV__ds_UFireIndoorTest__mt_temp_method_motion_block__e1ccb7b889a0__20260401.144240;none;/mnt/e/SyncData/paper2_main/zout/reports/baseline_vs_accMotion/MainPC__ds_UFireIndoorTest__mt_no_temp_method__af4b0d32a3d2__20260330.205208
VSD3__lb_mixed_firesmoke__video5.mp4;2146;9018;fire_smoke;/mnt/e/SyncData/paper2_main/datasets/UFireIndoorFull/test/test_firesmoke/VSD3__lb_mixed_firesmoke__video5.mp4;none;/mnt/e/SyncData/paper2_main/zout/reports/baseline_vs_accMotion/1GPU_SV__ds_UFireIndoorTest__mt_temp_method_motion_block__e1ccb7b889a0__20260401.144240;none;/mnt/e/SyncData/paper2_main/zout/reports/baseline_vs_accMotion/MainPC__ds_UFireIndoorTest__mt_no_temp_method__af4b0d32a3d2__20260330.205208
VSD3__lb_mixed_firesmoke__video5.mp4;2147;9018;fire_smoke;/mnt/e/SyncData/paper2_main/datasets/UFireIndoorFull/test/test_firesmoke/VSD3__lb_mixed_firesmoke__video5.mp4;none;/mnt/e/SyncData/paper2_main/zout/reports/baseline_vs_accMotion/1GPU_SV__ds_UFireIndoorTest__mt_temp_method_motion_block__e1ccb7b889a0__20260401.144240;none;/mnt/e/SyncData/paper2_main/zout/reports/baseline_vs_accMotion/MainPC__ds_UFireIndoorTest__mt_no_temp_method__af4b0d32a3d2__20260330.205208
VSD3__lb_mixed_firesmoke__video5.mp4;2148;9018;fire_smoke;/mnt/e/SyncData/paper2_main/datasets/UFireIndoorFull/test/test_firesmoke/VSD3__lb_mixed_firesmoke__video5.mp4;none;/mnt/e/SyncData/paper2_main/zout/reports/baseline_vs_accMotion/1GPU_SV__ds_UFireIndoorTest__mt_temp_method_motion_block__e1ccb7b889a0__20260401.144240;none;/mnt/e/SyncData/paper2_main/zout/reports/baseline_vs_accMotion/MainPC__ds_UFireIndoorTest__mt_no_temp_method__af4b0d32a3d2__20260330.205208
VSD3__lb_mixed_firesmoke__video5.mp4;2149;9018;fire_smoke;/mnt/e/SyncData/paper2_main/datasets/UFireIndoorFull/test/test_firesmoke/VSD3__lb_mixed_firesmoke__video5.mp4;none;/mnt/e/SyncData/paper2_main/zout/reports/baseline_vs_accMotion/1GPU_SV__ds_UFireIndoorTest__mt_temp_method_motion_block__e1ccb7b889a0__20260401.144240;none;/mnt/e/SyncData/paper2_main/zout/reports/baseline_vs_accMotion/MainPC__ds_UFireIndoorTest__mt_no_temp_method__af4b0d32a3d2__20260330.205208
VSD3__lb_mixed_firesmoke__video5.mp4;2150;9018;fire_smoke;/mnt/e/SyncData/paper2_main/datasets/UFireIndoorFull/test/test_firesmoke/VSD3__lb_mixed_firesmoke__video5.mp4;none;/mnt/e/SyncData/paper2_main/zout/reports/baseline_vs_accMotion/1GPU_SV__ds_UFireIndoorTest__mt_temp_method_motion_block__e1ccb7b889a0__20260401.144240;none;/mnt/e/SyncData/paper2_main/zout/reports/baseline_vs_accMotion/MainPC__ds_UFireIndoorTest__mt_no_temp_method__af4b0d32a3d2__20260330.205208
VSD3__lb_mixed_firesmoke__video5.mp4;2151;9018;fire_smoke;/mnt/e/SyncData/paper2_main/datasets/UFireIndoorFull/test/test_firesmoke/VSD3__lb_mixed_firesmoke__video5.mp4;none;/mnt/e/SyncData/paper2_main/zout/reports/baseline_vs_accMotion/1GPU_SV__ds_UFireIndoorTest__mt_temp_method_motion_block__e1ccb7b889a0__20260401.144240;none;/mnt/e/SyncData/paper2_main/zout/reports/baseline_vs_accMotion/MainPC__ds_UFireIndoorTest__mt_no_temp_method__af4b0d32a3d2__20260330.205208
VSD3__lb_mixed_firesmoke__video5.mp4;2152;9018;fire_smoke;/mnt/e/SyncData/paper2_main/datasets/UFireIndoorFull/test/test_firesmoke/VSD3__lb_mixed_firesmoke__video5.mp4;none;/mnt/e/SyncData/paper2_main/zout/reports/baseline_vs_accMotion/1GPU_SV__ds_UFireIndoorTest__mt_temp_method_motion_block__e1ccb7b889a0__20260401.144240;none;/mnt/e/SyncData/paper2_main/zout/reports/baseline_vs_accMotion/MainPC__ds_UFireIndoorTest__mt_no_temp_method__af4b0d32a3d2__20260330.205208
VSD3__lb_mixed_firesmoke__video5.mp4;2153;9018;fire_smoke;/mnt/e/SyncData/paper2_main/datasets/UFireIndoorFull/test/test_firesmoke/VSD3__lb_mixed_firesmoke__video5.mp4;none;/mnt/e/SyncData/paper2_main/zout/reports/baseline_vs_accMotion/1GPU_SV__ds_UFireIndoorTest__mt_temp_method_motion_block__e1ccb7b889a0__20260401.144240;none;/mnt/e/SyncData/paper2_main/zout/reports/baseline_vs_accMotion/MainPC__ds_UFireIndoorTest__mt_no_temp_method__af4b0d32a3d2__20260330.205208
VSD3__lb_mixed_firesmoke__video5.mp4;2154;9018;fire_smoke;/mnt/e/SyncData/paper2_main/datasets/UFireIndoorFull/test/test_firesmoke/VSD3__lb_mixed_firesmoke__video5.mp4;none;/mnt/e/SyncData/paper2_main/zout/reports/baseline_vs_accMotion/1GPU_SV__ds_UFireIndoorTest__mt_temp_method_motion_block__e1ccb7b889a0__20260401.144240;none;/mnt/e/SyncData/paper2_main/zout/reports/baseline_vs_accMotion/MainPC__ds_UFireIndoorTest__mt_no_temp_method__af4b0d32a3d2__20260330.205208
VSD3__lb_mixed_firesmoke__video5.mp4;2159;9018;fire_smoke;/mnt/e/SyncData/paper2_main/datasets/UFireIndoorFull/test/test_firesmoke/VSD3__lb_mixed_firesmoke__video5.mp4;none;/mnt/e/SyncData/paper2_main/zout/reports/baseline_vs_accMotion/1GPU_SV__ds_UFireIndoorTest__mt_temp_method_motion_block__e1ccb7b889a0__20260401.144240;none;/mnt/e/SyncData/paper2_main/zout/reports/baseline_vs_accMotion/MainPC__ds_UFireIndoorTest__mt_no_temp_method__af4b0d32a3d2__20260330.205208
VSD3__lb_mixed_firesmoke__video5.mp4;2160;9018;fire_smoke;/mnt/e/SyncData/paper2_main/datasets/UFireIndoorFull/test/test_firesmoke/VSD3__lb_mixed_firesmoke__video5.mp4;none;/mnt/e/SyncData/paper2_main/zout/reports/baseline_vs_accMotion/1GPU_SV__ds_UFireIndoorTest__mt_temp_method_motion_block__e1ccb7b889a0__20260401.144240;none;/mnt/e/SyncData/paper2_main/zout/reports/baseline_vs_accMotion/MainPC__ds_UFireIndoorTest__mt_no_temp_method__af4b0d32a3d2__20260330.205208
VSD3__lb_mixed_firesmoke__video5.mp4;2161;9018;fire_smoke;/mnt/e/SyncData/paper2_main/datasets/UFireIndoorFull/test/test_firesmoke/VSD3__lb_mixed_firesmoke__video5.mp4;none;/mnt/e/SyncData/paper2_main/zout/reports/baseline_vs_accMotion/1GPU_SV__ds_UFireIndoorTest__mt_temp_method_motion_block__e1ccb7b889a0__20260401.144240;none;/mnt/e/SyncData/paper2_main/zout/reports/baseline_vs_accMotion/MainPC__ds_UFireIndoorTest__mt_no_temp_method__af4b0d32a3d2__20260330.205208
VSD3__lb_mixed_firesmoke__video5.mp4;2162;9018;fire_smoke;/mnt/e/SyncData/paper2_main/datasets/UFireIndoorFull/test/test_firesmoke/VSD3__lb_mixed_firesmoke__video5.mp4;none;/mnt/e/SyncData/paper2_main/zout/reports/baseline_vs_accMotion/1GPU_SV__ds_UFireIndoorTest__mt_temp_method_motion_block__e1ccb7b889a0__20260401.144240;none;/mnt/e/SyncData/paper2_main/zout/reports/baseline_vs_accMotion/MainPC__ds_UFireIndoorTest__mt_no_temp_method__af4b0d32a3d2__20260330.205208
VSD3__lb_mixed_firesmoke__video5.mp4;2163;9018;fire_smoke;/mnt/e/SyncData/paper2_main/datasets/UFireIndoorFull/test/test_firesmoke/VSD3__lb_mixed_firesmoke__video5.mp4;none;/mnt/e/SyncData/paper2_main/zout/reports/baseline_vs_accMotion/1GPU_SV__ds_UFireIndoorTest__mt_temp_method_motion_block__e1ccb7b889a0__20260401.144240;none;/mnt/e/SyncData/paper2_main/zout/reports/baseline_vs_accMotion/MainPC__ds_UFireIndoorTest__mt_no_temp_method__af4b0d32a3d2__20260330.205208
VSD3__lb_mixed_firesmoke__video5.mp4;2164;9018;fire_smoke;/mnt/e/SyncData/paper2_main/datasets/UFireIndoorFull/test/test_firesmoke/VSD3__lb_mixed_firesmoke__video5.mp4;none;/mnt/e/SyncData/paper2_main/zout/reports/baseline_vs_accMotion/1GPU_SV__ds_UFireIndoorTest__mt_temp_method_motion_block__e1ccb7b889a0__20260401.144240;none;/mnt/e/SyncData/paper2_main/zout/reports/baseline_vs_accMotion/MainPC__ds_UFireIndoorTest__mt_no_temp_method__af4b0d32a3d2__20260330.205208
VSD3__lb_mixed_firesmoke__video5.mp4;2167;9018;fire_smoke;/mnt/e/SyncData/paper2_main/datasets/UFireIndoorFull/test/test_firesmoke/VSD3__lb_mixed_firesmoke__video5.mp4;none;/mnt/e/SyncData/paper2_main/zout/reports/baseline_vs_accMotion/1GPU_SV__ds_UFireIndoorTest__mt_temp_method_motion_block__e1ccb7b889a0__20260401.144240;none;/mnt/e/SyncData/paper2_main/zout/reports/baseline_vs_accMotion/MainPC__ds_UFireIndoorTest__mt_no_temp_method__af4b0d32a3d2__20260330.205208
VSD3__lb_mixed_firesmoke__video5.mp4;2168;9018;fire_smoke;/mnt/e/SyncData/paper2_main/datasets/UFireIndoorFull/test/test_firesmoke/VSD3__lb_mixed_firesmoke__video5.mp4;none;/mnt/e/SyncData/paper2_main/zout/reports/baseline_vs_accMotion/1GPU_SV__ds_UFireIndoorTest__mt_temp_method_motion_block__e1ccb7b889a0__20260401.144240;none;/mnt/e/SyncData/paper2_main/zout/reports/baseline_vs_accMotion/MainPC__ds_UFireIndoorTest__mt_no_temp_method__af4b0d32a3d2__20260330.205208
VSD3__lb_mixed_firesmoke__video5.mp4;2171;9018;fire_smoke;/mnt/e/SyncData/paper2_main/datasets/UFireIndoorFull/test/test_firesmoke/VSD3__lb_mixed_firesmoke__video5.mp4;none;/mnt/e/SyncData/paper2_main/zout/reports/baseline_vs_accMotion/1GPU_SV__ds_UFireIndoorTest__mt_temp_method_motion_block__e1ccb7b889a0__20260401.144240;none;/mnt/e/SyncData/paper2_main/zout/reports/baseline_vs_accMotion/MainPC__ds_UFireIndoorTest__mt_no_temp_method__af4b0d32a3d2__20260330.205208
VSD3__lb_mixed_firesmoke__video5.mp4;2172;9018;fire_smoke;/mnt/e/SyncData/paper2_main/datasets/UFireIndoorFull/test/test_firesmoke/VSD3__lb_mixed_firesmoke__video5.mp4;none;/mnt/e/SyncData/paper2_main/zout/reports/baseline_vs_accMotion/1GPU_SV__ds_UFireIndoorTest__mt_temp_method_motion_block__e1ccb7b889a0__20260401.144240;none;/mnt/e/SyncData/paper2_main/zout/reports/baseline_vs_accMotion/MainPC__ds_UFireIndoorTest__mt_no_temp_method__af4b0d32a3d2__20260330.205208
VSD3__lb_mixed_firesmoke__video5.mp4;2179;9018;fire_smoke;/mnt/e/SyncData/paper2_main/datasets/UFireIndoorFull/test/test_firesmoke/VSD3__lb_mixed_firesmoke__video5.mp4;none;/mnt/e/SyncData/paper2_main/zout/reports/baseline_vs_accMotion/1GPU_SV__ds_UFireIndoorTest__mt_temp_method_motion_block__e1ccb7b889a0__20260401.144240;none;/mnt/e/SyncData/paper2_main/zout/reports/baseline_vs_accMotion/MainPC__ds_UFireIndoorTest__mt_no_temp_method__af4b0d32a3d2__20260330.205208
VSD3__lb_mixed_firesmoke__video5.mp4;2181;9018;fire_smoke;/mnt/e/SyncData/paper2_main/datasets/UFireIndoorFull/test/test_firesmoke/VSD3__lb_mixed_firesmoke__video5.mp4;none;/mnt/e/SyncData/paper2_main/zout/reports/baseline_vs_accMotion/1GPU_SV__ds_UFireIndoorTest__mt_temp_method_motion_block__e1ccb7b889a0__20260401.144240;none;/mnt/e/SyncData/paper2_main/zout/reports/baseline_vs_accMotion/MainPC__ds_UFireIndoorTest__mt_no_temp_method__af4b0d32a3d2__20260330.205208
VSD3__lb_mixed_firesmoke__video5.mp4;2182;9018;fire_smoke;/mnt/e/SyncData/paper2_main/datasets/UFireIndoorFull/test/test_firesmoke/VSD3__lb_mixed_firesmoke__video5.mp4;none;/mnt/e/SyncData/paper2_main/zout/reports/baseline_vs_accMotion/1GPU_SV__ds_UFireIndoorTest__mt_temp_method_motion_block__e1ccb7b889a0__20260401.144240;none;/mnt/e/SyncData/paper2_main/zout/reports/baseline_vs_accMotion/MainPC__ds_UFireIndoorTest__mt_no_temp_method__af4b0d32a3d2__20260330.205208
VSD3__lb_mixed_firesmoke__video5.mp4;2183;9018;fire_smoke;/mnt/e/SyncData/paper2_main/datasets/UFireIndoorFull/test/test_firesmoke/VSD3__lb_mixed_firesmoke__video5.mp4;none;/mnt/e/SyncData/paper2_main/zout/reports/baseline_vs_accMotion/1GPU_SV__ds_UFireIndoorTest__mt_temp_method_motion_block__e1ccb7b889a0__20260401.144240;none;/mnt/e/SyncData/paper2_main/zout/reports/baseline_vs_accMotion/MainPC__ds_UFireIndoorTest__mt_no_temp_method__af4b0d32a3d2__20260330.205208
VSD3__lb_mixed_firesmoke__video5.mp4;2184;9018;fire_smoke;/mnt/e/SyncData/paper2_main/datasets/UFireIndoorFull/test/test_firesmoke/VSD3__lb_mixed_firesmoke__video5.mp4;none;/mnt/e/SyncData/paper2_main/zout/reports/baseline_vs_accMotion/1GPU_SV__ds_UFireIndoorTest__mt_temp_method_motion_block__e1ccb7b889a0__20260401.144240;none;/mnt/e/SyncData/paper2_main/zout/reports/baseline_vs_accMotion/MainPC__ds_UFireIndoorTest__mt_no_temp_method__af4b0d32a3d2__20260330.205208
VSD3__lb_mixed_firesmoke__video5.mp4;2189;9018;fire_smoke;/mnt/e/SyncData/paper2_main/datasets/UFireIndoorFull/test/test_firesmoke/VSD3__lb_mixed_firesmoke__video5.mp4;none;/mnt/e/SyncData/paper2_main/zout/reports/baseline_vs_accMotion/1GPU_SV__ds_UFireIndoorTest__mt_temp_method_motion_block__e1ccb7b889a0__20260401.144240;none;/mnt/e/SyncData/paper2_main/zout/reports/baseline_vs_accMotion/MainPC__ds_UFireIndoorTest__mt_no_temp_method__af4b0d32a3d2__20260330.205208
VSD3__lb_mixed_firesmoke__video5.mp4;2190;9018;fire_smoke;/mnt/e/SyncData/paper2_main/datasets/UFireIndoorFull/test/test_firesmoke/VSD3__lb_mixed_firesmoke__video5.mp4;none;/mnt/e/SyncData/paper2_main/zout/reports/baseline_vs_accMotion/1GPU_SV__ds_UFireIndoorTest__mt_temp_method_motion_block__e1ccb7b889a0__20260401.144240;none;/mnt/e/SyncData/paper2_main/zout/reports/baseline_vs_accMotion/MainPC__ds_UFireIndoorTest__mt_no_temp_method__af4b0d32a3d2__20260330.205208
VSD3__lb_mixed_firesmoke__video5.mp4;2191;9018;fire_smoke;/mnt/e/SyncData/paper2_main/datasets/UFireIndoorFull/test/test_firesmoke/VSD3__lb_mixed_firesmoke__video5.mp4;none;/mnt/e/SyncData/paper2_main/zout/reports/baseline_vs_accMotion/1GPU_SV__ds_UFireIndoorTest__mt_temp_method_motion_block__e1ccb7b889a0__20260401.144240;none;/mnt/e/SyncData/paper2_main/zout/reports/baseline_vs_accMotion/MainPC__ds_UFireIndoorTest__mt_no_temp_method__af4b0d32a3d2__20260330.205208
VSD3__lb_mixed_firesmoke__video5.mp4;2192;9018;fire_smoke;/mnt/e/SyncData/paper2_main/datasets/UFireIndoorFull/test/test_firesmoke/VSD3__lb_mixed_firesmoke__video5.mp4;none;/mnt/e/SyncData/paper2_main/zout/reports/baseline_vs_accMotion/1GPU_SV__ds_UFireIndoorTest__mt_temp_method_motion_block__e1ccb7b889a0__20260401.144240;none;/mnt/e/SyncData/paper2_main/zout/reports/baseline_vs_accMotion/MainPC__ds_UFireIndoorTest__mt_no_temp_method__af4b0d32a3d2__20260330.205208
VSD3__lb_mixed_firesmoke__video5.mp4;2193;9018;fire_smoke;/mnt/e/SyncData/paper2_main/datasets/UFireIndoorFull/test/test_firesmoke/VSD3__lb_mixed_firesmoke__video5.mp4;none;/mnt/e/SyncData/paper2_main/zout/reports/baseline_vs_accMotion/1GPU_SV__ds_UFireIndoorTest__mt_temp_method_motion_block__e1ccb7b889a0__20260401.144240;none;/mnt/e/SyncData/paper2_main/zout/reports/baseline_vs_accMotion/MainPC__ds_UFireIndoorTest__mt_no_temp_method__af4b0d32a3d2__20260330.205208
VSD3__lb_mixed_firesmoke__video5.mp4;2194;9018;fire_smoke;/mnt/e/SyncData/paper2_main/datasets/UFireIndoorFull/test/test_firesmoke/VSD3__lb_mixed_firesmoke__video5.mp4;none;/mnt/e/SyncData/paper2_main/zout/reports/baseline_vs_accMotion/1GPU_SV__ds_UFireIndoorTest__mt_temp_method_motion_block__e1ccb7b889a0__20260401.144240;none;/mnt/e/SyncData/paper2_main/zout/reports/baseline_vs_accMotion/MainPC__ds_UFireIndoorTest__mt_no_temp_method__af4b0d32a3d2__20260330.205208
VSD3__lb_mixed_firesmoke__video5.mp4;2195;9018;fire_smoke;/mnt/e/SyncData/paper2_main/datasets/UFireIndoorFull/test/test_firesmoke/VSD3__lb_mixed_firesmoke__video5.mp4;none;/mnt/e/SyncData/paper2_main/zout/reports/baseline_vs_accMotion/1GPU_SV__ds_UFireIndoorTest__mt_temp_method_motion_block__e1ccb7b889a0__20260401.144240;none;/mnt/e/SyncData/paper2_main/zout/reports/baseline_vs_accMotion/MainPC__ds_UFireIndoorTest__mt_no_temp_method__af4b0d32a3d2__20260330.205208
VSD3__lb_mixed_firesmoke__video5.mp4;2196;9018;fire_smoke;/mnt/e/SyncData/paper2_main/datasets/UFireIndoorFull/test/test_firesmoke/VSD3__lb_mixed_firesmoke__video5.mp4;none;/mnt/e/SyncData/paper2_main/zout/reports/baseline_vs_accMotion/1GPU_SV__ds_UFireIndoorTest__mt_temp_method_motion_block__e1ccb7b889a0__20260401.144240;none;/mnt/e/SyncData/paper2_main/zout/reports/baseline_vs_accMotion/MainPC__ds_UFireIndoorTest__mt_no_temp_method__af4b0d32a3d2__20260330.205208
VSD3__lb_mixed_firesmoke__video5.mp4;2197;9018;fire_smoke;/mnt/e/SyncData/paper2_main/datasets/UFireIndoorFull/test/test_firesmoke/VSD3__lb_mixed_firesmoke__video5.mp4;none;/mnt/e/SyncData/paper2_main/zout/reports/baseline_vs_accMotion/1GPU_SV__ds_UFireIndoorTest__mt_temp_method_motion_block__e1ccb7b889a0__20260401.144240;none;/mnt/e/SyncData/paper2_main/zout/reports/baseline_vs_accMotion/MainPC__ds_UFireIndoorTest__mt_no_temp_method__af4b0d32a3d2__20260330.205208
VSD3__lb_mixed_firesmoke__video5.mp4;2199;9018;fire_smoke;/mnt/e/SyncData/paper2_main/datasets/UFireIndoorFull/test/test_firesmoke/VSD3__lb_mixed_firesmoke__video5.mp4;none;/mnt/e/SyncData/paper2_main/zout/reports/baseline_vs_accMotion/1GPU_SV__ds_UFireIndoorTest__mt_temp_method_motion_block__e1ccb7b889a0__20260401.144240;none;/mnt/e/SyncData/paper2_main/zout/reports/baseline_vs_accMotion/MainPC__ds_UFireIndoorTest__mt_no_temp_method__af4b0d32a3d2__20260330.205208
VSD3__lb_mixed_firesmoke__video5.mp4;2200;9018;fire_smoke;/mnt/e/SyncData/paper2_main/datasets/UFireIndoorFull/test/test_firesmoke/VSD3__lb_mixed_firesmoke__video5.mp4;none;/mnt/e/SyncData/paper2_main/zout/reports/baseline_vs_accMotion/1GPU_SV__ds_UFireIndoorTest__mt_temp_method_motion_block__e1ccb7b889a0__20260401.144240;none;/mnt/e/SyncData/paper2_main/zout/reports/baseline_vs_accMotion/MainPC__ds_UFireIndoorTest__mt_no_temp_method__af4b0d32a3d2__20260330.205208
VSD3__lb_mixed_firesmoke__video5.mp4;2203;9018;fire_smoke;/mnt/e/SyncData/paper2_main/datasets/UFireIndoorFull/test/test_firesmoke/VSD3__lb_mixed_firesmoke__video5.mp4;none;/mnt/e/SyncData/paper2_main/zout/reports/baseline_vs_accMotion/1GPU_SV__ds_UFireIndoorTest__mt_temp_method_motion_block__e1ccb7b889a0__20260401.144240;none;/mnt/e/SyncData/paper2_main/zout/reports/baseline_vs_accMotion/MainPC__ds_UFireIndoorTest__mt_no_temp_method__af4b0d32a3d2__20260330.205208
VSD3__lb_mixed_firesmoke__video5.mp4;2204;9018;fire_smoke;/mnt/e/SyncData/paper2_main/datasets/UFireIndoorFull/test/test_firesmoke/VSD3__lb_mixed_firesmoke__video5.mp4;none;/mnt/e/SyncData/paper2_main/zout/reports/baseline_vs_accMotion/1GPU_SV__ds_UFireIndoorTest__mt_temp_method_motion_block__e1ccb7b889a0__20260401.144240;none;/mnt/e/SyncData/paper2_main/zout/reports/baseline_vs_accMotion/MainPC__ds_UFireIndoorTest__mt_no_temp_method__af4b0d32a3d2__20260330.205208
VSD3__lb_mixed_firesmoke__video5.mp4;2205;9018;fire_smoke;/mnt/e/SyncData/paper2_main/datasets/UFireIndoorFull/test/test_firesmoke/VSD3__lb_mixed_firesmoke__video5.mp4;none;/mnt/e/SyncData/paper2_main/zout/reports/baseline_vs_accMotion/1GPU_SV__ds_UFireIndoorTest__mt_temp_method_motion_block__e1ccb7b889a0__20260401.144240;none;/mnt/e/SyncData/paper2_main/zout/reports/baseline_vs_accMotion/MainPC__ds_UFireIndoorTest__mt_no_temp_method__af4b0d32a3d2__20260330.205208
VSD3__lb_mixed_firesmoke__video5.mp4;2206;9018;fire_smoke;/mnt/e/SyncData/paper2_main/datasets/UFireIndoorFull/test/test_firesmoke/VSD3__lb_mixed_firesmoke__video5.mp4;none;/mnt/e/SyncData/paper2_main/zout/reports/baseline_vs_accMotion/1GPU_SV__ds_UFireIndoorTest__mt_temp_method_motion_block__e1ccb7b889a0__20260401.144240;none;/mnt/e/SyncData/paper2_main/zout/reports/baseline_vs_accMotion/MainPC__ds_UFireIndoorTest__mt_no_temp_method__af4b0d32a3d2__20260330.205208
VSD3__lb_mixed_firesmoke__video5.mp4;2207;9018;fire_smoke;/mnt/e/SyncData/paper2_main/datasets/UFireIndoorFull/test/test_firesmoke/VSD3__lb_mixed_firesmoke__video5.mp4;none;/mnt/e/SyncData/paper2_main/zout/reports/baseline_vs_accMotion/1GPU_SV__ds_UFireIndoorTest__mt_temp_method_motion_block__e1ccb7b889a0__20260401.144240;none;/mnt/e/SyncData/paper2_main/zout/reports/baseline_vs_accMotion/MainPC__ds_UFireIndoorTest__mt_no_temp_method__af4b0d32a3d2__20260330.205208
VSD3__lb_mixed_firesmoke__video5.mp4;2208;9018;fire_smoke;/mnt/e/SyncData/paper2_main/datasets/UFireIndoorFull/test/test_firesmoke/VSD3__lb_mixed_firesmoke__video5.mp4;none;/mnt/e/SyncData/paper2_main/zout/reports/baseline_vs_accMotion/1GPU_SV__ds_UFireIndoorTest__mt_temp_method_motion_block__e1ccb7b889a0__20260401.144240;none;/mnt/e/SyncData/paper2_main/zout/reports/baseline_vs_accMotion/MainPC__ds_UFireIndoorTest__mt_no_temp_method__af4b0d32a3d2__20260330.205208
VSD3__lb_mixed_firesmoke__video5.mp4;2211;9018;fire_smoke;/mnt/e/SyncData/paper2_main/datasets/UFireIndoorFull/test/test_firesmoke/VSD3__lb_mixed_firesmoke__video5.mp4;none;/mnt/e/SyncData/paper2_main/zout/reports/baseline_vs_accMotion/1GPU_SV__ds_UFireIndoorTest__mt_temp_method_motion_block__e1ccb7b889a0__20260401.144240;none;/mnt/e/SyncData/paper2_main/zout/reports/baseline_vs_accMotion/MainPC__ds_UFireIndoorTest__mt_no_temp_method__af4b0d32a3d2__20260330.205208
VSD3__lb_mixed_firesmoke__video5.mp4;2212;9018;fire_smoke;/mnt/e/SyncData/paper2_main/datasets/UFireIndoorFull/test/test_firesmoke/VSD3__lb_mixed_firesmoke__video5.mp4;none;/mnt/e/SyncData/paper2_main/zout/reports/baseline_vs_accMotion/1GPU_SV__ds_UFireIndoorTest__mt_temp_method_motion_block__e1ccb7b889a0__20260401.144240;none;/mnt/e/SyncData/paper2_main/zout/reports/baseline_vs_accMotion/MainPC__ds_UFireIndoorTest__mt_no_temp_method__af4b0d32a3d2__20260330.205208
VSD3__lb_mixed_firesmoke__video5.mp4;2213;9018;fire_smoke;/mnt/e/SyncData/paper2_main/datasets/UFireIndoorFull/test/test_firesmoke/VSD3__lb_mixed_firesmoke__video5.mp4;none;/mnt/e/SyncData/paper2_main/zout/reports/baseline_vs_accMotion/1GPU_SV__ds_UFireIndoorTest__mt_temp_method_motion_block__e1ccb7b889a0__20260401.144240;none;/mnt/e/SyncData/paper2_main/zout/reports/baseline_vs_accMotion/MainPC__ds_UFireIndoorTest__mt_no_temp_method__af4b0d32a3d2__20260330.205208
VSD3__lb_mixed_firesmoke__video5.mp4;2214;9018;fire_smoke;/mnt/e/SyncData/paper2_main/datasets/UFireIndoorFull/test/test_firesmoke/VSD3__lb_mixed_firesmoke__video5.mp4;none;/mnt/e/SyncData/paper2_main/zout/reports/baseline_vs_accMotion/1GPU_SV__ds_UFireIndoorTest__mt_temp_method_motion_block__e1ccb7b889a0__20260401.144240;none;/mnt/e/SyncData/paper2_main/zout/reports/baseline_vs_accMotion/MainPC__ds_UFireIndoorTest__mt_no_temp_method__af4b0d32a3d2__20260330.205208
VSD3__lb_mixed_firesmoke__video5.mp4;2233;9018;fire_smoke;/mnt/e/SyncData/paper2_main/datasets/UFireIndoorFull/test/test_firesmoke/VSD3__lb_mixed_firesmoke__video5.mp4;none;/mnt/e/SyncData/paper2_main/zout/reports/baseline_vs_accMotion/1GPU_SV__ds_UFireIndoorTest__mt_temp_method_motion_block__e1ccb7b889a0__20260401.144240;none;/mnt/e/SyncData/paper2_main/zout/reports/baseline_vs_accMotion/MainPC__ds_UFireIndoorTest__mt_no_temp_method__af4b0d32a3d2__20260330.205208
VSD3__lb_mixed_firesmoke__video5.mp4;2234;9018;fire_smoke;/mnt/e/SyncData/paper2_main/datasets/UFireIndoorFull/test/test_firesmoke/VSD3__lb_mixed_firesmoke__video5.mp4;none;/mnt/e/SyncData/paper2_main/zout/reports/baseline_vs_accMotion/1GPU_SV__ds_UFireIndoorTest__mt_temp_method_motion_block__e1ccb7b889a0__20260401.144240;none;/mnt/e/SyncData/paper2_main/zout/reports/baseline_vs_accMotion/MainPC__ds_UFireIndoorTest__mt_no_temp_method__af4b0d32a3d2__20260330.205208
VSD3__lb_mixed_firesmoke__video5.mp4;2245;9018;fire_smoke;/mnt/e/SyncData/paper2_main/datasets/UFireIndoorFull/test/test_firesmoke/VSD3__lb_mixed_firesmoke__video5.mp4;none;/mnt/e/SyncData/paper2_main/zout/reports/baseline_vs_accMotion/1GPU_SV__ds_UFireIndoorTest__mt_temp_method_motion_block__e1ccb7b889a0__20260401.144240;none;/mnt/e/SyncData/paper2_main/zout/reports/baseline_vs_accMotion/MainPC__ds_UFireIndoorTest__mt_no_temp_method__af4b0d32a3d2__20260330.205208
VSD3__lb_mixed_firesmoke__video5.mp4;2246;9018;fire_smoke;/mnt/e/SyncData/paper2_main/datasets/UFireIndoorFull/test/test_firesmoke/VSD3__lb_mixed_firesmoke__video5.mp4;none;/mnt/e/SyncData/paper2_main/zout/reports/baseline_vs_accMotion/1GPU_SV__ds_UFireIndoorTest__mt_temp_method_motion_block__e1ccb7b889a0__20260401.144240;none;/mnt/e/SyncData/paper2_main/zout/reports/baseline_vs_accMotion/MainPC__ds_UFireIndoorTest__mt_no_temp_method__af4b0d32a3d2__20260330.205208
VSD3__lb_mixed_firesmoke__video5.mp4;2247;9018;fire_smoke;/mnt/e/SyncData/paper2_main/datasets/UFireIndoorFull/test/test_firesmoke/VSD3__lb_mixed_firesmoke__video5.mp4;none;/mnt/e/SyncData/paper2_main/zout/reports/baseline_vs_accMotion/1GPU_SV__ds_UFireIndoorTest__mt_temp_method_motion_block__e1ccb7b889a0__20260401.144240;none;/mnt/e/SyncData/paper2_main/zout/reports/baseline_vs_accMotion/MainPC__ds_UFireIndoorTest__mt_no_temp_method__af4b0d32a3d2__20260330.205208
VSD3__lb_mixed_firesmoke__video5.mp4;2248;9018;fire_smoke;/mnt/e/SyncData/paper2_main/datasets/UFireIndoorFull/test/test_firesmoke/VSD3__lb_mixed_firesmoke__video5.mp4;none;/mnt/e/SyncData/paper2_main/zout/reports/baseline_vs_accMotion/1GPU_SV__ds_UFireIndoorTest__mt_temp_method_motion_block__e1ccb7b889a0__20260401.144240;none;/mnt/e/SyncData/paper2_main/zout/reports/baseline_vs_accMotion/MainPC__ds_UFireIndoorTest__mt_no_temp_method__af4b0d32a3d2__20260330.205208
VSD3__lb_mixed_firesmoke__video5.mp4;2250;9018;fire_smoke;/mnt/e/SyncData/paper2_main/datasets/UFireIndoorFull/test/test_firesmoke/VSD3__lb_mixed_firesmoke__video5.mp4;none;/mnt/e/SyncData/paper2_main/zout/reports/baseline_vs_accMotion/1GPU_SV__ds_UFireIndoorTest__mt_temp_method_motion_block__e1ccb7b889a0__20260401.144240;none;/mnt/e/SyncData/paper2_main/zout/reports/baseline_vs_accMotion/MainPC__ds_UFireIndoorTest__mt_no_temp_method__af4b0d32a3d2__20260330.205208
VSD3__lb_mixed_firesmoke__video5.mp4;2251;9018;fire_smoke;/mnt/e/SyncData/paper2_main/datasets/UFireIndoorFull/test/test_firesmoke/VSD3__lb_mixed_firesmoke__video5.mp4;none;/mnt/e/SyncData/paper2_main/zout/reports/baseline_vs_accMotion/1GPU_SV__ds_UFireIndoorTest__mt_temp_method_motion_block__e1ccb7b889a0__20260401.144240;none;/mnt/e/SyncData/paper2_main/zout/reports/baseline_vs_accMotion/MainPC__ds_UFireIndoorTest__mt_no_temp_method__af4b0d32a3d2__20260330.205208
VSD3__lb_mixed_firesmoke__video5.mp4;2266;9018;fire_smoke;/mnt/e/SyncData/paper2_main/datasets/UFireIndoorFull/test/test_firesmoke/VSD3__lb_mixed_firesmoke__video5.mp4;none;/mnt/e/SyncData/paper2_main/zout/reports/baseline_vs_accMotion/1GPU_SV__ds_UFireIndoorTest__mt_temp_method_motion_block__e1ccb7b889a0__20260401.144240;none;/mnt/e/SyncData/paper2_main/zout/reports/baseline_vs_accMotion/MainPC__ds_UFireIndoorTest__mt_no_temp_method__af4b0d32a3d2__20260330.205208
VSD3__lb_mixed_firesmoke__video5.mp4;2267;9018;fire_smoke;/mnt/e/SyncData/paper2_main/datasets/UFireIndoorFull/test/test_firesmoke/VSD3__lb_mixed_firesmoke__video5.mp4;none;/mnt/e/SyncData/paper2_main/zout/reports/baseline_vs_accMotion/1GPU_SV__ds_UFireIndoorTest__mt_temp_method_motion_block__e1ccb7b889a0__20260401.144240;none;/mnt/e/SyncData/paper2_main/zout/reports/baseline_vs_accMotion/MainPC__ds_UFireIndoorTest__mt_no_temp_method__af4b0d32a3d2__20260330.205208
VSD3__lb_mixed_firesmoke__video5.mp4;2270;9018;fire_smoke;/mnt/e/SyncData/paper2_main/datasets/UFireIndoorFull/test/test_firesmoke/VSD3__lb_mixed_firesmoke__video5.mp4;none;/mnt/e/SyncData/paper2_main/zout/reports/baseline_vs_accMotion/1GPU_SV__ds_UFireIndoorTest__mt_temp_method_motion_block__e1ccb7b889a0__20260401.144240;none;/mnt/e/SyncData/paper2_main/zout/reports/baseline_vs_accMotion/MainPC__ds_UFireIndoorTest__mt_no_temp_method__af4b0d32a3d2__20260330.205208
VSD3__lb_mixed_firesmoke__video5.mp4;2271;9018;fire_smoke;/mnt/e/SyncData/paper2_main/datasets/UFireIndoorFull/test/test_firesmoke/VSD3__lb_mixed_firesmoke__video5.mp4;none;/mnt/e/SyncData/paper2_main/zout/reports/baseline_vs_accMotion/1GPU_SV__ds_UFireIndoorTest__mt_temp_method_motion_block__e1ccb7b889a0__20260401.144240;none;/mnt/e/SyncData/paper2_main/zout/reports/baseline_vs_accMotion/MainPC__ds_UFireIndoorTest__mt_no_temp_method__af4b0d32a3d2__20260330.205208
VSD3__lb_mixed_firesmoke__video5.mp4;2280;9018;fire_smoke;/mnt/e/SyncData/paper2_main/datasets/UFireIndoorFull/test/test_firesmoke/VSD3__lb_mixed_firesmoke__video5.mp4;none;/mnt/e/SyncData/paper2_main/zout/reports/baseline_vs_accMotion/1GPU_SV__ds_UFireIndoorTest__mt_temp_method_motion_block__e1ccb7b889a0__20260401.144240;none;/mnt/e/SyncData/paper2_main/zout/reports/baseline_vs_accMotion/MainPC__ds_UFireIndoorTest__mt_no_temp_method__af4b0d32a3d2__20260330.205208
VSD3__lb_mixed_firesmoke__video5.mp4;2281;9018;fire_smoke;/mnt/e/SyncData/paper2_main/datasets/UFireIndoorFull/test/test_firesmoke/VSD3__lb_mixed_firesmoke__video5.mp4;none;/mnt/e/SyncData/paper2_main/zout/reports/baseline_vs_accMotion/1GPU_SV__ds_UFireIndoorTest__mt_temp_method_motion_block__e1ccb7b889a0__20260401.144240;none;/mnt/e/SyncData/paper2_main/zout/reports/baseline_vs_accMotion/MainPC__ds_UFireIndoorTest__mt_no_temp_method__af4b0d32a3d2__20260330.205208
VSD3__lb_mixed_firesmoke__video5.mp4;2290;9018;fire_smoke;/mnt/e/SyncData/paper2_main/datasets/UFireIndoorFull/test/test_firesmoke/VSD3__lb_mixed_firesmoke__video5.mp4;none;/mnt/e/SyncData/paper2_main/zout/reports/baseline_vs_accMotion/1GPU_SV__ds_UFireIndoorTest__mt_temp_method_motion_block__e1ccb7b889a0__20260401.144240;none;/mnt/e/SyncData/paper2_main/zout/reports/baseline_vs_accMotion/MainPC__ds_UFireIndoorTest__mt_no_temp_method__af4b0d32a3d2__20260330.205208
VSD3__lb_mixed_firesmoke__video5.mp4;2291;9018;fire_smoke;/mnt/e/SyncData/paper2_main/datasets/UFireIndoorFull/test/test_firesmoke/VSD3__lb_mixed_firesmoke__video5.mp4;none;/mnt/e/SyncData/paper2_main/zout/reports/baseline_vs_accMotion/1GPU_SV__ds_UFireIndoorTest__mt_temp_method_motion_block__e1ccb7b889a0__20260401.144240;none;/mnt/e/SyncData/paper2_main/zout/reports/baseline_vs_accMotion/MainPC__ds_UFireIndoorTest__mt_no_temp_method__af4b0d32a3d2__20260330.205208
VSD3__lb_mixed_firesmoke__video5.mp4;2292;9018;fire_smoke;/mnt/e/SyncData/paper2_main/datasets/UFireIndoorFull/test/test_firesmoke/VSD3__lb_mixed_firesmoke__video5.mp4;none;/mnt/e/SyncData/paper2_main/zout/reports/baseline_vs_accMotion/1GPU_SV__ds_UFireIndoorTest__mt_temp_method_motion_block__e1ccb7b889a0__20260401.144240;none;/mnt/e/SyncData/paper2_main/zout/reports/baseline_vs_accMotion/MainPC__ds_UFireIndoorTest__mt_no_temp_method__af4b0d32a3d2__20260330.205208
VSD3__lb_mixed_firesmoke__video5.mp4;2293;9018;fire_smoke;/mnt/e/SyncData/paper2_main/datasets/UFireIndoorFull/test/test_firesmoke/VSD3__lb_mixed_firesmoke__video5.mp4;none;/mnt/e/SyncData/paper2_main/zout/reports/baseline_vs_accMotion/1GPU_SV__ds_UFireIndoorTest__mt_temp_method_motion_block__e1ccb7b889a0__20260401.144240;none;/mnt/e/SyncData/paper2_main/zout/reports/baseline_vs_accMotion/MainPC__ds_UFireIndoorTest__mt_no_temp_method__af4b0d32a3d2__20260330.205208
VSD3__lb_mixed_firesmoke__video5.mp4;2294;9018;fire_smoke;/mnt/e/SyncData/paper2_main/datasets/UFireIndoorFull/test/test_firesmoke/VSD3__lb_mixed_firesmoke__video5.mp4;none;/mnt/e/SyncData/paper2_main/zout/reports/baseline_vs_accMotion/1GPU_SV__ds_UFireIndoorTest__mt_temp_method_motion_block__e1ccb7b889a0__20260401.144240;none;/mnt/e/SyncData/paper2_main/zout/reports/baseline_vs_accMotion/MainPC__ds_UFireIndoorTest__mt_no_temp_method__af4b0d32a3d2__20260330.205208
VSD3__lb_mixed_firesmoke__video5.mp4;2295;9018;fire_smoke;/mnt/e/SyncData/paper2_main/datasets/UFireIndoorFull/test/test_firesmoke/VSD3__lb_mixed_firesmoke__video5.mp4;none;/mnt/e/SyncData/paper2_main/zout/reports/baseline_vs_accMotion/1GPU_SV__ds_UFireIndoorTest__mt_temp_method_motion_block__e1ccb7b889a0__20260401.144240;none;/mnt/e/SyncData/paper2_main/zout/reports/baseline_vs_accMotion/MainPC__ds_UFireIndoorTest__mt_no_temp_method__af4b0d32a3d2__20260330.205208
VSD3__lb_mixed_firesmoke__video5.mp4;2296;9018;fire_smoke;/mnt/e/SyncData/paper2_main/datasets/UFireIndoorFull/test/test_firesmoke/VSD3__lb_mixed_firesmoke__video5.mp4;none;/mnt/e/SyncData/paper2_main/zout/reports/baseline_vs_accMotion/1GPU_SV__ds_UFireIndoorTest__mt_temp_method_motion_block__e1ccb7b889a0__20260401.144240;none;/mnt/e/SyncData/paper2_main/zout/reports/baseline_vs_accMotion/MainPC__ds_UFireIndoorTest__mt_no_temp_method__af4b0d32a3d2__20260330.205208
VSD3__lb_mixed_firesmoke__video5.mp4;2297;9018;fire_smoke;/mnt/e/SyncData/paper2_main/datasets/UFireIndoorFull/test/test_firesmoke/VSD3__lb_mixed_firesmoke__video5.mp4;none;/mnt/e/SyncData/paper2_main/zout/reports/baseline_vs_accMotion/1GPU_SV__ds_UFireIndoorTest__mt_temp_method_motion_block__e1ccb7b889a0__20260401.144240;none;/mnt/e/SyncData/paper2_main/zout/reports/baseline_vs_accMotion/MainPC__ds_UFireIndoorTest__mt_no_temp_method__af4b0d32a3d2__20260330.205208
VSD3__lb_mixed_firesmoke__video5.mp4;2298;9018;fire_smoke;/mnt/e/SyncData/paper2_main/datasets/UFireIndoorFull/test/test_firesmoke/VSD3__lb_mixed_firesmoke__video5.mp4;none;/mnt/e/SyncData/paper2_main/zout/reports/baseline_vs_accMotion/1GPU_SV__ds_UFireIndoorTest__mt_temp_method_motion_block__e1ccb7b889a0__20260401.144240;none;/mnt/e/SyncData/paper2_main/zout/reports/baseline_vs_accMotion/MainPC__ds_UFireIndoorTest__mt_no_temp_method__af4b0d32a3d2__20260330.205208
VSD3__lb_mixed_firesmoke__video5.mp4;2299;9018;fire_smoke;/mnt/e/SyncData/paper2_main/datasets/UFireIndoorFull/test/test_firesmoke/VSD3__lb_mixed_firesmoke__video5.mp4;none;/mnt/e/SyncData/paper2_main/zout/reports/baseline_vs_accMotion/1GPU_SV__ds_UFireIndoorTest__mt_temp_method_motion_block__e1ccb7b889a0__20260401.144240;none;/mnt/e/SyncData/paper2_main/zout/reports/baseline_vs_accMotion/MainPC__ds_UFireIndoorTest__mt_no_temp_method__af4b0d32a3d2__20260330.205208
VSD3__lb_mixed_firesmoke__video5.mp4;2300;9018;fire_smoke;/mnt/e/SyncData/paper2_main/datasets/UFireIndoorFull/test/test_firesmoke/VSD3__lb_mixed_firesmoke__video5.mp4;none;/mnt/e/SyncData/paper2_main/zout/reports/baseline_vs_accMotion/1GPU_SV__ds_UFireIndoorTest__mt_temp_method_motion_block__e1ccb7b889a0__20260401.144240;none;/mnt/e/SyncData/paper2_main/zout/reports/baseline_vs_accMotion/MainPC__ds_UFireIndoorTest__mt_no_temp_method__af4b0d32a3d2__20260330.205208
VSD3__lb_mixed_firesmoke__video5.mp4;2301;9018;fire_smoke;/mnt/e/SyncData/paper2_main/datasets/UFireIndoorFull/test/test_firesmoke/VSD3__lb_mixed_firesmoke__video5.mp4;none;/mnt/e/SyncData/paper2_main/zout/reports/baseline_vs_accMotion/1GPU_SV__ds_UFireIndoorTest__mt_temp_method_motion_block__e1ccb7b889a0__20260401.144240;none;/mnt/e/SyncData/paper2_main/zout/reports/baseline_vs_accMotion/MainPC__ds_UFireIndoorTest__mt_no_temp_method__af4b0d32a3d2__20260330.205208
VSD3__lb_mixed_firesmoke__video5.mp4;2302;9018;fire_smoke;/mnt/e/SyncData/paper2_main/datasets/UFireIndoorFull/test/test_firesmoke/VSD3__lb_mixed_firesmoke__video5.mp4;none;/mnt/e/SyncData/paper2_main/zout/reports/baseline_vs_accMotion/1GPU_SV__ds_UFireIndoorTest__mt_temp_method_motion_block__e1ccb7b889a0__20260401.144240;none;/mnt/e/SyncData/paper2_main/zout/reports/baseline_vs_accMotion/MainPC__ds_UFireIndoorTest__mt_no_temp_method__af4b0d32a3d2__20260330.205208
VSD3__lb_mixed_firesmoke__video5.mp4;2303;9018;fire_smoke;/mnt/e/SyncData/paper2_main/datasets/UFireIndoorFull/test/test_firesmoke/VSD3__lb_mixed_firesmoke__video5.mp4;none;/mnt/e/SyncData/paper2_main/zout/reports/baseline_vs_accMotion/1GPU_SV__ds_UFireIndoorTest__mt_temp_method_motion_block__e1ccb7b889a0__20260401.144240;none;/mnt/e/SyncData/paper2_main/zout/reports/baseline_vs_accMotion/MainPC__ds_UFireIndoorTest__mt_no_temp_method__af4b0d32a3d2__20260330.205208
VSD3__lb_mixed_firesmoke__video5.mp4;2304;9018;fire_smoke;/mnt/e/SyncData/paper2_main/datasets/UFireIndoorFull/test/test_firesmoke/VSD3__lb_mixed_firesmoke__video5.mp4;none;/mnt/e/SyncData/paper2_main/zout/reports/baseline_vs_accMotion/1GPU_SV__ds_UFireIndoorTest__mt_temp_method_motion_block__e1ccb7b889a0__20260401.144240;none;/mnt/e/SyncData/paper2_main/zout/reports/baseline_vs_accMotion/MainPC__ds_UFireIndoorTest__mt_no_temp_method__af4b0d32a3d2__20260330.205208
VSD3__lb_mixed_firesmoke__video5.mp4;2305;9018;fire_smoke;/mnt/e/SyncData/paper2_main/datasets/UFireIndoorFull/test/test_firesmoke/VSD3__lb_mixed_firesmoke__video5.mp4;none;/mnt/e/SyncData/paper2_main/zout/reports/baseline_vs_accMotion/1GPU_SV__ds_UFireIndoorTest__mt_temp_method_motion_block__e1ccb7b889a0__20260401.144240;none;/mnt/e/SyncData/paper2_main/zout/reports/baseline_vs_accMotion/MainPC__ds_UFireIndoorTest__mt_no_temp_method__af4b0d32a3d2__20260330.205208
VSD3__lb_mixed_firesmoke__video5.mp4;2317;9018;fire_smoke;/mnt/e/SyncData/paper2_main/datasets/UFireIndoorFull/test/test_firesmoke/VSD3__lb_mixed_firesmoke__video5.mp4;none;/mnt/e/SyncData/paper2_main/zout/reports/baseline_vs_accMotion/1GPU_SV__ds_UFireIndoorTest__mt_temp_method_motion_block__e1ccb7b889a0__20260401.144240;none;/mnt/e/SyncData/paper2_main/zout/reports/baseline_vs_accMotion/MainPC__ds_UFireIndoorTest__mt_no_temp_method__af4b0d32a3d2__20260330.205208
VSD3__lb_mixed_firesmoke__video5.mp4;2340;9018;fire_smoke;/mnt/e/SyncData/paper2_main/datasets/UFireIndoorFull/test/test_firesmoke/VSD3__lb_mixed_firesmoke__video5.mp4;none;/mnt/e/SyncData/paper2_main/zout/reports/baseline_vs_accMotion/1GPU_SV__ds_UFireIndoorTest__mt_temp_method_motion_block__e1ccb7b889a0__20260401.144240;none;/mnt/e/SyncData/paper2_main/zout/reports/baseline_vs_accMotion/MainPC__ds_UFireIndoorTest__mt_no_temp_method__af4b0d32a3d2__20260330.205208
VSD3__lb_mixed_firesmoke__video5.mp4;2341;9018;fire_smoke;/mnt/e/SyncData/paper2_main/datasets/UFireIndoorFull/test/test_firesmoke/VSD3__lb_mixed_firesmoke__video5.mp4;none;/mnt/e/SyncData/paper2_main/zout/reports/baseline_vs_accMotion/1GPU_SV__ds_UFireIndoorTest__mt_temp_method_motion_block__e1ccb7b889a0__20260401.144240;none;/mnt/e/SyncData/paper2_main/zout/reports/baseline_vs_accMotion/MainPC__ds_UFireIndoorTest__mt_no_temp_method__af4b0d32a3d2__20260330.205208
VSD3__lb_mixed_firesmoke__video5.mp4;2342;9018;fire_smoke;/mnt/e/SyncData/paper2_main/datasets/UFireIndoorFull/test/test_firesmoke/VSD3__lb_mixed_firesmoke__video5.mp4;none;/mnt/e/SyncData/paper2_main/zout/reports/baseline_vs_accMotion/1GPU_SV__ds_UFireIndoorTest__mt_temp_method_motion_block__e1ccb7b889a0__20260401.144240;none;/mnt/e/SyncData/paper2_main/zout/reports/baseline_vs_accMotion/MainPC__ds_UFireIndoorTest__mt_no_temp_method__af4b0d32a3d2__20260330.205208
VSD3__lb_mixed_firesmoke__video5.mp4;2343;9018;fire_smoke;/mnt/e/SyncData/paper2_main/datasets/UFireIndoorFull/test/test_firesmoke/VSD3__lb_mixed_firesmoke__video5.mp4;none;/mnt/e/SyncData/paper2_main/zout/reports/baseline_vs_accMotion/1GPU_SV__ds_UFireIndoorTest__mt_temp_method_motion_block__e1ccb7b889a0__20260401.144240;none;/mnt/e/SyncData/paper2_main/zout/reports/baseline_vs_accMotion/MainPC__ds_UFireIndoorTest__mt_no_temp_method__af4b0d32a3d2__20260330.205208
VSD3__lb_mixed_firesmoke__video5.mp4;2354;9018;fire_smoke;/mnt/e/SyncData/paper2_main/datasets/UFireIndoorFull/test/test_firesmoke/VSD3__lb_mixed_firesmoke__video5.mp4;none;/mnt/e/SyncData/paper2_main/zout/reports/baseline_vs_accMotion/1GPU_SV__ds_UFireIndoorTest__mt_temp_method_motion_block__e1ccb7b889a0__20260401.144240;none;/mnt/e/SyncData/paper2_main/zout/reports/baseline_vs_accMotion/MainPC__ds_UFireIndoorTest__mt_no_temp_method__af4b0d32a3d2__20260330.205208
VSD3__lb_mixed_firesmoke__video5.mp4;2355;9018;fire_smoke;/mnt/e/SyncData/paper2_main/datasets/UFireIndoorFull/test/test_firesmoke/VSD3__lb_mixed_firesmoke__video5.mp4;none;/mnt/e/SyncData/paper2_main/zout/reports/baseline_vs_accMotion/1GPU_SV__ds_UFireIndoorTest__mt_temp_method_motion_block__e1ccb7b889a0__20260401.144240;none;/mnt/e/SyncData/paper2_main/zout/reports/baseline_vs_accMotion/MainPC__ds_UFireIndoorTest__mt_no_temp_method__af4b0d32a3d2__20260330.205208
VSD3__lb_mixed_firesmoke__video5.mp4;2365;9018;fire_smoke;/mnt/e/SyncData/paper2_main/datasets/UFireIndoorFull/test/test_firesmoke/VSD3__lb_mixed_firesmoke__video5.mp4;none;/mnt/e/SyncData/paper2_main/zout/reports/baseline_vs_accMotion/1GPU_SV__ds_UFireIndoorTest__mt_temp_method_motion_block__e1ccb7b889a0__20260401.144240;none;/mnt/e/SyncData/paper2_main/zout/reports/baseline_vs_accMotion/MainPC__ds_UFireIndoorTest__mt_no_temp_method__af4b0d32a3d2__20260330.205208
VSD3__lb_mixed_firesmoke__video5.mp4;2374;9018;fire_smoke;/mnt/e/SyncData/paper2_main/datasets/UFireIndoorFull/test/test_firesmoke/VSD3__lb_mixed_firesmoke__video5.mp4;none;/mnt/e/SyncData/paper2_main/zout/reports/baseline_vs_accMotion/1GPU_SV__ds_UFireIndoorTest__mt_temp_method_motion_block__e1ccb7b889a0__20260401.144240;none;/mnt/e/SyncData/paper2_main/zout/reports/baseline_vs_accMotion/MainPC__ds_UFireIndoorTest__mt_no_temp_method__af4b0d32a3d2__20260330.205208
VSD3__lb_mixed_firesmoke__video5.mp4;2375;9018;fire_smoke;/mnt/e/SyncData/paper2_main/datasets/UFireIndoorFull/test/test_firesmoke/VSD3__lb_mixed_firesmoke__video5.mp4;none;/mnt/e/SyncData/paper2_main/zout/reports/baseline_vs_accMotion/1GPU_SV__ds_UFireIndoorTest__mt_temp_method_motion_block__e1ccb7b889a0__20260401.144240;none;/mnt/e/SyncData/paper2_main/zout/reports/baseline_vs_accMotion/MainPC__ds_UFireIndoorTest__mt_no_temp_method__af4b0d32a3d2__20260330.205208
VSD3__lb_mixed_firesmoke__video5.mp4;2376;9018;fire_smoke;/mnt/e/SyncData/paper2_main/datasets/UFireIndoorFull/test/test_firesmoke/VSD3__lb_mixed_firesmoke__video5.mp4;none;/mnt/e/SyncData/paper2_main/zout/reports/baseline_vs_accMotion/1GPU_SV__ds_UFireIndoorTest__mt_temp_method_motion_block__e1ccb7b889a0__20260401.144240;none;/mnt/e/SyncData/paper2_main/zout/reports/baseline_vs_accMotion/MainPC__ds_UFireIndoorTest__mt_no_temp_method__af4b0d32a3d2__20260330.205208
VSD3__lb_mixed_firesmoke__video5.mp4;2473;9018;fire_smoke;/mnt/e/SyncData/paper2_main/datasets/UFireIndoorFull/test/test_firesmoke/VSD3__lb_mixed_firesmoke__video5.mp4;none;/mnt/e/SyncData/paper2_main/zout/reports/baseline_vs_accMotion/1GPU_SV__ds_UFireIndoorTest__mt_temp_method_motion_block__e1ccb7b889a0__20260401.144240;none;/mnt/e/SyncData/paper2_main/zout/reports/baseline_vs_accMotion/MainPC__ds_UFireIndoorTest__mt_no_temp_method__af4b0d32a3d2__20260330.205208
VSD3__lb_mixed_firesmoke__video5.mp4;2478;9018;fire_smoke;/mnt/e/SyncData/paper2_main/datasets/UFireIndoorFull/test/test_firesmoke/VSD3__lb_mixed_firesmoke__video5.mp4;none;/mnt/e/SyncData/paper2_main/zout/reports/baseline_vs_accMotion/1GPU_SV__ds_UFireIndoorTest__mt_temp_method_motion_block__e1ccb7b889a0__20260401.144240;none;/mnt/e/SyncData/paper2_main/zout/reports/baseline_vs_accMotion/MainPC__ds_UFireIndoorTest__mt_no_temp_method__af4b0d32a3d2__20260330.205208
VSD3__lb_mixed_firesmoke__video5.mp4;2479;9018;fire_smoke;/mnt/e/SyncData/paper2_main/datasets/UFireIndoorFull/test/test_firesmoke/VSD3__lb_mixed_firesmoke__video5.mp4;none;/mnt/e/SyncData/paper2_main/zout/reports/baseline_vs_accMotion/1GPU_SV__ds_UFireIndoorTest__mt_temp_method_motion_block__e1ccb7b889a0__20260401.144240;none;/mnt/e/SyncData/paper2_main/zout/reports/baseline_vs_accMotion/MainPC__ds_UFireIndoorTest__mt_no_temp_method__af4b0d32a3d2__20260330.205208
VSD3__lb_mixed_firesmoke__video5.mp4;2561;9018;fire_smoke;/mnt/e/SyncData/paper2_main/datasets/UFireIndoorFull/test/test_firesmoke/VSD3__lb_mixed_firesmoke__video5.mp4;none;/mnt/e/SyncData/paper2_main/zout/reports/baseline_vs_accMotion/1GPU_SV__ds_UFireIndoorTest__mt_temp_method_motion_block__e1ccb7b889a0__20260401.144240;none;/mnt/e/SyncData/paper2_main/zout/reports/baseline_vs_accMotion/MainPC__ds_UFireIndoorTest__mt_no_temp_method__af4b0d32a3d2__20260330.205208
VSD3__lb_mixed_firesmoke__video5.mp4;2562;9018;fire_smoke;/mnt/e/SyncData/paper2_main/datasets/UFireIndoorFull/test/test_firesmoke/VSD3__lb_mixed_firesmoke__video5.mp4;none;/mnt/e/SyncData/paper2_main/zout/reports/baseline_vs_accMotion/1GPU_SV__ds_UFireIndoorTest__mt_temp_method_motion_block__e1ccb7b889a0__20260401.144240;none;/mnt/e/SyncData/paper2_main/zout/reports/baseline_vs_accMotion/MainPC__ds_UFireIndoorTest__mt_no_temp_method__af4b0d32a3d2__20260330.205208
VSD3__lb_mixed_firesmoke__video5.mp4;2565;9018;fire_smoke;/mnt/e/SyncData/paper2_main/datasets/UFireIndoorFull/test/test_firesmoke/VSD3__lb_mixed_firesmoke__video5.mp4;none;/mnt/e/SyncData/paper2_main/zout/reports/baseline_vs_accMotion/1GPU_SV__ds_UFireIndoorTest__mt_temp_method_motion_block__e1ccb7b889a0__20260401.144240;none;/mnt/e/SyncData/paper2_main/zout/reports/baseline_vs_accMotion/MainPC__ds_UFireIndoorTest__mt_no_temp_method__af4b0d32a3d2__20260330.205208
VSD3__lb_mixed_firesmoke__video5.mp4;2566;9018;fire_smoke;/mnt/e/SyncData/paper2_main/datasets/UFireIndoorFull/test/test_firesmoke/VSD3__lb_mixed_firesmoke__video5.mp4;none;/mnt/e/SyncData/paper2_main/zout/reports/baseline_vs_accMotion/1GPU_SV__ds_UFireIndoorTest__mt_temp_method_motion_block__e1ccb7b889a0__20260401.144240;none;/mnt/e/SyncData/paper2_main/zout/reports/baseline_vs_accMotion/MainPC__ds_UFireIndoorTest__mt_no_temp_method__af4b0d32a3d2__20260330.205208
VSD3__lb_mixed_firesmoke__video5.mp4;2575;9018;fire_smoke;/mnt/e/SyncData/paper2_main/datasets/UFireIndoorFull/test/test_firesmoke/VSD3__lb_mixed_firesmoke__video5.mp4;none;/mnt/e/SyncData/paper2_main/zout/reports/baseline_vs_accMotion/1GPU_SV__ds_UFireIndoorTest__mt_temp_method_motion_block__e1ccb7b889a0__20260401.144240;none;/mnt/e/SyncData/paper2_main/zout/reports/baseline_vs_accMotion/MainPC__ds_UFireIndoorTest__mt_no_temp_method__af4b0d32a3d2__20260330.205208
VSD3__lb_mixed_firesmoke__video5.mp4;2576;9018;fire_smoke;/mnt/e/SyncData/paper2_main/datasets/UFireIndoorFull/test/test_firesmoke/VSD3__lb_mixed_firesmoke__video5.mp4;none;/mnt/e/SyncData/paper2_main/zout/reports/baseline_vs_accMotion/1GPU_SV__ds_UFireIndoorTest__mt_temp_method_motion_block__e1ccb7b889a0__20260401.144240;none;/mnt/e/SyncData/paper2_main/zout/reports/baseline_vs_accMotion/MainPC__ds_UFireIndoorTest__mt_no_temp_method__af4b0d32a3d2__20260330.205208
VSD3__lb_mixed_firesmoke__video5.mp4;2577;9018;fire_smoke;/mnt/e/SyncData/paper2_main/datasets/UFireIndoorFull/test/test_firesmoke/VSD3__lb_mixed_firesmoke__video5.mp4;none;/mnt/e/SyncData/paper2_main/zout/reports/baseline_vs_accMotion/1GPU_SV__ds_UFireIndoorTest__mt_temp_method_motion_block__e1ccb7b889a0__20260401.144240;none;/mnt/e/SyncData/paper2_main/zout/reports/baseline_vs_accMotion/MainPC__ds_UFireIndoorTest__mt_no_temp_method__af4b0d32a3d2__20260330.205208
VSD3__lb_mixed_firesmoke__video5.mp4;2578;9018;fire_smoke;/mnt/e/SyncData/paper2_main/datasets/UFireIndoorFull/test/test_firesmoke/VSD3__lb_mixed_firesmoke__video5.mp4;none;/mnt/e/SyncData/paper2_main/zout/reports/baseline_vs_accMotion/1GPU_SV__ds_UFireIndoorTest__mt_temp_method_motion_block__e1ccb7b889a0__20260401.144240;none;/mnt/e/SyncData/paper2_main/zout/reports/baseline_vs_accMotion/MainPC__ds_UFireIndoorTest__mt_no_temp_method__af4b0d32a3d2__20260330.205208
VSD3__lb_mixed_firesmoke__video5.mp4;2579;9018;fire_smoke;/mnt/e/SyncData/paper2_main/datasets/UFireIndoorFull/test/test_firesmoke/VSD3__lb_mixed_firesmoke__video5.mp4;none;/mnt/e/SyncData/paper2_main/zout/reports/baseline_vs_accMotion/1GPU_SV__ds_UFireIndoorTest__mt_temp_method_motion_block__e1ccb7b889a0__20260401.144240;none;/mnt/e/SyncData/paper2_main/zout/reports/baseline_vs_accMotion/MainPC__ds_UFireIndoorTest__mt_no_temp_method__af4b0d32a3d2__20260330.205208
VSD3__lb_mixed_firesmoke__video5.mp4;2582;9018;fire_smoke;/mnt/e/SyncData/paper2_main/datasets/UFireIndoorFull/test/test_firesmoke/VSD3__lb_mixed_firesmoke__video5.mp4;none;/mnt/e/SyncData/paper2_main/zout/reports/baseline_vs_accMotion/1GPU_SV__ds_UFireIndoorTest__mt_temp_method_motion_block__e1ccb7b889a0__20260401.144240;none;/mnt/e/SyncData/paper2_main/zout/reports/baseline_vs_accMotion/MainPC__ds_UFireIndoorTest__mt_no_temp_method__af4b0d32a3d2__20260330.205208
VSD3__lb_mixed_firesmoke__video5.mp4;2583;9018;fire_smoke;/mnt/e/SyncData/paper2_main/datasets/UFireIndoorFull/test/test_firesmoke/VSD3__lb_mixed_firesmoke__video5.mp4;none;/mnt/e/SyncData/paper2_main/zout/reports/baseline_vs_accMotion/1GPU_SV__ds_UFireIndoorTest__mt_temp_method_motion_block__e1ccb7b889a0__20260401.144240;none;/mnt/e/SyncData/paper2_main/zout/reports/baseline_vs_accMotion/MainPC__ds_UFireIndoorTest__mt_no_temp_method__af4b0d32a3d2__20260330.205208
VSD3__lb_mixed_firesmoke__video5.mp4;2584;9018;fire_smoke;/mnt/e/SyncData/paper2_main/datasets/UFireIndoorFull/test/test_firesmoke/VSD3__lb_mixed_firesmoke__video5.mp4;none;/mnt/e/SyncData/paper2_main/zout/reports/baseline_vs_accMotion/1GPU_SV__ds_UFireIndoorTest__mt_temp_method_motion_block__e1ccb7b889a0__20260401.144240;none;/mnt/e/SyncData/paper2_main/zout/reports/baseline_vs_accMotion/MainPC__ds_UFireIndoorTest__mt_no_temp_method__af4b0d32a3d2__20260330.205208
VSD3__lb_mixed_firesmoke__video5.mp4;2587;9018;fire_smoke;/mnt/e/SyncData/paper2_main/datasets/UFireIndoorFull/test/test_firesmoke/VSD3__lb_mixed_firesmoke__video5.mp4;none;/mnt/e/SyncData/paper2_main/zout/reports/baseline_vs_accMotion/1GPU_SV__ds_UFireIndoorTest__mt_temp_method_motion_block__e1ccb7b889a0__20260401.144240;none;/mnt/e/SyncData/paper2_main/zout/reports/baseline_vs_accMotion/MainPC__ds_UFireIndoorTest__mt_no_temp_method__af4b0d32a3d2__20260330.205208
VSD3__lb_mixed_firesmoke__video5.mp4;2588;9018;fire_smoke;/mnt/e/SyncData/paper2_main/datasets/UFireIndoorFull/test/test_firesmoke/VSD3__lb_mixed_firesmoke__video5.mp4;none;/mnt/e/SyncData/paper2_main/zout/reports/baseline_vs_accMotion/1GPU_SV__ds_UFireIndoorTest__mt_temp_method_motion_block__e1ccb7b889a0__20260401.144240;none;/mnt/e/SyncData/paper2_main/zout/reports/baseline_vs_accMotion/MainPC__ds_UFireIndoorTest__mt_no_temp_method__af4b0d32a3d2__20260330.205208
VSD3__lb_mixed_firesmoke__video5.mp4;2591;9018;fire_smoke;/mnt/e/SyncData/paper2_main/datasets/UFireIndoorFull/test/test_firesmoke/VSD3__lb_mixed_firesmoke__video5.mp4;none;/mnt/e/SyncData/paper2_main/zout/reports/baseline_vs_accMotion/1GPU_SV__ds_UFireIndoorTest__mt_temp_method_motion_block__e1ccb7b889a0__20260401.144240;none;/mnt/e/SyncData/paper2_main/zout/reports/baseline_vs_accMotion/MainPC__ds_UFireIndoorTest__mt_no_temp_method__af4b0d32a3d2__20260330.205208
VSD3__lb_mixed_firesmoke__video5.mp4;2592;9018;fire_smoke;/mnt/e/SyncData/paper2_main/datasets/UFireIndoorFull/test/test_firesmoke/VSD3__lb_mixed_firesmoke__video5.mp4;none;/mnt/e/SyncData/paper2_main/zout/reports/baseline_vs_accMotion/1GPU_SV__ds_UFireIndoorTest__mt_temp_method_motion_block__e1ccb7b889a0__20260401.144240;none;/mnt/e/SyncData/paper2_main/zout/reports/baseline_vs_accMotion/MainPC__ds_UFireIndoorTest__mt_no_temp_method__af4b0d32a3d2__20260330.205208
VSD3__lb_mixed_firesmoke__video5.mp4;2593;9018;fire_smoke;/mnt/e/SyncData/paper2_main/datasets/UFireIndoorFull/test/test_firesmoke/VSD3__lb_mixed_firesmoke__video5.mp4;none;/mnt/e/SyncData/paper2_main/zout/reports/baseline_vs_accMotion/1GPU_SV__ds_UFireIndoorTest__mt_temp_method_motion_block__e1ccb7b889a0__20260401.144240;none;/mnt/e/SyncData/paper2_main/zout/reports/baseline_vs_accMotion/MainPC__ds_UFireIndoorTest__mt_no_temp_method__af4b0d32a3d2__20260330.205208
VSD3__lb_mixed_firesmoke__video5.mp4;2594;9018;fire_smoke;/mnt/e/SyncData/paper2_main/datasets/UFireIndoorFull/test/test_firesmoke/VSD3__lb_mixed_firesmoke__video5.mp4;none;/mnt/e/SyncData/paper2_main/zout/reports/baseline_vs_accMotion/1GPU_SV__ds_UFireIndoorTest__mt_temp_method_motion_block__e1ccb7b889a0__20260401.144240;none;/mnt/e/SyncData/paper2_main/zout/reports/baseline_vs_accMotion/MainPC__ds_UFireIndoorTest__mt_no_temp_method__af4b0d32a3d2__20260330.205208
VSD3__lb_mixed_firesmoke__video5.mp4;2603;9018;fire_smoke;/mnt/e/SyncData/paper2_main/datasets/UFireIndoorFull/test/test_firesmoke/VSD3__lb_mixed_firesmoke__video5.mp4;none;/mnt/e/SyncData/paper2_main/zout/reports/baseline_vs_accMotion/1GPU_SV__ds_UFireIndoorTest__mt_temp_method_motion_block__e1ccb7b889a0__20260401.144240;none;/mnt/e/SyncData/paper2_main/zout/reports/baseline_vs_accMotion/MainPC__ds_UFireIndoorTest__mt_no_temp_method__af4b0d32a3d2__20260330.205208
VSD3__lb_mixed_firesmoke__video5.mp4;2604;9018;fire_smoke;/mnt/e/SyncData/paper2_main/datasets/UFireIndoorFull/test/test_firesmoke/VSD3__lb_mixed_firesmoke__video5.mp4;none;/mnt/e/SyncData/paper2_main/zout/reports/baseline_vs_accMotion/1GPU_SV__ds_UFireIndoorTest__mt_temp_method_motion_block__e1ccb7b889a0__20260401.144240;none;/mnt/e/SyncData/paper2_main/zout/reports/baseline_vs_accMotion/MainPC__ds_UFireIndoorTest__mt_no_temp_method__af4b0d32a3d2__20260330.205208
VSD3__lb_mixed_firesmoke__video5.mp4;2609;9018;fire_smoke;/mnt/e/SyncData/paper2_main/datasets/UFireIndoorFull/test/test_firesmoke/VSD3__lb_mixed_firesmoke__video5.mp4;none;/mnt/e/SyncData/paper2_main/zout/reports/baseline_vs_accMotion/1GPU_SV__ds_UFireIndoorTest__mt_temp_method_motion_block__e1ccb7b889a0__20260401.144240;none;/mnt/e/SyncData/paper2_main/zout/reports/baseline_vs_accMotion/MainPC__ds_UFireIndoorTest__mt_no_temp_method__af4b0d32a3d2__20260330.205208
VSD3__lb_mixed_firesmoke__video5.mp4;2610;9018;fire_smoke;/mnt/e/SyncData/paper2_main/datasets/UFireIndoorFull/test/test_firesmoke/VSD3__lb_mixed_firesmoke__video5.mp4;none;/mnt/e/SyncData/paper2_main/zout/reports/baseline_vs_accMotion/1GPU_SV__ds_UFireIndoorTest__mt_temp_method_motion_block__e1ccb7b889a0__20260401.144240;none;/mnt/e/SyncData/paper2_main/zout/reports/baseline_vs_accMotion/MainPC__ds_UFireIndoorTest__mt_no_temp_method__af4b0d32a3d2__20260330.205208
VSD3__lb_mixed_firesmoke__video5.mp4;2611;9018;fire_smoke;/mnt/e/SyncData/paper2_main/datasets/UFireIndoorFull/test/test_firesmoke/VSD3__lb_mixed_firesmoke__video5.mp4;none;/mnt/e/SyncData/paper2_main/zout/reports/baseline_vs_accMotion/1GPU_SV__ds_UFireIndoorTest__mt_temp_method_motion_block__e1ccb7b889a0__20260401.144240;none;/mnt/e/SyncData/paper2_main/zout/reports/baseline_vs_accMotion/MainPC__ds_UFireIndoorTest__mt_no_temp_method__af4b0d32a3d2__20260330.205208
VSD3__lb_mixed_firesmoke__video5.mp4;2612;9018;fire_smoke;/mnt/e/SyncData/paper2_main/datasets/UFireIndoorFull/test/test_firesmoke/VSD3__lb_mixed_firesmoke__video5.mp4;none;/mnt/e/SyncData/paper2_main/zout/reports/baseline_vs_accMotion/1GPU_SV__ds_UFireIndoorTest__mt_temp_method_motion_block__e1ccb7b889a0__20260401.144240;none;/mnt/e/SyncData/paper2_main/zout/reports/baseline_vs_accMotion/MainPC__ds_UFireIndoorTest__mt_no_temp_method__af4b0d32a3d2__20260330.205208
VSD3__lb_mixed_firesmoke__video5.mp4;2613;9018;fire_smoke;/mnt/e/SyncData/paper2_main/datasets/UFireIndoorFull/test/test_firesmoke/VSD3__lb_mixed_firesmoke__video5.mp4;none;/mnt/e/SyncData/paper2_main/zout/reports/baseline_vs_accMotion/1GPU_SV__ds_UFireIndoorTest__mt_temp_method_motion_block__e1ccb7b889a0__20260401.144240;none;/mnt/e/SyncData/paper2_main/zout/reports/baseline_vs_accMotion/MainPC__ds_UFireIndoorTest__mt_no_temp_method__af4b0d32a3d2__20260330.205208
VSD3__lb_mixed_firesmoke__video5.mp4;2614;9018;fire_smoke;/mnt/e/SyncData/paper2_main/datasets/UFireIndoorFull/test/test_firesmoke/VSD3__lb_mixed_firesmoke__video5.mp4;none;/mnt/e/SyncData/paper2_main/zout/reports/baseline_vs_accMotion/1GPU_SV__ds_UFireIndoorTest__mt_temp_method_motion_block__e1ccb7b889a0__20260401.144240;none;/mnt/e/SyncData/paper2_main/zout/reports/baseline_vs_accMotion/MainPC__ds_UFireIndoorTest__mt_no_temp_method__af4b0d32a3d2__20260330.205208
VSD3__lb_mixed_firesmoke__video5.mp4;2623;9018;fire_smoke;/mnt/e/SyncData/paper2_main/datasets/UFireIndoorFull/test/test_firesmoke/VSD3__lb_mixed_firesmoke__video5.mp4;none;/mnt/e/SyncData/paper2_main/zout/reports/baseline_vs_accMotion/1GPU_SV__ds_UFireIndoorTest__mt_temp_method_motion_block__e1ccb7b889a0__20260401.144240;none;/mnt/e/SyncData/paper2_main/zout/reports/baseline_vs_accMotion/MainPC__ds_UFireIndoorTest__mt_no_temp_method__af4b0d32a3d2__20260330.205208
VSD3__lb_mixed_firesmoke__video5.mp4;2624;9018;fire_smoke;/mnt/e/SyncData/paper2_main/datasets/UFireIndoorFull/test/test_firesmoke/VSD3__lb_mixed_firesmoke__video5.mp4;none;/mnt/e/SyncData/paper2_main/zout/reports/baseline_vs_accMotion/1GPU_SV__ds_UFireIndoorTest__mt_temp_method_motion_block__e1ccb7b889a0__20260401.144240;none;/mnt/e/SyncData/paper2_main/zout/reports/baseline_vs_accMotion/MainPC__ds_UFireIndoorTest__mt_no_temp_method__af4b0d32a3d2__20260330.205208
VSD3__lb_mixed_firesmoke__video5.mp4;2672;9018;fire_smoke;/mnt/e/SyncData/paper2_main/datasets/UFireIndoorFull/test/test_firesmoke/VSD3__lb_mixed_firesmoke__video5.mp4;none;/mnt/e/SyncData/paper2_main/zout/reports/baseline_vs_accMotion/1GPU_SV__ds_UFireIndoorTest__mt_temp_method_motion_block__e1ccb7b889a0__20260401.144240;none;/mnt/e/SyncData/paper2_main/zout/reports/baseline_vs_accMotion/MainPC__ds_UFireIndoorTest__mt_no_temp_method__af4b0d32a3d2__20260330.205208
VSD3__lb_mixed_firesmoke__video5.mp4;2673;9018;fire_smoke;/mnt/e/SyncData/paper2_main/datasets/UFireIndoorFull/test/test_firesmoke/VSD3__lb_mixed_firesmoke__video5.mp4;none;/mnt/e/SyncData/paper2_main/zout/reports/baseline_vs_accMotion/1GPU_SV__ds_UFireIndoorTest__mt_temp_method_motion_block__e1ccb7b889a0__20260401.144240;none;/mnt/e/SyncData/paper2_main/zout/reports/baseline_vs_accMotion/MainPC__ds_UFireIndoorTest__mt_no_temp_method__af4b0d32a3d2__20260330.205208
VSD3__lb_mixed_firesmoke__video5.mp4;2674;9018;fire_smoke;/mnt/e/SyncData/paper2_main/datasets/UFireIndoorFull/test/test_firesmoke/VSD3__lb_mixed_firesmoke__video5.mp4;none;/mnt/e/SyncData/paper2_main/zout/reports/baseline_vs_accMotion/1GPU_SV__ds_UFireIndoorTest__mt_temp_method_motion_block__e1ccb7b889a0__20260401.144240;none;/mnt/e/SyncData/paper2_main/zout/reports/baseline_vs_accMotion/MainPC__ds_UFireIndoorTest__mt_no_temp_method__af4b0d32a3d2__20260330.205208
VSD3__lb_mixed_firesmoke__video5.mp4;2685;9018;fire_smoke;/mnt/e/SyncData/paper2_main/datasets/UFireIndoorFull/test/test_firesmoke/VSD3__lb_mixed_firesmoke__video5.mp4;none;/mnt/e/SyncData/paper2_main/zout/reports/baseline_vs_accMotion/1GPU_SV__ds_UFireIndoorTest__mt_temp_method_motion_block__e1ccb7b889a0__20260401.144240;none;/mnt/e/SyncData/paper2_main/zout/reports/baseline_vs_accMotion/MainPC__ds_UFireIndoorTest__mt_no_temp_method__af4b0d32a3d2__20260330.205208
VSD3__lb_mixed_firesmoke__video5.mp4;2686;9018;fire_smoke;/mnt/e/SyncData/paper2_main/datasets/UFireIndoorFull/test/test_firesmoke/VSD3__lb_mixed_firesmoke__video5.mp4;none;/mnt/e/SyncData/paper2_main/zout/reports/baseline_vs_accMotion/1GPU_SV__ds_UFireIndoorTest__mt_temp_method_motion_block__e1ccb7b889a0__20260401.144240;none;/mnt/e/SyncData/paper2_main/zout/reports/baseline_vs_accMotion/MainPC__ds_UFireIndoorTest__mt_no_temp_method__af4b0d32a3d2__20260330.205208
VSD3__lb_mixed_firesmoke__video5.mp4;2697;9018;fire_smoke;/mnt/e/SyncData/paper2_main/datasets/UFireIndoorFull/test/test_firesmoke/VSD3__lb_mixed_firesmoke__video5.mp4;none;/mnt/e/SyncData/paper2_main/zout/reports/baseline_vs_accMotion/1GPU_SV__ds_UFireIndoorTest__mt_temp_method_motion_block__e1ccb7b889a0__20260401.144240;none;/mnt/e/SyncData/paper2_main/zout/reports/baseline_vs_accMotion/MainPC__ds_UFireIndoorTest__mt_no_temp_method__af4b0d32a3d2__20260330.205208
VSD3__lb_mixed_firesmoke__video5.mp4;2698;9018;fire_smoke;/mnt/e/SyncData/paper2_main/datasets/UFireIndoorFull/test/test_firesmoke/VSD3__lb_mixed_firesmoke__video5.mp4;none;/mnt/e/SyncData/paper2_main/zout/reports/baseline_vs_accMotion/1GPU_SV__ds_UFireIndoorTest__mt_temp_method_motion_block__e1ccb7b889a0__20260401.144240;none;/mnt/e/SyncData/paper2_main/zout/reports/baseline_vs_accMotion/MainPC__ds_UFireIndoorTest__mt_no_temp_method__af4b0d32a3d2__20260330.205208
VSD3__lb_mixed_firesmoke__video5.mp4;2699;9018;fire_smoke;/mnt/e/SyncData/paper2_main/datasets/UFireIndoorFull/test/test_firesmoke/VSD3__lb_mixed_firesmoke__video5.mp4;none;/mnt/e/SyncData/paper2_main/zout/reports/baseline_vs_accMotion/1GPU_SV__ds_UFireIndoorTest__mt_temp_method_motion_block__e1ccb7b889a0__20260401.144240;none;/mnt/e/SyncData/paper2_main/zout/reports/baseline_vs_accMotion/MainPC__ds_UFireIndoorTest__mt_no_temp_method__af4b0d32a3d2__20260330.205208
VSD3__lb_mixed_firesmoke__video5.mp4;2700;9018;fire_smoke;/mnt/e/SyncData/paper2_main/datasets/UFireIndoorFull/test/test_firesmoke/VSD3__lb_mixed_firesmoke__video5.mp4;none;/mnt/e/SyncData/paper2_main/zout/reports/baseline_vs_accMotion/1GPU_SV__ds_UFireIndoorTest__mt_temp_method_motion_block__e1ccb7b889a0__20260401.144240;none;/mnt/e/SyncData/paper2_main/zout/reports/baseline_vs_accMotion/MainPC__ds_UFireIndoorTest__mt_no_temp_method__af4b0d32a3d2__20260330.205208
VSD3__lb_mixed_firesmoke__video5.mp4;2701;9018;fire_smoke;/mnt/e/SyncData/paper2_main/datasets/UFireIndoorFull/test/test_firesmoke/VSD3__lb_mixed_firesmoke__video5.mp4;none;/mnt/e/SyncData/paper2_main/zout/reports/baseline_vs_accMotion/1GPU_SV__ds_UFireIndoorTest__mt_temp_method_motion_block__e1ccb7b889a0__20260401.144240;none;/mnt/e/SyncData/paper2_main/zout/reports/baseline_vs_accMotion/MainPC__ds_UFireIndoorTest__mt_no_temp_method__af4b0d32a3d2__20260330.205208
VSD3__lb_mixed_firesmoke__video5.mp4;2709;9018;fire_smoke;/mnt/e/SyncData/paper2_main/datasets/UFireIndoorFull/test/test_firesmoke/VSD3__lb_mixed_firesmoke__video5.mp4;none;/mnt/e/SyncData/paper2_main/zout/reports/baseline_vs_accMotion/1GPU_SV__ds_UFireIndoorTest__mt_temp_method_motion_block__e1ccb7b889a0__20260401.144240;none;/mnt/e/SyncData/paper2_main/zout/reports/baseline_vs_accMotion/MainPC__ds_UFireIndoorTest__mt_no_temp_method__af4b0d32a3d2__20260330.205208
VSD3__lb_mixed_firesmoke__video5.mp4;2725;9018;fire_smoke;/mnt/e/SyncData/paper2_main/datasets/UFireIndoorFull/test/test_firesmoke/VSD3__lb_mixed_firesmoke__video5.mp4;none;/mnt/e/SyncData/paper2_main/zout/reports/baseline_vs_accMotion/1GPU_SV__ds_UFireIndoorTest__mt_temp_method_motion_block__e1ccb7b889a0__20260401.144240;none;/mnt/e/SyncData/paper2_main/zout/reports/baseline_vs_accMotion/MainPC__ds_UFireIndoorTest__mt_no_temp_method__af4b0d32a3d2__20260330.205208
VSD3__lb_mixed_firesmoke__video5.mp4;2726;9018;fire_smoke;/mnt/e/SyncData/paper2_main/datasets/UFireIndoorFull/test/test_firesmoke/VSD3__lb_mixed_firesmoke__video5.mp4;none;/mnt/e/SyncData/paper2_main/zout/reports/baseline_vs_accMotion/1GPU_SV__ds_UFireIndoorTest__mt_temp_method_motion_block__e1ccb7b889a0__20260401.144240;none;/mnt/e/SyncData/paper2_main/zout/reports/baseline_vs_accMotion/MainPC__ds_UFireIndoorTest__mt_no_temp_method__af4b0d32a3d2__20260330.205208
VSD3__lb_mixed_firesmoke__video5.mp4;2744;9018;fire_smoke;/mnt/e/SyncData/paper2_main/datasets/UFireIndoorFull/test/test_firesmoke/VSD3__lb_mixed_firesmoke__video5.mp4;none;/mnt/e/SyncData/paper2_main/zout/reports/baseline_vs_accMotion/1GPU_SV__ds_UFireIndoorTest__mt_temp_method_motion_block__e1ccb7b889a0__20260401.144240;none;/mnt/e/SyncData/paper2_main/zout/reports/baseline_vs_accMotion/MainPC__ds_UFireIndoorTest__mt_no_temp_method__af4b0d32a3d2__20260330.205208
VSD3__lb_mixed_firesmoke__video5.mp4;2745;9018;fire_smoke;/mnt/e/SyncData/paper2_main/datasets/UFireIndoorFull/test/test_firesmoke/VSD3__lb_mixed_firesmoke__video5.mp4;none;/mnt/e/SyncData/paper2_main/zout/reports/baseline_vs_accMotion/1GPU_SV__ds_UFireIndoorTest__mt_temp_method_motion_block__e1ccb7b889a0__20260401.144240;none;/mnt/e/SyncData/paper2_main/zout/reports/baseline_vs_accMotion/MainPC__ds_UFireIndoorTest__mt_no_temp_method__af4b0d32a3d2__20260330.205208
VSD3__lb_mixed_firesmoke__video5.mp4;2746;9018;fire_smoke;/mnt/e/SyncData/paper2_main/datasets/UFireIndoorFull/test/test_firesmoke/VSD3__lb_mixed_firesmoke__video5.mp4;none;/mnt/e/SyncData/paper2_main/zout/reports/baseline_vs_accMotion/1GPU_SV__ds_UFireIndoorTest__mt_temp_method_motion_block__e1ccb7b889a0__20260401.144240;none;/mnt/e/SyncData/paper2_main/zout/reports/baseline_vs_accMotion/MainPC__ds_UFireIndoorTest__mt_no_temp_method__af4b0d32a3d2__20260330.205208
VSD3__lb_mixed_firesmoke__video5.mp4;2749;9018;fire_smoke;/mnt/e/SyncData/paper2_main/datasets/UFireIndoorFull/test/test_firesmoke/VSD3__lb_mixed_firesmoke__video5.mp4;none;/mnt/e/SyncData/paper2_main/zout/reports/baseline_vs_accMotion/1GPU_SV__ds_UFireIndoorTest__mt_temp_method_motion_block__e1ccb7b889a0__20260401.144240;none;/mnt/e/SyncData/paper2_main/zout/reports/baseline_vs_accMotion/MainPC__ds_UFireIndoorTest__mt_no_temp_method__af4b0d32a3d2__20260330.205208
VSD3__lb_mixed_firesmoke__video5.mp4;2750;9018;fire_smoke;/mnt/e/SyncData/paper2_main/datasets/UFireIndoorFull/test/test_firesmoke/VSD3__lb_mixed_firesmoke__video5.mp4;none;/mnt/e/SyncData/paper2_main/zout/reports/baseline_vs_accMotion/1GPU_SV__ds_UFireIndoorTest__mt_temp_method_motion_block__e1ccb7b889a0__20260401.144240;none;/mnt/e/SyncData/paper2_main/zout/reports/baseline_vs_accMotion/MainPC__ds_UFireIndoorTest__mt_no_temp_method__af4b0d32a3d2__20260330.205208
VSD3__lb_mixed_firesmoke__video5.mp4;2758;9018;fire_smoke;/mnt/e/SyncData/paper2_main/datasets/UFireIndoorFull/test/test_firesmoke/VSD3__lb_mixed_firesmoke__video5.mp4;none;/mnt/e/SyncData/paper2_main/zout/reports/baseline_vs_accMotion/1GPU_SV__ds_UFireIndoorTest__mt_temp_method_motion_block__e1ccb7b889a0__20260401.144240;none;/mnt/e/SyncData/paper2_main/zout/reports/baseline_vs_accMotion/MainPC__ds_UFireIndoorTest__mt_no_temp_method__af4b0d32a3d2__20260330.205208
VSD3__lb_mixed_firesmoke__video5.mp4;2760;9018;fire_smoke;/mnt/e/SyncData/paper2_main/datasets/UFireIndoorFull/test/test_firesmoke/VSD3__lb_mixed_firesmoke__video5.mp4;none;/mnt/e/SyncData/paper2_main/zout/reports/baseline_vs_accMotion/1GPU_SV__ds_UFireIndoorTest__mt_temp_method_motion_block__e1ccb7b889a0__20260401.144240;none;/mnt/e/SyncData/paper2_main/zout/reports/baseline_vs_accMotion/MainPC__ds_UFireIndoorTest__mt_no_temp_method__af4b0d32a3d2__20260330.205208
VSD3__lb_mixed_firesmoke__video5.mp4;2761;9018;fire_smoke;/mnt/e/SyncData/paper2_main/datasets/UFireIndoorFull/test/test_firesmoke/VSD3__lb_mixed_firesmoke__video5.mp4;none;/mnt/e/SyncData/paper2_main/zout/reports/baseline_vs_accMotion/1GPU_SV__ds_UFireIndoorTest__mt_temp_method_motion_block__e1ccb7b889a0__20260401.144240;none;/mnt/e/SyncData/paper2_main/zout/reports/baseline_vs_accMotion/MainPC__ds_UFireIndoorTest__mt_no_temp_method__af4b0d32a3d2__20260330.205208
VSD3__lb_mixed_firesmoke__video5.mp4;2762;9018;fire_smoke;/mnt/e/SyncData/paper2_main/datasets/UFireIndoorFull/test/test_firesmoke/VSD3__lb_mixed_firesmoke__video5.mp4;none;/mnt/e/SyncData/paper2_main/zout/reports/baseline_vs_accMotion/1GPU_SV__ds_UFireIndoorTest__mt_temp_method_motion_block__e1ccb7b889a0__20260401.144240;none;/mnt/e/SyncData/paper2_main/zout/reports/baseline_vs_accMotion/MainPC__ds_UFireIndoorTest__mt_no_temp_method__af4b0d32a3d2__20260330.205208
VSD3__lb_mixed_firesmoke__video5.mp4;2767;9018;fire_smoke;/mnt/e/SyncData/paper2_main/datasets/UFireIndoorFull/test/test_firesmoke/VSD3__lb_mixed_firesmoke__video5.mp4;none;/mnt/e/SyncData/paper2_main/zout/reports/baseline_vs_accMotion/1GPU_SV__ds_UFireIndoorTest__mt_temp_method_motion_block__e1ccb7b889a0__20260401.144240;none;/mnt/e/SyncData/paper2_main/zout/reports/baseline_vs_accMotion/MainPC__ds_UFireIndoorTest__mt_no_temp_method__af4b0d32a3d2__20260330.205208
VSD3__lb_mixed_firesmoke__video5.mp4;2768;9018;fire_smoke;/mnt/e/SyncData/paper2_main/datasets/UFireIndoorFull/test/test_firesmoke/VSD3__lb_mixed_firesmoke__video5.mp4;none;/mnt/e/SyncData/paper2_main/zout/reports/baseline_vs_accMotion/1GPU_SV__ds_UFireIndoorTest__mt_temp_method_motion_block__e1ccb7b889a0__20260401.144240;none;/mnt/e/SyncData/paper2_main/zout/reports/baseline_vs_accMotion/MainPC__ds_UFireIndoorTest__mt_no_temp_method__af4b0d32a3d2__20260330.205208
VSD3__lb_mixed_firesmoke__video5.mp4;2772;9018;fire_smoke;/mnt/e/SyncData/paper2_main/datasets/UFireIndoorFull/test/test_firesmoke/VSD3__lb_mixed_firesmoke__video5.mp4;none;/mnt/e/SyncData/paper2_main/zout/reports/baseline_vs_accMotion/1GPU_SV__ds_UFireIndoorTest__mt_temp_method_motion_block__e1ccb7b889a0__20260401.144240;none;/mnt/e/SyncData/paper2_main/zout/reports/baseline_vs_accMotion/MainPC__ds_UFireIndoorTest__mt_no_temp_method__af4b0d32a3d2__20260330.205208
VSD3__lb_mixed_firesmoke__video5.mp4;2773;9018;fire_smoke;/mnt/e/SyncData/paper2_main/datasets/UFireIndoorFull/test/test_firesmoke/VSD3__lb_mixed_firesmoke__video5.mp4;none;/mnt/e/SyncData/paper2_main/zout/reports/baseline_vs_accMotion/1GPU_SV__ds_UFireIndoorTest__mt_temp_method_motion_block__e1ccb7b889a0__20260401.144240;none;/mnt/e/SyncData/paper2_main/zout/reports/baseline_vs_accMotion/MainPC__ds_UFireIndoorTest__mt_no_temp_method__af4b0d32a3d2__20260330.205208
VSD3__lb_mixed_firesmoke__video5.mp4;2774;9018;fire_smoke;/mnt/e/SyncData/paper2_main/datasets/UFireIndoorFull/test/test_firesmoke/VSD3__lb_mixed_firesmoke__video5.mp4;none;/mnt/e/SyncData/paper2_main/zout/reports/baseline_vs_accMotion/1GPU_SV__ds_UFireIndoorTest__mt_temp_method_motion_block__e1ccb7b889a0__20260401.144240;none;/mnt/e/SyncData/paper2_main/zout/reports/baseline_vs_accMotion/MainPC__ds_UFireIndoorTest__mt_no_temp_method__af4b0d32a3d2__20260330.205208
VSD3__lb_mixed_firesmoke__video5.mp4;2783;9018;fire_smoke;/mnt/e/SyncData/paper2_main/datasets/UFireIndoorFull/test/test_firesmoke/VSD3__lb_mixed_firesmoke__video5.mp4;none;/mnt/e/SyncData/paper2_main/zout/reports/baseline_vs_accMotion/1GPU_SV__ds_UFireIndoorTest__mt_temp_method_motion_block__e1ccb7b889a0__20260401.144240;none;/mnt/e/SyncData/paper2_main/zout/reports/baseline_vs_accMotion/MainPC__ds_UFireIndoorTest__mt_no_temp_method__af4b0d32a3d2__20260330.205208
VSD3__lb_mixed_firesmoke__video5.mp4;2784;9018;fire_smoke;/mnt/e/SyncData/paper2_main/datasets/UFireIndoorFull/test/test_firesmoke/VSD3__lb_mixed_firesmoke__video5.mp4;none;/mnt/e/SyncData/paper2_main/zout/reports/baseline_vs_accMotion/1GPU_SV__ds_UFireIndoorTest__mt_temp_method_motion_block__e1ccb7b889a0__20260401.144240;none;/mnt/e/SyncData/paper2_main/zout/reports/baseline_vs_accMotion/MainPC__ds_UFireIndoorTest__mt_no_temp_method__af4b0d32a3d2__20260330.205208
VSD3__lb_mixed_firesmoke__video5.mp4;2787;9018;fire_smoke;/mnt/e/SyncData/paper2_main/datasets/UFireIndoorFull/test/test_firesmoke/VSD3__lb_mixed_firesmoke__video5.mp4;none;/mnt/e/SyncData/paper2_main/zout/reports/baseline_vs_accMotion/1GPU_SV__ds_UFireIndoorTest__mt_temp_method_motion_block__e1ccb7b889a0__20260401.144240;none;/mnt/e/SyncData/paper2_main/zout/reports/baseline_vs_accMotion/MainPC__ds_UFireIndoorTest__mt_no_temp_method__af4b0d32a3d2__20260330.205208
VSD3__lb_mixed_firesmoke__video5.mp4;2808;9018;fire_smoke;/mnt/e/SyncData/paper2_main/datasets/UFireIndoorFull/test/test_firesmoke/VSD3__lb_mixed_firesmoke__video5.mp4;none;/mnt/e/SyncData/paper2_main/zout/reports/baseline_vs_accMotion/1GPU_SV__ds_UFireIndoorTest__mt_temp_method_motion_block__e1ccb7b889a0__20260401.144240;none;/mnt/e/SyncData/paper2_main/zout/reports/baseline_vs_accMotion/MainPC__ds_UFireIndoorTest__mt_no_temp_method__af4b0d32a3d2__20260330.205208
VSD3__lb_mixed_firesmoke__video5.mp4;2809;9018;fire_smoke;/mnt/e/SyncData/paper2_main/datasets/UFireIndoorFull/test/test_firesmoke/VSD3__lb_mixed_firesmoke__video5.mp4;none;/mnt/e/SyncData/paper2_main/zout/reports/baseline_vs_accMotion/1GPU_SV__ds_UFireIndoorTest__mt_temp_method_motion_block__e1ccb7b889a0__20260401.144240;none;/mnt/e/SyncData/paper2_main/zout/reports/baseline_vs_accMotion/MainPC__ds_UFireIndoorTest__mt_no_temp_method__af4b0d32a3d2__20260330.205208
VSD3__lb_mixed_firesmoke__video5.mp4;2812;9018;fire_smoke;/mnt/e/SyncData/paper2_main/datasets/UFireIndoorFull/test/test_firesmoke/VSD3__lb_mixed_firesmoke__video5.mp4;none;/mnt/e/SyncData/paper2_main/zout/reports/baseline_vs_accMotion/1GPU_SV__ds_UFireIndoorTest__mt_temp_method_motion_block__e1ccb7b889a0__20260401.144240;none;/mnt/e/SyncData/paper2_main/zout/reports/baseline_vs_accMotion/MainPC__ds_UFireIndoorTest__mt_no_temp_method__af4b0d32a3d2__20260330.205208
VSD3__lb_mixed_firesmoke__video5.mp4;2813;9018;fire_smoke;/mnt/e/SyncData/paper2_main/datasets/UFireIndoorFull/test/test_firesmoke/VSD3__lb_mixed_firesmoke__video5.mp4;none;/mnt/e/SyncData/paper2_main/zout/reports/baseline_vs_accMotion/1GPU_SV__ds_UFireIndoorTest__mt_temp_method_motion_block__e1ccb7b889a0__20260401.144240;none;/mnt/e/SyncData/paper2_main/zout/reports/baseline_vs_accMotion/MainPC__ds_UFireIndoorTest__mt_no_temp_method__af4b0d32a3d2__20260330.205208
VSD3__lb_mixed_firesmoke__video5.mp4;2814;9018;fire_smoke;/mnt/e/SyncData/paper2_main/datasets/UFireIndoorFull/test/test_firesmoke/VSD3__lb_mixed_firesmoke__video5.mp4;none;/mnt/e/SyncData/paper2_main/zout/reports/baseline_vs_accMotion/1GPU_SV__ds_UFireIndoorTest__mt_temp_method_motion_block__e1ccb7b889a0__20260401.144240;none;/mnt/e/SyncData/paper2_main/zout/reports/baseline_vs_accMotion/MainPC__ds_UFireIndoorTest__mt_no_temp_method__af4b0d32a3d2__20260330.205208
VSD3__lb_mixed_firesmoke__video5.mp4;2835;9018;fire_smoke;/mnt/e/SyncData/paper2_main/datasets/UFireIndoorFull/test/test_firesmoke/VSD3__lb_mixed_firesmoke__video5.mp4;none;/mnt/e/SyncData/paper2_main/zout/reports/baseline_vs_accMotion/1GPU_SV__ds_UFireIndoorTest__mt_temp_method_motion_block__e1ccb7b889a0__20260401.144240;none;/mnt/e/SyncData/paper2_main/zout/reports/baseline_vs_accMotion/MainPC__ds_UFireIndoorTest__mt_no_temp_method__af4b0d32a3d2__20260330.205208
VSD3__lb_mixed_firesmoke__video5.mp4;2836;9018;fire_smoke;/mnt/e/SyncData/paper2_main/datasets/UFireIndoorFull/test/test_firesmoke/VSD3__lb_mixed_firesmoke__video5.mp4;none;/mnt/e/SyncData/paper2_main/zout/reports/baseline_vs_accMotion/1GPU_SV__ds_UFireIndoorTest__mt_temp_method_motion_block__e1ccb7b889a0__20260401.144240;none;/mnt/e/SyncData/paper2_main/zout/reports/baseline_vs_accMotion/MainPC__ds_UFireIndoorTest__mt_no_temp_method__af4b0d32a3d2__20260330.205208
VSD3__lb_mixed_firesmoke__video5.mp4;2848;9018;fire_smoke;/mnt/e/SyncData/paper2_main/datasets/UFireIndoorFull/test/test_firesmoke/VSD3__lb_mixed_firesmoke__video5.mp4;none;/mnt/e/SyncData/paper2_main/zout/reports/baseline_vs_accMotion/1GPU_SV__ds_UFireIndoorTest__mt_temp_method_motion_block__e1ccb7b889a0__20260401.144240;none;/mnt/e/SyncData/paper2_main/zout/reports/baseline_vs_accMotion/MainPC__ds_UFireIndoorTest__mt_no_temp_method__af4b0d32a3d2__20260330.205208
VSD3__lb_mixed_firesmoke__video5.mp4;2932;9018;fire_smoke;/mnt/e/SyncData/paper2_main/datasets/UFireIndoorFull/test/test_firesmoke/VSD3__lb_mixed_firesmoke__video5.mp4;none;/mnt/e/SyncData/paper2_main/zout/reports/baseline_vs_accMotion/1GPU_SV__ds_UFireIndoorTest__mt_temp_method_motion_block__e1ccb7b889a0__20260401.144240;none;/mnt/e/SyncData/paper2_main/zout/reports/baseline_vs_accMotion/MainPC__ds_UFireIndoorTest__mt_no_temp_method__af4b0d32a3d2__20260330.205208
VSD3__lb_mixed_firesmoke__video5.mp4;2933;9018;fire_smoke;/mnt/e/SyncData/paper2_main/datasets/UFireIndoorFull/test/test_firesmoke/VSD3__lb_mixed_firesmoke__video5.mp4;none;/mnt/e/SyncData/paper2_main/zout/reports/baseline_vs_accMotion/1GPU_SV__ds_UFireIndoorTest__mt_temp_method_motion_block__e1ccb7b889a0__20260401.144240;none;/mnt/e/SyncData/paper2_main/zout/reports/baseline_vs_accMotion/MainPC__ds_UFireIndoorTest__mt_no_temp_method__af4b0d32a3d2__20260330.205208
VSD3__lb_mixed_firesmoke__video5.mp4;2945;9018;fire_smoke;/mnt/e/SyncData/paper2_main/datasets/UFireIndoorFull/test/test_firesmoke/VSD3__lb_mixed_firesmoke__video5.mp4;none;/mnt/e/SyncData/paper2_main/zout/reports/baseline_vs_accMotion/1GPU_SV__ds_UFireIndoorTest__mt_temp_method_motion_block__e1ccb7b889a0__20260401.144240;none;/mnt/e/SyncData/paper2_main/zout/reports/baseline_vs_accMotion/MainPC__ds_UFireIndoorTest__mt_no_temp_method__af4b0d32a3d2__20260330.205208
VSD3__lb_mixed_firesmoke__video5.mp4;2946;9018;fire_smoke;/mnt/e/SyncData/paper2_main/datasets/UFireIndoorFull/test/test_firesmoke/VSD3__lb_mixed_firesmoke__video5.mp4;none;/mnt/e/SyncData/paper2_main/zout/reports/baseline_vs_accMotion/1GPU_SV__ds_UFireIndoorTest__mt_temp_method_motion_block__e1ccb7b889a0__20260401.144240;none;/mnt/e/SyncData/paper2_main/zout/reports/baseline_vs_accMotion/MainPC__ds_UFireIndoorTest__mt_no_temp_method__af4b0d32a3d2__20260330.205208
VSD3__lb_mixed_firesmoke__video5.mp4;3058;9018;fire_smoke;/mnt/e/SyncData/paper2_main/datasets/UFireIndoorFull/test/test_firesmoke/VSD3__lb_mixed_firesmoke__video5.mp4;none;/mnt/e/SyncData/paper2_main/zout/reports/baseline_vs_accMotion/1GPU_SV__ds_UFireIndoorTest__mt_temp_method_motion_block__e1ccb7b889a0__20260401.144240;none;/mnt/e/SyncData/paper2_main/zout/reports/baseline_vs_accMotion/MainPC__ds_UFireIndoorTest__mt_no_temp_method__af4b0d32a3d2__20260330.205208
VSD3__lb_mixed_firesmoke__video5.mp4;3059;9018;fire_smoke;/mnt/e/SyncData/paper2_main/datasets/UFireIndoorFull/test/test_firesmoke/VSD3__lb_mixed_firesmoke__video5.mp4;none;/mnt/e/SyncData/paper2_main/zout/reports/baseline_vs_accMotion/1GPU_SV__ds_UFireIndoorTest__mt_temp_method_motion_block__e1ccb7b889a0__20260401.144240;none;/mnt/e/SyncData/paper2_main/zout/reports/baseline_vs_accMotion/MainPC__ds_UFireIndoorTest__mt_no_temp_method__af4b0d32a3d2__20260330.205208
VSD3__lb_mixed_firesmoke__video5.mp4;3071;9018;fire_smoke;/mnt/e/SyncData/paper2_main/datasets/UFireIndoorFull/test/test_firesmoke/VSD3__lb_mixed_firesmoke__video5.mp4;none;/mnt/e/SyncData/paper2_main/zout/reports/baseline_vs_accMotion/1GPU_SV__ds_UFireIndoorTest__mt_temp_method_motion_block__e1ccb7b889a0__20260401.144240;none;/mnt/e/SyncData/paper2_main/zout/reports/baseline_vs_accMotion/MainPC__ds_UFireIndoorTest__mt_no_temp_method__af4b0d32a3d2__20260330.205208
VSD3__lb_mixed_firesmoke__video5.mp4;3072;9018;fire_smoke;/mnt/e/SyncData/paper2_main/datasets/UFireIndoorFull/test/test_firesmoke/VSD3__lb_mixed_firesmoke__video5.mp4;none;/mnt/e/SyncData/paper2_main/zout/reports/baseline_vs_accMotion/1GPU_SV__ds_UFireIndoorTest__mt_temp_method_motion_block__e1ccb7b889a0__20260401.144240;none;/mnt/e/SyncData/paper2_main/zout/reports/baseline_vs_accMotion/MainPC__ds_UFireIndoorTest__mt_no_temp_method__af4b0d32a3d2__20260330.205208
VSD3__lb_mixed_firesmoke__video5.mp4;3092;9018;fire_smoke;/mnt/e/SyncData/paper2_main/datasets/UFireIndoorFull/test/test_firesmoke/VSD3__lb_mixed_firesmoke__video5.mp4;none;/mnt/e/SyncData/paper2_main/zout/reports/baseline_vs_accMotion/1GPU_SV__ds_UFireIndoorTest__mt_temp_method_motion_block__e1ccb7b889a0__20260401.144240;none;/mnt/e/SyncData/paper2_main/zout/reports/baseline_vs_accMotion/MainPC__ds_UFireIndoorTest__mt_no_temp_method__af4b0d32a3d2__20260330.205208
VSD3__lb_mixed_firesmoke__video5.mp4;3106;9018;fire_smoke;/mnt/e/SyncData/paper2_main/datasets/UFireIndoorFull/test/test_firesmoke/VSD3__lb_mixed_firesmoke__video5.mp4;none;/mnt/e/SyncData/paper2_main/zout/reports/baseline_vs_accMotion/1GPU_SV__ds_UFireIndoorTest__mt_temp_method_motion_block__e1ccb7b889a0__20260401.144240;none;/mnt/e/SyncData/paper2_main/zout/reports/baseline_vs_accMotion/MainPC__ds_UFireIndoorTest__mt_no_temp_method__af4b0d32a3d2__20260330.205208
VSD3__lb_mixed_firesmoke__video5.mp4;3107;9018;fire_smoke;/mnt/e/SyncData/paper2_main/datasets/UFireIndoorFull/test/test_firesmoke/VSD3__lb_mixed_firesmoke__video5.mp4;none;/mnt/e/SyncData/paper2_main/zout/reports/baseline_vs_accMotion/1GPU_SV__ds_UFireIndoorTest__mt_temp_method_motion_block__e1ccb7b889a0__20260401.144240;none;/mnt/e/SyncData/paper2_main/zout/reports/baseline_vs_accMotion/MainPC__ds_UFireIndoorTest__mt_no_temp_method__af4b0d32a3d2__20260330.205208
VSD3__lb_mixed_firesmoke__video5.mp4;3209;9018;fire_smoke;/mnt/e/SyncData/paper2_main/datasets/UFireIndoorFull/test/test_firesmoke/VSD3__lb_mixed_firesmoke__video5.mp4;none;/mnt/e/SyncData/paper2_main/zout/reports/baseline_vs_accMotion/1GPU_SV__ds_UFireIndoorTest__mt_temp_method_motion_block__e1ccb7b889a0__20260401.144240;none;/mnt/e/SyncData/paper2_main/zout/reports/baseline_vs_accMotion/MainPC__ds_UFireIndoorTest__mt_no_temp_method__af4b0d32a3d2__20260330.205208
VSD3__lb_mixed_firesmoke__video5.mp4;3210;9018;fire_smoke;/mnt/e/SyncData/paper2_main/datasets/UFireIndoorFull/test/test_firesmoke/VSD3__lb_mixed_firesmoke__video5.mp4;none;/mnt/e/SyncData/paper2_main/zout/reports/baseline_vs_accMotion/1GPU_SV__ds_UFireIndoorTest__mt_temp_method_motion_block__e1ccb7b889a0__20260401.144240;none;/mnt/e/SyncData/paper2_main/zout/reports/baseline_vs_accMotion/MainPC__ds_UFireIndoorTest__mt_no_temp_method__af4b0d32a3d2__20260330.205208
VSD3__lb_mixed_firesmoke__video5.mp4;3382;9018;fire_smoke;/mnt/e/SyncData/paper2_main/datasets/UFireIndoorFull/test/test_firesmoke/VSD3__lb_mixed_firesmoke__video5.mp4;none;/mnt/e/SyncData/paper2_main/zout/reports/baseline_vs_accMotion/1GPU_SV__ds_UFireIndoorTest__mt_temp_method_motion_block__e1ccb7b889a0__20260401.144240;none;/mnt/e/SyncData/paper2_main/zout/reports/baseline_vs_accMotion/MainPC__ds_UFireIndoorTest__mt_no_temp_method__af4b0d32a3d2__20260330.205208
youtube__lb_mixed_firesmoke__Dry-Christmas-Tree-vs-Well-Watered-Christmas-Tree-[0u5jCPHmevE].mp4;325;1506;fire_smoke;/mnt/e/SyncData/paper2_main/datasets/UFireIndoorFull/test/test_firesmoke/youtube__lb_mixed_firesmoke__Dry-Christmas-Tree-vs-Well-Watered-Christmas-Tree-[0u5jCPHmevE].mp4;none;/mnt/e/SyncData/paper2_main/zout/reports/baseline_vs_accMotion/1GPU_SV__ds_UFireIndoorTest__mt_temp_method_motion_block__e1ccb7b889a0__20260401.144240;none;/mnt/e/SyncData/paper2_main/zout/reports/baseline_vs_accMotion/MainPC__ds_UFireIndoorTest__mt_no_temp_method__af4b0d32a3d2__20260330.205208
youtube__lb_mixed_firesmoke__Dry-Christmas-Tree-vs-Well-Watered-Christmas-Tree-[0u5jCPHmevE].mp4;326;1506;fire_smoke;/mnt/e/SyncData/paper2_main/datasets/UFireIndoorFull/test/test_firesmoke/youtube__lb_mixed_firesmoke__Dry-Christmas-Tree-vs-Well-Watered-Christmas-Tree-[0u5jCPHmevE].mp4;none;/mnt/e/SyncData/paper2_main/zout/reports/baseline_vs_accMotion/1GPU_SV__ds_UFireIndoorTest__mt_temp_method_motion_block__e1ccb7b889a0__20260401.144240;none;/mnt/e/SyncData/paper2_main/zout/reports/baseline_vs_accMotion/MainPC__ds_UFireIndoorTest__mt_no_temp_method__af4b0d32a3d2__20260330.205208
youtube__lb_mixed_firesmoke__Dry-Christmas-Tree-vs-Well-Watered-Christmas-Tree-[0u5jCPHmevE].mp4;327;1506;fire_smoke;/mnt/e/SyncData/paper2_main/datasets/UFireIndoorFull/test/test_firesmoke/youtube__lb_mixed_firesmoke__Dry-Christmas-Tree-vs-Well-Watered-Christmas-Tree-[0u5jCPHmevE].mp4;none;/mnt/e/SyncData/paper2_main/zout/reports/baseline_vs_accMotion/1GPU_SV__ds_UFireIndoorTest__mt_temp_method_motion_block__e1ccb7b889a0__20260401.144240;none;/mnt/e/SyncData/paper2_main/zout/reports/baseline_vs_accMotion/MainPC__ds_UFireIndoorTest__mt_no_temp_method__af4b0d32a3d2__20260330.205208
youtube__lb_mixed_firesmoke__Dry-Christmas-Tree-vs-Well-Watered-Christmas-Tree-[0u5jCPHmevE].mp4;328;1506;fire_smoke;/mnt/e/SyncData/paper2_main/datasets/UFireIndoorFull/test/test_firesmoke/youtube__lb_mixed_firesmoke__Dry-Christmas-Tree-vs-Well-Watered-Christmas-Tree-[0u5jCPHmevE].mp4;none;/mnt/e/SyncData/paper2_main/zout/reports/baseline_vs_accMotion/1GPU_SV__ds_UFireIndoorTest__mt_temp_method_motion_block__e1ccb7b889a0__20260401.144240;none;/mnt/e/SyncData/paper2_main/zout/reports/baseline_vs_accMotion/MainPC__ds_UFireIndoorTest__mt_no_temp_method__af4b0d32a3d2__20260330.205208
youtube__lb_mixed_firesmoke__Dry-Christmas-Tree-vs-Well-Watered-Christmas-Tree-[0u5jCPHmevE].mp4;329;1506;fire_smoke;/mnt/e/SyncData/paper2_main/datasets/UFireIndoorFull/test/test_firesmoke/youtube__lb_mixed_firesmoke__Dry-Christmas-Tree-vs-Well-Watered-Christmas-Tree-[0u5jCPHmevE].mp4;none;/mnt/e/SyncData/paper2_main/zout/reports/baseline_vs_accMotion/1GPU_SV__ds_UFireIndoorTest__mt_temp_method_motion_block__e1ccb7b889a0__20260401.144240;none;/mnt/e/SyncData/paper2_main/zout/reports/baseline_vs_accMotion/MainPC__ds_UFireIndoorTest__mt_no_temp_method__af4b0d32a3d2__20260330.205208
youtube__lb_mixed_firesmoke__Dry-Christmas-Tree-vs-Well-Watered-Christmas-Tree-[0u5jCPHmevE].mp4;330;1506;fire_smoke;/mnt/e/SyncData/paper2_main/datasets/UFireIndoorFull/test/test_firesmoke/youtube__lb_mixed_firesmoke__Dry-Christmas-Tree-vs-Well-Watered-Christmas-Tree-[0u5jCPHmevE].mp4;none;/mnt/e/SyncData/paper2_main/zout/reports/baseline_vs_accMotion/1GPU_SV__ds_UFireIndoorTest__mt_temp_method_motion_block__e1ccb7b889a0__20260401.144240;none;/mnt/e/SyncData/paper2_main/zout/reports/baseline_vs_accMotion/MainPC__ds_UFireIndoorTest__mt_no_temp_method__af4b0d32a3d2__20260330.205208
youtube__lb_mixed_firesmoke__Dry-Christmas-Tree-vs-Well-Watered-Christmas-Tree-[0u5jCPHmevE].mp4;331;1506;fire_smoke;/mnt/e/SyncData/paper2_main/datasets/UFireIndoorFull/test/test_firesmoke/youtube__lb_mixed_firesmoke__Dry-Christmas-Tree-vs-Well-Watered-Christmas-Tree-[0u5jCPHmevE].mp4;none;/mnt/e/SyncData/paper2_main/zout/reports/baseline_vs_accMotion/1GPU_SV__ds_UFireIndoorTest__mt_temp_method_motion_block__e1ccb7b889a0__20260401.144240;none;/mnt/e/SyncData/paper2_main/zout/reports/baseline_vs_accMotion/MainPC__ds_UFireIndoorTest__mt_no_temp_method__af4b0d32a3d2__20260330.205208
youtube__lb_mixed_firesmoke__Dry-Christmas-Tree-vs-Well-Watered-Christmas-Tree-[0u5jCPHmevE].mp4;332;1506;fire_smoke;/mnt/e/SyncData/paper2_main/datasets/UFireIndoorFull/test/test_firesmoke/youtube__lb_mixed_firesmoke__Dry-Christmas-Tree-vs-Well-Watered-Christmas-Tree-[0u5jCPHmevE].mp4;none;/mnt/e/SyncData/paper2_main/zout/reports/baseline_vs_accMotion/1GPU_SV__ds_UFireIndoorTest__mt_temp_method_motion_block__e1ccb7b889a0__20260401.144240;none;/mnt/e/SyncData/paper2_main/zout/reports/baseline_vs_accMotion/MainPC__ds_UFireIndoorTest__mt_no_temp_method__af4b0d32a3d2__20260330.205208
youtube__lb_mixed_firesmoke__Dry-Christmas-Tree-vs-Well-Watered-Christmas-Tree-[0u5jCPHmevE].mp4;333;1506;fire_smoke;/mnt/e/SyncData/paper2_main/datasets/UFireIndoorFull/test/test_firesmoke/youtube__lb_mixed_firesmoke__Dry-Christmas-Tree-vs-Well-Watered-Christmas-Tree-[0u5jCPHmevE].mp4;none;/mnt/e/SyncData/paper2_main/zout/reports/baseline_vs_accMotion/1GPU_SV__ds_UFireIndoorTest__mt_temp_method_motion_block__e1ccb7b889a0__20260401.144240;none;/mnt/e/SyncData/paper2_main/zout/reports/baseline_vs_accMotion/MainPC__ds_UFireIndoorTest__mt_no_temp_method__af4b0d32a3d2__20260330.205208
youtube__lb_mixed_firesmoke__Dry-Christmas-Tree-vs-Well-Watered-Christmas-Tree-[0u5jCPHmevE].mp4;334;1506;fire_smoke;/mnt/e/SyncData/paper2_main/datasets/UFireIndoorFull/test/test_firesmoke/youtube__lb_mixed_firesmoke__Dry-Christmas-Tree-vs-Well-Watered-Christmas-Tree-[0u5jCPHmevE].mp4;none;/mnt/e/SyncData/paper2_main/zout/reports/baseline_vs_accMotion/1GPU_SV__ds_UFireIndoorTest__mt_temp_method_motion_block__e1ccb7b889a0__20260401.144240;none;/mnt/e/SyncData/paper2_main/zout/reports/baseline_vs_accMotion/MainPC__ds_UFireIndoorTest__mt_no_temp_method__af4b0d32a3d2__20260330.205208
youtube__lb_mixed_firesmoke__Dry-Christmas-Tree-vs-Well-Watered-Christmas-Tree-[0u5jCPHmevE].mp4;335;1506;fire_smoke;/mnt/e/SyncData/paper2_main/datasets/UFireIndoorFull/test/test_firesmoke/youtube__lb_mixed_firesmoke__Dry-Christmas-Tree-vs-Well-Watered-Christmas-Tree-[0u5jCPHmevE].mp4;none;/mnt/e/SyncData/paper2_main/zout/reports/baseline_vs_accMotion/1GPU_SV__ds_UFireIndoorTest__mt_temp_method_motion_block__e1ccb7b889a0__20260401.144240;none;/mnt/e/SyncData/paper2_main/zout/reports/baseline_vs_accMotion/MainPC__ds_UFireIndoorTest__mt_no_temp_method__af4b0d32a3d2__20260330.205208
youtube__lb_mixed_firesmoke__Dry-Christmas-Tree-vs-Well-Watered-Christmas-Tree-[0u5jCPHmevE].mp4;336;1506;fire_smoke;/mnt/e/SyncData/paper2_main/datasets/UFireIndoorFull/test/test_firesmoke/youtube__lb_mixed_firesmoke__Dry-Christmas-Tree-vs-Well-Watered-Christmas-Tree-[0u5jCPHmevE].mp4;none;/mnt/e/SyncData/paper2_main/zout/reports/baseline_vs_accMotion/1GPU_SV__ds_UFireIndoorTest__mt_temp_method_motion_block__e1ccb7b889a0__20260401.144240;none;/mnt/e/SyncData/paper2_main/zout/reports/baseline_vs_accMotion/MainPC__ds_UFireIndoorTest__mt_no_temp_method__af4b0d32a3d2__20260330.205208
youtube__lb_mixed_firesmoke__Dry-Christmas-Tree-vs-Well-Watered-Christmas-Tree-[0u5jCPHmevE].mp4;337;1506;fire_smoke;/mnt/e/SyncData/paper2_main/datasets/UFireIndoorFull/test/test_firesmoke/youtube__lb_mixed_firesmoke__Dry-Christmas-Tree-vs-Well-Watered-Christmas-Tree-[0u5jCPHmevE].mp4;none;/mnt/e/SyncData/paper2_main/zout/reports/baseline_vs_accMotion/1GPU_SV__ds_UFireIndoorTest__mt_temp_method_motion_block__e1ccb7b889a0__20260401.144240;none;/mnt/e/SyncData/paper2_main/zout/reports/baseline_vs_accMotion/MainPC__ds_UFireIndoorTest__mt_no_temp_method__af4b0d32a3d2__20260330.205208
youtube__lb_mixed_firesmoke__Dry-Christmas-Tree-vs-Well-Watered-Christmas-Tree-[0u5jCPHmevE].mp4;338;1506;fire_smoke;/mnt/e/SyncData/paper2_main/datasets/UFireIndoorFull/test/test_firesmoke/youtube__lb_mixed_firesmoke__Dry-Christmas-Tree-vs-Well-Watered-Christmas-Tree-[0u5jCPHmevE].mp4;none;/mnt/e/SyncData/paper2_main/zout/reports/baseline_vs_accMotion/1GPU_SV__ds_UFireIndoorTest__mt_temp_method_motion_block__e1ccb7b889a0__20260401.144240;none;/mnt/e/SyncData/paper2_main/zout/reports/baseline_vs_accMotion/MainPC__ds_UFireIndoorTest__mt_no_temp_method__af4b0d32a3d2__20260330.205208
youtube__lb_mixed_firesmoke__Dry-Christmas-Tree-vs-Well-Watered-Christmas-Tree-[0u5jCPHmevE].mp4;339;1506;fire_smoke;/mnt/e/SyncData/paper2_main/datasets/UFireIndoorFull/test/test_firesmoke/youtube__lb_mixed_firesmoke__Dry-Christmas-Tree-vs-Well-Watered-Christmas-Tree-[0u5jCPHmevE].mp4;none;/mnt/e/SyncData/paper2_main/zout/reports/baseline_vs_accMotion/1GPU_SV__ds_UFireIndoorTest__mt_temp_method_motion_block__e1ccb7b889a0__20260401.144240;none;/mnt/e/SyncData/paper2_main/zout/reports/baseline_vs_accMotion/MainPC__ds_UFireIndoorTest__mt_no_temp_method__af4b0d32a3d2__20260330.205208
youtube__lb_mixed_firesmoke__Dry-Christmas-Tree-vs-Well-Watered-Christmas-Tree-[0u5jCPHmevE].mp4;340;1506;fire_smoke;/mnt/e/SyncData/paper2_main/datasets/UFireIndoorFull/test/test_firesmoke/youtube__lb_mixed_firesmoke__Dry-Christmas-Tree-vs-Well-Watered-Christmas-Tree-[0u5jCPHmevE].mp4;none;/mnt/e/SyncData/paper2_main/zout/reports/baseline_vs_accMotion/1GPU_SV__ds_UFireIndoorTest__mt_temp_method_motion_block__e1ccb7b889a0__20260401.144240;none;/mnt/e/SyncData/paper2_main/zout/reports/baseline_vs_accMotion/MainPC__ds_UFireIndoorTest__mt_no_temp_method__af4b0d32a3d2__20260330.205208
youtube__lb_mixed_firesmoke__Dry-Christmas-Tree-vs-Well-Watered-Christmas-Tree-[0u5jCPHmevE].mp4;341;1506;fire_smoke;/mnt/e/SyncData/paper2_main/datasets/UFireIndoorFull/test/test_firesmoke/youtube__lb_mixed_firesmoke__Dry-Christmas-Tree-vs-Well-Watered-Christmas-Tree-[0u5jCPHmevE].mp4;none;/mnt/e/SyncData/paper2_main/zout/reports/baseline_vs_accMotion/1GPU_SV__ds_UFireIndoorTest__mt_temp_method_motion_block__e1ccb7b889a0__20260401.144240;none;/mnt/e/SyncData/paper2_main/zout/reports/baseline_vs_accMotion/MainPC__ds_UFireIndoorTest__mt_no_temp_method__af4b0d32a3d2__20260330.205208
youtube__lb_mixed_firesmoke__Dry-Christmas-Tree-vs-Well-Watered-Christmas-Tree-[0u5jCPHmevE].mp4;342;1506;fire_smoke;/mnt/e/SyncData/paper2_main/datasets/UFireIndoorFull/test/test_firesmoke/youtube__lb_mixed_firesmoke__Dry-Christmas-Tree-vs-Well-Watered-Christmas-Tree-[0u5jCPHmevE].mp4;none;/mnt/e/SyncData/paper2_main/zout/reports/baseline_vs_accMotion/1GPU_SV__ds_UFireIndoorTest__mt_temp_method_motion_block__e1ccb7b889a0__20260401.144240;none;/mnt/e/SyncData/paper2_main/zout/reports/baseline_vs_accMotion/MainPC__ds_UFireIndoorTest__mt_no_temp_method__af4b0d32a3d2__20260330.205208
youtube__lb_mixed_firesmoke__Dry-Christmas-Tree-vs-Well-Watered-Christmas-Tree-[0u5jCPHmevE].mp4;343;1506;fire_smoke;/mnt/e/SyncData/paper2_main/datasets/UFireIndoorFull/test/test_firesmoke/youtube__lb_mixed_firesmoke__Dry-Christmas-Tree-vs-Well-Watered-Christmas-Tree-[0u5jCPHmevE].mp4;none;/mnt/e/SyncData/paper2_main/zout/reports/baseline_vs_accMotion/1GPU_SV__ds_UFireIndoorTest__mt_temp_method_motion_block__e1ccb7b889a0__20260401.144240;none;/mnt/e/SyncData/paper2_main/zout/reports/baseline_vs_accMotion/MainPC__ds_UFireIndoorTest__mt_no_temp_method__af4b0d32a3d2__20260330.205208
youtube__lb_mixed_firesmoke__Dry-Christmas-Tree-vs-Well-Watered-Christmas-Tree-[0u5jCPHmevE].mp4;344;1506;fire_smoke;/mnt/e/SyncData/paper2_main/datasets/UFireIndoorFull/test/test_firesmoke/youtube__lb_mixed_firesmoke__Dry-Christmas-Tree-vs-Well-Watered-Christmas-Tree-[0u5jCPHmevE].mp4;none;/mnt/e/SyncData/paper2_main/zout/reports/baseline_vs_accMotion/1GPU_SV__ds_UFireIndoorTest__mt_temp_method_motion_block__e1ccb7b889a0__20260401.144240;none;/mnt/e/SyncData/paper2_main/zout/reports/baseline_vs_accMotion/MainPC__ds_UFireIndoorTest__mt_no_temp_method__af4b0d32a3d2__20260330.205208
youtube__lb_mixed_firesmoke__Dry-Christmas-Tree-vs-Well-Watered-Christmas-Tree-[0u5jCPHmevE].mp4;345;1506;fire_smoke;/mnt/e/SyncData/paper2_main/datasets/UFireIndoorFull/test/test_firesmoke/youtube__lb_mixed_firesmoke__Dry-Christmas-Tree-vs-Well-Watered-Christmas-Tree-[0u5jCPHmevE].mp4;none;/mnt/e/SyncData/paper2_main/zout/reports/baseline_vs_accMotion/1GPU_SV__ds_UFireIndoorTest__mt_temp_method_motion_block__e1ccb7b889a0__20260401.144240;none;/mnt/e/SyncData/paper2_main/zout/reports/baseline_vs_accMotion/MainPC__ds_UFireIndoorTest__mt_no_temp_method__af4b0d32a3d2__20260330.205208
youtube__lb_mixed_firesmoke__Dry-Christmas-Tree-vs-Well-Watered-Christmas-Tree-[0u5jCPHmevE].mp4;346;1506;fire_smoke;/mnt/e/SyncData/paper2_main/datasets/UFireIndoorFull/test/test_firesmoke/youtube__lb_mixed_firesmoke__Dry-Christmas-Tree-vs-Well-Watered-Christmas-Tree-[0u5jCPHmevE].mp4;none;/mnt/e/SyncData/paper2_main/zout/reports/baseline_vs_accMotion/1GPU_SV__ds_UFireIndoorTest__mt_temp_method_motion_block__e1ccb7b889a0__20260401.144240;none;/mnt/e/SyncData/paper2_main/zout/reports/baseline_vs_accMotion/MainPC__ds_UFireIndoorTest__mt_no_temp_method__af4b0d32a3d2__20260330.205208
youtube__lb_mixed_firesmoke__Dry-Christmas-Tree-vs-Well-Watered-Christmas-Tree-[0u5jCPHmevE].mp4;347;1506;fire_smoke;/mnt/e/SyncData/paper2_main/datasets/UFireIndoorFull/test/test_firesmoke/youtube__lb_mixed_firesmoke__Dry-Christmas-Tree-vs-Well-Watered-Christmas-Tree-[0u5jCPHmevE].mp4;none;/mnt/e/SyncData/paper2_main/zout/reports/baseline_vs_accMotion/1GPU_SV__ds_UFireIndoorTest__mt_temp_method_motion_block__e1ccb7b889a0__20260401.144240;none;/mnt/e/SyncData/paper2_main/zout/reports/baseline_vs_accMotion/MainPC__ds_UFireIndoorTest__mt_no_temp_method__af4b0d32a3d2__20260330.205208
youtube__lb_mixed_firesmoke__Dry-Christmas-Tree-vs-Well-Watered-Christmas-Tree-[0u5jCPHmevE].mp4;348;1506;fire_smoke;/mnt/e/SyncData/paper2_main/datasets/UFireIndoorFull/test/test_firesmoke/youtube__lb_mixed_firesmoke__Dry-Christmas-Tree-vs-Well-Watered-Christmas-Tree-[0u5jCPHmevE].mp4;none;/mnt/e/SyncData/paper2_main/zout/reports/baseline_vs_accMotion/1GPU_SV__ds_UFireIndoorTest__mt_temp_method_motion_block__e1ccb7b889a0__20260401.144240;none;/mnt/e/SyncData/paper2_main/zout/reports/baseline_vs_accMotion/MainPC__ds_UFireIndoorTest__mt_no_temp_method__af4b0d32a3d2__20260330.205208
youtube__lb_mixed_firesmoke__Dry-Christmas-Tree-vs-Well-Watered-Christmas-Tree-[0u5jCPHmevE].mp4;349;1506;fire_smoke;/mnt/e/SyncData/paper2_main/datasets/UFireIndoorFull/test/test_firesmoke/youtube__lb_mixed_firesmoke__Dry-Christmas-Tree-vs-Well-Watered-Christmas-Tree-[0u5jCPHmevE].mp4;none;/mnt/e/SyncData/paper2_main/zout/reports/baseline_vs_accMotion/1GPU_SV__ds_UFireIndoorTest__mt_temp_method_motion_block__e1ccb7b889a0__20260401.144240;none;/mnt/e/SyncData/paper2_main/zout/reports/baseline_vs_accMotion/MainPC__ds_UFireIndoorTest__mt_no_temp_method__af4b0d32a3d2__20260330.205208
youtube__lb_mixed_firesmoke__Dry-Christmas-Tree-vs-Well-Watered-Christmas-Tree-[0u5jCPHmevE].mp4;350;1506;fire_smoke;/mnt/e/SyncData/paper2_main/datasets/UFireIndoorFull/test/test_firesmoke/youtube__lb_mixed_firesmoke__Dry-Christmas-Tree-vs-Well-Watered-Christmas-Tree-[0u5jCPHmevE].mp4;none;/mnt/e/SyncData/paper2_main/zout/reports/baseline_vs_accMotion/1GPU_SV__ds_UFireIndoorTest__mt_temp_method_motion_block__e1ccb7b889a0__20260401.144240;none;/mnt/e/SyncData/paper2_main/zout/reports/baseline_vs_accMotion/MainPC__ds_UFireIndoorTest__mt_no_temp_method__af4b0d32a3d2__20260330.205208
youtube__lb_mixed_firesmoke__Dry-Christmas-Tree-vs-Well-Watered-Christmas-Tree-[0u5jCPHmevE].mp4;351;1506;fire_smoke;/mnt/e/SyncData/paper2_main/datasets/UFireIndoorFull/test/test_firesmoke/youtube__lb_mixed_firesmoke__Dry-Christmas-Tree-vs-Well-Watered-Christmas-Tree-[0u5jCPHmevE].mp4;none;/mnt/e/SyncData/paper2_main/zout/reports/baseline_vs_accMotion/1GPU_SV__ds_UFireIndoorTest__mt_temp_method_motion_block__e1ccb7b889a0__20260401.144240;none;/mnt/e/SyncData/paper2_main/zout/reports/baseline_vs_accMotion/MainPC__ds_UFireIndoorTest__mt_no_temp_method__af4b0d32a3d2__20260330.205208
youtube__lb_mixed_firesmoke__Dry-Christmas-Tree-vs-Well-Watered-Christmas-Tree-[0u5jCPHmevE].mp4;352;1506;fire_smoke;/mnt/e/SyncData/paper2_main/datasets/UFireIndoorFull/test/test_firesmoke/youtube__lb_mixed_firesmoke__Dry-Christmas-Tree-vs-Well-Watered-Christmas-Tree-[0u5jCPHmevE].mp4;none;/mnt/e/SyncData/paper2_main/zout/reports/baseline_vs_accMotion/1GPU_SV__ds_UFireIndoorTest__mt_temp_method_motion_block__e1ccb7b889a0__20260401.144240;none;/mnt/e/SyncData/paper2_main/zout/reports/baseline_vs_accMotion/MainPC__ds_UFireIndoorTest__mt_no_temp_method__af4b0d32a3d2__20260330.205208
youtube__lb_mixed_firesmoke__Dry-Christmas-Tree-vs-Well-Watered-Christmas-Tree-[0u5jCPHmevE].mp4;353;1506;fire_smoke;/mnt/e/SyncData/paper2_main/datasets/UFireIndoorFull/test/test_firesmoke/youtube__lb_mixed_firesmoke__Dry-Christmas-Tree-vs-Well-Watered-Christmas-Tree-[0u5jCPHmevE].mp4;none;/mnt/e/SyncData/paper2_main/zout/reports/baseline_vs_accMotion/1GPU_SV__ds_UFireIndoorTest__mt_temp_method_motion_block__e1ccb7b889a0__20260401.144240;none;/mnt/e/SyncData/paper2_main/zout/reports/baseline_vs_accMotion/MainPC__ds_UFireIndoorTest__mt_no_temp_method__af4b0d32a3d2__20260330.205208
youtube__lb_mixed_firesmoke__Dry-Christmas-Tree-vs-Well-Watered-Christmas-Tree-[0u5jCPHmevE].mp4;354;1506;fire_smoke;/mnt/e/SyncData/paper2_main/datasets/UFireIndoorFull/test/test_firesmoke/youtube__lb_mixed_firesmoke__Dry-Christmas-Tree-vs-Well-Watered-Christmas-Tree-[0u5jCPHmevE].mp4;none;/mnt/e/SyncData/paper2_main/zout/reports/baseline_vs_accMotion/1GPU_SV__ds_UFireIndoorTest__mt_temp_method_motion_block__e1ccb7b889a0__20260401.144240;none;/mnt/e/SyncData/paper2_main/zout/reports/baseline_vs_accMotion/MainPC__ds_UFireIndoorTest__mt_no_temp_method__af4b0d32a3d2__20260330.205208
youtube__lb_mixed_firesmoke__Dry-Christmas-Tree-vs-Well-Watered-Christmas-Tree-[0u5jCPHmevE].mp4;355;1506;fire_smoke;/mnt/e/SyncData/paper2_main/datasets/UFireIndoorFull/test/test_firesmoke/youtube__lb_mixed_firesmoke__Dry-Christmas-Tree-vs-Well-Watered-Christmas-Tree-[0u5jCPHmevE].mp4;none;/mnt/e/SyncData/paper2_main/zout/reports/baseline_vs_accMotion/1GPU_SV__ds_UFireIndoorTest__mt_temp_method_motion_block__e1ccb7b889a0__20260401.144240;none;/mnt/e/SyncData/paper2_main/zout/reports/baseline_vs_accMotion/MainPC__ds_UFireIndoorTest__mt_no_temp_method__af4b0d32a3d2__20260330.205208
youtube__lb_mixed_firesmoke__Dry-Christmas-Tree-vs-Well-Watered-Christmas-Tree-[0u5jCPHmevE].mp4;356;1506;fire_smoke;/mnt/e/SyncData/paper2_main/datasets/UFireIndoorFull/test/test_firesmoke/youtube__lb_mixed_firesmoke__Dry-Christmas-Tree-vs-Well-Watered-Christmas-Tree-[0u5jCPHmevE].mp4;none;/mnt/e/SyncData/paper2_main/zout/reports/baseline_vs_accMotion/1GPU_SV__ds_UFireIndoorTest__mt_temp_method_motion_block__e1ccb7b889a0__20260401.144240;none;/mnt/e/SyncData/paper2_main/zout/reports/baseline_vs_accMotion/MainPC__ds_UFireIndoorTest__mt_no_temp_method__af4b0d32a3d2__20260330.205208
youtube__lb_mixed_firesmoke__Dry-Christmas-Tree-vs-Well-Watered-Christmas-Tree-[0u5jCPHmevE].mp4;357;1506;fire_smoke;/mnt/e/SyncData/paper2_main/datasets/UFireIndoorFull/test/test_firesmoke/youtube__lb_mixed_firesmoke__Dry-Christmas-Tree-vs-Well-Watered-Christmas-Tree-[0u5jCPHmevE].mp4;none;/mnt/e/SyncData/paper2_main/zout/reports/baseline_vs_accMotion/1GPU_SV__ds_UFireIndoorTest__mt_temp_method_motion_block__e1ccb7b889a0__20260401.144240;none;/mnt/e/SyncData/paper2_main/zout/reports/baseline_vs_accMotion/MainPC__ds_UFireIndoorTest__mt_no_temp_method__af4b0d32a3d2__20260330.205208
youtube__lb_mixed_firesmoke__Dry-Christmas-Tree-vs-Well-Watered-Christmas-Tree-[0u5jCPHmevE].mp4;358;1506;fire_smoke;/mnt/e/SyncData/paper2_main/datasets/UFireIndoorFull/test/test_firesmoke/youtube__lb_mixed_firesmoke__Dry-Christmas-Tree-vs-Well-Watered-Christmas-Tree-[0u5jCPHmevE].mp4;none;/mnt/e/SyncData/paper2_main/zout/reports/baseline_vs_accMotion/1GPU_SV__ds_UFireIndoorTest__mt_temp_method_motion_block__e1ccb7b889a0__20260401.144240;none;/mnt/e/SyncData/paper2_main/zout/reports/baseline_vs_accMotion/MainPC__ds_UFireIndoorTest__mt_no_temp_method__af4b0d32a3d2__20260330.205208
youtube__lb_mixed_firesmoke__Dry-Christmas-Tree-vs-Well-Watered-Christmas-Tree-[0u5jCPHmevE].mp4;359;1506;fire_smoke;/mnt/e/SyncData/paper2_main/datasets/UFireIndoorFull/test/test_firesmoke/youtube__lb_mixed_firesmoke__Dry-Christmas-Tree-vs-Well-Watered-Christmas-Tree-[0u5jCPHmevE].mp4;none;/mnt/e/SyncData/paper2_main/zout/reports/baseline_vs_accMotion/1GPU_SV__ds_UFireIndoorTest__mt_temp_method_motion_block__e1ccb7b889a0__20260401.144240;none;/mnt/e/SyncData/paper2_main/zout/reports/baseline_vs_accMotion/MainPC__ds_UFireIndoorTest__mt_no_temp_method__af4b0d32a3d2__20260330.205208
youtube__lb_mixed_firesmoke__Dry-Christmas-Tree-vs-Well-Watered-Christmas-Tree-[0u5jCPHmevE].mp4;360;1506;fire_smoke;/mnt/e/SyncData/paper2_main/datasets/UFireIndoorFull/test/test_firesmoke/youtube__lb_mixed_firesmoke__Dry-Christmas-Tree-vs-Well-Watered-Christmas-Tree-[0u5jCPHmevE].mp4;none;/mnt/e/SyncData/paper2_main/zout/reports/baseline_vs_accMotion/1GPU_SV__ds_UFireIndoorTest__mt_temp_method_motion_block__e1ccb7b889a0__20260401.144240;none;/mnt/e/SyncData/paper2_main/zout/reports/baseline_vs_accMotion/MainPC__ds_UFireIndoorTest__mt_no_temp_method__af4b0d32a3d2__20260330.205208
youtube__lb_mixed_firesmoke__Dry-Christmas-Tree-vs-Well-Watered-Christmas-Tree-[0u5jCPHmevE].mp4;361;1506;fire_smoke;/mnt/e/SyncData/paper2_main/datasets/UFireIndoorFull/test/test_firesmoke/youtube__lb_mixed_firesmoke__Dry-Christmas-Tree-vs-Well-Watered-Christmas-Tree-[0u5jCPHmevE].mp4;none;/mnt/e/SyncData/paper2_main/zout/reports/baseline_vs_accMotion/1GPU_SV__ds_UFireIndoorTest__mt_temp_method_motion_block__e1ccb7b889a0__20260401.144240;none;/mnt/e/SyncData/paper2_main/zout/reports/baseline_vs_accMotion/MainPC__ds_UFireIndoorTest__mt_no_temp_method__af4b0d32a3d2__20260330.205208
youtube__lb_mixed_firesmoke__Dry-Christmas-Tree-vs-Well-Watered-Christmas-Tree-[0u5jCPHmevE].mp4;362;1506;fire_smoke;/mnt/e/SyncData/paper2_main/datasets/UFireIndoorFull/test/test_firesmoke/youtube__lb_mixed_firesmoke__Dry-Christmas-Tree-vs-Well-Watered-Christmas-Tree-[0u5jCPHmevE].mp4;none;/mnt/e/SyncData/paper2_main/zout/reports/baseline_vs_accMotion/1GPU_SV__ds_UFireIndoorTest__mt_temp_method_motion_block__e1ccb7b889a0__20260401.144240;none;/mnt/e/SyncData/paper2_main/zout/reports/baseline_vs_accMotion/MainPC__ds_UFireIndoorTest__mt_no_temp_method__af4b0d32a3d2__20260330.205208
youtube__lb_mixed_firesmoke__Dry-Christmas-Tree-vs-Well-Watered-Christmas-Tree-[0u5jCPHmevE].mp4;363;1506;fire_smoke;/mnt/e/SyncData/paper2_main/datasets/UFireIndoorFull/test/test_firesmoke/youtube__lb_mixed_firesmoke__Dry-Christmas-Tree-vs-Well-Watered-Christmas-Tree-[0u5jCPHmevE].mp4;none;/mnt/e/SyncData/paper2_main/zout/reports/baseline_vs_accMotion/1GPU_SV__ds_UFireIndoorTest__mt_temp_method_motion_block__e1ccb7b889a0__20260401.144240;none;/mnt/e/SyncData/paper2_main/zout/reports/baseline_vs_accMotion/MainPC__ds_UFireIndoorTest__mt_no_temp_method__af4b0d32a3d2__20260330.205208
youtube__lb_mixed_firesmoke__Dry-Christmas-Tree-vs-Well-Watered-Christmas-Tree-[0u5jCPHmevE].mp4;364;1506;fire_smoke;/mnt/e/SyncData/paper2_main/datasets/UFireIndoorFull/test/test_firesmoke/youtube__lb_mixed_firesmoke__Dry-Christmas-Tree-vs-Well-Watered-Christmas-Tree-[0u5jCPHmevE].mp4;none;/mnt/e/SyncData/paper2_main/zout/reports/baseline_vs_accMotion/1GPU_SV__ds_UFireIndoorTest__mt_temp_method_motion_block__e1ccb7b889a0__20260401.144240;none;/mnt/e/SyncData/paper2_main/zout/reports/baseline_vs_accMotion/MainPC__ds_UFireIndoorTest__mt_no_temp_method__af4b0d32a3d2__20260330.205208
youtube__lb_mixed_firesmoke__Dry-Christmas-Tree-vs-Well-Watered-Christmas-Tree-[0u5jCPHmevE].mp4;365;1506;fire_smoke;/mnt/e/SyncData/paper2_main/datasets/UFireIndoorFull/test/test_firesmoke/youtube__lb_mixed_firesmoke__Dry-Christmas-Tree-vs-Well-Watered-Christmas-Tree-[0u5jCPHmevE].mp4;none;/mnt/e/SyncData/paper2_main/zout/reports/baseline_vs_accMotion/1GPU_SV__ds_UFireIndoorTest__mt_temp_method_motion_block__e1ccb7b889a0__20260401.144240;none;/mnt/e/SyncData/paper2_main/zout/reports/baseline_vs_accMotion/MainPC__ds_UFireIndoorTest__mt_no_temp_method__af4b0d32a3d2__20260330.205208
youtube__lb_mixed_firesmoke__Dry-Christmas-Tree-vs-Well-Watered-Christmas-Tree-[0u5jCPHmevE].mp4;366;1506;fire_smoke;/mnt/e/SyncData/paper2_main/datasets/UFireIndoorFull/test/test_firesmoke/youtube__lb_mixed_firesmoke__Dry-Christmas-Tree-vs-Well-Watered-Christmas-Tree-[0u5jCPHmevE].mp4;none;/mnt/e/SyncData/paper2_main/zout/reports/baseline_vs_accMotion/1GPU_SV__ds_UFireIndoorTest__mt_temp_method_motion_block__e1ccb7b889a0__20260401.144240;none;/mnt/e/SyncData/paper2_main/zout/reports/baseline_vs_accMotion/MainPC__ds_UFireIndoorTest__mt_no_temp_method__af4b0d32a3d2__20260330.205208
youtube__lb_mixed_firesmoke__Dry-Christmas-Tree-vs-Well-Watered-Christmas-Tree-[0u5jCPHmevE].mp4;367;1506;fire_smoke;/mnt/e/SyncData/paper2_main/datasets/UFireIndoorFull/test/test_firesmoke/youtube__lb_mixed_firesmoke__Dry-Christmas-Tree-vs-Well-Watered-Christmas-Tree-[0u5jCPHmevE].mp4;none;/mnt/e/SyncData/paper2_main/zout/reports/baseline_vs_accMotion/1GPU_SV__ds_UFireIndoorTest__mt_temp_method_motion_block__e1ccb7b889a0__20260401.144240;none;/mnt/e/SyncData/paper2_main/zout/reports/baseline_vs_accMotion/MainPC__ds_UFireIndoorTest__mt_no_temp_method__af4b0d32a3d2__20260330.205208
youtube__lb_mixed_firesmoke__Dry-Christmas-Tree-vs-Well-Watered-Christmas-Tree-[0u5jCPHmevE].mp4;368;1506;fire_smoke;/mnt/e/SyncData/paper2_main/datasets/UFireIndoorFull/test/test_firesmoke/youtube__lb_mixed_firesmoke__Dry-Christmas-Tree-vs-Well-Watered-Christmas-Tree-[0u5jCPHmevE].mp4;none;/mnt/e/SyncData/paper2_main/zout/reports/baseline_vs_accMotion/1GPU_SV__ds_UFireIndoorTest__mt_temp_method_motion_block__e1ccb7b889a0__20260401.144240;none;/mnt/e/SyncData/paper2_main/zout/reports/baseline_vs_accMotion/MainPC__ds_UFireIndoorTest__mt_no_temp_method__af4b0d32a3d2__20260330.205208
youtube__lb_mixed_firesmoke__Dry-Christmas-Tree-vs-Well-Watered-Christmas-Tree-[0u5jCPHmevE].mp4;369;1506;fire_smoke;/mnt/e/SyncData/paper2_main/datasets/UFireIndoorFull/test/test_firesmoke/youtube__lb_mixed_firesmoke__Dry-Christmas-Tree-vs-Well-Watered-Christmas-Tree-[0u5jCPHmevE].mp4;none;/mnt/e/SyncData/paper2_main/zout/reports/baseline_vs_accMotion/1GPU_SV__ds_UFireIndoorTest__mt_temp_method_motion_block__e1ccb7b889a0__20260401.144240;none;/mnt/e/SyncData/paper2_main/zout/reports/baseline_vs_accMotion/MainPC__ds_UFireIndoorTest__mt_no_temp_method__af4b0d32a3d2__20260330.205208
youtube__lb_mixed_firesmoke__Dry-Christmas-Tree-vs-Well-Watered-Christmas-Tree-[0u5jCPHmevE].mp4;370;1506;fire_smoke;/mnt/e/SyncData/paper2_main/datasets/UFireIndoorFull/test/test_firesmoke/youtube__lb_mixed_firesmoke__Dry-Christmas-Tree-vs-Well-Watered-Christmas-Tree-[0u5jCPHmevE].mp4;none;/mnt/e/SyncData/paper2_main/zout/reports/baseline_vs_accMotion/1GPU_SV__ds_UFireIndoorTest__mt_temp_method_motion_block__e1ccb7b889a0__20260401.144240;none;/mnt/e/SyncData/paper2_main/zout/reports/baseline_vs_accMotion/MainPC__ds_UFireIndoorTest__mt_no_temp_method__af4b0d32a3d2__20260330.205208
youtube__lb_mixed_firesmoke__Dry-Christmas-Tree-vs-Well-Watered-Christmas-Tree-[0u5jCPHmevE].mp4;371;1506;fire_smoke;/mnt/e/SyncData/paper2_main/datasets/UFireIndoorFull/test/test_firesmoke/youtube__lb_mixed_firesmoke__Dry-Christmas-Tree-vs-Well-Watered-Christmas-Tree-[0u5jCPHmevE].mp4;none;/mnt/e/SyncData/paper2_main/zout/reports/baseline_vs_accMotion/1GPU_SV__ds_UFireIndoorTest__mt_temp_method_motion_block__e1ccb7b889a0__20260401.144240;none;/mnt/e/SyncData/paper2_main/zout/reports/baseline_vs_accMotion/MainPC__ds_UFireIndoorTest__mt_no_temp_method__af4b0d32a3d2__20260330.205208
youtube__lb_mixed_firesmoke__Dry-Christmas-Tree-vs-Well-Watered-Christmas-Tree-[0u5jCPHmevE].mp4;372;1506;fire_smoke;/mnt/e/SyncData/paper2_main/datasets/UFireIndoorFull/test/test_firesmoke/youtube__lb_mixed_firesmoke__Dry-Christmas-Tree-vs-Well-Watered-Christmas-Tree-[0u5jCPHmevE].mp4;none;/mnt/e/SyncData/paper2_main/zout/reports/baseline_vs_accMotion/1GPU_SV__ds_UFireIndoorTest__mt_temp_method_motion_block__e1ccb7b889a0__20260401.144240;none;/mnt/e/SyncData/paper2_main/zout/reports/baseline_vs_accMotion/MainPC__ds_UFireIndoorTest__mt_no_temp_method__af4b0d32a3d2__20260330.205208
youtube__lb_mixed_firesmoke__Dry-Christmas-Tree-vs-Well-Watered-Christmas-Tree-[0u5jCPHmevE].mp4;373;1506;fire_smoke;/mnt/e/SyncData/paper2_main/datasets/UFireIndoorFull/test/test_firesmoke/youtube__lb_mixed_firesmoke__Dry-Christmas-Tree-vs-Well-Watered-Christmas-Tree-[0u5jCPHmevE].mp4;none;/mnt/e/SyncData/paper2_main/zout/reports/baseline_vs_accMotion/1GPU_SV__ds_UFireIndoorTest__mt_temp_method_motion_block__e1ccb7b889a0__20260401.144240;none;/mnt/e/SyncData/paper2_main/zout/reports/baseline_vs_accMotion/MainPC__ds_UFireIndoorTest__mt_no_temp_method__af4b0d32a3d2__20260330.205208
youtube__lb_mixed_firesmoke__Dry-Christmas-Tree-vs-Well-Watered-Christmas-Tree-[0u5jCPHmevE].mp4;374;1506;fire_smoke;/mnt/e/SyncData/paper2_main/datasets/UFireIndoorFull/test/test_firesmoke/youtube__lb_mixed_firesmoke__Dry-Christmas-Tree-vs-Well-Watered-Christmas-Tree-[0u5jCPHmevE].mp4;none;/mnt/e/SyncData/paper2_main/zout/reports/baseline_vs_accMotion/1GPU_SV__ds_UFireIndoorTest__mt_temp_method_motion_block__e1ccb7b889a0__20260401.144240;none;/mnt/e/SyncData/paper2_main/zout/reports/baseline_vs_accMotion/MainPC__ds_UFireIndoorTest__mt_no_temp_method__af4b0d32a3d2__20260330.205208
youtube__lb_mixed_firesmoke__Dry-Christmas-Tree-vs-Well-Watered-Christmas-Tree-[0u5jCPHmevE].mp4;375;1506;fire_smoke;/mnt/e/SyncData/paper2_main/datasets/UFireIndoorFull/test/test_firesmoke/youtube__lb_mixed_firesmoke__Dry-Christmas-Tree-vs-Well-Watered-Christmas-Tree-[0u5jCPHmevE].mp4;none;/mnt/e/SyncData/paper2_main/zout/reports/baseline_vs_accMotion/1GPU_SV__ds_UFireIndoorTest__mt_temp_method_motion_block__e1ccb7b889a0__20260401.144240;none;/mnt/e/SyncData/paper2_main/zout/reports/baseline_vs_accMotion/MainPC__ds_UFireIndoorTest__mt_no_temp_method__af4b0d32a3d2__20260330.205208
youtube__lb_mixed_firesmoke__Dry-Christmas-Tree-vs-Well-Watered-Christmas-Tree-[0u5jCPHmevE].mp4;376;1506;fire_smoke;/mnt/e/SyncData/paper2_main/datasets/UFireIndoorFull/test/test_firesmoke/youtube__lb_mixed_firesmoke__Dry-Christmas-Tree-vs-Well-Watered-Christmas-Tree-[0u5jCPHmevE].mp4;none;/mnt/e/SyncData/paper2_main/zout/reports/baseline_vs_accMotion/1GPU_SV__ds_UFireIndoorTest__mt_temp_method_motion_block__e1ccb7b889a0__20260401.144240;none;/mnt/e/SyncData/paper2_main/zout/reports/baseline_vs_accMotion/MainPC__ds_UFireIndoorTest__mt_no_temp_method__af4b0d32a3d2__20260330.205208
youtube__lb_mixed_firesmoke__Dry-Christmas-Tree-vs-Well-Watered-Christmas-Tree-[0u5jCPHmevE].mp4;377;1506;fire_smoke;/mnt/e/SyncData/paper2_main/datasets/UFireIndoorFull/test/test_firesmoke/youtube__lb_mixed_firesmoke__Dry-Christmas-Tree-vs-Well-Watered-Christmas-Tree-[0u5jCPHmevE].mp4;none;/mnt/e/SyncData/paper2_main/zout/reports/baseline_vs_accMotion/1GPU_SV__ds_UFireIndoorTest__mt_temp_method_motion_block__e1ccb7b889a0__20260401.144240;none;/mnt/e/SyncData/paper2_main/zout/reports/baseline_vs_accMotion/MainPC__ds_UFireIndoorTest__mt_no_temp_method__af4b0d32a3d2__20260330.205208
youtube__lb_mixed_firesmoke__Dry-Christmas-Tree-vs-Well-Watered-Christmas-Tree-[0u5jCPHmevE].mp4;378;1506;fire_smoke;/mnt/e/SyncData/paper2_main/datasets/UFireIndoorFull/test/test_firesmoke/youtube__lb_mixed_firesmoke__Dry-Christmas-Tree-vs-Well-Watered-Christmas-Tree-[0u5jCPHmevE].mp4;none;/mnt/e/SyncData/paper2_main/zout/reports/baseline_vs_accMotion/1GPU_SV__ds_UFireIndoorTest__mt_temp_method_motion_block__e1ccb7b889a0__20260401.144240;none;/mnt/e/SyncData/paper2_main/zout/reports/baseline_vs_accMotion/MainPC__ds_UFireIndoorTest__mt_no_temp_method__af4b0d32a3d2__20260330.205208
youtube__lb_mixed_firesmoke__Dry-Christmas-Tree-vs-Well-Watered-Christmas-Tree-[0u5jCPHmevE].mp4;379;1506;fire_smoke;/mnt/e/SyncData/paper2_main/datasets/UFireIndoorFull/test/test_firesmoke/youtube__lb_mixed_firesmoke__Dry-Christmas-Tree-vs-Well-Watered-Christmas-Tree-[0u5jCPHmevE].mp4;none;/mnt/e/SyncData/paper2_main/zout/reports/baseline_vs_accMotion/1GPU_SV__ds_UFireIndoorTest__mt_temp_method_motion_block__e1ccb7b889a0__20260401.144240;none;/mnt/e/SyncData/paper2_main/zout/reports/baseline_vs_accMotion/MainPC__ds_UFireIndoorTest__mt_no_temp_method__af4b0d32a3d2__20260330.205208
youtube__lb_mixed_firesmoke__Dry-Christmas-Tree-vs-Well-Watered-Christmas-Tree-[0u5jCPHmevE].mp4;380;1506;fire_smoke;/mnt/e/SyncData/paper2_main/datasets/UFireIndoorFull/test/test_firesmoke/youtube__lb_mixed_firesmoke__Dry-Christmas-Tree-vs-Well-Watered-Christmas-Tree-[0u5jCPHmevE].mp4;none;/mnt/e/SyncData/paper2_main/zout/reports/baseline_vs_accMotion/1GPU_SV__ds_UFireIndoorTest__mt_temp_method_motion_block__e1ccb7b889a0__20260401.144240;none;/mnt/e/SyncData/paper2_main/zout/reports/baseline_vs_accMotion/MainPC__ds_UFireIndoorTest__mt_no_temp_method__af4b0d32a3d2__20260330.205208
youtube__lb_mixed_firesmoke__Dry-Christmas-Tree-vs-Well-Watered-Christmas-Tree-[0u5jCPHmevE].mp4;381;1506;fire_smoke;/mnt/e/SyncData/paper2_main/datasets/UFireIndoorFull/test/test_firesmoke/youtube__lb_mixed_firesmoke__Dry-Christmas-Tree-vs-Well-Watered-Christmas-Tree-[0u5jCPHmevE].mp4;none;/mnt/e/SyncData/paper2_main/zout/reports/baseline_vs_accMotion/1GPU_SV__ds_UFireIndoorTest__mt_temp_method_motion_block__e1ccb7b889a0__20260401.144240;none;/mnt/e/SyncData/paper2_main/zout/reports/baseline_vs_accMotion/MainPC__ds_UFireIndoorTest__mt_no_temp_method__af4b0d32a3d2__20260330.205208
youtube__lb_mixed_firesmoke__Dry-Christmas-Tree-vs-Well-Watered-Christmas-Tree-[0u5jCPHmevE].mp4;382;1506;fire_smoke;/mnt/e/SyncData/paper2_main/datasets/UFireIndoorFull/test/test_firesmoke/youtube__lb_mixed_firesmoke__Dry-Christmas-Tree-vs-Well-Watered-Christmas-Tree-[0u5jCPHmevE].mp4;none;/mnt/e/SyncData/paper2_main/zout/reports/baseline_vs_accMotion/1GPU_SV__ds_UFireIndoorTest__mt_temp_method_motion_block__e1ccb7b889a0__20260401.144240;none;/mnt/e/SyncData/paper2_main/zout/reports/baseline_vs_accMotion/MainPC__ds_UFireIndoorTest__mt_no_temp_method__af4b0d32a3d2__20260330.205208
youtube__lb_mixed_firesmoke__Dry-Christmas-Tree-vs-Well-Watered-Christmas-Tree-[0u5jCPHmevE].mp4;383;1506;fire_smoke;/mnt/e/SyncData/paper2_main/datasets/UFireIndoorFull/test/test_firesmoke/youtube__lb_mixed_firesmoke__Dry-Christmas-Tree-vs-Well-Watered-Christmas-Tree-[0u5jCPHmevE].mp4;none;/mnt/e/SyncData/paper2_main/zout/reports/baseline_vs_accMotion/1GPU_SV__ds_UFireIndoorTest__mt_temp_method_motion_block__e1ccb7b889a0__20260401.144240;none;/mnt/e/SyncData/paper2_main/zout/reports/baseline_vs_accMotion/MainPC__ds_UFireIndoorTest__mt_no_temp_method__af4b0d32a3d2__20260330.205208
youtube__lb_mixed_firesmoke__Dry-Christmas-Tree-vs-Well-Watered-Christmas-Tree-[0u5jCPHmevE].mp4;384;1506;fire_smoke;/mnt/e/SyncData/paper2_main/datasets/UFireIndoorFull/test/test_firesmoke/youtube__lb_mixed_firesmoke__Dry-Christmas-Tree-vs-Well-Watered-Christmas-Tree-[0u5jCPHmevE].mp4;none;/mnt/e/SyncData/paper2_main/zout/reports/baseline_vs_accMotion/1GPU_SV__ds_UFireIndoorTest__mt_temp_method_motion_block__e1ccb7b889a0__20260401.144240;none;/mnt/e/SyncData/paper2_main/zout/reports/baseline_vs_accMotion/MainPC__ds_UFireIndoorTest__mt_no_temp_method__af4b0d32a3d2__20260330.205208
youtube__lb_mixed_firesmoke__Dry-Christmas-Tree-vs-Well-Watered-Christmas-Tree-[0u5jCPHmevE].mp4;385;1506;fire_smoke;/mnt/e/SyncData/paper2_main/datasets/UFireIndoorFull/test/test_firesmoke/youtube__lb_mixed_firesmoke__Dry-Christmas-Tree-vs-Well-Watered-Christmas-Tree-[0u5jCPHmevE].mp4;none;/mnt/e/SyncData/paper2_main/zout/reports/baseline_vs_accMotion/1GPU_SV__ds_UFireIndoorTest__mt_temp_method_motion_block__e1ccb7b889a0__20260401.144240;none;/mnt/e/SyncData/paper2_main/zout/reports/baseline_vs_accMotion/MainPC__ds_UFireIndoorTest__mt_no_temp_method__af4b0d32a3d2__20260330.205208
youtube__lb_mixed_firesmoke__Dry-Christmas-Tree-vs-Well-Watered-Christmas-Tree-[0u5jCPHmevE].mp4;386;1506;fire_smoke;/mnt/e/SyncData/paper2_main/datasets/UFireIndoorFull/test/test_firesmoke/youtube__lb_mixed_firesmoke__Dry-Christmas-Tree-vs-Well-Watered-Christmas-Tree-[0u5jCPHmevE].mp4;none;/mnt/e/SyncData/paper2_main/zout/reports/baseline_vs_accMotion/1GPU_SV__ds_UFireIndoorTest__mt_temp_method_motion_block__e1ccb7b889a0__20260401.144240;none;/mnt/e/SyncData/paper2_main/zout/reports/baseline_vs_accMotion/MainPC__ds_UFireIndoorTest__mt_no_temp_method__af4b0d32a3d2__20260330.205208
youtube__lb_mixed_firesmoke__Dry-Christmas-Tree-vs-Well-Watered-Christmas-Tree-[0u5jCPHmevE].mp4;387;1506;fire_smoke;/mnt/e/SyncData/paper2_main/datasets/UFireIndoorFull/test/test_firesmoke/youtube__lb_mixed_firesmoke__Dry-Christmas-Tree-vs-Well-Watered-Christmas-Tree-[0u5jCPHmevE].mp4;none;/mnt/e/SyncData/paper2_main/zout/reports/baseline_vs_accMotion/1GPU_SV__ds_UFireIndoorTest__mt_temp_method_motion_block__e1ccb7b889a0__20260401.144240;none;/mnt/e/SyncData/paper2_main/zout/reports/baseline_vs_accMotion/MainPC__ds_UFireIndoorTest__mt_no_temp_method__af4b0d32a3d2__20260330.205208
youtube__lb_mixed_firesmoke__Dry-Christmas-Tree-vs-Well-Watered-Christmas-Tree-[0u5jCPHmevE].mp4;388;1506;fire_smoke;/mnt/e/SyncData/paper2_main/datasets/UFireIndoorFull/test/test_firesmoke/youtube__lb_mixed_firesmoke__Dry-Christmas-Tree-vs-Well-Watered-Christmas-Tree-[0u5jCPHmevE].mp4;none;/mnt/e/SyncData/paper2_main/zout/reports/baseline_vs_accMotion/1GPU_SV__ds_UFireIndoorTest__mt_temp_method_motion_block__e1ccb7b889a0__20260401.144240;none;/mnt/e/SyncData/paper2_main/zout/reports/baseline_vs_accMotion/MainPC__ds_UFireIndoorTest__mt_no_temp_method__af4b0d32a3d2__20260330.205208
youtube__lb_mixed_firesmoke__Dry-Christmas-Tree-vs-Well-Watered-Christmas-Tree-[0u5jCPHmevE].mp4;389;1506;fire_smoke;/mnt/e/SyncData/paper2_main/datasets/UFireIndoorFull/test/test_firesmoke/youtube__lb_mixed_firesmoke__Dry-Christmas-Tree-vs-Well-Watered-Christmas-Tree-[0u5jCPHmevE].mp4;none;/mnt/e/SyncData/paper2_main/zout/reports/baseline_vs_accMotion/1GPU_SV__ds_UFireIndoorTest__mt_temp_method_motion_block__e1ccb7b889a0__20260401.144240;none;/mnt/e/SyncData/paper2_main/zout/reports/baseline_vs_accMotion/MainPC__ds_UFireIndoorTest__mt_no_temp_method__af4b0d32a3d2__20260330.205208
youtube__lb_mixed_firesmoke__Dry-Christmas-Tree-vs-Well-Watered-Christmas-Tree-[0u5jCPHmevE].mp4;390;1506;fire_smoke;/mnt/e/SyncData/paper2_main/datasets/UFireIndoorFull/test/test_firesmoke/youtube__lb_mixed_firesmoke__Dry-Christmas-Tree-vs-Well-Watered-Christmas-Tree-[0u5jCPHmevE].mp4;none;/mnt/e/SyncData/paper2_main/zout/reports/baseline_vs_accMotion/1GPU_SV__ds_UFireIndoorTest__mt_temp_method_motion_block__e1ccb7b889a0__20260401.144240;none;/mnt/e/SyncData/paper2_main/zout/reports/baseline_vs_accMotion/MainPC__ds_UFireIndoorTest__mt_no_temp_method__af4b0d32a3d2__20260330.205208
youtube__lb_mixed_firesmoke__Dry-Christmas-Tree-vs-Well-Watered-Christmas-Tree-[0u5jCPHmevE].mp4;391;1506;fire_smoke;/mnt/e/SyncData/paper2_main/datasets/UFireIndoorFull/test/test_firesmoke/youtube__lb_mixed_firesmoke__Dry-Christmas-Tree-vs-Well-Watered-Christmas-Tree-[0u5jCPHmevE].mp4;none;/mnt/e/SyncData/paper2_main/zout/reports/baseline_vs_accMotion/1GPU_SV__ds_UFireIndoorTest__mt_temp_method_motion_block__e1ccb7b889a0__20260401.144240;none;/mnt/e/SyncData/paper2_main/zout/reports/baseline_vs_accMotion/MainPC__ds_UFireIndoorTest__mt_no_temp_method__af4b0d32a3d2__20260330.205208
youtube__lb_mixed_firesmoke__Dry-Christmas-Tree-vs-Well-Watered-Christmas-Tree-[0u5jCPHmevE].mp4;392;1506;fire_smoke;/mnt/e/SyncData/paper2_main/datasets/UFireIndoorFull/test/test_firesmoke/youtube__lb_mixed_firesmoke__Dry-Christmas-Tree-vs-Well-Watered-Christmas-Tree-[0u5jCPHmevE].mp4;none;/mnt/e/SyncData/paper2_main/zout/reports/baseline_vs_accMotion/1GPU_SV__ds_UFireIndoorTest__mt_temp_method_motion_block__e1ccb7b889a0__20260401.144240;none;/mnt/e/SyncData/paper2_main/zout/reports/baseline_vs_accMotion/MainPC__ds_UFireIndoorTest__mt_no_temp_method__af4b0d32a3d2__20260330.205208
youtube__lb_mixed_firesmoke__Dry-Christmas-Tree-vs-Well-Watered-Christmas-Tree-[0u5jCPHmevE].mp4;393;1506;fire_smoke;/mnt/e/SyncData/paper2_main/datasets/UFireIndoorFull/test/test_firesmoke/youtube__lb_mixed_firesmoke__Dry-Christmas-Tree-vs-Well-Watered-Christmas-Tree-[0u5jCPHmevE].mp4;none;/mnt/e/SyncData/paper2_main/zout/reports/baseline_vs_accMotion/1GPU_SV__ds_UFireIndoorTest__mt_temp_method_motion_block__e1ccb7b889a0__20260401.144240;none;/mnt/e/SyncData/paper2_main/zout/reports/baseline_vs_accMotion/MainPC__ds_UFireIndoorTest__mt_no_temp_method__af4b0d32a3d2__20260330.205208
youtube__lb_mixed_firesmoke__Dry-Christmas-Tree-vs-Well-Watered-Christmas-Tree-[0u5jCPHmevE].mp4;394;1506;fire_smoke;/mnt/e/SyncData/paper2_main/datasets/UFireIndoorFull/test/test_firesmoke/youtube__lb_mixed_firesmoke__Dry-Christmas-Tree-vs-Well-Watered-Christmas-Tree-[0u5jCPHmevE].mp4;none;/mnt/e/SyncData/paper2_main/zout/reports/baseline_vs_accMotion/1GPU_SV__ds_UFireIndoorTest__mt_temp_method_motion_block__e1ccb7b889a0__20260401.144240;none;/mnt/e/SyncData/paper2_main/zout/reports/baseline_vs_accMotion/MainPC__ds_UFireIndoorTest__mt_no_temp_method__af4b0d32a3d2__20260330.205208
youtube__lb_mixed_firesmoke__Dry-Christmas-Tree-vs-Well-Watered-Christmas-Tree-[0u5jCPHmevE].mp4;395;1506;fire_smoke;/mnt/e/SyncData/paper2_main/datasets/UFireIndoorFull/test/test_firesmoke/youtube__lb_mixed_firesmoke__Dry-Christmas-Tree-vs-Well-Watered-Christmas-Tree-[0u5jCPHmevE].mp4;none;/mnt/e/SyncData/paper2_main/zout/reports/baseline_vs_accMotion/1GPU_SV__ds_UFireIndoorTest__mt_temp_method_motion_block__e1ccb7b889a0__20260401.144240;none;/mnt/e/SyncData/paper2_main/zout/reports/baseline_vs_accMotion/MainPC__ds_UFireIndoorTest__mt_no_temp_method__af4b0d32a3d2__20260330.205208
youtube__lb_mixed_firesmoke__Dry-Christmas-Tree-vs-Well-Watered-Christmas-Tree-[0u5jCPHmevE].mp4;396;1506;fire_smoke;/mnt/e/SyncData/paper2_main/datasets/UFireIndoorFull/test/test_firesmoke/youtube__lb_mixed_firesmoke__Dry-Christmas-Tree-vs-Well-Watered-Christmas-Tree-[0u5jCPHmevE].mp4;none;/mnt/e/SyncData/paper2_main/zout/reports/baseline_vs_accMotion/1GPU_SV__ds_UFireIndoorTest__mt_temp_method_motion_block__e1ccb7b889a0__20260401.144240;none;/mnt/e/SyncData/paper2_main/zout/reports/baseline_vs_accMotion/MainPC__ds_UFireIndoorTest__mt_no_temp_method__af4b0d32a3d2__20260330.205208
youtube__lb_mixed_firesmoke__Dry-Christmas-Tree-vs-Well-Watered-Christmas-Tree-[0u5jCPHmevE].mp4;397;1506;fire_smoke;/mnt/e/SyncData/paper2_main/datasets/UFireIndoorFull/test/test_firesmoke/youtube__lb_mixed_firesmoke__Dry-Christmas-Tree-vs-Well-Watered-Christmas-Tree-[0u5jCPHmevE].mp4;none;/mnt/e/SyncData/paper2_main/zout/reports/baseline_vs_accMotion/1GPU_SV__ds_UFireIndoorTest__mt_temp_method_motion_block__e1ccb7b889a0__20260401.144240;none;/mnt/e/SyncData/paper2_main/zout/reports/baseline_vs_accMotion/MainPC__ds_UFireIndoorTest__mt_no_temp_method__af4b0d32a3d2__20260330.205208
youtube__lb_mixed_firesmoke__Dry-Christmas-Tree-vs-Well-Watered-Christmas-Tree-[0u5jCPHmevE].mp4;398;1506;fire_smoke;/mnt/e/SyncData/paper2_main/datasets/UFireIndoorFull/test/test_firesmoke/youtube__lb_mixed_firesmoke__Dry-Christmas-Tree-vs-Well-Watered-Christmas-Tree-[0u5jCPHmevE].mp4;none;/mnt/e/SyncData/paper2_main/zout/reports/baseline_vs_accMotion/1GPU_SV__ds_UFireIndoorTest__mt_temp_method_motion_block__e1ccb7b889a0__20260401.144240;none;/mnt/e/SyncData/paper2_main/zout/reports/baseline_vs_accMotion/MainPC__ds_UFireIndoorTest__mt_no_temp_method__af4b0d32a3d2__20260330.205208
youtube__lb_mixed_firesmoke__Dry-Christmas-Tree-vs-Well-Watered-Christmas-Tree-[0u5jCPHmevE].mp4;399;1506;fire_smoke;/mnt/e/SyncData/paper2_main/datasets/UFireIndoorFull/test/test_firesmoke/youtube__lb_mixed_firesmoke__Dry-Christmas-Tree-vs-Well-Watered-Christmas-Tree-[0u5jCPHmevE].mp4;none;/mnt/e/SyncData/paper2_main/zout/reports/baseline_vs_accMotion/1GPU_SV__ds_UFireIndoorTest__mt_temp_method_motion_block__e1ccb7b889a0__20260401.144240;none;/mnt/e/SyncData/paper2_main/zout/reports/baseline_vs_accMotion/MainPC__ds_UFireIndoorTest__mt_no_temp_method__af4b0d32a3d2__20260330.205208
youtube__lb_mixed_firesmoke__Dry-Christmas-Tree-vs-Well-Watered-Christmas-Tree-[0u5jCPHmevE].mp4;400;1506;fire_smoke;/mnt/e/SyncData/paper2_main/datasets/UFireIndoorFull/test/test_firesmoke/youtube__lb_mixed_firesmoke__Dry-Christmas-Tree-vs-Well-Watered-Christmas-Tree-[0u5jCPHmevE].mp4;none;/mnt/e/SyncData/paper2_main/zout/reports/baseline_vs_accMotion/1GPU_SV__ds_UFireIndoorTest__mt_temp_method_motion_block__e1ccb7b889a0__20260401.144240;none;/mnt/e/SyncData/paper2_main/zout/reports/baseline_vs_accMotion/MainPC__ds_UFireIndoorTest__mt_no_temp_method__af4b0d32a3d2__20260330.205208
youtube__lb_mixed_firesmoke__Dry-Christmas-Tree-vs-Well-Watered-Christmas-Tree-[0u5jCPHmevE].mp4;401;1506;fire_smoke;/mnt/e/SyncData/paper2_main/datasets/UFireIndoorFull/test/test_firesmoke/youtube__lb_mixed_firesmoke__Dry-Christmas-Tree-vs-Well-Watered-Christmas-Tree-[0u5jCPHmevE].mp4;none;/mnt/e/SyncData/paper2_main/zout/reports/baseline_vs_accMotion/1GPU_SV__ds_UFireIndoorTest__mt_temp_method_motion_block__e1ccb7b889a0__20260401.144240;none;/mnt/e/SyncData/paper2_main/zout/reports/baseline_vs_accMotion/MainPC__ds_UFireIndoorTest__mt_no_temp_method__af4b0d32a3d2__20260330.205208
youtube__lb_mixed_firesmoke__Dry-Christmas-Tree-vs-Well-Watered-Christmas-Tree-[0u5jCPHmevE].mp4;402;1506;fire_smoke;/mnt/e/SyncData/paper2_main/datasets/UFireIndoorFull/test/test_firesmoke/youtube__lb_mixed_firesmoke__Dry-Christmas-Tree-vs-Well-Watered-Christmas-Tree-[0u5jCPHmevE].mp4;none;/mnt/e/SyncData/paper2_main/zout/reports/baseline_vs_accMotion/1GPU_SV__ds_UFireIndoorTest__mt_temp_method_motion_block__e1ccb7b889a0__20260401.144240;none;/mnt/e/SyncData/paper2_main/zout/reports/baseline_vs_accMotion/MainPC__ds_UFireIndoorTest__mt_no_temp_method__af4b0d32a3d2__20260330.205208
youtube__lb_mixed_firesmoke__Dry-Christmas-Tree-vs-Well-Watered-Christmas-Tree-[0u5jCPHmevE].mp4;403;1506;fire_smoke;/mnt/e/SyncData/paper2_main/datasets/UFireIndoorFull/test/test_firesmoke/youtube__lb_mixed_firesmoke__Dry-Christmas-Tree-vs-Well-Watered-Christmas-Tree-[0u5jCPHmevE].mp4;none;/mnt/e/SyncData/paper2_main/zout/reports/baseline_vs_accMotion/1GPU_SV__ds_UFireIndoorTest__mt_temp_method_motion_block__e1ccb7b889a0__20260401.144240;none;/mnt/e/SyncData/paper2_main/zout/reports/baseline_vs_accMotion/MainPC__ds_UFireIndoorTest__mt_no_temp_method__af4b0d32a3d2__20260330.205208
youtube__lb_mixed_firesmoke__Dry-Christmas-Tree-vs-Well-Watered-Christmas-Tree-[0u5jCPHmevE].mp4;404;1506;fire_smoke;/mnt/e/SyncData/paper2_main/datasets/UFireIndoorFull/test/test_firesmoke/youtube__lb_mixed_firesmoke__Dry-Christmas-Tree-vs-Well-Watered-Christmas-Tree-[0u5jCPHmevE].mp4;none;/mnt/e/SyncData/paper2_main/zout/reports/baseline_vs_accMotion/1GPU_SV__ds_UFireIndoorTest__mt_temp_method_motion_block__e1ccb7b889a0__20260401.144240;none;/mnt/e/SyncData/paper2_main/zout/reports/baseline_vs_accMotion/MainPC__ds_UFireIndoorTest__mt_no_temp_method__af4b0d32a3d2__20260330.205208
youtube__lb_mixed_firesmoke__Dry-Christmas-Tree-vs-Well-Watered-Christmas-Tree-[0u5jCPHmevE].mp4;405;1506;fire_smoke;/mnt/e/SyncData/paper2_main/datasets/UFireIndoorFull/test/test_firesmoke/youtube__lb_mixed_firesmoke__Dry-Christmas-Tree-vs-Well-Watered-Christmas-Tree-[0u5jCPHmevE].mp4;none;/mnt/e/SyncData/paper2_main/zout/reports/baseline_vs_accMotion/1GPU_SV__ds_UFireIndoorTest__mt_temp_method_motion_block__e1ccb7b889a0__20260401.144240;none;/mnt/e/SyncData/paper2_main/zout/reports/baseline_vs_accMotion/MainPC__ds_UFireIndoorTest__mt_no_temp_method__af4b0d32a3d2__20260330.205208
youtube__lb_mixed_firesmoke__Dry-Christmas-Tree-vs-Well-Watered-Christmas-Tree-[0u5jCPHmevE].mp4;406;1506;fire_smoke;/mnt/e/SyncData/paper2_main/datasets/UFireIndoorFull/test/test_firesmoke/youtube__lb_mixed_firesmoke__Dry-Christmas-Tree-vs-Well-Watered-Christmas-Tree-[0u5jCPHmevE].mp4;none;/mnt/e/SyncData/paper2_main/zout/reports/baseline_vs_accMotion/1GPU_SV__ds_UFireIndoorTest__mt_temp_method_motion_block__e1ccb7b889a0__20260401.144240;none;/mnt/e/SyncData/paper2_main/zout/reports/baseline_vs_accMotion/MainPC__ds_UFireIndoorTest__mt_no_temp_method__af4b0d32a3d2__20260330.205208
youtube__lb_mixed_firesmoke__Dry-Christmas-Tree-vs-Well-Watered-Christmas-Tree-[0u5jCPHmevE].mp4;407;1506;fire_smoke;/mnt/e/SyncData/paper2_main/datasets/UFireIndoorFull/test/test_firesmoke/youtube__lb_mixed_firesmoke__Dry-Christmas-Tree-vs-Well-Watered-Christmas-Tree-[0u5jCPHmevE].mp4;none;/mnt/e/SyncData/paper2_main/zout/reports/baseline_vs_accMotion/1GPU_SV__ds_UFireIndoorTest__mt_temp_method_motion_block__e1ccb7b889a0__20260401.144240;none;/mnt/e/SyncData/paper2_main/zout/reports/baseline_vs_accMotion/MainPC__ds_UFireIndoorTest__mt_no_temp_method__af4b0d32a3d2__20260330.205208
youtube__lb_mixed_firesmoke__Dry-Christmas-Tree-vs-Well-Watered-Christmas-Tree-[0u5jCPHmevE].mp4;408;1506;fire_smoke;/mnt/e/SyncData/paper2_main/datasets/UFireIndoorFull/test/test_firesmoke/youtube__lb_mixed_firesmoke__Dry-Christmas-Tree-vs-Well-Watered-Christmas-Tree-[0u5jCPHmevE].mp4;none;/mnt/e/SyncData/paper2_main/zout/reports/baseline_vs_accMotion/1GPU_SV__ds_UFireIndoorTest__mt_temp_method_motion_block__e1ccb7b889a0__20260401.144240;none;/mnt/e/SyncData/paper2_main/zout/reports/baseline_vs_accMotion/MainPC__ds_UFireIndoorTest__mt_no_temp_method__af4b0d32a3d2__20260330.205208
youtube__lb_mixed_firesmoke__Dry-Christmas-Tree-vs-Well-Watered-Christmas-Tree-[0u5jCPHmevE].mp4;409;1506;fire_smoke;/mnt/e/SyncData/paper2_main/datasets/UFireIndoorFull/test/test_firesmoke/youtube__lb_mixed_firesmoke__Dry-Christmas-Tree-vs-Well-Watered-Christmas-Tree-[0u5jCPHmevE].mp4;none;/mnt/e/SyncData/paper2_main/zout/reports/baseline_vs_accMotion/1GPU_SV__ds_UFireIndoorTest__mt_temp_method_motion_block__e1ccb7b889a0__20260401.144240;none;/mnt/e/SyncData/paper2_main/zout/reports/baseline_vs_accMotion/MainPC__ds_UFireIndoorTest__mt_no_temp_method__af4b0d32a3d2__20260330.205208
youtube__lb_mixed_firesmoke__Dry-Christmas-Tree-vs-Well-Watered-Christmas-Tree-[0u5jCPHmevE].mp4;413;1506;fire_smoke;/mnt/e/SyncData/paper2_main/datasets/UFireIndoorFull/test/test_firesmoke/youtube__lb_mixed_firesmoke__Dry-Christmas-Tree-vs-Well-Watered-Christmas-Tree-[0u5jCPHmevE].mp4;none;/mnt/e/SyncData/paper2_main/zout/reports/baseline_vs_accMotion/1GPU_SV__ds_UFireIndoorTest__mt_temp_method_motion_block__e1ccb7b889a0__20260401.144240;none;/mnt/e/SyncData/paper2_main/zout/reports/baseline_vs_accMotion/MainPC__ds_UFireIndoorTest__mt_no_temp_method__af4b0d32a3d2__20260330.205208
youtube__lb_mixed_firesmoke__Dry-Christmas-Tree-vs-Well-Watered-Christmas-Tree-[0u5jCPHmevE].mp4;422;1506;fire_smoke;/mnt/e/SyncData/paper2_main/datasets/UFireIndoorFull/test/test_firesmoke/youtube__lb_mixed_firesmoke__Dry-Christmas-Tree-vs-Well-Watered-Christmas-Tree-[0u5jCPHmevE].mp4;none;/mnt/e/SyncData/paper2_main/zout/reports/baseline_vs_accMotion/1GPU_SV__ds_UFireIndoorTest__mt_temp_method_motion_block__e1ccb7b889a0__20260401.144240;none;/mnt/e/SyncData/paper2_main/zout/reports/baseline_vs_accMotion/MainPC__ds_UFireIndoorTest__mt_no_temp_method__af4b0d32a3d2__20260330.205208
youtube__lb_mixed_firesmoke__Dry-Christmas-Tree-vs-Well-Watered-Christmas-Tree-[0u5jCPHmevE].mp4;423;1506;fire_smoke;/mnt/e/SyncData/paper2_main/datasets/UFireIndoorFull/test/test_firesmoke/youtube__lb_mixed_firesmoke__Dry-Christmas-Tree-vs-Well-Watered-Christmas-Tree-[0u5jCPHmevE].mp4;none;/mnt/e/SyncData/paper2_main/zout/reports/baseline_vs_accMotion/1GPU_SV__ds_UFireIndoorTest__mt_temp_method_motion_block__e1ccb7b889a0__20260401.144240;none;/mnt/e/SyncData/paper2_main/zout/reports/baseline_vs_accMotion/MainPC__ds_UFireIndoorTest__mt_no_temp_method__af4b0d32a3d2__20260330.205208
youtube__lb_mixed_firesmoke__Dry-Christmas-Tree-vs-Well-Watered-Christmas-Tree-[0u5jCPHmevE].mp4;424;1506;fire_smoke;/mnt/e/SyncData/paper2_main/datasets/UFireIndoorFull/test/test_firesmoke/youtube__lb_mixed_firesmoke__Dry-Christmas-Tree-vs-Well-Watered-Christmas-Tree-[0u5jCPHmevE].mp4;none;/mnt/e/SyncData/paper2_main/zout/reports/baseline_vs_accMotion/1GPU_SV__ds_UFireIndoorTest__mt_temp_method_motion_block__e1ccb7b889a0__20260401.144240;none;/mnt/e/SyncData/paper2_main/zout/reports/baseline_vs_accMotion/MainPC__ds_UFireIndoorTest__mt_no_temp_method__af4b0d32a3d2__20260330.205208
youtube__lb_mixed_firesmoke__Dry-Christmas-Tree-vs-Well-Watered-Christmas-Tree-[0u5jCPHmevE].mp4;425;1506;fire_smoke;/mnt/e/SyncData/paper2_main/datasets/UFireIndoorFull/test/test_firesmoke/youtube__lb_mixed_firesmoke__Dry-Christmas-Tree-vs-Well-Watered-Christmas-Tree-[0u5jCPHmevE].mp4;none;/mnt/e/SyncData/paper2_main/zout/reports/baseline_vs_accMotion/1GPU_SV__ds_UFireIndoorTest__mt_temp_method_motion_block__e1ccb7b889a0__20260401.144240;none;/mnt/e/SyncData/paper2_main/zout/reports/baseline_vs_accMotion/MainPC__ds_UFireIndoorTest__mt_no_temp_method__af4b0d32a3d2__20260330.205208
youtube__lb_mixed_firesmoke__Dry-Christmas-Tree-vs-Well-Watered-Christmas-Tree-[0u5jCPHmevE].mp4;426;1506;fire_smoke;/mnt/e/SyncData/paper2_main/datasets/UFireIndoorFull/test/test_firesmoke/youtube__lb_mixed_firesmoke__Dry-Christmas-Tree-vs-Well-Watered-Christmas-Tree-[0u5jCPHmevE].mp4;none;/mnt/e/SyncData/paper2_main/zout/reports/baseline_vs_accMotion/1GPU_SV__ds_UFireIndoorTest__mt_temp_method_motion_block__e1ccb7b889a0__20260401.144240;none;/mnt/e/SyncData/paper2_main/zout/reports/baseline_vs_accMotion/MainPC__ds_UFireIndoorTest__mt_no_temp_method__af4b0d32a3d2__20260330.205208
youtube__lb_mixed_firesmoke__Dry-Christmas-Tree-vs-Well-Watered-Christmas-Tree-[0u5jCPHmevE].mp4;427;1506;fire_smoke;/mnt/e/SyncData/paper2_main/datasets/UFireIndoorFull/test/test_firesmoke/youtube__lb_mixed_firesmoke__Dry-Christmas-Tree-vs-Well-Watered-Christmas-Tree-[0u5jCPHmevE].mp4;none;/mnt/e/SyncData/paper2_main/zout/reports/baseline_vs_accMotion/1GPU_SV__ds_UFireIndoorTest__mt_temp_method_motion_block__e1ccb7b889a0__20260401.144240;none;/mnt/e/SyncData/paper2_main/zout/reports/baseline_vs_accMotion/MainPC__ds_UFireIndoorTest__mt_no_temp_method__af4b0d32a3d2__20260330.205208
youtube__lb_mixed_firesmoke__Dry-Christmas-Tree-vs-Well-Watered-Christmas-Tree-[0u5jCPHmevE].mp4;428;1506;fire_smoke;/mnt/e/SyncData/paper2_main/datasets/UFireIndoorFull/test/test_firesmoke/youtube__lb_mixed_firesmoke__Dry-Christmas-Tree-vs-Well-Watered-Christmas-Tree-[0u5jCPHmevE].mp4;none;/mnt/e/SyncData/paper2_main/zout/reports/baseline_vs_accMotion/1GPU_SV__ds_UFireIndoorTest__mt_temp_method_motion_block__e1ccb7b889a0__20260401.144240;none;/mnt/e/SyncData/paper2_main/zout/reports/baseline_vs_accMotion/MainPC__ds_UFireIndoorTest__mt_no_temp_method__af4b0d32a3d2__20260330.205208
youtube__lb_mixed_firesmoke__Dry-Christmas-Tree-vs-Well-Watered-Christmas-Tree-[0u5jCPHmevE].mp4;429;1506;fire_smoke;/mnt/e/SyncData/paper2_main/datasets/UFireIndoorFull/test/test_firesmoke/youtube__lb_mixed_firesmoke__Dry-Christmas-Tree-vs-Well-Watered-Christmas-Tree-[0u5jCPHmevE].mp4;none;/mnt/e/SyncData/paper2_main/zout/reports/baseline_vs_accMotion/1GPU_SV__ds_UFireIndoorTest__mt_temp_method_motion_block__e1ccb7b889a0__20260401.144240;none;/mnt/e/SyncData/paper2_main/zout/reports/baseline_vs_accMotion/MainPC__ds_UFireIndoorTest__mt_no_temp_method__af4b0d32a3d2__20260330.205208
youtube__lb_mixed_firesmoke__Dry-Christmas-Tree-vs-Well-Watered-Christmas-Tree-[0u5jCPHmevE].mp4;430;1506;fire_smoke;/mnt/e/SyncData/paper2_main/datasets/UFireIndoorFull/test/test_firesmoke/youtube__lb_mixed_firesmoke__Dry-Christmas-Tree-vs-Well-Watered-Christmas-Tree-[0u5jCPHmevE].mp4;none;/mnt/e/SyncData/paper2_main/zout/reports/baseline_vs_accMotion/1GPU_SV__ds_UFireIndoorTest__mt_temp_method_motion_block__e1ccb7b889a0__20260401.144240;none;/mnt/e/SyncData/paper2_main/zout/reports/baseline_vs_accMotion/MainPC__ds_UFireIndoorTest__mt_no_temp_method__af4b0d32a3d2__20260330.205208
youtube__lb_mixed_firesmoke__Dry-Christmas-Tree-vs-Well-Watered-Christmas-Tree-[0u5jCPHmevE].mp4;431;1506;fire_smoke;/mnt/e/SyncData/paper2_main/datasets/UFireIndoorFull/test/test_firesmoke/youtube__lb_mixed_firesmoke__Dry-Christmas-Tree-vs-Well-Watered-Christmas-Tree-[0u5jCPHmevE].mp4;none;/mnt/e/SyncData/paper2_main/zout/reports/baseline_vs_accMotion/1GPU_SV__ds_UFireIndoorTest__mt_temp_method_motion_block__e1ccb7b889a0__20260401.144240;none;/mnt/e/SyncData/paper2_main/zout/reports/baseline_vs_accMotion/MainPC__ds_UFireIndoorTest__mt_no_temp_method__af4b0d32a3d2__20260330.205208
youtube__lb_mixed_firesmoke__Dry-Christmas-Tree-vs-Well-Watered-Christmas-Tree-[0u5jCPHmevE].mp4;432;1506;fire_smoke;/mnt/e/SyncData/paper2_main/datasets/UFireIndoorFull/test/test_firesmoke/youtube__lb_mixed_firesmoke__Dry-Christmas-Tree-vs-Well-Watered-Christmas-Tree-[0u5jCPHmevE].mp4;none;/mnt/e/SyncData/paper2_main/zout/reports/baseline_vs_accMotion/1GPU_SV__ds_UFireIndoorTest__mt_temp_method_motion_block__e1ccb7b889a0__20260401.144240;none;/mnt/e/SyncData/paper2_main/zout/reports/baseline_vs_accMotion/MainPC__ds_UFireIndoorTest__mt_no_temp_method__af4b0d32a3d2__20260330.205208
youtube__lb_mixed_firesmoke__Dry-Christmas-Tree-vs-Well-Watered-Christmas-Tree-[0u5jCPHmevE].mp4;433;1506;fire_smoke;/mnt/e/SyncData/paper2_main/datasets/UFireIndoorFull/test/test_firesmoke/youtube__lb_mixed_firesmoke__Dry-Christmas-Tree-vs-Well-Watered-Christmas-Tree-[0u5jCPHmevE].mp4;none;/mnt/e/SyncData/paper2_main/zout/reports/baseline_vs_accMotion/1GPU_SV__ds_UFireIndoorTest__mt_temp_method_motion_block__e1ccb7b889a0__20260401.144240;none;/mnt/e/SyncData/paper2_main/zout/reports/baseline_vs_accMotion/MainPC__ds_UFireIndoorTest__mt_no_temp_method__af4b0d32a3d2__20260330.205208
youtube__lb_mixed_firesmoke__Dry-Christmas-Tree-vs-Well-Watered-Christmas-Tree-[0u5jCPHmevE].mp4;434;1506;fire_smoke;/mnt/e/SyncData/paper2_main/datasets/UFireIndoorFull/test/test_firesmoke/youtube__lb_mixed_firesmoke__Dry-Christmas-Tree-vs-Well-Watered-Christmas-Tree-[0u5jCPHmevE].mp4;none;/mnt/e/SyncData/paper2_main/zout/reports/baseline_vs_accMotion/1GPU_SV__ds_UFireIndoorTest__mt_temp_method_motion_block__e1ccb7b889a0__20260401.144240;none;/mnt/e/SyncData/paper2_main/zout/reports/baseline_vs_accMotion/MainPC__ds_UFireIndoorTest__mt_no_temp_method__af4b0d32a3d2__20260330.205208
youtube__lb_mixed_firesmoke__Dry-Christmas-Tree-vs-Well-Watered-Christmas-Tree-[0u5jCPHmevE].mp4;435;1506;fire_smoke;/mnt/e/SyncData/paper2_main/datasets/UFireIndoorFull/test/test_firesmoke/youtube__lb_mixed_firesmoke__Dry-Christmas-Tree-vs-Well-Watered-Christmas-Tree-[0u5jCPHmevE].mp4;none;/mnt/e/SyncData/paper2_main/zout/reports/baseline_vs_accMotion/1GPU_SV__ds_UFireIndoorTest__mt_temp_method_motion_block__e1ccb7b889a0__20260401.144240;none;/mnt/e/SyncData/paper2_main/zout/reports/baseline_vs_accMotion/MainPC__ds_UFireIndoorTest__mt_no_temp_method__af4b0d32a3d2__20260330.205208
youtube__lb_mixed_firesmoke__Dry-Christmas-Tree-vs-Well-Watered-Christmas-Tree-[0u5jCPHmevE].mp4;436;1506;fire_smoke;/mnt/e/SyncData/paper2_main/datasets/UFireIndoorFull/test/test_firesmoke/youtube__lb_mixed_firesmoke__Dry-Christmas-Tree-vs-Well-Watered-Christmas-Tree-[0u5jCPHmevE].mp4;none;/mnt/e/SyncData/paper2_main/zout/reports/baseline_vs_accMotion/1GPU_SV__ds_UFireIndoorTest__mt_temp_method_motion_block__e1ccb7b889a0__20260401.144240;none;/mnt/e/SyncData/paper2_main/zout/reports/baseline_vs_accMotion/MainPC__ds_UFireIndoorTest__mt_no_temp_method__af4b0d32a3d2__20260330.205208
youtube__lb_mixed_firesmoke__Dry-Christmas-Tree-vs-Well-Watered-Christmas-Tree-[0u5jCPHmevE].mp4;437;1506;fire_smoke;/mnt/e/SyncData/paper2_main/datasets/UFireIndoorFull/test/test_firesmoke/youtube__lb_mixed_firesmoke__Dry-Christmas-Tree-vs-Well-Watered-Christmas-Tree-[0u5jCPHmevE].mp4;none;/mnt/e/SyncData/paper2_main/zout/reports/baseline_vs_accMotion/1GPU_SV__ds_UFireIndoorTest__mt_temp_method_motion_block__e1ccb7b889a0__20260401.144240;none;/mnt/e/SyncData/paper2_main/zout/reports/baseline_vs_accMotion/MainPC__ds_UFireIndoorTest__mt_no_temp_method__af4b0d32a3d2__20260330.205208
youtube__lb_mixed_firesmoke__Dry-Christmas-Tree-vs-Well-Watered-Christmas-Tree-[0u5jCPHmevE].mp4;438;1506;fire_smoke;/mnt/e/SyncData/paper2_main/datasets/UFireIndoorFull/test/test_firesmoke/youtube__lb_mixed_firesmoke__Dry-Christmas-Tree-vs-Well-Watered-Christmas-Tree-[0u5jCPHmevE].mp4;none;/mnt/e/SyncData/paper2_main/zout/reports/baseline_vs_accMotion/1GPU_SV__ds_UFireIndoorTest__mt_temp_method_motion_block__e1ccb7b889a0__20260401.144240;none;/mnt/e/SyncData/paper2_main/zout/reports/baseline_vs_accMotion/MainPC__ds_UFireIndoorTest__mt_no_temp_method__af4b0d32a3d2__20260330.205208
youtube__lb_mixed_firesmoke__Dry-Christmas-Tree-vs-Well-Watered-Christmas-Tree-[0u5jCPHmevE].mp4;439;1506;fire_smoke;/mnt/e/SyncData/paper2_main/datasets/UFireIndoorFull/test/test_firesmoke/youtube__lb_mixed_firesmoke__Dry-Christmas-Tree-vs-Well-Watered-Christmas-Tree-[0u5jCPHmevE].mp4;none;/mnt/e/SyncData/paper2_main/zout/reports/baseline_vs_accMotion/1GPU_SV__ds_UFireIndoorTest__mt_temp_method_motion_block__e1ccb7b889a0__20260401.144240;none;/mnt/e/SyncData/paper2_main/zout/reports/baseline_vs_accMotion/MainPC__ds_UFireIndoorTest__mt_no_temp_method__af4b0d32a3d2__20260330.205208
youtube__lb_mixed_firesmoke__Dry-Christmas-Tree-vs-Well-Watered-Christmas-Tree-[0u5jCPHmevE].mp4;440;1506;fire_smoke;/mnt/e/SyncData/paper2_main/datasets/UFireIndoorFull/test/test_firesmoke/youtube__lb_mixed_firesmoke__Dry-Christmas-Tree-vs-Well-Watered-Christmas-Tree-[0u5jCPHmevE].mp4;none;/mnt/e/SyncData/paper2_main/zout/reports/baseline_vs_accMotion/1GPU_SV__ds_UFireIndoorTest__mt_temp_method_motion_block__e1ccb7b889a0__20260401.144240;none;/mnt/e/SyncData/paper2_main/zout/reports/baseline_vs_accMotion/MainPC__ds_UFireIndoorTest__mt_no_temp_method__af4b0d32a3d2__20260330.205208
youtube__lb_mixed_firesmoke__Dry-Christmas-Tree-vs-Well-Watered-Christmas-Tree-[0u5jCPHmevE].mp4;441;1506;fire_smoke;/mnt/e/SyncData/paper2_main/datasets/UFireIndoorFull/test/test_firesmoke/youtube__lb_mixed_firesmoke__Dry-Christmas-Tree-vs-Well-Watered-Christmas-Tree-[0u5jCPHmevE].mp4;none;/mnt/e/SyncData/paper2_main/zout/reports/baseline_vs_accMotion/1GPU_SV__ds_UFireIndoorTest__mt_temp_method_motion_block__e1ccb7b889a0__20260401.144240;none;/mnt/e/SyncData/paper2_main/zout/reports/baseline_vs_accMotion/MainPC__ds_UFireIndoorTest__mt_no_temp_method__af4b0d32a3d2__20260330.205208
youtube__lb_mixed_firesmoke__Dry-Christmas-Tree-vs-Well-Watered-Christmas-Tree-[0u5jCPHmevE].mp4;442;1506;fire_smoke;/mnt/e/SyncData/paper2_main/datasets/UFireIndoorFull/test/test_firesmoke/youtube__lb_mixed_firesmoke__Dry-Christmas-Tree-vs-Well-Watered-Christmas-Tree-[0u5jCPHmevE].mp4;none;/mnt/e/SyncData/paper2_main/zout/reports/baseline_vs_accMotion/1GPU_SV__ds_UFireIndoorTest__mt_temp_method_motion_block__e1ccb7b889a0__20260401.144240;none;/mnt/e/SyncData/paper2_main/zout/reports/baseline_vs_accMotion/MainPC__ds_UFireIndoorTest__mt_no_temp_method__af4b0d32a3d2__20260330.205208
youtube__lb_mixed_firesmoke__Dry-Christmas-Tree-vs-Well-Watered-Christmas-Tree-[0u5jCPHmevE].mp4;443;1506;fire_smoke;/mnt/e/SyncData/paper2_main/datasets/UFireIndoorFull/test/test_firesmoke/youtube__lb_mixed_firesmoke__Dry-Christmas-Tree-vs-Well-Watered-Christmas-Tree-[0u5jCPHmevE].mp4;none;/mnt/e/SyncData/paper2_main/zout/reports/baseline_vs_accMotion/1GPU_SV__ds_UFireIndoorTest__mt_temp_method_motion_block__e1ccb7b889a0__20260401.144240;none;/mnt/e/SyncData/paper2_main/zout/reports/baseline_vs_accMotion/MainPC__ds_UFireIndoorTest__mt_no_temp_method__af4b0d32a3d2__20260330.205208
youtube__lb_mixed_firesmoke__Dry-Christmas-Tree-vs-Well-Watered-Christmas-Tree-[0u5jCPHmevE].mp4;444;1506;fire_smoke;/mnt/e/SyncData/paper2_main/datasets/UFireIndoorFull/test/test_firesmoke/youtube__lb_mixed_firesmoke__Dry-Christmas-Tree-vs-Well-Watered-Christmas-Tree-[0u5jCPHmevE].mp4;none;/mnt/e/SyncData/paper2_main/zout/reports/baseline_vs_accMotion/1GPU_SV__ds_UFireIndoorTest__mt_temp_method_motion_block__e1ccb7b889a0__20260401.144240;none;/mnt/e/SyncData/paper2_main/zout/reports/baseline_vs_accMotion/MainPC__ds_UFireIndoorTest__mt_no_temp_method__af4b0d32a3d2__20260330.205208
youtube__lb_mixed_firesmoke__Dry-Christmas-Tree-vs-Well-Watered-Christmas-Tree-[0u5jCPHmevE].mp4;445;1506;fire_smoke;/mnt/e/SyncData/paper2_main/datasets/UFireIndoorFull/test/test_firesmoke/youtube__lb_mixed_firesmoke__Dry-Christmas-Tree-vs-Well-Watered-Christmas-Tree-[0u5jCPHmevE].mp4;none;/mnt/e/SyncData/paper2_main/zout/reports/baseline_vs_accMotion/1GPU_SV__ds_UFireIndoorTest__mt_temp_method_motion_block__e1ccb7b889a0__20260401.144240;none;/mnt/e/SyncData/paper2_main/zout/reports/baseline_vs_accMotion/MainPC__ds_UFireIndoorTest__mt_no_temp_method__af4b0d32a3d2__20260330.205208
youtube__lb_mixed_firesmoke__Dry-Christmas-Tree-vs-Well-Watered-Christmas-Tree-[0u5jCPHmevE].mp4;446;1506;fire_smoke;/mnt/e/SyncData/paper2_main/datasets/UFireIndoorFull/test/test_firesmoke/youtube__lb_mixed_firesmoke__Dry-Christmas-Tree-vs-Well-Watered-Christmas-Tree-[0u5jCPHmevE].mp4;none;/mnt/e/SyncData/paper2_main/zout/reports/baseline_vs_accMotion/1GPU_SV__ds_UFireIndoorTest__mt_temp_method_motion_block__e1ccb7b889a0__20260401.144240;none;/mnt/e/SyncData/paper2_main/zout/reports/baseline_vs_accMotion/MainPC__ds_UFireIndoorTest__mt_no_temp_method__af4b0d32a3d2__20260330.205208
youtube__lb_mixed_firesmoke__Dry-Christmas-Tree-vs-Well-Watered-Christmas-Tree-[0u5jCPHmevE].mp4;447;1506;fire_smoke;/mnt/e/SyncData/paper2_main/datasets/UFireIndoorFull/test/test_firesmoke/youtube__lb_mixed_firesmoke__Dry-Christmas-Tree-vs-Well-Watered-Christmas-Tree-[0u5jCPHmevE].mp4;none;/mnt/e/SyncData/paper2_main/zout/reports/baseline_vs_accMotion/1GPU_SV__ds_UFireIndoorTest__mt_temp_method_motion_block__e1ccb7b889a0__20260401.144240;none;/mnt/e/SyncData/paper2_main/zout/reports/baseline_vs_accMotion/MainPC__ds_UFireIndoorTest__mt_no_temp_method__af4b0d32a3d2__20260330.205208
youtube__lb_mixed_firesmoke__Dry-Christmas-Tree-vs-Well-Watered-Christmas-Tree-[0u5jCPHmevE].mp4;448;1506;fire_smoke;/mnt/e/SyncData/paper2_main/datasets/UFireIndoorFull/test/test_firesmoke/youtube__lb_mixed_firesmoke__Dry-Christmas-Tree-vs-Well-Watered-Christmas-Tree-[0u5jCPHmevE].mp4;none;/mnt/e/SyncData/paper2_main/zout/reports/baseline_vs_accMotion/1GPU_SV__ds_UFireIndoorTest__mt_temp_method_motion_block__e1ccb7b889a0__20260401.144240;none;/mnt/e/SyncData/paper2_main/zout/reports/baseline_vs_accMotion/MainPC__ds_UFireIndoorTest__mt_no_temp_method__af4b0d32a3d2__20260330.205208
youtube__lb_mixed_firesmoke__Dry-Christmas-Tree-vs-Well-Watered-Christmas-Tree-[0u5jCPHmevE].mp4;449;1506;fire_smoke;/mnt/e/SyncData/paper2_main/datasets/UFireIndoorFull/test/test_firesmoke/youtube__lb_mixed_firesmoke__Dry-Christmas-Tree-vs-Well-Watered-Christmas-Tree-[0u5jCPHmevE].mp4;none;/mnt/e/SyncData/paper2_main/zout/reports/baseline_vs_accMotion/1GPU_SV__ds_UFireIndoorTest__mt_temp_method_motion_block__e1ccb7b889a0__20260401.144240;none;/mnt/e/SyncData/paper2_main/zout/reports/baseline_vs_accMotion/MainPC__ds_UFireIndoorTest__mt_no_temp_method__af4b0d32a3d2__20260330.205208
youtube__lb_mixed_firesmoke__Dry-Christmas-Tree-vs-Well-Watered-Christmas-Tree-[0u5jCPHmevE].mp4;450;1506;fire_smoke;/mnt/e/SyncData/paper2_main/datasets/UFireIndoorFull/test/test_firesmoke/youtube__lb_mixed_firesmoke__Dry-Christmas-Tree-vs-Well-Watered-Christmas-Tree-[0u5jCPHmevE].mp4;none;/mnt/e/SyncData/paper2_main/zout/reports/baseline_vs_accMotion/1GPU_SV__ds_UFireIndoorTest__mt_temp_method_motion_block__e1ccb7b889a0__20260401.144240;none;/mnt/e/SyncData/paper2_main/zout/reports/baseline_vs_accMotion/MainPC__ds_UFireIndoorTest__mt_no_temp_method__af4b0d32a3d2__20260330.205208
youtube__lb_mixed_firesmoke__Dry-Christmas-Tree-vs-Well-Watered-Christmas-Tree-[0u5jCPHmevE].mp4;451;1506;fire_smoke;/mnt/e/SyncData/paper2_main/datasets/UFireIndoorFull/test/test_firesmoke/youtube__lb_mixed_firesmoke__Dry-Christmas-Tree-vs-Well-Watered-Christmas-Tree-[0u5jCPHmevE].mp4;none;/mnt/e/SyncData/paper2_main/zout/reports/baseline_vs_accMotion/1GPU_SV__ds_UFireIndoorTest__mt_temp_method_motion_block__e1ccb7b889a0__20260401.144240;none;/mnt/e/SyncData/paper2_main/zout/reports/baseline_vs_accMotion/MainPC__ds_UFireIndoorTest__mt_no_temp_method__af4b0d32a3d2__20260330.205208
youtube__lb_mixed_firesmoke__Dry-Christmas-Tree-vs-Well-Watered-Christmas-Tree-[0u5jCPHmevE].mp4;452;1506;fire_smoke;/mnt/e/SyncData/paper2_main/datasets/UFireIndoorFull/test/test_firesmoke/youtube__lb_mixed_firesmoke__Dry-Christmas-Tree-vs-Well-Watered-Christmas-Tree-[0u5jCPHmevE].mp4;none;/mnt/e/SyncData/paper2_main/zout/reports/baseline_vs_accMotion/1GPU_SV__ds_UFireIndoorTest__mt_temp_method_motion_block__e1ccb7b889a0__20260401.144240;none;/mnt/e/SyncData/paper2_main/zout/reports/baseline_vs_accMotion/MainPC__ds_UFireIndoorTest__mt_no_temp_method__af4b0d32a3d2__20260330.205208
youtube__lb_mixed_firesmoke__Dry-Christmas-Tree-vs-Well-Watered-Christmas-Tree-[0u5jCPHmevE].mp4;453;1506;fire_smoke;/mnt/e/SyncData/paper2_main/datasets/UFireIndoorFull/test/test_firesmoke/youtube__lb_mixed_firesmoke__Dry-Christmas-Tree-vs-Well-Watered-Christmas-Tree-[0u5jCPHmevE].mp4;none;/mnt/e/SyncData/paper2_main/zout/reports/baseline_vs_accMotion/1GPU_SV__ds_UFireIndoorTest__mt_temp_method_motion_block__e1ccb7b889a0__20260401.144240;none;/mnt/e/SyncData/paper2_main/zout/reports/baseline_vs_accMotion/MainPC__ds_UFireIndoorTest__mt_no_temp_method__af4b0d32a3d2__20260330.205208
youtube__lb_mixed_firesmoke__Dry-Christmas-Tree-vs-Well-Watered-Christmas-Tree-[0u5jCPHmevE].mp4;454;1506;fire_smoke;/mnt/e/SyncData/paper2_main/datasets/UFireIndoorFull/test/test_firesmoke/youtube__lb_mixed_firesmoke__Dry-Christmas-Tree-vs-Well-Watered-Christmas-Tree-[0u5jCPHmevE].mp4;none;/mnt/e/SyncData/paper2_main/zout/reports/baseline_vs_accMotion/1GPU_SV__ds_UFireIndoorTest__mt_temp_method_motion_block__e1ccb7b889a0__20260401.144240;none;/mnt/e/SyncData/paper2_main/zout/reports/baseline_vs_accMotion/MainPC__ds_UFireIndoorTest__mt_no_temp_method__af4b0d32a3d2__20260330.205208
youtube__lb_mixed_firesmoke__Dry-Christmas-Tree-vs-Well-Watered-Christmas-Tree-[0u5jCPHmevE].mp4;455;1506;fire_smoke;/mnt/e/SyncData/paper2_main/datasets/UFireIndoorFull/test/test_firesmoke/youtube__lb_mixed_firesmoke__Dry-Christmas-Tree-vs-Well-Watered-Christmas-Tree-[0u5jCPHmevE].mp4;none;/mnt/e/SyncData/paper2_main/zout/reports/baseline_vs_accMotion/1GPU_SV__ds_UFireIndoorTest__mt_temp_method_motion_block__e1ccb7b889a0__20260401.144240;none;/mnt/e/SyncData/paper2_main/zout/reports/baseline_vs_accMotion/MainPC__ds_UFireIndoorTest__mt_no_temp_method__af4b0d32a3d2__20260330.205208
youtube__lb_mixed_firesmoke__Dry-Christmas-Tree-vs-Well-Watered-Christmas-Tree-[0u5jCPHmevE].mp4;456;1506;fire_smoke;/mnt/e/SyncData/paper2_main/datasets/UFireIndoorFull/test/test_firesmoke/youtube__lb_mixed_firesmoke__Dry-Christmas-Tree-vs-Well-Watered-Christmas-Tree-[0u5jCPHmevE].mp4;none;/mnt/e/SyncData/paper2_main/zout/reports/baseline_vs_accMotion/1GPU_SV__ds_UFireIndoorTest__mt_temp_method_motion_block__e1ccb7b889a0__20260401.144240;none;/mnt/e/SyncData/paper2_main/zout/reports/baseline_vs_accMotion/MainPC__ds_UFireIndoorTest__mt_no_temp_method__af4b0d32a3d2__20260330.205208
youtube__lb_mixed_firesmoke__Dry-Christmas-Tree-vs-Well-Watered-Christmas-Tree-[0u5jCPHmevE].mp4;457;1506;fire_smoke;/mnt/e/SyncData/paper2_main/datasets/UFireIndoorFull/test/test_firesmoke/youtube__lb_mixed_firesmoke__Dry-Christmas-Tree-vs-Well-Watered-Christmas-Tree-[0u5jCPHmevE].mp4;none;/mnt/e/SyncData/paper2_main/zout/reports/baseline_vs_accMotion/1GPU_SV__ds_UFireIndoorTest__mt_temp_method_motion_block__e1ccb7b889a0__20260401.144240;none;/mnt/e/SyncData/paper2_main/zout/reports/baseline_vs_accMotion/MainPC__ds_UFireIndoorTest__mt_no_temp_method__af4b0d32a3d2__20260330.205208
youtube__lb_mixed_firesmoke__Dry-Christmas-Tree-vs-Well-Watered-Christmas-Tree-[0u5jCPHmevE].mp4;458;1506;fire_smoke;/mnt/e/SyncData/paper2_main/datasets/UFireIndoorFull/test/test_firesmoke/youtube__lb_mixed_firesmoke__Dry-Christmas-Tree-vs-Well-Watered-Christmas-Tree-[0u5jCPHmevE].mp4;none;/mnt/e/SyncData/paper2_main/zout/reports/baseline_vs_accMotion/1GPU_SV__ds_UFireIndoorTest__mt_temp_method_motion_block__e1ccb7b889a0__20260401.144240;none;/mnt/e/SyncData/paper2_main/zout/reports/baseline_vs_accMotion/MainPC__ds_UFireIndoorTest__mt_no_temp_method__af4b0d32a3d2__20260330.205208
youtube__lb_mixed_firesmoke__Dry-Christmas-Tree-vs-Well-Watered-Christmas-Tree-[0u5jCPHmevE].mp4;459;1506;fire_smoke;/mnt/e/SyncData/paper2_main/datasets/UFireIndoorFull/test/test_firesmoke/youtube__lb_mixed_firesmoke__Dry-Christmas-Tree-vs-Well-Watered-Christmas-Tree-[0u5jCPHmevE].mp4;none;/mnt/e/SyncData/paper2_main/zout/reports/baseline_vs_accMotion/1GPU_SV__ds_UFireIndoorTest__mt_temp_method_motion_block__e1ccb7b889a0__20260401.144240;none;/mnt/e/SyncData/paper2_main/zout/reports/baseline_vs_accMotion/MainPC__ds_UFireIndoorTest__mt_no_temp_method__af4b0d32a3d2__20260330.205208
youtube__lb_mixed_firesmoke__Dry-Christmas-Tree-vs-Well-Watered-Christmas-Tree-[0u5jCPHmevE].mp4;461;1506;fire_smoke;/mnt/e/SyncData/paper2_main/datasets/UFireIndoorFull/test/test_firesmoke/youtube__lb_mixed_firesmoke__Dry-Christmas-Tree-vs-Well-Watered-Christmas-Tree-[0u5jCPHmevE].mp4;none;/mnt/e/SyncData/paper2_main/zout/reports/baseline_vs_accMotion/1GPU_SV__ds_UFireIndoorTest__mt_temp_method_motion_block__e1ccb7b889a0__20260401.144240;none;/mnt/e/SyncData/paper2_main/zout/reports/baseline_vs_accMotion/MainPC__ds_UFireIndoorTest__mt_no_temp_method__af4b0d32a3d2__20260330.205208
youtube__lb_mixed_firesmoke__Dry-Christmas-Tree-vs-Well-Watered-Christmas-Tree-[0u5jCPHmevE].mp4;462;1506;fire_smoke;/mnt/e/SyncData/paper2_main/datasets/UFireIndoorFull/test/test_firesmoke/youtube__lb_mixed_firesmoke__Dry-Christmas-Tree-vs-Well-Watered-Christmas-Tree-[0u5jCPHmevE].mp4;none;/mnt/e/SyncData/paper2_main/zout/reports/baseline_vs_accMotion/1GPU_SV__ds_UFireIndoorTest__mt_temp_method_motion_block__e1ccb7b889a0__20260401.144240;none;/mnt/e/SyncData/paper2_main/zout/reports/baseline_vs_accMotion/MainPC__ds_UFireIndoorTest__mt_no_temp_method__af4b0d32a3d2__20260330.205208
youtube__lb_mixed_firesmoke__Dry-Christmas-Tree-vs-Well-Watered-Christmas-Tree-[0u5jCPHmevE].mp4;465;1506;fire_smoke;/mnt/e/SyncData/paper2_main/datasets/UFireIndoorFull/test/test_firesmoke/youtube__lb_mixed_firesmoke__Dry-Christmas-Tree-vs-Well-Watered-Christmas-Tree-[0u5jCPHmevE].mp4;none;/mnt/e/SyncData/paper2_main/zout/reports/baseline_vs_accMotion/1GPU_SV__ds_UFireIndoorTest__mt_temp_method_motion_block__e1ccb7b889a0__20260401.144240;none;/mnt/e/SyncData/paper2_main/zout/reports/baseline_vs_accMotion/MainPC__ds_UFireIndoorTest__mt_no_temp_method__af4b0d32a3d2__20260330.205208
youtube__lb_mixed_firesmoke__Dry-Christmas-Tree-vs-Well-Watered-Christmas-Tree-[0u5jCPHmevE].mp4;466;1506;fire_smoke;/mnt/e/SyncData/paper2_main/datasets/UFireIndoorFull/test/test_firesmoke/youtube__lb_mixed_firesmoke__Dry-Christmas-Tree-vs-Well-Watered-Christmas-Tree-[0u5jCPHmevE].mp4;none;/mnt/e/SyncData/paper2_main/zout/reports/baseline_vs_accMotion/1GPU_SV__ds_UFireIndoorTest__mt_temp_method_motion_block__e1ccb7b889a0__20260401.144240;none;/mnt/e/SyncData/paper2_main/zout/reports/baseline_vs_accMotion/MainPC__ds_UFireIndoorTest__mt_no_temp_method__af4b0d32a3d2__20260330.205208
youtube__lb_mixed_firesmoke__Dry-Christmas-Tree-vs-Well-Watered-Christmas-Tree-[0u5jCPHmevE].mp4;477;1506;fire_smoke;/mnt/e/SyncData/paper2_main/datasets/UFireIndoorFull/test/test_firesmoke/youtube__lb_mixed_firesmoke__Dry-Christmas-Tree-vs-Well-Watered-Christmas-Tree-[0u5jCPHmevE].mp4;none;/mnt/e/SyncData/paper2_main/zout/reports/baseline_vs_accMotion/1GPU_SV__ds_UFireIndoorTest__mt_temp_method_motion_block__e1ccb7b889a0__20260401.144240;none;/mnt/e/SyncData/paper2_main/zout/reports/baseline_vs_accMotion/MainPC__ds_UFireIndoorTest__mt_no_temp_method__af4b0d32a3d2__20260330.205208
youtube__lb_mixed_firesmoke__Dry-Christmas-Tree-vs-Well-Watered-Christmas-Tree-[0u5jCPHmevE].mp4;482;1506;fire_smoke;/mnt/e/SyncData/paper2_main/datasets/UFireIndoorFull/test/test_firesmoke/youtube__lb_mixed_firesmoke__Dry-Christmas-Tree-vs-Well-Watered-Christmas-Tree-[0u5jCPHmevE].mp4;none;/mnt/e/SyncData/paper2_main/zout/reports/baseline_vs_accMotion/1GPU_SV__ds_UFireIndoorTest__mt_temp_method_motion_block__e1ccb7b889a0__20260401.144240;none;/mnt/e/SyncData/paper2_main/zout/reports/baseline_vs_accMotion/MainPC__ds_UFireIndoorTest__mt_no_temp_method__af4b0d32a3d2__20260330.205208
youtube__lb_mixed_firesmoke__Dry-Christmas-Tree-vs-Well-Watered-Christmas-Tree-[0u5jCPHmevE].mp4;506;1506;fire_smoke;/mnt/e/SyncData/paper2_main/datasets/UFireIndoorFull/test/test_firesmoke/youtube__lb_mixed_firesmoke__Dry-Christmas-Tree-vs-Well-Watered-Christmas-Tree-[0u5jCPHmevE].mp4;none;/mnt/e/SyncData/paper2_main/zout/reports/baseline_vs_accMotion/1GPU_SV__ds_UFireIndoorTest__mt_temp_method_motion_block__e1ccb7b889a0__20260401.144240;none;/mnt/e/SyncData/paper2_main/zout/reports/baseline_vs_accMotion/MainPC__ds_UFireIndoorTest__mt_no_temp_method__af4b0d32a3d2__20260330.205208
youtube__lb_mixed_firesmoke__Dry-Christmas-Tree-vs-Well-Watered-Christmas-Tree-[0u5jCPHmevE].mp4;507;1506;fire_smoke;/mnt/e/SyncData/paper2_main/datasets/UFireIndoorFull/test/test_firesmoke/youtube__lb_mixed_firesmoke__Dry-Christmas-Tree-vs-Well-Watered-Christmas-Tree-[0u5jCPHmevE].mp4;none;/mnt/e/SyncData/paper2_main/zout/reports/baseline_vs_accMotion/1GPU_SV__ds_UFireIndoorTest__mt_temp_method_motion_block__e1ccb7b889a0__20260401.144240;none;/mnt/e/SyncData/paper2_main/zout/reports/baseline_vs_accMotion/MainPC__ds_UFireIndoorTest__mt_no_temp_method__af4b0d32a3d2__20260330.205208
youtube__lb_mixed_firesmoke__Dry-Christmas-Tree-vs-Well-Watered-Christmas-Tree-[0u5jCPHmevE].mp4;508;1506;fire_smoke;/mnt/e/SyncData/paper2_main/datasets/UFireIndoorFull/test/test_firesmoke/youtube__lb_mixed_firesmoke__Dry-Christmas-Tree-vs-Well-Watered-Christmas-Tree-[0u5jCPHmevE].mp4;none;/mnt/e/SyncData/paper2_main/zout/reports/baseline_vs_accMotion/1GPU_SV__ds_UFireIndoorTest__mt_temp_method_motion_block__e1ccb7b889a0__20260401.144240;none;/mnt/e/SyncData/paper2_main/zout/reports/baseline_vs_accMotion/MainPC__ds_UFireIndoorTest__mt_no_temp_method__af4b0d32a3d2__20260330.205208
youtube__lb_mixed_firesmoke__Overheating-of-a-battery-cell-[sEUTJ3p4sjM].mp4;312;1481;fire_smoke;/mnt/e/SyncData/paper2_main/datasets/UFireIndoorFull/test/test_firesmoke/youtube__lb_mixed_firesmoke__Overheating-of-a-battery-cell-[sEUTJ3p4sjM].mp4;none;/mnt/e/SyncData/paper2_main/zout/reports/baseline_vs_accMotion/1GPU_SV__ds_UFireIndoorTest__mt_temp_method_motion_block__e1ccb7b889a0__20260401.144240;none;/mnt/e/SyncData/paper2_main/zout/reports/baseline_vs_accMotion/MainPC__ds_UFireIndoorTest__mt_no_temp_method__af4b0d32a3d2__20260330.205208
youtube__lb_mixed_firesmoke__Overheating-of-a-battery-cell-[sEUTJ3p4sjM].mp4;320;1481;fire_smoke;/mnt/e/SyncData/paper2_main/datasets/UFireIndoorFull/test/test_firesmoke/youtube__lb_mixed_firesmoke__Overheating-of-a-battery-cell-[sEUTJ3p4sjM].mp4;none;/mnt/e/SyncData/paper2_main/zout/reports/baseline_vs_accMotion/1GPU_SV__ds_UFireIndoorTest__mt_temp_method_motion_block__e1ccb7b889a0__20260401.144240;none;/mnt/e/SyncData/paper2_main/zout/reports/baseline_vs_accMotion/MainPC__ds_UFireIndoorTest__mt_no_temp_method__af4b0d32a3d2__20260330.205208
youtube__lb_mixed_firesmoke__Overheating-of-a-battery-cell-[sEUTJ3p4sjM].mp4;321;1481;fire_smoke;/mnt/e/SyncData/paper2_main/datasets/UFireIndoorFull/test/test_firesmoke/youtube__lb_mixed_firesmoke__Overheating-of-a-battery-cell-[sEUTJ3p4sjM].mp4;none;/mnt/e/SyncData/paper2_main/zout/reports/baseline_vs_accMotion/1GPU_SV__ds_UFireIndoorTest__mt_temp_method_motion_block__e1ccb7b889a0__20260401.144240;none;/mnt/e/SyncData/paper2_main/zout/reports/baseline_vs_accMotion/MainPC__ds_UFireIndoorTest__mt_no_temp_method__af4b0d32a3d2__20260330.205208
youtube__lb_mixed_firesmoke__Overheating-of-a-battery-cell-[sEUTJ3p4sjM].mp4;338;1481;fire_smoke;/mnt/e/SyncData/paper2_main/datasets/UFireIndoorFull/test/test_firesmoke/youtube__lb_mixed_firesmoke__Overheating-of-a-battery-cell-[sEUTJ3p4sjM].mp4;none;/mnt/e/SyncData/paper2_main/zout/reports/baseline_vs_accMotion/1GPU_SV__ds_UFireIndoorTest__mt_temp_method_motion_block__e1ccb7b889a0__20260401.144240;none;/mnt/e/SyncData/paper2_main/zout/reports/baseline_vs_accMotion/MainPC__ds_UFireIndoorTest__mt_no_temp_method__af4b0d32a3d2__20260330.205208
youtube__lb_mixed_firesmoke__Overheating-of-a-battery-cell-[sEUTJ3p4sjM].mp4;339;1481;fire_smoke;/mnt/e/SyncData/paper2_main/datasets/UFireIndoorFull/test/test_firesmoke/youtube__lb_mixed_firesmoke__Overheating-of-a-battery-cell-[sEUTJ3p4sjM].mp4;none;/mnt/e/SyncData/paper2_main/zout/reports/baseline_vs_accMotion/1GPU_SV__ds_UFireIndoorTest__mt_temp_method_motion_block__e1ccb7b889a0__20260401.144240;none;/mnt/e/SyncData/paper2_main/zout/reports/baseline_vs_accMotion/MainPC__ds_UFireIndoorTest__mt_no_temp_method__af4b0d32a3d2__20260330.205208
youtube__lb_mixed_firesmoke__Overheating-of-a-battery-cell-[sEUTJ3p4sjM].mp4;340;1481;fire_smoke;/mnt/e/SyncData/paper2_main/datasets/UFireIndoorFull/test/test_firesmoke/youtube__lb_mixed_firesmoke__Overheating-of-a-battery-cell-[sEUTJ3p4sjM].mp4;none;/mnt/e/SyncData/paper2_main/zout/reports/baseline_vs_accMotion/1GPU_SV__ds_UFireIndoorTest__mt_temp_method_motion_block__e1ccb7b889a0__20260401.144240;none;/mnt/e/SyncData/paper2_main/zout/reports/baseline_vs_accMotion/MainPC__ds_UFireIndoorTest__mt_no_temp_method__af4b0d32a3d2__20260330.205208
youtube__lb_mixed_firesmoke__Overheating-of-a-battery-cell-[sEUTJ3p4sjM].mp4;341;1481;fire_smoke;/mnt/e/SyncData/paper2_main/datasets/UFireIndoorFull/test/test_firesmoke/youtube__lb_mixed_firesmoke__Overheating-of-a-battery-cell-[sEUTJ3p4sjM].mp4;none;/mnt/e/SyncData/paper2_main/zout/reports/baseline_vs_accMotion/1GPU_SV__ds_UFireIndoorTest__mt_temp_method_motion_block__e1ccb7b889a0__20260401.144240;none;/mnt/e/SyncData/paper2_main/zout/reports/baseline_vs_accMotion/MainPC__ds_UFireIndoorTest__mt_no_temp_method__af4b0d32a3d2__20260330.205208
youtube__lb_mixed_firesmoke__Overheating-of-a-battery-cell-[sEUTJ3p4sjM].mp4;342;1481;fire_smoke;/mnt/e/SyncData/paper2_main/datasets/UFireIndoorFull/test/test_firesmoke/youtube__lb_mixed_firesmoke__Overheating-of-a-battery-cell-[sEUTJ3p4sjM].mp4;none;/mnt/e/SyncData/paper2_main/zout/reports/baseline_vs_accMotion/1GPU_SV__ds_UFireIndoorTest__mt_temp_method_motion_block__e1ccb7b889a0__20260401.144240;none;/mnt/e/SyncData/paper2_main/zout/reports/baseline_vs_accMotion/MainPC__ds_UFireIndoorTest__mt_no_temp_method__af4b0d32a3d2__20260330.205208
youtube__lb_mixed_firesmoke__Overheating-of-a-battery-cell-[sEUTJ3p4sjM].mp4;347;1481;fire_smoke;/mnt/e/SyncData/paper2_main/datasets/UFireIndoorFull/test/test_firesmoke/youtube__lb_mixed_firesmoke__Overheating-of-a-battery-cell-[sEUTJ3p4sjM].mp4;none;/mnt/e/SyncData/paper2_main/zout/reports/baseline_vs_accMotion/1GPU_SV__ds_UFireIndoorTest__mt_temp_method_motion_block__e1ccb7b889a0__20260401.144240;none;/mnt/e/SyncData/paper2_main/zout/reports/baseline_vs_accMotion/MainPC__ds_UFireIndoorTest__mt_no_temp_method__af4b0d32a3d2__20260330.205208
youtube__lb_mixed_firesmoke__Overheating-of-a-battery-cell-[sEUTJ3p4sjM].mp4;348;1481;fire_smoke;/mnt/e/SyncData/paper2_main/datasets/UFireIndoorFull/test/test_firesmoke/youtube__lb_mixed_firesmoke__Overheating-of-a-battery-cell-[sEUTJ3p4sjM].mp4;none;/mnt/e/SyncData/paper2_main/zout/reports/baseline_vs_accMotion/1GPU_SV__ds_UFireIndoorTest__mt_temp_method_motion_block__e1ccb7b889a0__20260401.144240;none;/mnt/e/SyncData/paper2_main/zout/reports/baseline_vs_accMotion/MainPC__ds_UFireIndoorTest__mt_no_temp_method__af4b0d32a3d2__20260330.205208
youtube__lb_mixed_firesmoke__Overheating-of-a-battery-cell-[sEUTJ3p4sjM].mp4;349;1481;fire_smoke;/mnt/e/SyncData/paper2_main/datasets/UFireIndoorFull/test/test_firesmoke/youtube__lb_mixed_firesmoke__Overheating-of-a-battery-cell-[sEUTJ3p4sjM].mp4;none;/mnt/e/SyncData/paper2_main/zout/reports/baseline_vs_accMotion/1GPU_SV__ds_UFireIndoorTest__mt_temp_method_motion_block__e1ccb7b889a0__20260401.144240;none;/mnt/e/SyncData/paper2_main/zout/reports/baseline_vs_accMotion/MainPC__ds_UFireIndoorTest__mt_no_temp_method__af4b0d32a3d2__20260330.205208
youtube__lb_mixed_firesmoke__Overheating-of-a-battery-cell-[sEUTJ3p4sjM].mp4;350;1481;fire_smoke;/mnt/e/SyncData/paper2_main/datasets/UFireIndoorFull/test/test_firesmoke/youtube__lb_mixed_firesmoke__Overheating-of-a-battery-cell-[sEUTJ3p4sjM].mp4;none;/mnt/e/SyncData/paper2_main/zout/reports/baseline_vs_accMotion/1GPU_SV__ds_UFireIndoorTest__mt_temp_method_motion_block__e1ccb7b889a0__20260401.144240;none;/mnt/e/SyncData/paper2_main/zout/reports/baseline_vs_accMotion/MainPC__ds_UFireIndoorTest__mt_no_temp_method__af4b0d32a3d2__20260330.205208
youtube__lb_mixed_firesmoke__Overheating-of-a-battery-cell-[sEUTJ3p4sjM].mp4;351;1481;fire_smoke;/mnt/e/SyncData/paper2_main/datasets/UFireIndoorFull/test/test_firesmoke/youtube__lb_mixed_firesmoke__Overheating-of-a-battery-cell-[sEUTJ3p4sjM].mp4;none;/mnt/e/SyncData/paper2_main/zout/reports/baseline_vs_accMotion/1GPU_SV__ds_UFireIndoorTest__mt_temp_method_motion_block__e1ccb7b889a0__20260401.144240;none;/mnt/e/SyncData/paper2_main/zout/reports/baseline_vs_accMotion/MainPC__ds_UFireIndoorTest__mt_no_temp_method__af4b0d32a3d2__20260330.205208
youtube__lb_mixed_firesmoke__Overheating-of-a-battery-cell-[sEUTJ3p4sjM].mp4;352;1481;fire_smoke;/mnt/e/SyncData/paper2_main/datasets/UFireIndoorFull/test/test_firesmoke/youtube__lb_mixed_firesmoke__Overheating-of-a-battery-cell-[sEUTJ3p4sjM].mp4;none;/mnt/e/SyncData/paper2_main/zout/reports/baseline_vs_accMotion/1GPU_SV__ds_UFireIndoorTest__mt_temp_method_motion_block__e1ccb7b889a0__20260401.144240;none;/mnt/e/SyncData/paper2_main/zout/reports/baseline_vs_accMotion/MainPC__ds_UFireIndoorTest__mt_no_temp_method__af4b0d32a3d2__20260330.205208
youtube__lb_mixed_firesmoke__Overheating-of-a-battery-cell-[sEUTJ3p4sjM].mp4;353;1481;fire_smoke;/mnt/e/SyncData/paper2_main/datasets/UFireIndoorFull/test/test_firesmoke/youtube__lb_mixed_firesmoke__Overheating-of-a-battery-cell-[sEUTJ3p4sjM].mp4;none;/mnt/e/SyncData/paper2_main/zout/reports/baseline_vs_accMotion/1GPU_SV__ds_UFireIndoorTest__mt_temp_method_motion_block__e1ccb7b889a0__20260401.144240;none;/mnt/e/SyncData/paper2_main/zout/reports/baseline_vs_accMotion/MainPC__ds_UFireIndoorTest__mt_no_temp_method__af4b0d32a3d2__20260330.205208
youtube__lb_mixed_firesmoke__Overheating-of-a-battery-cell-[sEUTJ3p4sjM].mp4;354;1481;fire_smoke;/mnt/e/SyncData/paper2_main/datasets/UFireIndoorFull/test/test_firesmoke/youtube__lb_mixed_firesmoke__Overheating-of-a-battery-cell-[sEUTJ3p4sjM].mp4;none;/mnt/e/SyncData/paper2_main/zout/reports/baseline_vs_accMotion/1GPU_SV__ds_UFireIndoorTest__mt_temp_method_motion_block__e1ccb7b889a0__20260401.144240;none;/mnt/e/SyncData/paper2_main/zout/reports/baseline_vs_accMotion/MainPC__ds_UFireIndoorTest__mt_no_temp_method__af4b0d32a3d2__20260330.205208
youtube__lb_mixed_firesmoke__Overheating-of-a-battery-cell-[sEUTJ3p4sjM].mp4;355;1481;fire_smoke;/mnt/e/SyncData/paper2_main/datasets/UFireIndoorFull/test/test_firesmoke/youtube__lb_mixed_firesmoke__Overheating-of-a-battery-cell-[sEUTJ3p4sjM].mp4;none;/mnt/e/SyncData/paper2_main/zout/reports/baseline_vs_accMotion/1GPU_SV__ds_UFireIndoorTest__mt_temp_method_motion_block__e1ccb7b889a0__20260401.144240;none;/mnt/e/SyncData/paper2_main/zout/reports/baseline_vs_accMotion/MainPC__ds_UFireIndoorTest__mt_no_temp_method__af4b0d32a3d2__20260330.205208
youtube__lb_mixed_firesmoke__Overheating-of-a-battery-cell-[sEUTJ3p4sjM].mp4;359;1481;fire_smoke;/mnt/e/SyncData/paper2_main/datasets/UFireIndoorFull/test/test_firesmoke/youtube__lb_mixed_firesmoke__Overheating-of-a-battery-cell-[sEUTJ3p4sjM].mp4;none;/mnt/e/SyncData/paper2_main/zout/reports/baseline_vs_accMotion/1GPU_SV__ds_UFireIndoorTest__mt_temp_method_motion_block__e1ccb7b889a0__20260401.144240;none;/mnt/e/SyncData/paper2_main/zout/reports/baseline_vs_accMotion/MainPC__ds_UFireIndoorTest__mt_no_temp_method__af4b0d32a3d2__20260330.205208
youtube__lb_mixed_firesmoke__Overheating-of-a-battery-cell-[sEUTJ3p4sjM].mp4;360;1481;fire_smoke;/mnt/e/SyncData/paper2_main/datasets/UFireIndoorFull/test/test_firesmoke/youtube__lb_mixed_firesmoke__Overheating-of-a-battery-cell-[sEUTJ3p4sjM].mp4;none;/mnt/e/SyncData/paper2_main/zout/reports/baseline_vs_accMotion/1GPU_SV__ds_UFireIndoorTest__mt_temp_method_motion_block__e1ccb7b889a0__20260401.144240;none;/mnt/e/SyncData/paper2_main/zout/reports/baseline_vs_accMotion/MainPC__ds_UFireIndoorTest__mt_no_temp_method__af4b0d32a3d2__20260330.205208
youtube__lb_mixed_firesmoke__Overheating-of-a-battery-cell-[sEUTJ3p4sjM].mp4;361;1481;fire_smoke;/mnt/e/SyncData/paper2_main/datasets/UFireIndoorFull/test/test_firesmoke/youtube__lb_mixed_firesmoke__Overheating-of-a-battery-cell-[sEUTJ3p4sjM].mp4;none;/mnt/e/SyncData/paper2_main/zout/reports/baseline_vs_accMotion/1GPU_SV__ds_UFireIndoorTest__mt_temp_method_motion_block__e1ccb7b889a0__20260401.144240;none;/mnt/e/SyncData/paper2_main/zout/reports/baseline_vs_accMotion/MainPC__ds_UFireIndoorTest__mt_no_temp_method__af4b0d32a3d2__20260330.205208
youtube__lb_mixed_firesmoke__Overheating-of-a-battery-cell-[sEUTJ3p4sjM].mp4;362;1481;fire_smoke;/mnt/e/SyncData/paper2_main/datasets/UFireIndoorFull/test/test_firesmoke/youtube__lb_mixed_firesmoke__Overheating-of-a-battery-cell-[sEUTJ3p4sjM].mp4;none;/mnt/e/SyncData/paper2_main/zout/reports/baseline_vs_accMotion/1GPU_SV__ds_UFireIndoorTest__mt_temp_method_motion_block__e1ccb7b889a0__20260401.144240;none;/mnt/e/SyncData/paper2_main/zout/reports/baseline_vs_accMotion/MainPC__ds_UFireIndoorTest__mt_no_temp_method__af4b0d32a3d2__20260330.205208
youtube__lb_mixed_firesmoke__Overheating-of-a-battery-cell-[sEUTJ3p4sjM].mp4;363;1481;fire_smoke;/mnt/e/SyncData/paper2_main/datasets/UFireIndoorFull/test/test_firesmoke/youtube__lb_mixed_firesmoke__Overheating-of-a-battery-cell-[sEUTJ3p4sjM].mp4;none;/mnt/e/SyncData/paper2_main/zout/reports/baseline_vs_accMotion/1GPU_SV__ds_UFireIndoorTest__mt_temp_method_motion_block__e1ccb7b889a0__20260401.144240;none;/mnt/e/SyncData/paper2_main/zout/reports/baseline_vs_accMotion/MainPC__ds_UFireIndoorTest__mt_no_temp_method__af4b0d32a3d2__20260330.205208
youtube__lb_mixed_firesmoke__Overheating-of-a-battery-cell-[sEUTJ3p4sjM].mp4;364;1481;fire_smoke;/mnt/e/SyncData/paper2_main/datasets/UFireIndoorFull/test/test_firesmoke/youtube__lb_mixed_firesmoke__Overheating-of-a-battery-cell-[sEUTJ3p4sjM].mp4;none;/mnt/e/SyncData/paper2_main/zout/reports/baseline_vs_accMotion/1GPU_SV__ds_UFireIndoorTest__mt_temp_method_motion_block__e1ccb7b889a0__20260401.144240;none;/mnt/e/SyncData/paper2_main/zout/reports/baseline_vs_accMotion/MainPC__ds_UFireIndoorTest__mt_no_temp_method__af4b0d32a3d2__20260330.205208
youtube__lb_mixed_firesmoke__Overheating-of-a-battery-cell-[sEUTJ3p4sjM].mp4;365;1481;fire_smoke;/mnt/e/SyncData/paper2_main/datasets/UFireIndoorFull/test/test_firesmoke/youtube__lb_mixed_firesmoke__Overheating-of-a-battery-cell-[sEUTJ3p4sjM].mp4;none;/mnt/e/SyncData/paper2_main/zout/reports/baseline_vs_accMotion/1GPU_SV__ds_UFireIndoorTest__mt_temp_method_motion_block__e1ccb7b889a0__20260401.144240;none;/mnt/e/SyncData/paper2_main/zout/reports/baseline_vs_accMotion/MainPC__ds_UFireIndoorTest__mt_no_temp_method__af4b0d32a3d2__20260330.205208
youtube__lb_mixed_firesmoke__Overheating-of-a-battery-cell-[sEUTJ3p4sjM].mp4;366;1481;fire_smoke;/mnt/e/SyncData/paper2_main/datasets/UFireIndoorFull/test/test_firesmoke/youtube__lb_mixed_firesmoke__Overheating-of-a-battery-cell-[sEUTJ3p4sjM].mp4;none;/mnt/e/SyncData/paper2_main/zout/reports/baseline_vs_accMotion/1GPU_SV__ds_UFireIndoorTest__mt_temp_method_motion_block__e1ccb7b889a0__20260401.144240;none;/mnt/e/SyncData/paper2_main/zout/reports/baseline_vs_accMotion/MainPC__ds_UFireIndoorTest__mt_no_temp_method__af4b0d32a3d2__20260330.205208
youtube__lb_mixed_firesmoke__Overheating-of-a-battery-cell-[sEUTJ3p4sjM].mp4;367;1481;fire_smoke;/mnt/e/SyncData/paper2_main/datasets/UFireIndoorFull/test/test_firesmoke/youtube__lb_mixed_firesmoke__Overheating-of-a-battery-cell-[sEUTJ3p4sjM].mp4;none;/mnt/e/SyncData/paper2_main/zout/reports/baseline_vs_accMotion/1GPU_SV__ds_UFireIndoorTest__mt_temp_method_motion_block__e1ccb7b889a0__20260401.144240;none;/mnt/e/SyncData/paper2_main/zout/reports/baseline_vs_accMotion/MainPC__ds_UFireIndoorTest__mt_no_temp_method__af4b0d32a3d2__20260330.205208
youtube__lb_mixed_firesmoke__Overheating-of-a-battery-cell-[sEUTJ3p4sjM].mp4;368;1481;fire_smoke;/mnt/e/SyncData/paper2_main/datasets/UFireIndoorFull/test/test_firesmoke/youtube__lb_mixed_firesmoke__Overheating-of-a-battery-cell-[sEUTJ3p4sjM].mp4;none;/mnt/e/SyncData/paper2_main/zout/reports/baseline_vs_accMotion/1GPU_SV__ds_UFireIndoorTest__mt_temp_method_motion_block__e1ccb7b889a0__20260401.144240;none;/mnt/e/SyncData/paper2_main/zout/reports/baseline_vs_accMotion/MainPC__ds_UFireIndoorTest__mt_no_temp_method__af4b0d32a3d2__20260330.205208
youtube__lb_mixed_firesmoke__Overheating-of-a-battery-cell-[sEUTJ3p4sjM].mp4;369;1481;fire_smoke;/mnt/e/SyncData/paper2_main/datasets/UFireIndoorFull/test/test_firesmoke/youtube__lb_mixed_firesmoke__Overheating-of-a-battery-cell-[sEUTJ3p4sjM].mp4;none;/mnt/e/SyncData/paper2_main/zout/reports/baseline_vs_accMotion/1GPU_SV__ds_UFireIndoorTest__mt_temp_method_motion_block__e1ccb7b889a0__20260401.144240;none;/mnt/e/SyncData/paper2_main/zout/reports/baseline_vs_accMotion/MainPC__ds_UFireIndoorTest__mt_no_temp_method__af4b0d32a3d2__20260330.205208
youtube__lb_mixed_firesmoke__Overheating-of-a-battery-cell-[sEUTJ3p4sjM].mp4;370;1481;fire_smoke;/mnt/e/SyncData/paper2_main/datasets/UFireIndoorFull/test/test_firesmoke/youtube__lb_mixed_firesmoke__Overheating-of-a-battery-cell-[sEUTJ3p4sjM].mp4;none;/mnt/e/SyncData/paper2_main/zout/reports/baseline_vs_accMotion/1GPU_SV__ds_UFireIndoorTest__mt_temp_method_motion_block__e1ccb7b889a0__20260401.144240;none;/mnt/e/SyncData/paper2_main/zout/reports/baseline_vs_accMotion/MainPC__ds_UFireIndoorTest__mt_no_temp_method__af4b0d32a3d2__20260330.205208
youtube__lb_mixed_firesmoke__Overheating-of-a-battery-cell-[sEUTJ3p4sjM].mp4;371;1481;fire_smoke;/mnt/e/SyncData/paper2_main/datasets/UFireIndoorFull/test/test_firesmoke/youtube__lb_mixed_firesmoke__Overheating-of-a-battery-cell-[sEUTJ3p4sjM].mp4;none;/mnt/e/SyncData/paper2_main/zout/reports/baseline_vs_accMotion/1GPU_SV__ds_UFireIndoorTest__mt_temp_method_motion_block__e1ccb7b889a0__20260401.144240;none;/mnt/e/SyncData/paper2_main/zout/reports/baseline_vs_accMotion/MainPC__ds_UFireIndoorTest__mt_no_temp_method__af4b0d32a3d2__20260330.205208
youtube__lb_mixed_firesmoke__Overheating-of-a-battery-cell-[sEUTJ3p4sjM].mp4;372;1481;fire_smoke;/mnt/e/SyncData/paper2_main/datasets/UFireIndoorFull/test/test_firesmoke/youtube__lb_mixed_firesmoke__Overheating-of-a-battery-cell-[sEUTJ3p4sjM].mp4;none;/mnt/e/SyncData/paper2_main/zout/reports/baseline_vs_accMotion/1GPU_SV__ds_UFireIndoorTest__mt_temp_method_motion_block__e1ccb7b889a0__20260401.144240;none;/mnt/e/SyncData/paper2_main/zout/reports/baseline_vs_accMotion/MainPC__ds_UFireIndoorTest__mt_no_temp_method__af4b0d32a3d2__20260330.205208
youtube__lb_mixed_firesmoke__Overheating-of-a-battery-cell-[sEUTJ3p4sjM].mp4;373;1481;fire_smoke;/mnt/e/SyncData/paper2_main/datasets/UFireIndoorFull/test/test_firesmoke/youtube__lb_mixed_firesmoke__Overheating-of-a-battery-cell-[sEUTJ3p4sjM].mp4;none;/mnt/e/SyncData/paper2_main/zout/reports/baseline_vs_accMotion/1GPU_SV__ds_UFireIndoorTest__mt_temp_method_motion_block__e1ccb7b889a0__20260401.144240;none;/mnt/e/SyncData/paper2_main/zout/reports/baseline_vs_accMotion/MainPC__ds_UFireIndoorTest__mt_no_temp_method__af4b0d32a3d2__20260330.205208
youtube__lb_mixed_firesmoke__Overheating-of-a-battery-cell-[sEUTJ3p4sjM].mp4;374;1481;fire_smoke;/mnt/e/SyncData/paper2_main/datasets/UFireIndoorFull/test/test_firesmoke/youtube__lb_mixed_firesmoke__Overheating-of-a-battery-cell-[sEUTJ3p4sjM].mp4;none;/mnt/e/SyncData/paper2_main/zout/reports/baseline_vs_accMotion/1GPU_SV__ds_UFireIndoorTest__mt_temp_method_motion_block__e1ccb7b889a0__20260401.144240;none;/mnt/e/SyncData/paper2_main/zout/reports/baseline_vs_accMotion/MainPC__ds_UFireIndoorTest__mt_no_temp_method__af4b0d32a3d2__20260330.205208
youtube__lb_mixed_firesmoke__Overheating-of-a-battery-cell-[sEUTJ3p4sjM].mp4;375;1481;fire_smoke;/mnt/e/SyncData/paper2_main/datasets/UFireIndoorFull/test/test_firesmoke/youtube__lb_mixed_firesmoke__Overheating-of-a-battery-cell-[sEUTJ3p4sjM].mp4;none;/mnt/e/SyncData/paper2_main/zout/reports/baseline_vs_accMotion/1GPU_SV__ds_UFireIndoorTest__mt_temp_method_motion_block__e1ccb7b889a0__20260401.144240;none;/mnt/e/SyncData/paper2_main/zout/reports/baseline_vs_accMotion/MainPC__ds_UFireIndoorTest__mt_no_temp_method__af4b0d32a3d2__20260330.205208
youtube__lb_mixed_firesmoke__Overheating-of-a-battery-cell-[sEUTJ3p4sjM].mp4;376;1481;fire_smoke;/mnt/e/SyncData/paper2_main/datasets/UFireIndoorFull/test/test_firesmoke/youtube__lb_mixed_firesmoke__Overheating-of-a-battery-cell-[sEUTJ3p4sjM].mp4;none;/mnt/e/SyncData/paper2_main/zout/reports/baseline_vs_accMotion/1GPU_SV__ds_UFireIndoorTest__mt_temp_method_motion_block__e1ccb7b889a0__20260401.144240;none;/mnt/e/SyncData/paper2_main/zout/reports/baseline_vs_accMotion/MainPC__ds_UFireIndoorTest__mt_no_temp_method__af4b0d32a3d2__20260330.205208
youtube__lb_mixed_firesmoke__Overheating-of-a-battery-cell-[sEUTJ3p4sjM].mp4;378;1481;fire_smoke;/mnt/e/SyncData/paper2_main/datasets/UFireIndoorFull/test/test_firesmoke/youtube__lb_mixed_firesmoke__Overheating-of-a-battery-cell-[sEUTJ3p4sjM].mp4;none;/mnt/e/SyncData/paper2_main/zout/reports/baseline_vs_accMotion/1GPU_SV__ds_UFireIndoorTest__mt_temp_method_motion_block__e1ccb7b889a0__20260401.144240;none;/mnt/e/SyncData/paper2_main/zout/reports/baseline_vs_accMotion/MainPC__ds_UFireIndoorTest__mt_no_temp_method__af4b0d32a3d2__20260330.205208
youtube__lb_mixed_firesmoke__Overheating-of-a-battery-cell-[sEUTJ3p4sjM].mp4;379;1481;fire_smoke;/mnt/e/SyncData/paper2_main/datasets/UFireIndoorFull/test/test_firesmoke/youtube__lb_mixed_firesmoke__Overheating-of-a-battery-cell-[sEUTJ3p4sjM].mp4;none;/mnt/e/SyncData/paper2_main/zout/reports/baseline_vs_accMotion/1GPU_SV__ds_UFireIndoorTest__mt_temp_method_motion_block__e1ccb7b889a0__20260401.144240;none;/mnt/e/SyncData/paper2_main/zout/reports/baseline_vs_accMotion/MainPC__ds_UFireIndoorTest__mt_no_temp_method__af4b0d32a3d2__20260330.205208
youtube__lb_mixed_firesmoke__Overheating-of-a-battery-cell-[sEUTJ3p4sjM].mp4;380;1481;fire_smoke;/mnt/e/SyncData/paper2_main/datasets/UFireIndoorFull/test/test_firesmoke/youtube__lb_mixed_firesmoke__Overheating-of-a-battery-cell-[sEUTJ3p4sjM].mp4;none;/mnt/e/SyncData/paper2_main/zout/reports/baseline_vs_accMotion/1GPU_SV__ds_UFireIndoorTest__mt_temp_method_motion_block__e1ccb7b889a0__20260401.144240;none;/mnt/e/SyncData/paper2_main/zout/reports/baseline_vs_accMotion/MainPC__ds_UFireIndoorTest__mt_no_temp_method__af4b0d32a3d2__20260330.205208
youtube__lb_mixed_firesmoke__Overheating-of-a-battery-cell-[sEUTJ3p4sjM].mp4;381;1481;fire_smoke;/mnt/e/SyncData/paper2_main/datasets/UFireIndoorFull/test/test_firesmoke/youtube__lb_mixed_firesmoke__Overheating-of-a-battery-cell-[sEUTJ3p4sjM].mp4;none;/mnt/e/SyncData/paper2_main/zout/reports/baseline_vs_accMotion/1GPU_SV__ds_UFireIndoorTest__mt_temp_method_motion_block__e1ccb7b889a0__20260401.144240;none;/mnt/e/SyncData/paper2_main/zout/reports/baseline_vs_accMotion/MainPC__ds_UFireIndoorTest__mt_no_temp_method__af4b0d32a3d2__20260330.205208
youtube__lb_mixed_firesmoke__Overheating-of-a-battery-cell-[sEUTJ3p4sjM].mp4;382;1481;fire_smoke;/mnt/e/SyncData/paper2_main/datasets/UFireIndoorFull/test/test_firesmoke/youtube__lb_mixed_firesmoke__Overheating-of-a-battery-cell-[sEUTJ3p4sjM].mp4;none;/mnt/e/SyncData/paper2_main/zout/reports/baseline_vs_accMotion/1GPU_SV__ds_UFireIndoorTest__mt_temp_method_motion_block__e1ccb7b889a0__20260401.144240;none;/mnt/e/SyncData/paper2_main/zout/reports/baseline_vs_accMotion/MainPC__ds_UFireIndoorTest__mt_no_temp_method__af4b0d32a3d2__20260330.205208
youtube__lb_mixed_firesmoke__Overheating-of-a-battery-cell-[sEUTJ3p4sjM].mp4;383;1481;fire_smoke;/mnt/e/SyncData/paper2_main/datasets/UFireIndoorFull/test/test_firesmoke/youtube__lb_mixed_firesmoke__Overheating-of-a-battery-cell-[sEUTJ3p4sjM].mp4;none;/mnt/e/SyncData/paper2_main/zout/reports/baseline_vs_accMotion/1GPU_SV__ds_UFireIndoorTest__mt_temp_method_motion_block__e1ccb7b889a0__20260401.144240;none;/mnt/e/SyncData/paper2_main/zout/reports/baseline_vs_accMotion/MainPC__ds_UFireIndoorTest__mt_no_temp_method__af4b0d32a3d2__20260330.205208
youtube__lb_mixed_firesmoke__Overheating-of-a-battery-cell-[sEUTJ3p4sjM].mp4;386;1481;fire_smoke;/mnt/e/SyncData/paper2_main/datasets/UFireIndoorFull/test/test_firesmoke/youtube__lb_mixed_firesmoke__Overheating-of-a-battery-cell-[sEUTJ3p4sjM].mp4;none;/mnt/e/SyncData/paper2_main/zout/reports/baseline_vs_accMotion/1GPU_SV__ds_UFireIndoorTest__mt_temp_method_motion_block__e1ccb7b889a0__20260401.144240;none;/mnt/e/SyncData/paper2_main/zout/reports/baseline_vs_accMotion/MainPC__ds_UFireIndoorTest__mt_no_temp_method__af4b0d32a3d2__20260330.205208
youtube__lb_mixed_firesmoke__Overheating-of-a-battery-cell-[sEUTJ3p4sjM].mp4;387;1481;fire_smoke;/mnt/e/SyncData/paper2_main/datasets/UFireIndoorFull/test/test_firesmoke/youtube__lb_mixed_firesmoke__Overheating-of-a-battery-cell-[sEUTJ3p4sjM].mp4;none;/mnt/e/SyncData/paper2_main/zout/reports/baseline_vs_accMotion/1GPU_SV__ds_UFireIndoorTest__mt_temp_method_motion_block__e1ccb7b889a0__20260401.144240;none;/mnt/e/SyncData/paper2_main/zout/reports/baseline_vs_accMotion/MainPC__ds_UFireIndoorTest__mt_no_temp_method__af4b0d32a3d2__20260330.205208
youtube__lb_mixed_firesmoke__Overheating-of-a-battery-cell-[sEUTJ3p4sjM].mp4;390;1481;fire_smoke;/mnt/e/SyncData/paper2_main/datasets/UFireIndoorFull/test/test_firesmoke/youtube__lb_mixed_firesmoke__Overheating-of-a-battery-cell-[sEUTJ3p4sjM].mp4;none;/mnt/e/SyncData/paper2_main/zout/reports/baseline_vs_accMotion/1GPU_SV__ds_UFireIndoorTest__mt_temp_method_motion_block__e1ccb7b889a0__20260401.144240;none;/mnt/e/SyncData/paper2_main/zout/reports/baseline_vs_accMotion/MainPC__ds_UFireIndoorTest__mt_no_temp_method__af4b0d32a3d2__20260330.205208
youtube__lb_mixed_firesmoke__Overheating-of-a-battery-cell-[sEUTJ3p4sjM].mp4;433;1481;fire_smoke;/mnt/e/SyncData/paper2_main/datasets/UFireIndoorFull/test/test_firesmoke/youtube__lb_mixed_firesmoke__Overheating-of-a-battery-cell-[sEUTJ3p4sjM].mp4;none;/mnt/e/SyncData/paper2_main/zout/reports/baseline_vs_accMotion/1GPU_SV__ds_UFireIndoorTest__mt_temp_method_motion_block__e1ccb7b889a0__20260401.144240;none;/mnt/e/SyncData/paper2_main/zout/reports/baseline_vs_accMotion/MainPC__ds_UFireIndoorTest__mt_no_temp_method__af4b0d32a3d2__20260330.205208
youtube__lb_mixed_firesmoke__Overheating-of-a-battery-cell-[sEUTJ3p4sjM].mp4;441;1481;fire_smoke;/mnt/e/SyncData/paper2_main/datasets/UFireIndoorFull/test/test_firesmoke/youtube__lb_mixed_firesmoke__Overheating-of-a-battery-cell-[sEUTJ3p4sjM].mp4;none;/mnt/e/SyncData/paper2_main/zout/reports/baseline_vs_accMotion/1GPU_SV__ds_UFireIndoorTest__mt_temp_method_motion_block__e1ccb7b889a0__20260401.144240;none;/mnt/e/SyncData/paper2_main/zout/reports/baseline_vs_accMotion/MainPC__ds_UFireIndoorTest__mt_no_temp_method__af4b0d32a3d2__20260330.205208
youtube__lb_mixed_firesmoke__Overheating-of-a-battery-cell-[sEUTJ3p4sjM].mp4;442;1481;fire_smoke;/mnt/e/SyncData/paper2_main/datasets/UFireIndoorFull/test/test_firesmoke/youtube__lb_mixed_firesmoke__Overheating-of-a-battery-cell-[sEUTJ3p4sjM].mp4;none;/mnt/e/SyncData/paper2_main/zout/reports/baseline_vs_accMotion/1GPU_SV__ds_UFireIndoorTest__mt_temp_method_motion_block__e1ccb7b889a0__20260401.144240;none;/mnt/e/SyncData/paper2_main/zout/reports/baseline_vs_accMotion/MainPC__ds_UFireIndoorTest__mt_no_temp_method__af4b0d32a3d2__20260330.205208
youtube__lb_mixed_firesmoke__Overheating-of-a-battery-cell-[sEUTJ3p4sjM].mp4;446;1481;fire_smoke;/mnt/e/SyncData/paper2_main/datasets/UFireIndoorFull/test/test_firesmoke/youtube__lb_mixed_firesmoke__Overheating-of-a-battery-cell-[sEUTJ3p4sjM].mp4;none;/mnt/e/SyncData/paper2_main/zout/reports/baseline_vs_accMotion/1GPU_SV__ds_UFireIndoorTest__mt_temp_method_motion_block__e1ccb7b889a0__20260401.144240;none;/mnt/e/SyncData/paper2_main/zout/reports/baseline_vs_accMotion/MainPC__ds_UFireIndoorTest__mt_no_temp_method__af4b0d32a3d2__20260330.205208
