video;frame_idx;num_frames;gt_label;video_path;no_temp_method;no_temp_method_dir;temp_method_motion_block.AccMotionDet;temp_method_motion_block.AccMotionDet_dir
aihub_lb_fire_2895.mp4;1;360;fire_smoke;/mnt/e/SyncData/paper2_main/datasets/UFireIndoorFull/test/test_firesmoke/aihub_lb_fire_2895.mp4;fire;/mnt/e/SyncData/paper2_main/zout/___reports/on_test_set/baseline_vs_accMotion_for_quality_vis/MainPC__ds_UFireIndoorTest__mt_no_temp_method__af4b0d32a3d2__20260330.205208;skipped;/mnt/e/SyncData/paper2_main/zout/___reports/on_test_set/baseline_vs_accMotion_for_quality_vis/MainPC__ds_UFireIndoorTest__mt_temp_method_motion_block__e1ccb7b889a0__20260421.145709
aihub_lb_fire_2895.mp4;2;360;fire_smoke;/mnt/e/SyncData/paper2_main/datasets/UFireIndoorFull/test/test_firesmoke/aihub_lb_fire_2895.mp4;fire;/mnt/e/SyncData/paper2_main/zout/___reports/on_test_set/baseline_vs_accMotion_for_quality_vis/MainPC__ds_UFireIndoorTest__mt_no_temp_method__af4b0d32a3d2__20260330.205208;skipped;/mnt/e/SyncData/paper2_main/zout/___reports/on_test_set/baseline_vs_accMotion_for_quality_vis/MainPC__ds_UFireIndoorTest__mt_temp_method_motion_block__e1ccb7b889a0__20260421.145709
aihub__lb_fire__0182.mp4;1;360;fire_smoke;/mnt/e/SyncData/paper2_main/datasets/UFireIndoorFull/test/test_firesmoke/aihub__lb_fire__0182.mp4;smokeonly;/mnt/e/SyncData/paper2_main/zout/___reports/on_test_set/baseline_vs_accMotion_for_quality_vis/MainPC__ds_UFireIndoorTest__mt_no_temp_method__af4b0d32a3d2__20260330.205208;skipped;/mnt/e/SyncData/paper2_main/zout/___reports/on_test_set/baseline_vs_accMotion_for_quality_vis/MainPC__ds_UFireIndoorTest__mt_temp_method_motion_block__e1ccb7b889a0__20260421.145709
aihub__lb_fire__0182.mp4;2;360;fire_smoke;/mnt/e/SyncData/paper2_main/datasets/UFireIndoorFull/test/test_firesmoke/aihub__lb_fire__0182.mp4;smokeonly;/mnt/e/SyncData/paper2_main/zout/___reports/on_test_set/baseline_vs_accMotion_for_quality_vis/MainPC__ds_UFireIndoorTest__mt_no_temp_method__af4b0d32a3d2__20260330.205208;skipped;/mnt/e/SyncData/paper2_main/zout/___reports/on_test_set/baseline_vs_accMotion_for_quality_vis/MainPC__ds_UFireIndoorTest__mt_temp_method_motion_block__e1ccb7b889a0__20260421.145709
aihub__lb_fire__0182.mp4;105;360;fire_smoke;/mnt/e/SyncData/paper2_main/datasets/UFireIndoorFull/test/test_firesmoke/aihub__lb_fire__0182.mp4;smokeonly;/mnt/e/SyncData/paper2_main/zout/___reports/on_test_set/baseline_vs_accMotion_for_quality_vis/MainPC__ds_UFireIndoorTest__mt_no_temp_method__af4b0d32a3d2__20260330.205208;skipped;/mnt/e/SyncData/paper2_main/zout/___reports/on_test_set/baseline_vs_accMotion_for_quality_vis/MainPC__ds_UFireIndoorTest__mt_temp_method_motion_block__e1ccb7b889a0__20260421.145709
aihub__lb_fire__0182.mp4;107;360;fire_smoke;/mnt/e/SyncData/paper2_main/datasets/UFireIndoorFull/test/test_firesmoke/aihub__lb_fire__0182.mp4;smokeonly;/mnt/e/SyncData/paper2_main/zout/___reports/on_test_set/baseline_vs_accMotion_for_quality_vis/MainPC__ds_UFireIndoorTest__mt_no_temp_method__af4b0d32a3d2__20260330.205208;skipped;/mnt/e/SyncData/paper2_main/zout/___reports/on_test_set/baseline_vs_accMotion_for_quality_vis/MainPC__ds_UFireIndoorTest__mt_temp_method_motion_block__e1ccb7b889a0__20260421.145709
aihub__lb_fire__0195.mp4;1;360;fire_smoke;/mnt/e/SyncData/paper2_main/datasets/UFireIndoorFull/test/test_firesmoke/aihub__lb_fire__0195.mp4;fire;/mnt/e/SyncData/paper2_main/zout/___reports/on_test_set/baseline_vs_accMotion_for_quality_vis/MainPC__ds_UFireIndoorTest__mt_no_temp_method__af4b0d32a3d2__20260330.205208;skipped;/mnt/e/SyncData/paper2_main/zout/___reports/on_test_set/baseline_vs_accMotion_for_quality_vis/MainPC__ds_UFireIndoorTest__mt_temp_method_motion_block__e1ccb7b889a0__20260421.145709
aihub__lb_fire__0195.mp4;2;360;fire_smoke;/mnt/e/SyncData/paper2_main/datasets/UFireIndoorFull/test/test_firesmoke/aihub__lb_fire__0195.mp4;fire;/mnt/e/SyncData/paper2_main/zout/___reports/on_test_set/baseline_vs_accMotion_for_quality_vis/MainPC__ds_UFireIndoorTest__mt_no_temp_method__af4b0d32a3d2__20260330.205208;skipped;/mnt/e/SyncData/paper2_main/zout/___reports/on_test_set/baseline_vs_accMotion_for_quality_vis/MainPC__ds_UFireIndoorTest__mt_temp_method_motion_block__e1ccb7b889a0__20260421.145709
aihub__lb_fire__1029.mp4;1;360;fire_smoke;/mnt/e/SyncData/paper2_main/datasets/UFireIndoorFull/test/test_firesmoke/aihub__lb_fire__1029.mp4;fire;/mnt/e/SyncData/paper2_main/zout/___reports/on_test_set/baseline_vs_accMotion_for_quality_vis/MainPC__ds_UFireIndoorTest__mt_no_temp_method__af4b0d32a3d2__20260330.205208;skipped;/mnt/e/SyncData/paper2_main/zout/___reports/on_test_set/baseline_vs_accMotion_for_quality_vis/MainPC__ds_UFireIndoorTest__mt_temp_method_motion_block__e1ccb7b889a0__20260421.145709
aihub__lb_fire__1029.mp4;2;360;fire_smoke;/mnt/e/SyncData/paper2_main/datasets/UFireIndoorFull/test/test_firesmoke/aihub__lb_fire__1029.mp4;fire;/mnt/e/SyncData/paper2_main/zout/___reports/on_test_set/baseline_vs_accMotion_for_quality_vis/MainPC__ds_UFireIndoorTest__mt_no_temp_method__af4b0d32a3d2__20260330.205208;skipped;/mnt/e/SyncData/paper2_main/zout/___reports/on_test_set/baseline_vs_accMotion_for_quality_vis/MainPC__ds_UFireIndoorTest__mt_temp_method_motion_block__e1ccb7b889a0__20260421.145709
aihub__lb_fire__1163.mp4;1;360;fire_smoke;/mnt/e/SyncData/paper2_main/datasets/UFireIndoorFull/test/test_firesmoke/aihub__lb_fire__1163.mp4;fire;/mnt/e/SyncData/paper2_main/zout/___reports/on_test_set/baseline_vs_accMotion_for_quality_vis/MainPC__ds_UFireIndoorTest__mt_no_temp_method__af4b0d32a3d2__20260330.205208;skipped;/mnt/e/SyncData/paper2_main/zout/___reports/on_test_set/baseline_vs_accMotion_for_quality_vis/MainPC__ds_UFireIndoorTest__mt_temp_method_motion_block__e1ccb7b889a0__20260421.145709
aihub__lb_fire__1163.mp4;2;360;fire_smoke;/mnt/e/SyncData/paper2_main/datasets/UFireIndoorFull/test/test_firesmoke/aihub__lb_fire__1163.mp4;fire;/mnt/e/SyncData/paper2_main/zout/___reports/on_test_set/baseline_vs_accMotion_for_quality_vis/MainPC__ds_UFireIndoorTest__mt_no_temp_method__af4b0d32a3d2__20260330.205208;skipped;/mnt/e/SyncData/paper2_main/zout/___reports/on_test_set/baseline_vs_accMotion_for_quality_vis/MainPC__ds_UFireIndoorTest__mt_temp_method_motion_block__e1ccb7b889a0__20260421.145709
aihub__lb_fire__1180.mp4;1;360;fire_smoke;/mnt/e/SyncData/paper2_main/datasets/UFireIndoorFull/test/test_firesmoke/aihub__lb_fire__1180.mp4;fire;/mnt/e/SyncData/paper2_main/zout/___reports/on_test_set/baseline_vs_accMotion_for_quality_vis/MainPC__ds_UFireIndoorTest__mt_no_temp_method__af4b0d32a3d2__20260330.205208;skipped;/mnt/e/SyncData/paper2_main/zout/___reports/on_test_set/baseline_vs_accMotion_for_quality_vis/MainPC__ds_UFireIndoorTest__mt_temp_method_motion_block__e1ccb7b889a0__20260421.145709
aihub__lb_fire__1180.mp4;2;360;fire_smoke;/mnt/e/SyncData/paper2_main/datasets/UFireIndoorFull/test/test_firesmoke/aihub__lb_fire__1180.mp4;fire;/mnt/e/SyncData/paper2_main/zout/___reports/on_test_set/baseline_vs_accMotion_for_quality_vis/MainPC__ds_UFireIndoorTest__mt_no_temp_method__af4b0d32a3d2__20260330.205208;skipped;/mnt/e/SyncData/paper2_main/zout/___reports/on_test_set/baseline_vs_accMotion_for_quality_vis/MainPC__ds_UFireIndoorTest__mt_temp_method_motion_block__e1ccb7b889a0__20260421.145709
aihub__lb_fire__1266.mp4;1;360;fire_smoke;/mnt/e/SyncData/paper2_main/datasets/UFireIndoorFull/test/test_firesmoke/aihub__lb_fire__1266.mp4;fire;/mnt/e/SyncData/paper2_main/zout/___reports/on_test_set/baseline_vs_accMotion_for_quality_vis/MainPC__ds_UFireIndoorTest__mt_no_temp_method__af4b0d32a3d2__20260330.205208;skipped;/mnt/e/SyncData/paper2_main/zout/___reports/on_test_set/baseline_vs_accMotion_for_quality_vis/MainPC__ds_UFireIndoorTest__mt_temp_method_motion_block__e1ccb7b889a0__20260421.145709
aihub__lb_fire__1266.mp4;2;360;fire_smoke;/mnt/e/SyncData/paper2_main/datasets/UFireIndoorFull/test/test_firesmoke/aihub__lb_fire__1266.mp4;fire;/mnt/e/SyncData/paper2_main/zout/___reports/on_test_set/baseline_vs_accMotion_for_quality_vis/MainPC__ds_UFireIndoorTest__mt_no_temp_method__af4b0d32a3d2__20260330.205208;skipped;/mnt/e/SyncData/paper2_main/zout/___reports/on_test_set/baseline_vs_accMotion_for_quality_vis/MainPC__ds_UFireIndoorTest__mt_temp_method_motion_block__e1ccb7b889a0__20260421.145709
aihub__lb_fire__1538.mp4;1;360;fire_smoke;/mnt/e/SyncData/paper2_main/datasets/UFireIndoorFull/test/test_firesmoke/aihub__lb_fire__1538.mp4;fire;/mnt/e/SyncData/paper2_main/zout/___reports/on_test_set/baseline_vs_accMotion_for_quality_vis/MainPC__ds_UFireIndoorTest__mt_no_temp_method__af4b0d32a3d2__20260330.205208;skipped;/mnt/e/SyncData/paper2_main/zout/___reports/on_test_set/baseline_vs_accMotion_for_quality_vis/MainPC__ds_UFireIndoorTest__mt_temp_method_motion_block__e1ccb7b889a0__20260421.145709
aihub__lb_fire__1538.mp4;2;360;fire_smoke;/mnt/e/SyncData/paper2_main/datasets/UFireIndoorFull/test/test_firesmoke/aihub__lb_fire__1538.mp4;fire;/mnt/e/SyncData/paper2_main/zout/___reports/on_test_set/baseline_vs_accMotion_for_quality_vis/MainPC__ds_UFireIndoorTest__mt_no_temp_method__af4b0d32a3d2__20260330.205208;skipped;/mnt/e/SyncData/paper2_main/zout/___reports/on_test_set/baseline_vs_accMotion_for_quality_vis/MainPC__ds_UFireIndoorTest__mt_temp_method_motion_block__e1ccb7b889a0__20260421.145709
aihub__lb_fire__1707.mp4;1;360;fire_smoke;/mnt/e/SyncData/paper2_main/datasets/UFireIndoorFull/test/test_firesmoke/aihub__lb_fire__1707.mp4;fire;/mnt/e/SyncData/paper2_main/zout/___reports/on_test_set/baseline_vs_accMotion_for_quality_vis/MainPC__ds_UFireIndoorTest__mt_no_temp_method__af4b0d32a3d2__20260330.205208;skipped;/mnt/e/SyncData/paper2_main/zout/___reports/on_test_set/baseline_vs_accMotion_for_quality_vis/MainPC__ds_UFireIndoorTest__mt_temp_method_motion_block__e1ccb7b889a0__20260421.145709
aihub__lb_fire__1707.mp4;2;360;fire_smoke;/mnt/e/SyncData/paper2_main/datasets/UFireIndoorFull/test/test_firesmoke/aihub__lb_fire__1707.mp4;fire;/mnt/e/SyncData/paper2_main/zout/___reports/on_test_set/baseline_vs_accMotion_for_quality_vis/MainPC__ds_UFireIndoorTest__mt_no_temp_method__af4b0d32a3d2__20260330.205208;skipped;/mnt/e/SyncData/paper2_main/zout/___reports/on_test_set/baseline_vs_accMotion_for_quality_vis/MainPC__ds_UFireIndoorTest__mt_temp_method_motion_block__e1ccb7b889a0__20260421.145709
aihub__lb_fire__1743.mp4;1;360;fire_smoke;/mnt/e/SyncData/paper2_main/datasets/UFireIndoorFull/test/test_firesmoke/aihub__lb_fire__1743.mp4;fire;/mnt/e/SyncData/paper2_main/zout/___reports/on_test_set/baseline_vs_accMotion_for_quality_vis/MainPC__ds_UFireIndoorTest__mt_no_temp_method__af4b0d32a3d2__20260330.205208;skipped;/mnt/e/SyncData/paper2_main/zout/___reports/on_test_set/baseline_vs_accMotion_for_quality_vis/MainPC__ds_UFireIndoorTest__mt_temp_method_motion_block__e1ccb7b889a0__20260421.145709
aihub__lb_fire__1743.mp4;2;360;fire_smoke;/mnt/e/SyncData/paper2_main/datasets/UFireIndoorFull/test/test_firesmoke/aihub__lb_fire__1743.mp4;fire;/mnt/e/SyncData/paper2_main/zout/___reports/on_test_set/baseline_vs_accMotion_for_quality_vis/MainPC__ds_UFireIndoorTest__mt_no_temp_method__af4b0d32a3d2__20260330.205208;skipped;/mnt/e/SyncData/paper2_main/zout/___reports/on_test_set/baseline_vs_accMotion_for_quality_vis/MainPC__ds_UFireIndoorTest__mt_temp_method_motion_block__e1ccb7b889a0__20260421.145709
aihub__lb_fire__1744.mp4;1;360;fire_smoke;/mnt/e/SyncData/paper2_main/datasets/UFireIndoorFull/test/test_firesmoke/aihub__lb_fire__1744.mp4;fire;/mnt/e/SyncData/paper2_main/zout/___reports/on_test_set/baseline_vs_accMotion_for_quality_vis/MainPC__ds_UFireIndoorTest__mt_no_temp_method__af4b0d32a3d2__20260330.205208;skipped;/mnt/e/SyncData/paper2_main/zout/___reports/on_test_set/baseline_vs_accMotion_for_quality_vis/MainPC__ds_UFireIndoorTest__mt_temp_method_motion_block__e1ccb7b889a0__20260421.145709
aihub__lb_fire__1744.mp4;2;360;fire_smoke;/mnt/e/SyncData/paper2_main/datasets/UFireIndoorFull/test/test_firesmoke/aihub__lb_fire__1744.mp4;fire;/mnt/e/SyncData/paper2_main/zout/___reports/on_test_set/baseline_vs_accMotion_for_quality_vis/MainPC__ds_UFireIndoorTest__mt_no_temp_method__af4b0d32a3d2__20260330.205208;skipped;/mnt/e/SyncData/paper2_main/zout/___reports/on_test_set/baseline_vs_accMotion_for_quality_vis/MainPC__ds_UFireIndoorTest__mt_temp_method_motion_block__e1ccb7b889a0__20260421.145709
aihub__lb_fire__1793.mp4;1;360;fire_smoke;/mnt/e/SyncData/paper2_main/datasets/UFireIndoorFull/test/test_firesmoke/aihub__lb_fire__1793.mp4;fire;/mnt/e/SyncData/paper2_main/zout/___reports/on_test_set/baseline_vs_accMotion_for_quality_vis/MainPC__ds_UFireIndoorTest__mt_no_temp_method__af4b0d32a3d2__20260330.205208;skipped;/mnt/e/SyncData/paper2_main/zout/___reports/on_test_set/baseline_vs_accMotion_for_quality_vis/MainPC__ds_UFireIndoorTest__mt_temp_method_motion_block__e1ccb7b889a0__20260421.145709
aihub__lb_fire__1793.mp4;2;360;fire_smoke;/mnt/e/SyncData/paper2_main/datasets/UFireIndoorFull/test/test_firesmoke/aihub__lb_fire__1793.mp4;fire;/mnt/e/SyncData/paper2_main/zout/___reports/on_test_set/baseline_vs_accMotion_for_quality_vis/MainPC__ds_UFireIndoorTest__mt_no_temp_method__af4b0d32a3d2__20260330.205208;skipped;/mnt/e/SyncData/paper2_main/zout/___reports/on_test_set/baseline_vs_accMotion_for_quality_vis/MainPC__ds_UFireIndoorTest__mt_temp_method_motion_block__e1ccb7b889a0__20260421.145709
aihub__lb_fire__2224.mp4;1;360;fire_smoke;/mnt/e/SyncData/paper2_main/datasets/UFireIndoorFull/test/test_firesmoke/aihub__lb_fire__2224.mp4;fire;/mnt/e/SyncData/paper2_main/zout/___reports/on_test_set/baseline_vs_accMotion_for_quality_vis/MainPC__ds_UFireIndoorTest__mt_no_temp_method__af4b0d32a3d2__20260330.205208;skipped;/mnt/e/SyncData/paper2_main/zout/___reports/on_test_set/baseline_vs_accMotion_for_quality_vis/MainPC__ds_UFireIndoorTest__mt_temp_method_motion_block__e1ccb7b889a0__20260421.145709
aihub__lb_fire__2224.mp4;2;360;fire_smoke;/mnt/e/SyncData/paper2_main/datasets/UFireIndoorFull/test/test_firesmoke/aihub__lb_fire__2224.mp4;fire;/mnt/e/SyncData/paper2_main/zout/___reports/on_test_set/baseline_vs_accMotion_for_quality_vis/MainPC__ds_UFireIndoorTest__mt_no_temp_method__af4b0d32a3d2__20260330.205208;skipped;/mnt/e/SyncData/paper2_main/zout/___reports/on_test_set/baseline_vs_accMotion_for_quality_vis/MainPC__ds_UFireIndoorTest__mt_temp_method_motion_block__e1ccb7b889a0__20260421.145709
aihub__lb_fire__2764.mp4;1;360;fire_smoke;/mnt/e/SyncData/paper2_main/datasets/UFireIndoorFull/test/test_firesmoke/aihub__lb_fire__2764.mp4;fire;/mnt/e/SyncData/paper2_main/zout/___reports/on_test_set/baseline_vs_accMotion_for_quality_vis/MainPC__ds_UFireIndoorTest__mt_no_temp_method__af4b0d32a3d2__20260330.205208;skipped;/mnt/e/SyncData/paper2_main/zout/___reports/on_test_set/baseline_vs_accMotion_for_quality_vis/MainPC__ds_UFireIndoorTest__mt_temp_method_motion_block__e1ccb7b889a0__20260421.145709
aihub__lb_fire__2764.mp4;2;360;fire_smoke;/mnt/e/SyncData/paper2_main/datasets/UFireIndoorFull/test/test_firesmoke/aihub__lb_fire__2764.mp4;fire;/mnt/e/SyncData/paper2_main/zout/___reports/on_test_set/baseline_vs_accMotion_for_quality_vis/MainPC__ds_UFireIndoorTest__mt_no_temp_method__af4b0d32a3d2__20260330.205208;skipped;/mnt/e/SyncData/paper2_main/zout/___reports/on_test_set/baseline_vs_accMotion_for_quality_vis/MainPC__ds_UFireIndoorTest__mt_temp_method_motion_block__e1ccb7b889a0__20260421.145709
aihub__lb_fire__2895.mp4;1;360;fire_smoke;/mnt/e/SyncData/paper2_main/datasets/UFireIndoorFull/test/test_firesmoke/aihub__lb_fire__2895.mp4;fire;/mnt/e/SyncData/paper2_main/zout/___reports/on_test_set/baseline_vs_accMotion_for_quality_vis/MainPC__ds_UFireIndoorTest__mt_no_temp_method__af4b0d32a3d2__20260330.205208;skipped;/mnt/e/SyncData/paper2_main/zout/___reports/on_test_set/baseline_vs_accMotion_for_quality_vis/MainPC__ds_UFireIndoorTest__mt_temp_method_motion_block__e1ccb7b889a0__20260421.145709
aihub__lb_fire__2895.mp4;2;360;fire_smoke;/mnt/e/SyncData/paper2_main/datasets/UFireIndoorFull/test/test_firesmoke/aihub__lb_fire__2895.mp4;fire;/mnt/e/SyncData/paper2_main/zout/___reports/on_test_set/baseline_vs_accMotion_for_quality_vis/MainPC__ds_UFireIndoorTest__mt_no_temp_method__af4b0d32a3d2__20260330.205208;skipped;/mnt/e/SyncData/paper2_main/zout/___reports/on_test_set/baseline_vs_accMotion_for_quality_vis/MainPC__ds_UFireIndoorTest__mt_temp_method_motion_block__e1ccb7b889a0__20260421.145709
aihub__lb_fire__2896.mp4;1;360;fire_smoke;/mnt/e/SyncData/paper2_main/datasets/UFireIndoorFull/test/test_firesmoke/aihub__lb_fire__2896.mp4;fire;/mnt/e/SyncData/paper2_main/zout/___reports/on_test_set/baseline_vs_accMotion_for_quality_vis/MainPC__ds_UFireIndoorTest__mt_no_temp_method__af4b0d32a3d2__20260330.205208;skipped;/mnt/e/SyncData/paper2_main/zout/___reports/on_test_set/baseline_vs_accMotion_for_quality_vis/MainPC__ds_UFireIndoorTest__mt_temp_method_motion_block__e1ccb7b889a0__20260421.145709
aihub__lb_fire__2896.mp4;2;360;fire_smoke;/mnt/e/SyncData/paper2_main/datasets/UFireIndoorFull/test/test_firesmoke/aihub__lb_fire__2896.mp4;fire;/mnt/e/SyncData/paper2_main/zout/___reports/on_test_set/baseline_vs_accMotion_for_quality_vis/MainPC__ds_UFireIndoorTest__mt_no_temp_method__af4b0d32a3d2__20260330.205208;skipped;/mnt/e/SyncData/paper2_main/zout/___reports/on_test_set/baseline_vs_accMotion_for_quality_vis/MainPC__ds_UFireIndoorTest__mt_temp_method_motion_block__e1ccb7b889a0__20260421.145709
aihub__lb_fire__3433.mp4;1;360;fire_smoke;/mnt/e/SyncData/paper2_main/datasets/UFireIndoorFull/test/test_firesmoke/aihub__lb_fire__3433.mp4;fire;/mnt/e/SyncData/paper2_main/zout/___reports/on_test_set/baseline_vs_accMotion_for_quality_vis/MainPC__ds_UFireIndoorTest__mt_no_temp_method__af4b0d32a3d2__20260330.205208;skipped;/mnt/e/SyncData/paper2_main/zout/___reports/on_test_set/baseline_vs_accMotion_for_quality_vis/MainPC__ds_UFireIndoorTest__mt_temp_method_motion_block__e1ccb7b889a0__20260421.145709
aihub__lb_fire__3433.mp4;2;360;fire_smoke;/mnt/e/SyncData/paper2_main/datasets/UFireIndoorFull/test/test_firesmoke/aihub__lb_fire__3433.mp4;fire;/mnt/e/SyncData/paper2_main/zout/___reports/on_test_set/baseline_vs_accMotion_for_quality_vis/MainPC__ds_UFireIndoorTest__mt_no_temp_method__af4b0d32a3d2__20260330.205208;skipped;/mnt/e/SyncData/paper2_main/zout/___reports/on_test_set/baseline_vs_accMotion_for_quality_vis/MainPC__ds_UFireIndoorTest__mt_temp_method_motion_block__e1ccb7b889a0__20260421.145709
aihub__lb_fire__5729.mp4;1;360;fire_smoke;/mnt/e/SyncData/paper2_main/datasets/UFireIndoorFull/test/test_firesmoke/aihub__lb_fire__5729.mp4;fire;/mnt/e/SyncData/paper2_main/zout/___reports/on_test_set/baseline_vs_accMotion_for_quality_vis/MainPC__ds_UFireIndoorTest__mt_no_temp_method__af4b0d32a3d2__20260330.205208;skipped;/mnt/e/SyncData/paper2_main/zout/___reports/on_test_set/baseline_vs_accMotion_for_quality_vis/MainPC__ds_UFireIndoorTest__mt_temp_method_motion_block__e1ccb7b889a0__20260421.145709
aihub__lb_fire__5729.mp4;2;360;fire_smoke;/mnt/e/SyncData/paper2_main/datasets/UFireIndoorFull/test/test_firesmoke/aihub__lb_fire__5729.mp4;fire;/mnt/e/SyncData/paper2_main/zout/___reports/on_test_set/baseline_vs_accMotion_for_quality_vis/MainPC__ds_UFireIndoorTest__mt_no_temp_method__af4b0d32a3d2__20260330.205208;skipped;/mnt/e/SyncData/paper2_main/zout/___reports/on_test_set/baseline_vs_accMotion_for_quality_vis/MainPC__ds_UFireIndoorTest__mt_temp_method_motion_block__e1ccb7b889a0__20260421.145709
aihub__lb_fire__5729.mp4;3;360;fire_smoke;/mnt/e/SyncData/paper2_main/datasets/UFireIndoorFull/test/test_firesmoke/aihub__lb_fire__5729.mp4;fire;/mnt/e/SyncData/paper2_main/zout/___reports/on_test_set/baseline_vs_accMotion_for_quality_vis/MainPC__ds_UFireIndoorTest__mt_no_temp_method__af4b0d32a3d2__20260330.205208;skipped;/mnt/e/SyncData/paper2_main/zout/___reports/on_test_set/baseline_vs_accMotion_for_quality_vis/MainPC__ds_UFireIndoorTest__mt_temp_method_motion_block__e1ccb7b889a0__20260421.145709
aihub__lb_fire__5729.mp4;4;360;fire_smoke;/mnt/e/SyncData/paper2_main/datasets/UFireIndoorFull/test/test_firesmoke/aihub__lb_fire__5729.mp4;fire;/mnt/e/SyncData/paper2_main/zout/___reports/on_test_set/baseline_vs_accMotion_for_quality_vis/MainPC__ds_UFireIndoorTest__mt_no_temp_method__af4b0d32a3d2__20260330.205208;skipped;/mnt/e/SyncData/paper2_main/zout/___reports/on_test_set/baseline_vs_accMotion_for_quality_vis/MainPC__ds_UFireIndoorTest__mt_temp_method_motion_block__e1ccb7b889a0__20260421.145709
aihub__lb_fire__5730.mp4;1;360;fire_smoke;/mnt/e/SyncData/paper2_main/datasets/UFireIndoorFull/test/test_firesmoke/aihub__lb_fire__5730.mp4;fire;/mnt/e/SyncData/paper2_main/zout/___reports/on_test_set/baseline_vs_accMotion_for_quality_vis/MainPC__ds_UFireIndoorTest__mt_no_temp_method__af4b0d32a3d2__20260330.205208;skipped;/mnt/e/SyncData/paper2_main/zout/___reports/on_test_set/baseline_vs_accMotion_for_quality_vis/MainPC__ds_UFireIndoorTest__mt_temp_method_motion_block__e1ccb7b889a0__20260421.145709
aihub__lb_fire__5730.mp4;2;360;fire_smoke;/mnt/e/SyncData/paper2_main/datasets/UFireIndoorFull/test/test_firesmoke/aihub__lb_fire__5730.mp4;fire;/mnt/e/SyncData/paper2_main/zout/___reports/on_test_set/baseline_vs_accMotion_for_quality_vis/MainPC__ds_UFireIndoorTest__mt_no_temp_method__af4b0d32a3d2__20260330.205208;skipped;/mnt/e/SyncData/paper2_main/zout/___reports/on_test_set/baseline_vs_accMotion_for_quality_vis/MainPC__ds_UFireIndoorTest__mt_temp_method_motion_block__e1ccb7b889a0__20260421.145709
aihub__lb_fire__5730.mp4;3;360;fire_smoke;/mnt/e/SyncData/paper2_main/datasets/UFireIndoorFull/test/test_firesmoke/aihub__lb_fire__5730.mp4;fire;/mnt/e/SyncData/paper2_main/zout/___reports/on_test_set/baseline_vs_accMotion_for_quality_vis/MainPC__ds_UFireIndoorTest__mt_no_temp_method__af4b0d32a3d2__20260330.205208;skipped;/mnt/e/SyncData/paper2_main/zout/___reports/on_test_set/baseline_vs_accMotion_for_quality_vis/MainPC__ds_UFireIndoorTest__mt_temp_method_motion_block__e1ccb7b889a0__20260421.145709
aihub__lb_fire__5730.mp4;4;360;fire_smoke;/mnt/e/SyncData/paper2_main/datasets/UFireIndoorFull/test/test_firesmoke/aihub__lb_fire__5730.mp4;fire;/mnt/e/SyncData/paper2_main/zout/___reports/on_test_set/baseline_vs_accMotion_for_quality_vis/MainPC__ds_UFireIndoorTest__mt_no_temp_method__af4b0d32a3d2__20260330.205208;skipped;/mnt/e/SyncData/paper2_main/zout/___reports/on_test_set/baseline_vs_accMotion_for_quality_vis/MainPC__ds_UFireIndoorTest__mt_temp_method_motion_block__e1ccb7b889a0__20260421.145709
aihub__lb_fire__5731.mp4;1;360;fire_smoke;/mnt/e/SyncData/paper2_main/datasets/UFireIndoorFull/test/test_firesmoke/aihub__lb_fire__5731.mp4;fire;/mnt/e/SyncData/paper2_main/zout/___reports/on_test_set/baseline_vs_accMotion_for_quality_vis/MainPC__ds_UFireIndoorTest__mt_no_temp_method__af4b0d32a3d2__20260330.205208;skipped;/mnt/e/SyncData/paper2_main/zout/___reports/on_test_set/baseline_vs_accMotion_for_quality_vis/MainPC__ds_UFireIndoorTest__mt_temp_method_motion_block__e1ccb7b889a0__20260421.145709
aihub__lb_fire__5731.mp4;2;360;fire_smoke;/mnt/e/SyncData/paper2_main/datasets/UFireIndoorFull/test/test_firesmoke/aihub__lb_fire__5731.mp4;fire;/mnt/e/SyncData/paper2_main/zout/___reports/on_test_set/baseline_vs_accMotion_for_quality_vis/MainPC__ds_UFireIndoorTest__mt_no_temp_method__af4b0d32a3d2__20260330.205208;skipped;/mnt/e/SyncData/paper2_main/zout/___reports/on_test_set/baseline_vs_accMotion_for_quality_vis/MainPC__ds_UFireIndoorTest__mt_temp_method_motion_block__e1ccb7b889a0__20260421.145709
aihub__lb_fire__5731.mp4;3;360;fire_smoke;/mnt/e/SyncData/paper2_main/datasets/UFireIndoorFull/test/test_firesmoke/aihub__lb_fire__5731.mp4;fire;/mnt/e/SyncData/paper2_main/zout/___reports/on_test_set/baseline_vs_accMotion_for_quality_vis/MainPC__ds_UFireIndoorTest__mt_no_temp_method__af4b0d32a3d2__20260330.205208;skipped;/mnt/e/SyncData/paper2_main/zout/___reports/on_test_set/baseline_vs_accMotion_for_quality_vis/MainPC__ds_UFireIndoorTest__mt_temp_method_motion_block__e1ccb7b889a0__20260421.145709
aihub__lb_fire__5731.mp4;4;360;fire_smoke;/mnt/e/SyncData/paper2_main/datasets/UFireIndoorFull/test/test_firesmoke/aihub__lb_fire__5731.mp4;fire;/mnt/e/SyncData/paper2_main/zout/___reports/on_test_set/baseline_vs_accMotion_for_quality_vis/MainPC__ds_UFireIndoorTest__mt_no_temp_method__af4b0d32a3d2__20260330.205208;skipped;/mnt/e/SyncData/paper2_main/zout/___reports/on_test_set/baseline_vs_accMotion_for_quality_vis/MainPC__ds_UFireIndoorTest__mt_temp_method_motion_block__e1ccb7b889a0__20260421.145709
aihub__lb_smoke__0208.mp4;1;360;fire_smoke;/mnt/e/SyncData/paper2_main/datasets/UFireIndoorFull/test/test_firesmoke/aihub__lb_smoke__0208.mp4;none;/mnt/e/SyncData/paper2_main/zout/___reports/on_test_set/baseline_vs_accMotion_for_quality_vis/MainPC__ds_UFireIndoorTest__mt_no_temp_method__af4b0d32a3d2__20260330.205208;skipped;/mnt/e/SyncData/paper2_main/zout/___reports/on_test_set/baseline_vs_accMotion_for_quality_vis/MainPC__ds_UFireIndoorTest__mt_temp_method_motion_block__e1ccb7b889a0__20260421.145709
aihub__lb_smoke__0208.mp4;2;360;fire_smoke;/mnt/e/SyncData/paper2_main/datasets/UFireIndoorFull/test/test_firesmoke/aihub__lb_smoke__0208.mp4;none;/mnt/e/SyncData/paper2_main/zout/___reports/on_test_set/baseline_vs_accMotion_for_quality_vis/MainPC__ds_UFireIndoorTest__mt_no_temp_method__af4b0d32a3d2__20260330.205208;skipped;/mnt/e/SyncData/paper2_main/zout/___reports/on_test_set/baseline_vs_accMotion_for_quality_vis/MainPC__ds_UFireIndoorTest__mt_temp_method_motion_block__e1ccb7b889a0__20260421.145709
aihub__lb_smoke__0208.mp4;3;360;fire_smoke;/mnt/e/SyncData/paper2_main/datasets/UFireIndoorFull/test/test_firesmoke/aihub__lb_smoke__0208.mp4;none;/mnt/e/SyncData/paper2_main/zout/___reports/on_test_set/baseline_vs_accMotion_for_quality_vis/MainPC__ds_UFireIndoorTest__mt_no_temp_method__af4b0d32a3d2__20260330.205208;skipped;/mnt/e/SyncData/paper2_main/zout/___reports/on_test_set/baseline_vs_accMotion_for_quality_vis/MainPC__ds_UFireIndoorTest__mt_temp_method_motion_block__e1ccb7b889a0__20260421.145709
aihub__lb_smoke__0208.mp4;4;360;fire_smoke;/mnt/e/SyncData/paper2_main/datasets/UFireIndoorFull/test/test_firesmoke/aihub__lb_smoke__0208.mp4;none;/mnt/e/SyncData/paper2_main/zout/___reports/on_test_set/baseline_vs_accMotion_for_quality_vis/MainPC__ds_UFireIndoorTest__mt_no_temp_method__af4b0d32a3d2__20260330.205208;skipped;/mnt/e/SyncData/paper2_main/zout/___reports/on_test_set/baseline_vs_accMotion_for_quality_vis/MainPC__ds_UFireIndoorTest__mt_temp_method_motion_block__e1ccb7b889a0__20260421.145709
aihub__lb_smoke__0208.mp4;5;360;fire_smoke;/mnt/e/SyncData/paper2_main/datasets/UFireIndoorFull/test/test_firesmoke/aihub__lb_smoke__0208.mp4;none;/mnt/e/SyncData/paper2_main/zout/___reports/on_test_set/baseline_vs_accMotion_for_quality_vis/MainPC__ds_UFireIndoorTest__mt_no_temp_method__af4b0d32a3d2__20260330.205208;skipped;/mnt/e/SyncData/paper2_main/zout/___reports/on_test_set/baseline_vs_accMotion_for_quality_vis/MainPC__ds_UFireIndoorTest__mt_temp_method_motion_block__e1ccb7b889a0__20260421.145709
aihub__lb_smoke__0208.mp4;6;360;fire_smoke;/mnt/e/SyncData/paper2_main/datasets/UFireIndoorFull/test/test_firesmoke/aihub__lb_smoke__0208.mp4;none;/mnt/e/SyncData/paper2_main/zout/___reports/on_test_set/baseline_vs_accMotion_for_quality_vis/MainPC__ds_UFireIndoorTest__mt_no_temp_method__af4b0d32a3d2__20260330.205208;skipped;/mnt/e/SyncData/paper2_main/zout/___reports/on_test_set/baseline_vs_accMotion_for_quality_vis/MainPC__ds_UFireIndoorTest__mt_temp_method_motion_block__e1ccb7b889a0__20260421.145709
aihub__lb_smoke__0208.mp4;7;360;fire_smoke;/mnt/e/SyncData/paper2_main/datasets/UFireIndoorFull/test/test_firesmoke/aihub__lb_smoke__0208.mp4;none;/mnt/e/SyncData/paper2_main/zout/___reports/on_test_set/baseline_vs_accMotion_for_quality_vis/MainPC__ds_UFireIndoorTest__mt_no_temp_method__af4b0d32a3d2__20260330.205208;skipped;/mnt/e/SyncData/paper2_main/zout/___reports/on_test_set/baseline_vs_accMotion_for_quality_vis/MainPC__ds_UFireIndoorTest__mt_temp_method_motion_block__e1ccb7b889a0__20260421.145709
aihub__lb_smoke__0208.mp4;8;360;fire_smoke;/mnt/e/SyncData/paper2_main/datasets/UFireIndoorFull/test/test_firesmoke/aihub__lb_smoke__0208.mp4;none;/mnt/e/SyncData/paper2_main/zout/___reports/on_test_set/baseline_vs_accMotion_for_quality_vis/MainPC__ds_UFireIndoorTest__mt_no_temp_method__af4b0d32a3d2__20260330.205208;skipped;/mnt/e/SyncData/paper2_main/zout/___reports/on_test_set/baseline_vs_accMotion_for_quality_vis/MainPC__ds_UFireIndoorTest__mt_temp_method_motion_block__e1ccb7b889a0__20260421.145709
aihub__lb_smoke__0208.mp4;9;360;fire_smoke;/mnt/e/SyncData/paper2_main/datasets/UFireIndoorFull/test/test_firesmoke/aihub__lb_smoke__0208.mp4;none;/mnt/e/SyncData/paper2_main/zout/___reports/on_test_set/baseline_vs_accMotion_for_quality_vis/MainPC__ds_UFireIndoorTest__mt_no_temp_method__af4b0d32a3d2__20260330.205208;skipped;/mnt/e/SyncData/paper2_main/zout/___reports/on_test_set/baseline_vs_accMotion_for_quality_vis/MainPC__ds_UFireIndoorTest__mt_temp_method_motion_block__e1ccb7b889a0__20260421.145709
aihub__lb_smoke__0208.mp4;10;360;fire_smoke;/mnt/e/SyncData/paper2_main/datasets/UFireIndoorFull/test/test_firesmoke/aihub__lb_smoke__0208.mp4;none;/mnt/e/SyncData/paper2_main/zout/___reports/on_test_set/baseline_vs_accMotion_for_quality_vis/MainPC__ds_UFireIndoorTest__mt_no_temp_method__af4b0d32a3d2__20260330.205208;skipped;/mnt/e/SyncData/paper2_main/zout/___reports/on_test_set/baseline_vs_accMotion_for_quality_vis/MainPC__ds_UFireIndoorTest__mt_temp_method_motion_block__e1ccb7b889a0__20260421.145709
aihub__lb_smoke__0208.mp4;11;360;fire_smoke;/mnt/e/SyncData/paper2_main/datasets/UFireIndoorFull/test/test_firesmoke/aihub__lb_smoke__0208.mp4;none;/mnt/e/SyncData/paper2_main/zout/___reports/on_test_set/baseline_vs_accMotion_for_quality_vis/MainPC__ds_UFireIndoorTest__mt_no_temp_method__af4b0d32a3d2__20260330.205208;skipped;/mnt/e/SyncData/paper2_main/zout/___reports/on_test_set/baseline_vs_accMotion_for_quality_vis/MainPC__ds_UFireIndoorTest__mt_temp_method_motion_block__e1ccb7b889a0__20260421.145709
aihub__lb_smoke__0208.mp4;12;360;fire_smoke;/mnt/e/SyncData/paper2_main/datasets/UFireIndoorFull/test/test_firesmoke/aihub__lb_smoke__0208.mp4;none;/mnt/e/SyncData/paper2_main/zout/___reports/on_test_set/baseline_vs_accMotion_for_quality_vis/MainPC__ds_UFireIndoorTest__mt_no_temp_method__af4b0d32a3d2__20260330.205208;skipped;/mnt/e/SyncData/paper2_main/zout/___reports/on_test_set/baseline_vs_accMotion_for_quality_vis/MainPC__ds_UFireIndoorTest__mt_temp_method_motion_block__e1ccb7b889a0__20260421.145709
aihub__lb_smoke__0208.mp4;17;360;fire_smoke;/mnt/e/SyncData/paper2_main/datasets/UFireIndoorFull/test/test_firesmoke/aihub__lb_smoke__0208.mp4;none;/mnt/e/SyncData/paper2_main/zout/___reports/on_test_set/baseline_vs_accMotion_for_quality_vis/MainPC__ds_UFireIndoorTest__mt_no_temp_method__af4b0d32a3d2__20260330.205208;skipped;/mnt/e/SyncData/paper2_main/zout/___reports/on_test_set/baseline_vs_accMotion_for_quality_vis/MainPC__ds_UFireIndoorTest__mt_temp_method_motion_block__e1ccb7b889a0__20260421.145709
aihub__lb_smoke__0208.mp4;18;360;fire_smoke;/mnt/e/SyncData/paper2_main/datasets/UFireIndoorFull/test/test_firesmoke/aihub__lb_smoke__0208.mp4;none;/mnt/e/SyncData/paper2_main/zout/___reports/on_test_set/baseline_vs_accMotion_for_quality_vis/MainPC__ds_UFireIndoorTest__mt_no_temp_method__af4b0d32a3d2__20260330.205208;skipped;/mnt/e/SyncData/paper2_main/zout/___reports/on_test_set/baseline_vs_accMotion_for_quality_vis/MainPC__ds_UFireIndoorTest__mt_temp_method_motion_block__e1ccb7b889a0__20260421.145709
aihub__lb_smoke__0208.mp4;19;360;fire_smoke;/mnt/e/SyncData/paper2_main/datasets/UFireIndoorFull/test/test_firesmoke/aihub__lb_smoke__0208.mp4;none;/mnt/e/SyncData/paper2_main/zout/___reports/on_test_set/baseline_vs_accMotion_for_quality_vis/MainPC__ds_UFireIndoorTest__mt_no_temp_method__af4b0d32a3d2__20260330.205208;skipped;/mnt/e/SyncData/paper2_main/zout/___reports/on_test_set/baseline_vs_accMotion_for_quality_vis/MainPC__ds_UFireIndoorTest__mt_temp_method_motion_block__e1ccb7b889a0__20260421.145709
aihub__lb_smoke__0208.mp4;20;360;fire_smoke;/mnt/e/SyncData/paper2_main/datasets/UFireIndoorFull/test/test_firesmoke/aihub__lb_smoke__0208.mp4;none;/mnt/e/SyncData/paper2_main/zout/___reports/on_test_set/baseline_vs_accMotion_for_quality_vis/MainPC__ds_UFireIndoorTest__mt_no_temp_method__af4b0d32a3d2__20260330.205208;skipped;/mnt/e/SyncData/paper2_main/zout/___reports/on_test_set/baseline_vs_accMotion_for_quality_vis/MainPC__ds_UFireIndoorTest__mt_temp_method_motion_block__e1ccb7b889a0__20260421.145709
aihub__lb_smoke__0208.mp4;21;360;fire_smoke;/mnt/e/SyncData/paper2_main/datasets/UFireIndoorFull/test/test_firesmoke/aihub__lb_smoke__0208.mp4;none;/mnt/e/SyncData/paper2_main/zout/___reports/on_test_set/baseline_vs_accMotion_for_quality_vis/MainPC__ds_UFireIndoorTest__mt_no_temp_method__af4b0d32a3d2__20260330.205208;skipped;/mnt/e/SyncData/paper2_main/zout/___reports/on_test_set/baseline_vs_accMotion_for_quality_vis/MainPC__ds_UFireIndoorTest__mt_temp_method_motion_block__e1ccb7b889a0__20260421.145709
aihub__lb_smoke__0208.mp4;22;360;fire_smoke;/mnt/e/SyncData/paper2_main/datasets/UFireIndoorFull/test/test_firesmoke/aihub__lb_smoke__0208.mp4;none;/mnt/e/SyncData/paper2_main/zout/___reports/on_test_set/baseline_vs_accMotion_for_quality_vis/MainPC__ds_UFireIndoorTest__mt_no_temp_method__af4b0d32a3d2__20260330.205208;skipped;/mnt/e/SyncData/paper2_main/zout/___reports/on_test_set/baseline_vs_accMotion_for_quality_vis/MainPC__ds_UFireIndoorTest__mt_temp_method_motion_block__e1ccb7b889a0__20260421.145709
aihub__lb_smoke__0208.mp4;23;360;fire_smoke;/mnt/e/SyncData/paper2_main/datasets/UFireIndoorFull/test/test_firesmoke/aihub__lb_smoke__0208.mp4;none;/mnt/e/SyncData/paper2_main/zout/___reports/on_test_set/baseline_vs_accMotion_for_quality_vis/MainPC__ds_UFireIndoorTest__mt_no_temp_method__af4b0d32a3d2__20260330.205208;skipped;/mnt/e/SyncData/paper2_main/zout/___reports/on_test_set/baseline_vs_accMotion_for_quality_vis/MainPC__ds_UFireIndoorTest__mt_temp_method_motion_block__e1ccb7b889a0__20260421.145709
aihub__lb_smoke__0208.mp4;24;360;fire_smoke;/mnt/e/SyncData/paper2_main/datasets/UFireIndoorFull/test/test_firesmoke/aihub__lb_smoke__0208.mp4;none;/mnt/e/SyncData/paper2_main/zout/___reports/on_test_set/baseline_vs_accMotion_for_quality_vis/MainPC__ds_UFireIndoorTest__mt_no_temp_method__af4b0d32a3d2__20260330.205208;skipped;/mnt/e/SyncData/paper2_main/zout/___reports/on_test_set/baseline_vs_accMotion_for_quality_vis/MainPC__ds_UFireIndoorTest__mt_temp_method_motion_block__e1ccb7b889a0__20260421.145709
aihub__lb_smoke__0208.mp4;25;360;fire_smoke;/mnt/e/SyncData/paper2_main/datasets/UFireIndoorFull/test/test_firesmoke/aihub__lb_smoke__0208.mp4;none;/mnt/e/SyncData/paper2_main/zout/___reports/on_test_set/baseline_vs_accMotion_for_quality_vis/MainPC__ds_UFireIndoorTest__mt_no_temp_method__af4b0d32a3d2__20260330.205208;skipped;/mnt/e/SyncData/paper2_main/zout/___reports/on_test_set/baseline_vs_accMotion_for_quality_vis/MainPC__ds_UFireIndoorTest__mt_temp_method_motion_block__e1ccb7b889a0__20260421.145709
aihub__lb_smoke__0208.mp4;26;360;fire_smoke;/mnt/e/SyncData/paper2_main/datasets/UFireIndoorFull/test/test_firesmoke/aihub__lb_smoke__0208.mp4;none;/mnt/e/SyncData/paper2_main/zout/___reports/on_test_set/baseline_vs_accMotion_for_quality_vis/MainPC__ds_UFireIndoorTest__mt_no_temp_method__af4b0d32a3d2__20260330.205208;skipped;/mnt/e/SyncData/paper2_main/zout/___reports/on_test_set/baseline_vs_accMotion_for_quality_vis/MainPC__ds_UFireIndoorTest__mt_temp_method_motion_block__e1ccb7b889a0__20260421.145709
aihub__lb_smoke__0208.mp4;27;360;fire_smoke;/mnt/e/SyncData/paper2_main/datasets/UFireIndoorFull/test/test_firesmoke/aihub__lb_smoke__0208.mp4;none;/mnt/e/SyncData/paper2_main/zout/___reports/on_test_set/baseline_vs_accMotion_for_quality_vis/MainPC__ds_UFireIndoorTest__mt_no_temp_method__af4b0d32a3d2__20260330.205208;skipped;/mnt/e/SyncData/paper2_main/zout/___reports/on_test_set/baseline_vs_accMotion_for_quality_vis/MainPC__ds_UFireIndoorTest__mt_temp_method_motion_block__e1ccb7b889a0__20260421.145709
aihub__lb_smoke__0208.mp4;28;360;fire_smoke;/mnt/e/SyncData/paper2_main/datasets/UFireIndoorFull/test/test_firesmoke/aihub__lb_smoke__0208.mp4;none;/mnt/e/SyncData/paper2_main/zout/___reports/on_test_set/baseline_vs_accMotion_for_quality_vis/MainPC__ds_UFireIndoorTest__mt_no_temp_method__af4b0d32a3d2__20260330.205208;skipped;/mnt/e/SyncData/paper2_main/zout/___reports/on_test_set/baseline_vs_accMotion_for_quality_vis/MainPC__ds_UFireIndoorTest__mt_temp_method_motion_block__e1ccb7b889a0__20260421.145709
aihub__lb_smoke__0208.mp4;29;360;fire_smoke;/mnt/e/SyncData/paper2_main/datasets/UFireIndoorFull/test/test_firesmoke/aihub__lb_smoke__0208.mp4;none;/mnt/e/SyncData/paper2_main/zout/___reports/on_test_set/baseline_vs_accMotion_for_quality_vis/MainPC__ds_UFireIndoorTest__mt_no_temp_method__af4b0d32a3d2__20260330.205208;skipped;/mnt/e/SyncData/paper2_main/zout/___reports/on_test_set/baseline_vs_accMotion_for_quality_vis/MainPC__ds_UFireIndoorTest__mt_temp_method_motion_block__e1ccb7b889a0__20260421.145709
aihub__lb_smoke__0208.mp4;30;360;fire_smoke;/mnt/e/SyncData/paper2_main/datasets/UFireIndoorFull/test/test_firesmoke/aihub__lb_smoke__0208.mp4;none;/mnt/e/SyncData/paper2_main/zout/___reports/on_test_set/baseline_vs_accMotion_for_quality_vis/MainPC__ds_UFireIndoorTest__mt_no_temp_method__af4b0d32a3d2__20260330.205208;skipped;/mnt/e/SyncData/paper2_main/zout/___reports/on_test_set/baseline_vs_accMotion_for_quality_vis/MainPC__ds_UFireIndoorTest__mt_temp_method_motion_block__e1ccb7b889a0__20260421.145709
aihub__lb_smoke__0208.mp4;31;360;fire_smoke;/mnt/e/SyncData/paper2_main/datasets/UFireIndoorFull/test/test_firesmoke/aihub__lb_smoke__0208.mp4;none;/mnt/e/SyncData/paper2_main/zout/___reports/on_test_set/baseline_vs_accMotion_for_quality_vis/MainPC__ds_UFireIndoorTest__mt_no_temp_method__af4b0d32a3d2__20260330.205208;skipped;/mnt/e/SyncData/paper2_main/zout/___reports/on_test_set/baseline_vs_accMotion_for_quality_vis/MainPC__ds_UFireIndoorTest__mt_temp_method_motion_block__e1ccb7b889a0__20260421.145709
aihub__lb_smoke__0208.mp4;32;360;fire_smoke;/mnt/e/SyncData/paper2_main/datasets/UFireIndoorFull/test/test_firesmoke/aihub__lb_smoke__0208.mp4;none;/mnt/e/SyncData/paper2_main/zout/___reports/on_test_set/baseline_vs_accMotion_for_quality_vis/MainPC__ds_UFireIndoorTest__mt_no_temp_method__af4b0d32a3d2__20260330.205208;skipped;/mnt/e/SyncData/paper2_main/zout/___reports/on_test_set/baseline_vs_accMotion_for_quality_vis/MainPC__ds_UFireIndoorTest__mt_temp_method_motion_block__e1ccb7b889a0__20260421.145709
aihub__lb_smoke__0208.mp4;33;360;fire_smoke;/mnt/e/SyncData/paper2_main/datasets/UFireIndoorFull/test/test_firesmoke/aihub__lb_smoke__0208.mp4;none;/mnt/e/SyncData/paper2_main/zout/___reports/on_test_set/baseline_vs_accMotion_for_quality_vis/MainPC__ds_UFireIndoorTest__mt_no_temp_method__af4b0d32a3d2__20260330.205208;skipped;/mnt/e/SyncData/paper2_main/zout/___reports/on_test_set/baseline_vs_accMotion_for_quality_vis/MainPC__ds_UFireIndoorTest__mt_temp_method_motion_block__e1ccb7b889a0__20260421.145709
aihub__lb_smoke__0208.mp4;34;360;fire_smoke;/mnt/e/SyncData/paper2_main/datasets/UFireIndoorFull/test/test_firesmoke/aihub__lb_smoke__0208.mp4;none;/mnt/e/SyncData/paper2_main/zout/___reports/on_test_set/baseline_vs_accMotion_for_quality_vis/MainPC__ds_UFireIndoorTest__mt_no_temp_method__af4b0d32a3d2__20260330.205208;skipped;/mnt/e/SyncData/paper2_main/zout/___reports/on_test_set/baseline_vs_accMotion_for_quality_vis/MainPC__ds_UFireIndoorTest__mt_temp_method_motion_block__e1ccb7b889a0__20260421.145709
aihub__lb_smoke__0208.mp4;35;360;fire_smoke;/mnt/e/SyncData/paper2_main/datasets/UFireIndoorFull/test/test_firesmoke/aihub__lb_smoke__0208.mp4;none;/mnt/e/SyncData/paper2_main/zout/___reports/on_test_set/baseline_vs_accMotion_for_quality_vis/MainPC__ds_UFireIndoorTest__mt_no_temp_method__af4b0d32a3d2__20260330.205208;skipped;/mnt/e/SyncData/paper2_main/zout/___reports/on_test_set/baseline_vs_accMotion_for_quality_vis/MainPC__ds_UFireIndoorTest__mt_temp_method_motion_block__e1ccb7b889a0__20260421.145709
aihub__lb_smoke__0208.mp4;36;360;fire_smoke;/mnt/e/SyncData/paper2_main/datasets/UFireIndoorFull/test/test_firesmoke/aihub__lb_smoke__0208.mp4;none;/mnt/e/SyncData/paper2_main/zout/___reports/on_test_set/baseline_vs_accMotion_for_quality_vis/MainPC__ds_UFireIndoorTest__mt_no_temp_method__af4b0d32a3d2__20260330.205208;skipped;/mnt/e/SyncData/paper2_main/zout/___reports/on_test_set/baseline_vs_accMotion_for_quality_vis/MainPC__ds_UFireIndoorTest__mt_temp_method_motion_block__e1ccb7b889a0__20260421.145709
aihub__lb_smoke__0208.mp4;37;360;fire_smoke;/mnt/e/SyncData/paper2_main/datasets/UFireIndoorFull/test/test_firesmoke/aihub__lb_smoke__0208.mp4;none;/mnt/e/SyncData/paper2_main/zout/___reports/on_test_set/baseline_vs_accMotion_for_quality_vis/MainPC__ds_UFireIndoorTest__mt_no_temp_method__af4b0d32a3d2__20260330.205208;skipped;/mnt/e/SyncData/paper2_main/zout/___reports/on_test_set/baseline_vs_accMotion_for_quality_vis/MainPC__ds_UFireIndoorTest__mt_temp_method_motion_block__e1ccb7b889a0__20260421.145709
aihub__lb_smoke__0208.mp4;38;360;fire_smoke;/mnt/e/SyncData/paper2_main/datasets/UFireIndoorFull/test/test_firesmoke/aihub__lb_smoke__0208.mp4;none;/mnt/e/SyncData/paper2_main/zout/___reports/on_test_set/baseline_vs_accMotion_for_quality_vis/MainPC__ds_UFireIndoorTest__mt_no_temp_method__af4b0d32a3d2__20260330.205208;skipped;/mnt/e/SyncData/paper2_main/zout/___reports/on_test_set/baseline_vs_accMotion_for_quality_vis/MainPC__ds_UFireIndoorTest__mt_temp_method_motion_block__e1ccb7b889a0__20260421.145709
aihub__lb_smoke__0208.mp4;39;360;fire_smoke;/mnt/e/SyncData/paper2_main/datasets/UFireIndoorFull/test/test_firesmoke/aihub__lb_smoke__0208.mp4;none;/mnt/e/SyncData/paper2_main/zout/___reports/on_test_set/baseline_vs_accMotion_for_quality_vis/MainPC__ds_UFireIndoorTest__mt_no_temp_method__af4b0d32a3d2__20260330.205208;skipped;/mnt/e/SyncData/paper2_main/zout/___reports/on_test_set/baseline_vs_accMotion_for_quality_vis/MainPC__ds_UFireIndoorTest__mt_temp_method_motion_block__e1ccb7b889a0__20260421.145709
aihub__lb_smoke__0208.mp4;40;360;fire_smoke;/mnt/e/SyncData/paper2_main/datasets/UFireIndoorFull/test/test_firesmoke/aihub__lb_smoke__0208.mp4;none;/mnt/e/SyncData/paper2_main/zout/___reports/on_test_set/baseline_vs_accMotion_for_quality_vis/MainPC__ds_UFireIndoorTest__mt_no_temp_method__af4b0d32a3d2__20260330.205208;skipped;/mnt/e/SyncData/paper2_main/zout/___reports/on_test_set/baseline_vs_accMotion_for_quality_vis/MainPC__ds_UFireIndoorTest__mt_temp_method_motion_block__e1ccb7b889a0__20260421.145709
aihub__lb_smoke__0208.mp4;41;360;fire_smoke;/mnt/e/SyncData/paper2_main/datasets/UFireIndoorFull/test/test_firesmoke/aihub__lb_smoke__0208.mp4;none;/mnt/e/SyncData/paper2_main/zout/___reports/on_test_set/baseline_vs_accMotion_for_quality_vis/MainPC__ds_UFireIndoorTest__mt_no_temp_method__af4b0d32a3d2__20260330.205208;skipped;/mnt/e/SyncData/paper2_main/zout/___reports/on_test_set/baseline_vs_accMotion_for_quality_vis/MainPC__ds_UFireIndoorTest__mt_temp_method_motion_block__e1ccb7b889a0__20260421.145709
aihub__lb_smoke__0208.mp4;45;360;fire_smoke;/mnt/e/SyncData/paper2_main/datasets/UFireIndoorFull/test/test_firesmoke/aihub__lb_smoke__0208.mp4;smokeonly;/mnt/e/SyncData/paper2_main/zout/___reports/on_test_set/baseline_vs_accMotion_for_quality_vis/MainPC__ds_UFireIndoorTest__mt_no_temp_method__af4b0d32a3d2__20260330.205208;skipped;/mnt/e/SyncData/paper2_main/zout/___reports/on_test_set/baseline_vs_accMotion_for_quality_vis/MainPC__ds_UFireIndoorTest__mt_temp_method_motion_block__e1ccb7b889a0__20260421.145709
aihub__lb_smoke__0208.mp4;46;360;fire_smoke;/mnt/e/SyncData/paper2_main/datasets/UFireIndoorFull/test/test_firesmoke/aihub__lb_smoke__0208.mp4;smokeonly;/mnt/e/SyncData/paper2_main/zout/___reports/on_test_set/baseline_vs_accMotion_for_quality_vis/MainPC__ds_UFireIndoorTest__mt_no_temp_method__af4b0d32a3d2__20260330.205208;skipped;/mnt/e/SyncData/paper2_main/zout/___reports/on_test_set/baseline_vs_accMotion_for_quality_vis/MainPC__ds_UFireIndoorTest__mt_temp_method_motion_block__e1ccb7b889a0__20260421.145709
aihub__lb_smoke__0208.mp4;47;360;fire_smoke;/mnt/e/SyncData/paper2_main/datasets/UFireIndoorFull/test/test_firesmoke/aihub__lb_smoke__0208.mp4;smokeonly;/mnt/e/SyncData/paper2_main/zout/___reports/on_test_set/baseline_vs_accMotion_for_quality_vis/MainPC__ds_UFireIndoorTest__mt_no_temp_method__af4b0d32a3d2__20260330.205208;skipped;/mnt/e/SyncData/paper2_main/zout/___reports/on_test_set/baseline_vs_accMotion_for_quality_vis/MainPC__ds_UFireIndoorTest__mt_temp_method_motion_block__e1ccb7b889a0__20260421.145709
aihub__lb_smoke__0208.mp4;48;360;fire_smoke;/mnt/e/SyncData/paper2_main/datasets/UFireIndoorFull/test/test_firesmoke/aihub__lb_smoke__0208.mp4;smokeonly;/mnt/e/SyncData/paper2_main/zout/___reports/on_test_set/baseline_vs_accMotion_for_quality_vis/MainPC__ds_UFireIndoorTest__mt_no_temp_method__af4b0d32a3d2__20260330.205208;skipped;/mnt/e/SyncData/paper2_main/zout/___reports/on_test_set/baseline_vs_accMotion_for_quality_vis/MainPC__ds_UFireIndoorTest__mt_temp_method_motion_block__e1ccb7b889a0__20260421.145709
aihub__lb_smoke__0208.mp4;49;360;fire_smoke;/mnt/e/SyncData/paper2_main/datasets/UFireIndoorFull/test/test_firesmoke/aihub__lb_smoke__0208.mp4;none;/mnt/e/SyncData/paper2_main/zout/___reports/on_test_set/baseline_vs_accMotion_for_quality_vis/MainPC__ds_UFireIndoorTest__mt_no_temp_method__af4b0d32a3d2__20260330.205208;skipped;/mnt/e/SyncData/paper2_main/zout/___reports/on_test_set/baseline_vs_accMotion_for_quality_vis/MainPC__ds_UFireIndoorTest__mt_temp_method_motion_block__e1ccb7b889a0__20260421.145709
aihub__lb_smoke__0208.mp4;50;360;fire_smoke;/mnt/e/SyncData/paper2_main/datasets/UFireIndoorFull/test/test_firesmoke/aihub__lb_smoke__0208.mp4;none;/mnt/e/SyncData/paper2_main/zout/___reports/on_test_set/baseline_vs_accMotion_for_quality_vis/MainPC__ds_UFireIndoorTest__mt_no_temp_method__af4b0d32a3d2__20260330.205208;skipped;/mnt/e/SyncData/paper2_main/zout/___reports/on_test_set/baseline_vs_accMotion_for_quality_vis/MainPC__ds_UFireIndoorTest__mt_temp_method_motion_block__e1ccb7b889a0__20260421.145709
aihub__lb_smoke__0208.mp4;51;360;fire_smoke;/mnt/e/SyncData/paper2_main/datasets/UFireIndoorFull/test/test_firesmoke/aihub__lb_smoke__0208.mp4;none;/mnt/e/SyncData/paper2_main/zout/___reports/on_test_set/baseline_vs_accMotion_for_quality_vis/MainPC__ds_UFireIndoorTest__mt_no_temp_method__af4b0d32a3d2__20260330.205208;skipped;/mnt/e/SyncData/paper2_main/zout/___reports/on_test_set/baseline_vs_accMotion_for_quality_vis/MainPC__ds_UFireIndoorTest__mt_temp_method_motion_block__e1ccb7b889a0__20260421.145709
aihub__lb_smoke__0208.mp4;52;360;fire_smoke;/mnt/e/SyncData/paper2_main/datasets/UFireIndoorFull/test/test_firesmoke/aihub__lb_smoke__0208.mp4;smokeonly;/mnt/e/SyncData/paper2_main/zout/___reports/on_test_set/baseline_vs_accMotion_for_quality_vis/MainPC__ds_UFireIndoorTest__mt_no_temp_method__af4b0d32a3d2__20260330.205208;skipped;/mnt/e/SyncData/paper2_main/zout/___reports/on_test_set/baseline_vs_accMotion_for_quality_vis/MainPC__ds_UFireIndoorTest__mt_temp_method_motion_block__e1ccb7b889a0__20260421.145709
aihub__lb_smoke__0208.mp4;53;360;fire_smoke;/mnt/e/SyncData/paper2_main/datasets/UFireIndoorFull/test/test_firesmoke/aihub__lb_smoke__0208.mp4;none;/mnt/e/SyncData/paper2_main/zout/___reports/on_test_set/baseline_vs_accMotion_for_quality_vis/MainPC__ds_UFireIndoorTest__mt_no_temp_method__af4b0d32a3d2__20260330.205208;skipped;/mnt/e/SyncData/paper2_main/zout/___reports/on_test_set/baseline_vs_accMotion_for_quality_vis/MainPC__ds_UFireIndoorTest__mt_temp_method_motion_block__e1ccb7b889a0__20260421.145709
aihub__lb_smoke__0208.mp4;54;360;fire_smoke;/mnt/e/SyncData/paper2_main/datasets/UFireIndoorFull/test/test_firesmoke/aihub__lb_smoke__0208.mp4;smokeonly;/mnt/e/SyncData/paper2_main/zout/___reports/on_test_set/baseline_vs_accMotion_for_quality_vis/MainPC__ds_UFireIndoorTest__mt_no_temp_method__af4b0d32a3d2__20260330.205208;skipped;/mnt/e/SyncData/paper2_main/zout/___reports/on_test_set/baseline_vs_accMotion_for_quality_vis/MainPC__ds_UFireIndoorTest__mt_temp_method_motion_block__e1ccb7b889a0__20260421.145709
aihub__lb_smoke__0208.mp4;55;360;fire_smoke;/mnt/e/SyncData/paper2_main/datasets/UFireIndoorFull/test/test_firesmoke/aihub__lb_smoke__0208.mp4;smokeonly;/mnt/e/SyncData/paper2_main/zout/___reports/on_test_set/baseline_vs_accMotion_for_quality_vis/MainPC__ds_UFireIndoorTest__mt_no_temp_method__af4b0d32a3d2__20260330.205208;skipped;/mnt/e/SyncData/paper2_main/zout/___reports/on_test_set/baseline_vs_accMotion_for_quality_vis/MainPC__ds_UFireIndoorTest__mt_temp_method_motion_block__e1ccb7b889a0__20260421.145709
aihub__lb_smoke__0208.mp4;56;360;fire_smoke;/mnt/e/SyncData/paper2_main/datasets/UFireIndoorFull/test/test_firesmoke/aihub__lb_smoke__0208.mp4;smokeonly;/mnt/e/SyncData/paper2_main/zout/___reports/on_test_set/baseline_vs_accMotion_for_quality_vis/MainPC__ds_UFireIndoorTest__mt_no_temp_method__af4b0d32a3d2__20260330.205208;skipped;/mnt/e/SyncData/paper2_main/zout/___reports/on_test_set/baseline_vs_accMotion_for_quality_vis/MainPC__ds_UFireIndoorTest__mt_temp_method_motion_block__e1ccb7b889a0__20260421.145709
aihub__lb_smoke__0208.mp4;57;360;fire_smoke;/mnt/e/SyncData/paper2_main/datasets/UFireIndoorFull/test/test_firesmoke/aihub__lb_smoke__0208.mp4;smokeonly;/mnt/e/SyncData/paper2_main/zout/___reports/on_test_set/baseline_vs_accMotion_for_quality_vis/MainPC__ds_UFireIndoorTest__mt_no_temp_method__af4b0d32a3d2__20260330.205208;skipped;/mnt/e/SyncData/paper2_main/zout/___reports/on_test_set/baseline_vs_accMotion_for_quality_vis/MainPC__ds_UFireIndoorTest__mt_temp_method_motion_block__e1ccb7b889a0__20260421.145709
aihub__lb_smoke__0208.mp4;58;360;fire_smoke;/mnt/e/SyncData/paper2_main/datasets/UFireIndoorFull/test/test_firesmoke/aihub__lb_smoke__0208.mp4;none;/mnt/e/SyncData/paper2_main/zout/___reports/on_test_set/baseline_vs_accMotion_for_quality_vis/MainPC__ds_UFireIndoorTest__mt_no_temp_method__af4b0d32a3d2__20260330.205208;skipped;/mnt/e/SyncData/paper2_main/zout/___reports/on_test_set/baseline_vs_accMotion_for_quality_vis/MainPC__ds_UFireIndoorTest__mt_temp_method_motion_block__e1ccb7b889a0__20260421.145709
aihub__lb_smoke__0208.mp4;59;360;fire_smoke;/mnt/e/SyncData/paper2_main/datasets/UFireIndoorFull/test/test_firesmoke/aihub__lb_smoke__0208.mp4;none;/mnt/e/SyncData/paper2_main/zout/___reports/on_test_set/baseline_vs_accMotion_for_quality_vis/MainPC__ds_UFireIndoorTest__mt_no_temp_method__af4b0d32a3d2__20260330.205208;skipped;/mnt/e/SyncData/paper2_main/zout/___reports/on_test_set/baseline_vs_accMotion_for_quality_vis/MainPC__ds_UFireIndoorTest__mt_temp_method_motion_block__e1ccb7b889a0__20260421.145709
aihub__lb_smoke__0208.mp4;60;360;fire_smoke;/mnt/e/SyncData/paper2_main/datasets/UFireIndoorFull/test/test_firesmoke/aihub__lb_smoke__0208.mp4;none;/mnt/e/SyncData/paper2_main/zout/___reports/on_test_set/baseline_vs_accMotion_for_quality_vis/MainPC__ds_UFireIndoorTest__mt_no_temp_method__af4b0d32a3d2__20260330.205208;skipped;/mnt/e/SyncData/paper2_main/zout/___reports/on_test_set/baseline_vs_accMotion_for_quality_vis/MainPC__ds_UFireIndoorTest__mt_temp_method_motion_block__e1ccb7b889a0__20260421.145709
aihub__lb_smoke__0208.mp4;61;360;fire_smoke;/mnt/e/SyncData/paper2_main/datasets/UFireIndoorFull/test/test_firesmoke/aihub__lb_smoke__0208.mp4;none;/mnt/e/SyncData/paper2_main/zout/___reports/on_test_set/baseline_vs_accMotion_for_quality_vis/MainPC__ds_UFireIndoorTest__mt_no_temp_method__af4b0d32a3d2__20260330.205208;skipped;/mnt/e/SyncData/paper2_main/zout/___reports/on_test_set/baseline_vs_accMotion_for_quality_vis/MainPC__ds_UFireIndoorTest__mt_temp_method_motion_block__e1ccb7b889a0__20260421.145709
aihub__lb_smoke__0208.mp4;62;360;fire_smoke;/mnt/e/SyncData/paper2_main/datasets/UFireIndoorFull/test/test_firesmoke/aihub__lb_smoke__0208.mp4;none;/mnt/e/SyncData/paper2_main/zout/___reports/on_test_set/baseline_vs_accMotion_for_quality_vis/MainPC__ds_UFireIndoorTest__mt_no_temp_method__af4b0d32a3d2__20260330.205208;skipped;/mnt/e/SyncData/paper2_main/zout/___reports/on_test_set/baseline_vs_accMotion_for_quality_vis/MainPC__ds_UFireIndoorTest__mt_temp_method_motion_block__e1ccb7b889a0__20260421.145709
aihub__lb_smoke__0208.mp4;63;360;fire_smoke;/mnt/e/SyncData/paper2_main/datasets/UFireIndoorFull/test/test_firesmoke/aihub__lb_smoke__0208.mp4;none;/mnt/e/SyncData/paper2_main/zout/___reports/on_test_set/baseline_vs_accMotion_for_quality_vis/MainPC__ds_UFireIndoorTest__mt_no_temp_method__af4b0d32a3d2__20260330.205208;skipped;/mnt/e/SyncData/paper2_main/zout/___reports/on_test_set/baseline_vs_accMotion_for_quality_vis/MainPC__ds_UFireIndoorTest__mt_temp_method_motion_block__e1ccb7b889a0__20260421.145709
aihub__lb_smoke__0208.mp4;64;360;fire_smoke;/mnt/e/SyncData/paper2_main/datasets/UFireIndoorFull/test/test_firesmoke/aihub__lb_smoke__0208.mp4;none;/mnt/e/SyncData/paper2_main/zout/___reports/on_test_set/baseline_vs_accMotion_for_quality_vis/MainPC__ds_UFireIndoorTest__mt_no_temp_method__af4b0d32a3d2__20260330.205208;skipped;/mnt/e/SyncData/paper2_main/zout/___reports/on_test_set/baseline_vs_accMotion_for_quality_vis/MainPC__ds_UFireIndoorTest__mt_temp_method_motion_block__e1ccb7b889a0__20260421.145709
aihub__lb_smoke__0208.mp4;65;360;fire_smoke;/mnt/e/SyncData/paper2_main/datasets/UFireIndoorFull/test/test_firesmoke/aihub__lb_smoke__0208.mp4;none;/mnt/e/SyncData/paper2_main/zout/___reports/on_test_set/baseline_vs_accMotion_for_quality_vis/MainPC__ds_UFireIndoorTest__mt_no_temp_method__af4b0d32a3d2__20260330.205208;skipped;/mnt/e/SyncData/paper2_main/zout/___reports/on_test_set/baseline_vs_accMotion_for_quality_vis/MainPC__ds_UFireIndoorTest__mt_temp_method_motion_block__e1ccb7b889a0__20260421.145709
aihub__lb_smoke__0208.mp4;66;360;fire_smoke;/mnt/e/SyncData/paper2_main/datasets/UFireIndoorFull/test/test_firesmoke/aihub__lb_smoke__0208.mp4;none;/mnt/e/SyncData/paper2_main/zout/___reports/on_test_set/baseline_vs_accMotion_for_quality_vis/MainPC__ds_UFireIndoorTest__mt_no_temp_method__af4b0d32a3d2__20260330.205208;skipped;/mnt/e/SyncData/paper2_main/zout/___reports/on_test_set/baseline_vs_accMotion_for_quality_vis/MainPC__ds_UFireIndoorTest__mt_temp_method_motion_block__e1ccb7b889a0__20260421.145709
aihub__lb_smoke__0208.mp4;67;360;fire_smoke;/mnt/e/SyncData/paper2_main/datasets/UFireIndoorFull/test/test_firesmoke/aihub__lb_smoke__0208.mp4;none;/mnt/e/SyncData/paper2_main/zout/___reports/on_test_set/baseline_vs_accMotion_for_quality_vis/MainPC__ds_UFireIndoorTest__mt_no_temp_method__af4b0d32a3d2__20260330.205208;skipped;/mnt/e/SyncData/paper2_main/zout/___reports/on_test_set/baseline_vs_accMotion_for_quality_vis/MainPC__ds_UFireIndoorTest__mt_temp_method_motion_block__e1ccb7b889a0__20260421.145709
aihub__lb_smoke__0208.mp4;68;360;fire_smoke;/mnt/e/SyncData/paper2_main/datasets/UFireIndoorFull/test/test_firesmoke/aihub__lb_smoke__0208.mp4;none;/mnt/e/SyncData/paper2_main/zout/___reports/on_test_set/baseline_vs_accMotion_for_quality_vis/MainPC__ds_UFireIndoorTest__mt_no_temp_method__af4b0d32a3d2__20260330.205208;skipped;/mnt/e/SyncData/paper2_main/zout/___reports/on_test_set/baseline_vs_accMotion_for_quality_vis/MainPC__ds_UFireIndoorTest__mt_temp_method_motion_block__e1ccb7b889a0__20260421.145709
aihub__lb_smoke__0208.mp4;69;360;fire_smoke;/mnt/e/SyncData/paper2_main/datasets/UFireIndoorFull/test/test_firesmoke/aihub__lb_smoke__0208.mp4;smokeonly;/mnt/e/SyncData/paper2_main/zout/___reports/on_test_set/baseline_vs_accMotion_for_quality_vis/MainPC__ds_UFireIndoorTest__mt_no_temp_method__af4b0d32a3d2__20260330.205208;skipped;/mnt/e/SyncData/paper2_main/zout/___reports/on_test_set/baseline_vs_accMotion_for_quality_vis/MainPC__ds_UFireIndoorTest__mt_temp_method_motion_block__e1ccb7b889a0__20260421.145709
aihub__lb_smoke__0208.mp4;70;360;fire_smoke;/mnt/e/SyncData/paper2_main/datasets/UFireIndoorFull/test/test_firesmoke/aihub__lb_smoke__0208.mp4;smokeonly;/mnt/e/SyncData/paper2_main/zout/___reports/on_test_set/baseline_vs_accMotion_for_quality_vis/MainPC__ds_UFireIndoorTest__mt_no_temp_method__af4b0d32a3d2__20260330.205208;skipped;/mnt/e/SyncData/paper2_main/zout/___reports/on_test_set/baseline_vs_accMotion_for_quality_vis/MainPC__ds_UFireIndoorTest__mt_temp_method_motion_block__e1ccb7b889a0__20260421.145709
aihub__lb_smoke__0208.mp4;80;360;fire_smoke;/mnt/e/SyncData/paper2_main/datasets/UFireIndoorFull/test/test_firesmoke/aihub__lb_smoke__0208.mp4;none;/mnt/e/SyncData/paper2_main/zout/___reports/on_test_set/baseline_vs_accMotion_for_quality_vis/MainPC__ds_UFireIndoorTest__mt_no_temp_method__af4b0d32a3d2__20260330.205208;skipped;/mnt/e/SyncData/paper2_main/zout/___reports/on_test_set/baseline_vs_accMotion_for_quality_vis/MainPC__ds_UFireIndoorTest__mt_temp_method_motion_block__e1ccb7b889a0__20260421.145709
aihub__lb_smoke__0208.mp4;81;360;fire_smoke;/mnt/e/SyncData/paper2_main/datasets/UFireIndoorFull/test/test_firesmoke/aihub__lb_smoke__0208.mp4;none;/mnt/e/SyncData/paper2_main/zout/___reports/on_test_set/baseline_vs_accMotion_for_quality_vis/MainPC__ds_UFireIndoorTest__mt_no_temp_method__af4b0d32a3d2__20260330.205208;skipped;/mnt/e/SyncData/paper2_main/zout/___reports/on_test_set/baseline_vs_accMotion_for_quality_vis/MainPC__ds_UFireIndoorTest__mt_temp_method_motion_block__e1ccb7b889a0__20260421.145709
aihub__lb_smoke__0208.mp4;82;360;fire_smoke;/mnt/e/SyncData/paper2_main/datasets/UFireIndoorFull/test/test_firesmoke/aihub__lb_smoke__0208.mp4;none;/mnt/e/SyncData/paper2_main/zout/___reports/on_test_set/baseline_vs_accMotion_for_quality_vis/MainPC__ds_UFireIndoorTest__mt_no_temp_method__af4b0d32a3d2__20260330.205208;skipped;/mnt/e/SyncData/paper2_main/zout/___reports/on_test_set/baseline_vs_accMotion_for_quality_vis/MainPC__ds_UFireIndoorTest__mt_temp_method_motion_block__e1ccb7b889a0__20260421.145709
aihub__lb_smoke__0208.mp4;83;360;fire_smoke;/mnt/e/SyncData/paper2_main/datasets/UFireIndoorFull/test/test_firesmoke/aihub__lb_smoke__0208.mp4;none;/mnt/e/SyncData/paper2_main/zout/___reports/on_test_set/baseline_vs_accMotion_for_quality_vis/MainPC__ds_UFireIndoorTest__mt_no_temp_method__af4b0d32a3d2__20260330.205208;skipped;/mnt/e/SyncData/paper2_main/zout/___reports/on_test_set/baseline_vs_accMotion_for_quality_vis/MainPC__ds_UFireIndoorTest__mt_temp_method_motion_block__e1ccb7b889a0__20260421.145709
aihub__lb_smoke__0208.mp4;84;360;fire_smoke;/mnt/e/SyncData/paper2_main/datasets/UFireIndoorFull/test/test_firesmoke/aihub__lb_smoke__0208.mp4;none;/mnt/e/SyncData/paper2_main/zout/___reports/on_test_set/baseline_vs_accMotion_for_quality_vis/MainPC__ds_UFireIndoorTest__mt_no_temp_method__af4b0d32a3d2__20260330.205208;skipped;/mnt/e/SyncData/paper2_main/zout/___reports/on_test_set/baseline_vs_accMotion_for_quality_vis/MainPC__ds_UFireIndoorTest__mt_temp_method_motion_block__e1ccb7b889a0__20260421.145709
aihub__lb_smoke__0208.mp4;85;360;fire_smoke;/mnt/e/SyncData/paper2_main/datasets/UFireIndoorFull/test/test_firesmoke/aihub__lb_smoke__0208.mp4;none;/mnt/e/SyncData/paper2_main/zout/___reports/on_test_set/baseline_vs_accMotion_for_quality_vis/MainPC__ds_UFireIndoorTest__mt_no_temp_method__af4b0d32a3d2__20260330.205208;skipped;/mnt/e/SyncData/paper2_main/zout/___reports/on_test_set/baseline_vs_accMotion_for_quality_vis/MainPC__ds_UFireIndoorTest__mt_temp_method_motion_block__e1ccb7b889a0__20260421.145709
aihub__lb_smoke__0208.mp4;86;360;fire_smoke;/mnt/e/SyncData/paper2_main/datasets/UFireIndoorFull/test/test_firesmoke/aihub__lb_smoke__0208.mp4;none;/mnt/e/SyncData/paper2_main/zout/___reports/on_test_set/baseline_vs_accMotion_for_quality_vis/MainPC__ds_UFireIndoorTest__mt_no_temp_method__af4b0d32a3d2__20260330.205208;skipped;/mnt/e/SyncData/paper2_main/zout/___reports/on_test_set/baseline_vs_accMotion_for_quality_vis/MainPC__ds_UFireIndoorTest__mt_temp_method_motion_block__e1ccb7b889a0__20260421.145709
aihub__lb_smoke__0208.mp4;87;360;fire_smoke;/mnt/e/SyncData/paper2_main/datasets/UFireIndoorFull/test/test_firesmoke/aihub__lb_smoke__0208.mp4;none;/mnt/e/SyncData/paper2_main/zout/___reports/on_test_set/baseline_vs_accMotion_for_quality_vis/MainPC__ds_UFireIndoorTest__mt_no_temp_method__af4b0d32a3d2__20260330.205208;skipped;/mnt/e/SyncData/paper2_main/zout/___reports/on_test_set/baseline_vs_accMotion_for_quality_vis/MainPC__ds_UFireIndoorTest__mt_temp_method_motion_block__e1ccb7b889a0__20260421.145709
aihub__lb_smoke__0208.mp4;88;360;fire_smoke;/mnt/e/SyncData/paper2_main/datasets/UFireIndoorFull/test/test_firesmoke/aihub__lb_smoke__0208.mp4;none;/mnt/e/SyncData/paper2_main/zout/___reports/on_test_set/baseline_vs_accMotion_for_quality_vis/MainPC__ds_UFireIndoorTest__mt_no_temp_method__af4b0d32a3d2__20260330.205208;skipped;/mnt/e/SyncData/paper2_main/zout/___reports/on_test_set/baseline_vs_accMotion_for_quality_vis/MainPC__ds_UFireIndoorTest__mt_temp_method_motion_block__e1ccb7b889a0__20260421.145709
aihub__lb_smoke__0208.mp4;89;360;fire_smoke;/mnt/e/SyncData/paper2_main/datasets/UFireIndoorFull/test/test_firesmoke/aihub__lb_smoke__0208.mp4;none;/mnt/e/SyncData/paper2_main/zout/___reports/on_test_set/baseline_vs_accMotion_for_quality_vis/MainPC__ds_UFireIndoorTest__mt_no_temp_method__af4b0d32a3d2__20260330.205208;skipped;/mnt/e/SyncData/paper2_main/zout/___reports/on_test_set/baseline_vs_accMotion_for_quality_vis/MainPC__ds_UFireIndoorTest__mt_temp_method_motion_block__e1ccb7b889a0__20260421.145709
aihub__lb_smoke__0208.mp4;90;360;fire_smoke;/mnt/e/SyncData/paper2_main/datasets/UFireIndoorFull/test/test_firesmoke/aihub__lb_smoke__0208.mp4;none;/mnt/e/SyncData/paper2_main/zout/___reports/on_test_set/baseline_vs_accMotion_for_quality_vis/MainPC__ds_UFireIndoorTest__mt_no_temp_method__af4b0d32a3d2__20260330.205208;skipped;/mnt/e/SyncData/paper2_main/zout/___reports/on_test_set/baseline_vs_accMotion_for_quality_vis/MainPC__ds_UFireIndoorTest__mt_temp_method_motion_block__e1ccb7b889a0__20260421.145709
aihub__lb_smoke__0208.mp4;91;360;fire_smoke;/mnt/e/SyncData/paper2_main/datasets/UFireIndoorFull/test/test_firesmoke/aihub__lb_smoke__0208.mp4;none;/mnt/e/SyncData/paper2_main/zout/___reports/on_test_set/baseline_vs_accMotion_for_quality_vis/MainPC__ds_UFireIndoorTest__mt_no_temp_method__af4b0d32a3d2__20260330.205208;skipped;/mnt/e/SyncData/paper2_main/zout/___reports/on_test_set/baseline_vs_accMotion_for_quality_vis/MainPC__ds_UFireIndoorTest__mt_temp_method_motion_block__e1ccb7b889a0__20260421.145709
aihub__lb_smoke__0208.mp4;92;360;fire_smoke;/mnt/e/SyncData/paper2_main/datasets/UFireIndoorFull/test/test_firesmoke/aihub__lb_smoke__0208.mp4;none;/mnt/e/SyncData/paper2_main/zout/___reports/on_test_set/baseline_vs_accMotion_for_quality_vis/MainPC__ds_UFireIndoorTest__mt_no_temp_method__af4b0d32a3d2__20260330.205208;skipped;/mnt/e/SyncData/paper2_main/zout/___reports/on_test_set/baseline_vs_accMotion_for_quality_vis/MainPC__ds_UFireIndoorTest__mt_temp_method_motion_block__e1ccb7b889a0__20260421.145709
aihub__lb_smoke__0208.mp4;93;360;fire_smoke;/mnt/e/SyncData/paper2_main/datasets/UFireIndoorFull/test/test_firesmoke/aihub__lb_smoke__0208.mp4;smokeonly;/mnt/e/SyncData/paper2_main/zout/___reports/on_test_set/baseline_vs_accMotion_for_quality_vis/MainPC__ds_UFireIndoorTest__mt_no_temp_method__af4b0d32a3d2__20260330.205208;skipped;/mnt/e/SyncData/paper2_main/zout/___reports/on_test_set/baseline_vs_accMotion_for_quality_vis/MainPC__ds_UFireIndoorTest__mt_temp_method_motion_block__e1ccb7b889a0__20260421.145709
aihub__lb_smoke__0208.mp4;94;360;fire_smoke;/mnt/e/SyncData/paper2_main/datasets/UFireIndoorFull/test/test_firesmoke/aihub__lb_smoke__0208.mp4;smokeonly;/mnt/e/SyncData/paper2_main/zout/___reports/on_test_set/baseline_vs_accMotion_for_quality_vis/MainPC__ds_UFireIndoorTest__mt_no_temp_method__af4b0d32a3d2__20260330.205208;skipped;/mnt/e/SyncData/paper2_main/zout/___reports/on_test_set/baseline_vs_accMotion_for_quality_vis/MainPC__ds_UFireIndoorTest__mt_temp_method_motion_block__e1ccb7b889a0__20260421.145709
aihub__lb_smoke__0208.mp4;95;360;fire_smoke;/mnt/e/SyncData/paper2_main/datasets/UFireIndoorFull/test/test_firesmoke/aihub__lb_smoke__0208.mp4;smokeonly;/mnt/e/SyncData/paper2_main/zout/___reports/on_test_set/baseline_vs_accMotion_for_quality_vis/MainPC__ds_UFireIndoorTest__mt_no_temp_method__af4b0d32a3d2__20260330.205208;skipped;/mnt/e/SyncData/paper2_main/zout/___reports/on_test_set/baseline_vs_accMotion_for_quality_vis/MainPC__ds_UFireIndoorTest__mt_temp_method_motion_block__e1ccb7b889a0__20260421.145709
aihub__lb_smoke__0208.mp4;96;360;fire_smoke;/mnt/e/SyncData/paper2_main/datasets/UFireIndoorFull/test/test_firesmoke/aihub__lb_smoke__0208.mp4;smokeonly;/mnt/e/SyncData/paper2_main/zout/___reports/on_test_set/baseline_vs_accMotion_for_quality_vis/MainPC__ds_UFireIndoorTest__mt_no_temp_method__af4b0d32a3d2__20260330.205208;skipped;/mnt/e/SyncData/paper2_main/zout/___reports/on_test_set/baseline_vs_accMotion_for_quality_vis/MainPC__ds_UFireIndoorTest__mt_temp_method_motion_block__e1ccb7b889a0__20260421.145709
aihub__lb_smoke__0208.mp4;97;360;fire_smoke;/mnt/e/SyncData/paper2_main/datasets/UFireIndoorFull/test/test_firesmoke/aihub__lb_smoke__0208.mp4;none;/mnt/e/SyncData/paper2_main/zout/___reports/on_test_set/baseline_vs_accMotion_for_quality_vis/MainPC__ds_UFireIndoorTest__mt_no_temp_method__af4b0d32a3d2__20260330.205208;skipped;/mnt/e/SyncData/paper2_main/zout/___reports/on_test_set/baseline_vs_accMotion_for_quality_vis/MainPC__ds_UFireIndoorTest__mt_temp_method_motion_block__e1ccb7b889a0__20260421.145709
aihub__lb_smoke__0208.mp4;98;360;fire_smoke;/mnt/e/SyncData/paper2_main/datasets/UFireIndoorFull/test/test_firesmoke/aihub__lb_smoke__0208.mp4;none;/mnt/e/SyncData/paper2_main/zout/___reports/on_test_set/baseline_vs_accMotion_for_quality_vis/MainPC__ds_UFireIndoorTest__mt_no_temp_method__af4b0d32a3d2__20260330.205208;skipped;/mnt/e/SyncData/paper2_main/zout/___reports/on_test_set/baseline_vs_accMotion_for_quality_vis/MainPC__ds_UFireIndoorTest__mt_temp_method_motion_block__e1ccb7b889a0__20260421.145709
aihub__lb_smoke__0208.mp4;99;360;fire_smoke;/mnt/e/SyncData/paper2_main/datasets/UFireIndoorFull/test/test_firesmoke/aihub__lb_smoke__0208.mp4;none;/mnt/e/SyncData/paper2_main/zout/___reports/on_test_set/baseline_vs_accMotion_for_quality_vis/MainPC__ds_UFireIndoorTest__mt_no_temp_method__af4b0d32a3d2__20260330.205208;skipped;/mnt/e/SyncData/paper2_main/zout/___reports/on_test_set/baseline_vs_accMotion_for_quality_vis/MainPC__ds_UFireIndoorTest__mt_temp_method_motion_block__e1ccb7b889a0__20260421.145709
aihub__lb_smoke__0208.mp4;100;360;fire_smoke;/mnt/e/SyncData/paper2_main/datasets/UFireIndoorFull/test/test_firesmoke/aihub__lb_smoke__0208.mp4;none;/mnt/e/SyncData/paper2_main/zout/___reports/on_test_set/baseline_vs_accMotion_for_quality_vis/MainPC__ds_UFireIndoorTest__mt_no_temp_method__af4b0d32a3d2__20260330.205208;skipped;/mnt/e/SyncData/paper2_main/zout/___reports/on_test_set/baseline_vs_accMotion_for_quality_vis/MainPC__ds_UFireIndoorTest__mt_temp_method_motion_block__e1ccb7b889a0__20260421.145709
aihub__lb_smoke__0208.mp4;101;360;fire_smoke;/mnt/e/SyncData/paper2_main/datasets/UFireIndoorFull/test/test_firesmoke/aihub__lb_smoke__0208.mp4;none;/mnt/e/SyncData/paper2_main/zout/___reports/on_test_set/baseline_vs_accMotion_for_quality_vis/MainPC__ds_UFireIndoorTest__mt_no_temp_method__af4b0d32a3d2__20260330.205208;skipped;/mnt/e/SyncData/paper2_main/zout/___reports/on_test_set/baseline_vs_accMotion_for_quality_vis/MainPC__ds_UFireIndoorTest__mt_temp_method_motion_block__e1ccb7b889a0__20260421.145709
aihub__lb_smoke__0208.mp4;105;360;fire_smoke;/mnt/e/SyncData/paper2_main/datasets/UFireIndoorFull/test/test_firesmoke/aihub__lb_smoke__0208.mp4;none;/mnt/e/SyncData/paper2_main/zout/___reports/on_test_set/baseline_vs_accMotion_for_quality_vis/MainPC__ds_UFireIndoorTest__mt_no_temp_method__af4b0d32a3d2__20260330.205208;skipped;/mnt/e/SyncData/paper2_main/zout/___reports/on_test_set/baseline_vs_accMotion_for_quality_vis/MainPC__ds_UFireIndoorTest__mt_temp_method_motion_block__e1ccb7b889a0__20260421.145709
aihub__lb_smoke__0208.mp4;106;360;fire_smoke;/mnt/e/SyncData/paper2_main/datasets/UFireIndoorFull/test/test_firesmoke/aihub__lb_smoke__0208.mp4;none;/mnt/e/SyncData/paper2_main/zout/___reports/on_test_set/baseline_vs_accMotion_for_quality_vis/MainPC__ds_UFireIndoorTest__mt_no_temp_method__af4b0d32a3d2__20260330.205208;skipped;/mnt/e/SyncData/paper2_main/zout/___reports/on_test_set/baseline_vs_accMotion_for_quality_vis/MainPC__ds_UFireIndoorTest__mt_temp_method_motion_block__e1ccb7b889a0__20260421.145709
aihub__lb_smoke__0208.mp4;110;360;fire_smoke;/mnt/e/SyncData/paper2_main/datasets/UFireIndoorFull/test/test_firesmoke/aihub__lb_smoke__0208.mp4;none;/mnt/e/SyncData/paper2_main/zout/___reports/on_test_set/baseline_vs_accMotion_for_quality_vis/MainPC__ds_UFireIndoorTest__mt_no_temp_method__af4b0d32a3d2__20260330.205208;skipped;/mnt/e/SyncData/paper2_main/zout/___reports/on_test_set/baseline_vs_accMotion_for_quality_vis/MainPC__ds_UFireIndoorTest__mt_temp_method_motion_block__e1ccb7b889a0__20260421.145709
aihub__lb_smoke__0208.mp4;111;360;fire_smoke;/mnt/e/SyncData/paper2_main/datasets/UFireIndoorFull/test/test_firesmoke/aihub__lb_smoke__0208.mp4;none;/mnt/e/SyncData/paper2_main/zout/___reports/on_test_set/baseline_vs_accMotion_for_quality_vis/MainPC__ds_UFireIndoorTest__mt_no_temp_method__af4b0d32a3d2__20260330.205208;skipped;/mnt/e/SyncData/paper2_main/zout/___reports/on_test_set/baseline_vs_accMotion_for_quality_vis/MainPC__ds_UFireIndoorTest__mt_temp_method_motion_block__e1ccb7b889a0__20260421.145709
aihub__lb_smoke__0208.mp4;112;360;fire_smoke;/mnt/e/SyncData/paper2_main/datasets/UFireIndoorFull/test/test_firesmoke/aihub__lb_smoke__0208.mp4;none;/mnt/e/SyncData/paper2_main/zout/___reports/on_test_set/baseline_vs_accMotion_for_quality_vis/MainPC__ds_UFireIndoorTest__mt_no_temp_method__af4b0d32a3d2__20260330.205208;skipped;/mnt/e/SyncData/paper2_main/zout/___reports/on_test_set/baseline_vs_accMotion_for_quality_vis/MainPC__ds_UFireIndoorTest__mt_temp_method_motion_block__e1ccb7b889a0__20260421.145709
aihub__lb_smoke__0208.mp4;113;360;fire_smoke;/mnt/e/SyncData/paper2_main/datasets/UFireIndoorFull/test/test_firesmoke/aihub__lb_smoke__0208.mp4;none;/mnt/e/SyncData/paper2_main/zout/___reports/on_test_set/baseline_vs_accMotion_for_quality_vis/MainPC__ds_UFireIndoorTest__mt_no_temp_method__af4b0d32a3d2__20260330.205208;skipped;/mnt/e/SyncData/paper2_main/zout/___reports/on_test_set/baseline_vs_accMotion_for_quality_vis/MainPC__ds_UFireIndoorTest__mt_temp_method_motion_block__e1ccb7b889a0__20260421.145709
aihub__lb_smoke__0208.mp4;114;360;fire_smoke;/mnt/e/SyncData/paper2_main/datasets/UFireIndoorFull/test/test_firesmoke/aihub__lb_smoke__0208.mp4;none;/mnt/e/SyncData/paper2_main/zout/___reports/on_test_set/baseline_vs_accMotion_for_quality_vis/MainPC__ds_UFireIndoorTest__mt_no_temp_method__af4b0d32a3d2__20260330.205208;skipped;/mnt/e/SyncData/paper2_main/zout/___reports/on_test_set/baseline_vs_accMotion_for_quality_vis/MainPC__ds_UFireIndoorTest__mt_temp_method_motion_block__e1ccb7b889a0__20260421.145709
aihub__lb_smoke__0208.mp4;115;360;fire_smoke;/mnt/e/SyncData/paper2_main/datasets/UFireIndoorFull/test/test_firesmoke/aihub__lb_smoke__0208.mp4;none;/mnt/e/SyncData/paper2_main/zout/___reports/on_test_set/baseline_vs_accMotion_for_quality_vis/MainPC__ds_UFireIndoorTest__mt_no_temp_method__af4b0d32a3d2__20260330.205208;skipped;/mnt/e/SyncData/paper2_main/zout/___reports/on_test_set/baseline_vs_accMotion_for_quality_vis/MainPC__ds_UFireIndoorTest__mt_temp_method_motion_block__e1ccb7b889a0__20260421.145709
aihub__lb_smoke__0208.mp4;116;360;fire_smoke;/mnt/e/SyncData/paper2_main/datasets/UFireIndoorFull/test/test_firesmoke/aihub__lb_smoke__0208.mp4;none;/mnt/e/SyncData/paper2_main/zout/___reports/on_test_set/baseline_vs_accMotion_for_quality_vis/MainPC__ds_UFireIndoorTest__mt_no_temp_method__af4b0d32a3d2__20260330.205208;skipped;/mnt/e/SyncData/paper2_main/zout/___reports/on_test_set/baseline_vs_accMotion_for_quality_vis/MainPC__ds_UFireIndoorTest__mt_temp_method_motion_block__e1ccb7b889a0__20260421.145709
aihub__lb_smoke__0208.mp4;117;360;fire_smoke;/mnt/e/SyncData/paper2_main/datasets/UFireIndoorFull/test/test_firesmoke/aihub__lb_smoke__0208.mp4;none;/mnt/e/SyncData/paper2_main/zout/___reports/on_test_set/baseline_vs_accMotion_for_quality_vis/MainPC__ds_UFireIndoorTest__mt_no_temp_method__af4b0d32a3d2__20260330.205208;skipped;/mnt/e/SyncData/paper2_main/zout/___reports/on_test_set/baseline_vs_accMotion_for_quality_vis/MainPC__ds_UFireIndoorTest__mt_temp_method_motion_block__e1ccb7b889a0__20260421.145709
aihub__lb_smoke__0208.mp4;118;360;fire_smoke;/mnt/e/SyncData/paper2_main/datasets/UFireIndoorFull/test/test_firesmoke/aihub__lb_smoke__0208.mp4;none;/mnt/e/SyncData/paper2_main/zout/___reports/on_test_set/baseline_vs_accMotion_for_quality_vis/MainPC__ds_UFireIndoorTest__mt_no_temp_method__af4b0d32a3d2__20260330.205208;skipped;/mnt/e/SyncData/paper2_main/zout/___reports/on_test_set/baseline_vs_accMotion_for_quality_vis/MainPC__ds_UFireIndoorTest__mt_temp_method_motion_block__e1ccb7b889a0__20260421.145709
aihub__lb_smoke__0208.mp4;119;360;fire_smoke;/mnt/e/SyncData/paper2_main/datasets/UFireIndoorFull/test/test_firesmoke/aihub__lb_smoke__0208.mp4;none;/mnt/e/SyncData/paper2_main/zout/___reports/on_test_set/baseline_vs_accMotion_for_quality_vis/MainPC__ds_UFireIndoorTest__mt_no_temp_method__af4b0d32a3d2__20260330.205208;skipped;/mnt/e/SyncData/paper2_main/zout/___reports/on_test_set/baseline_vs_accMotion_for_quality_vis/MainPC__ds_UFireIndoorTest__mt_temp_method_motion_block__e1ccb7b889a0__20260421.145709
aihub__lb_smoke__0208.mp4;120;360;fire_smoke;/mnt/e/SyncData/paper2_main/datasets/UFireIndoorFull/test/test_firesmoke/aihub__lb_smoke__0208.mp4;none;/mnt/e/SyncData/paper2_main/zout/___reports/on_test_set/baseline_vs_accMotion_for_quality_vis/MainPC__ds_UFireIndoorTest__mt_no_temp_method__af4b0d32a3d2__20260330.205208;skipped;/mnt/e/SyncData/paper2_main/zout/___reports/on_test_set/baseline_vs_accMotion_for_quality_vis/MainPC__ds_UFireIndoorTest__mt_temp_method_motion_block__e1ccb7b889a0__20260421.145709
aihub__lb_smoke__0208.mp4;121;360;fire_smoke;/mnt/e/SyncData/paper2_main/datasets/UFireIndoorFull/test/test_firesmoke/aihub__lb_smoke__0208.mp4;none;/mnt/e/SyncData/paper2_main/zout/___reports/on_test_set/baseline_vs_accMotion_for_quality_vis/MainPC__ds_UFireIndoorTest__mt_no_temp_method__af4b0d32a3d2__20260330.205208;skipped;/mnt/e/SyncData/paper2_main/zout/___reports/on_test_set/baseline_vs_accMotion_for_quality_vis/MainPC__ds_UFireIndoorTest__mt_temp_method_motion_block__e1ccb7b889a0__20260421.145709
aihub__lb_smoke__0208.mp4;122;360;fire_smoke;/mnt/e/SyncData/paper2_main/datasets/UFireIndoorFull/test/test_firesmoke/aihub__lb_smoke__0208.mp4;none;/mnt/e/SyncData/paper2_main/zout/___reports/on_test_set/baseline_vs_accMotion_for_quality_vis/MainPC__ds_UFireIndoorTest__mt_no_temp_method__af4b0d32a3d2__20260330.205208;skipped;/mnt/e/SyncData/paper2_main/zout/___reports/on_test_set/baseline_vs_accMotion_for_quality_vis/MainPC__ds_UFireIndoorTest__mt_temp_method_motion_block__e1ccb7b889a0__20260421.145709
aihub__lb_smoke__0208.mp4;123;360;fire_smoke;/mnt/e/SyncData/paper2_main/datasets/UFireIndoorFull/test/test_firesmoke/aihub__lb_smoke__0208.mp4;none;/mnt/e/SyncData/paper2_main/zout/___reports/on_test_set/baseline_vs_accMotion_for_quality_vis/MainPC__ds_UFireIndoorTest__mt_no_temp_method__af4b0d32a3d2__20260330.205208;skipped;/mnt/e/SyncData/paper2_main/zout/___reports/on_test_set/baseline_vs_accMotion_for_quality_vis/MainPC__ds_UFireIndoorTest__mt_temp_method_motion_block__e1ccb7b889a0__20260421.145709
aihub__lb_smoke__0208.mp4;124;360;fire_smoke;/mnt/e/SyncData/paper2_main/datasets/UFireIndoorFull/test/test_firesmoke/aihub__lb_smoke__0208.mp4;none;/mnt/e/SyncData/paper2_main/zout/___reports/on_test_set/baseline_vs_accMotion_for_quality_vis/MainPC__ds_UFireIndoorTest__mt_no_temp_method__af4b0d32a3d2__20260330.205208;skipped;/mnt/e/SyncData/paper2_main/zout/___reports/on_test_set/baseline_vs_accMotion_for_quality_vis/MainPC__ds_UFireIndoorTest__mt_temp_method_motion_block__e1ccb7b889a0__20260421.145709
aihub__lb_smoke__0208.mp4;125;360;fire_smoke;/mnt/e/SyncData/paper2_main/datasets/UFireIndoorFull/test/test_firesmoke/aihub__lb_smoke__0208.mp4;none;/mnt/e/SyncData/paper2_main/zout/___reports/on_test_set/baseline_vs_accMotion_for_quality_vis/MainPC__ds_UFireIndoorTest__mt_no_temp_method__af4b0d32a3d2__20260330.205208;skipped;/mnt/e/SyncData/paper2_main/zout/___reports/on_test_set/baseline_vs_accMotion_for_quality_vis/MainPC__ds_UFireIndoorTest__mt_temp_method_motion_block__e1ccb7b889a0__20260421.145709
aihub__lb_smoke__0208.mp4;126;360;fire_smoke;/mnt/e/SyncData/paper2_main/datasets/UFireIndoorFull/test/test_firesmoke/aihub__lb_smoke__0208.mp4;none;/mnt/e/SyncData/paper2_main/zout/___reports/on_test_set/baseline_vs_accMotion_for_quality_vis/MainPC__ds_UFireIndoorTest__mt_no_temp_method__af4b0d32a3d2__20260330.205208;skipped;/mnt/e/SyncData/paper2_main/zout/___reports/on_test_set/baseline_vs_accMotion_for_quality_vis/MainPC__ds_UFireIndoorTest__mt_temp_method_motion_block__e1ccb7b889a0__20260421.145709
aihub__lb_smoke__0208.mp4;127;360;fire_smoke;/mnt/e/SyncData/paper2_main/datasets/UFireIndoorFull/test/test_firesmoke/aihub__lb_smoke__0208.mp4;none;/mnt/e/SyncData/paper2_main/zout/___reports/on_test_set/baseline_vs_accMotion_for_quality_vis/MainPC__ds_UFireIndoorTest__mt_no_temp_method__af4b0d32a3d2__20260330.205208;skipped;/mnt/e/SyncData/paper2_main/zout/___reports/on_test_set/baseline_vs_accMotion_for_quality_vis/MainPC__ds_UFireIndoorTest__mt_temp_method_motion_block__e1ccb7b889a0__20260421.145709
aihub__lb_smoke__0208.mp4;128;360;fire_smoke;/mnt/e/SyncData/paper2_main/datasets/UFireIndoorFull/test/test_firesmoke/aihub__lb_smoke__0208.mp4;none;/mnt/e/SyncData/paper2_main/zout/___reports/on_test_set/baseline_vs_accMotion_for_quality_vis/MainPC__ds_UFireIndoorTest__mt_no_temp_method__af4b0d32a3d2__20260330.205208;skipped;/mnt/e/SyncData/paper2_main/zout/___reports/on_test_set/baseline_vs_accMotion_for_quality_vis/MainPC__ds_UFireIndoorTest__mt_temp_method_motion_block__e1ccb7b889a0__20260421.145709
aihub__lb_smoke__0208.mp4;129;360;fire_smoke;/mnt/e/SyncData/paper2_main/datasets/UFireIndoorFull/test/test_firesmoke/aihub__lb_smoke__0208.mp4;none;/mnt/e/SyncData/paper2_main/zout/___reports/on_test_set/baseline_vs_accMotion_for_quality_vis/MainPC__ds_UFireIndoorTest__mt_no_temp_method__af4b0d32a3d2__20260330.205208;skipped;/mnt/e/SyncData/paper2_main/zout/___reports/on_test_set/baseline_vs_accMotion_for_quality_vis/MainPC__ds_UFireIndoorTest__mt_temp_method_motion_block__e1ccb7b889a0__20260421.145709
aihub__lb_smoke__0208.mp4;130;360;fire_smoke;/mnt/e/SyncData/paper2_main/datasets/UFireIndoorFull/test/test_firesmoke/aihub__lb_smoke__0208.mp4;none;/mnt/e/SyncData/paper2_main/zout/___reports/on_test_set/baseline_vs_accMotion_for_quality_vis/MainPC__ds_UFireIndoorTest__mt_no_temp_method__af4b0d32a3d2__20260330.205208;skipped;/mnt/e/SyncData/paper2_main/zout/___reports/on_test_set/baseline_vs_accMotion_for_quality_vis/MainPC__ds_UFireIndoorTest__mt_temp_method_motion_block__e1ccb7b889a0__20260421.145709
aihub__lb_smoke__0208.mp4;131;360;fire_smoke;/mnt/e/SyncData/paper2_main/datasets/UFireIndoorFull/test/test_firesmoke/aihub__lb_smoke__0208.mp4;none;/mnt/e/SyncData/paper2_main/zout/___reports/on_test_set/baseline_vs_accMotion_for_quality_vis/MainPC__ds_UFireIndoorTest__mt_no_temp_method__af4b0d32a3d2__20260330.205208;skipped;/mnt/e/SyncData/paper2_main/zout/___reports/on_test_set/baseline_vs_accMotion_for_quality_vis/MainPC__ds_UFireIndoorTest__mt_temp_method_motion_block__e1ccb7b889a0__20260421.145709
aihub__lb_smoke__0208.mp4;135;360;fire_smoke;/mnt/e/SyncData/paper2_main/datasets/UFireIndoorFull/test/test_firesmoke/aihub__lb_smoke__0208.mp4;none;/mnt/e/SyncData/paper2_main/zout/___reports/on_test_set/baseline_vs_accMotion_for_quality_vis/MainPC__ds_UFireIndoorTest__mt_no_temp_method__af4b0d32a3d2__20260330.205208;skipped;/mnt/e/SyncData/paper2_main/zout/___reports/on_test_set/baseline_vs_accMotion_for_quality_vis/MainPC__ds_UFireIndoorTest__mt_temp_method_motion_block__e1ccb7b889a0__20260421.145709
aihub__lb_smoke__0208.mp4;136;360;fire_smoke;/mnt/e/SyncData/paper2_main/datasets/UFireIndoorFull/test/test_firesmoke/aihub__lb_smoke__0208.mp4;none;/mnt/e/SyncData/paper2_main/zout/___reports/on_test_set/baseline_vs_accMotion_for_quality_vis/MainPC__ds_UFireIndoorTest__mt_no_temp_method__af4b0d32a3d2__20260330.205208;skipped;/mnt/e/SyncData/paper2_main/zout/___reports/on_test_set/baseline_vs_accMotion_for_quality_vis/MainPC__ds_UFireIndoorTest__mt_temp_method_motion_block__e1ccb7b889a0__20260421.145709
aihub__lb_smoke__0208.mp4;137;360;fire_smoke;/mnt/e/SyncData/paper2_main/datasets/UFireIndoorFull/test/test_firesmoke/aihub__lb_smoke__0208.mp4;none;/mnt/e/SyncData/paper2_main/zout/___reports/on_test_set/baseline_vs_accMotion_for_quality_vis/MainPC__ds_UFireIndoorTest__mt_no_temp_method__af4b0d32a3d2__20260330.205208;skipped;/mnt/e/SyncData/paper2_main/zout/___reports/on_test_set/baseline_vs_accMotion_for_quality_vis/MainPC__ds_UFireIndoorTest__mt_temp_method_motion_block__e1ccb7b889a0__20260421.145709
aihub__lb_smoke__0208.mp4;138;360;fire_smoke;/mnt/e/SyncData/paper2_main/datasets/UFireIndoorFull/test/test_firesmoke/aihub__lb_smoke__0208.mp4;none;/mnt/e/SyncData/paper2_main/zout/___reports/on_test_set/baseline_vs_accMotion_for_quality_vis/MainPC__ds_UFireIndoorTest__mt_no_temp_method__af4b0d32a3d2__20260330.205208;skipped;/mnt/e/SyncData/paper2_main/zout/___reports/on_test_set/baseline_vs_accMotion_for_quality_vis/MainPC__ds_UFireIndoorTest__mt_temp_method_motion_block__e1ccb7b889a0__20260421.145709
aihub__lb_smoke__0208.mp4;139;360;fire_smoke;/mnt/e/SyncData/paper2_main/datasets/UFireIndoorFull/test/test_firesmoke/aihub__lb_smoke__0208.mp4;none;/mnt/e/SyncData/paper2_main/zout/___reports/on_test_set/baseline_vs_accMotion_for_quality_vis/MainPC__ds_UFireIndoorTest__mt_no_temp_method__af4b0d32a3d2__20260330.205208;skipped;/mnt/e/SyncData/paper2_main/zout/___reports/on_test_set/baseline_vs_accMotion_for_quality_vis/MainPC__ds_UFireIndoorTest__mt_temp_method_motion_block__e1ccb7b889a0__20260421.145709
aihub__lb_smoke__0208.mp4;140;360;fire_smoke;/mnt/e/SyncData/paper2_main/datasets/UFireIndoorFull/test/test_firesmoke/aihub__lb_smoke__0208.mp4;none;/mnt/e/SyncData/paper2_main/zout/___reports/on_test_set/baseline_vs_accMotion_for_quality_vis/MainPC__ds_UFireIndoorTest__mt_no_temp_method__af4b0d32a3d2__20260330.205208;skipped;/mnt/e/SyncData/paper2_main/zout/___reports/on_test_set/baseline_vs_accMotion_for_quality_vis/MainPC__ds_UFireIndoorTest__mt_temp_method_motion_block__e1ccb7b889a0__20260421.145709
aihub__lb_smoke__0208.mp4;141;360;fire_smoke;/mnt/e/SyncData/paper2_main/datasets/UFireIndoorFull/test/test_firesmoke/aihub__lb_smoke__0208.mp4;none;/mnt/e/SyncData/paper2_main/zout/___reports/on_test_set/baseline_vs_accMotion_for_quality_vis/MainPC__ds_UFireIndoorTest__mt_no_temp_method__af4b0d32a3d2__20260330.205208;skipped;/mnt/e/SyncData/paper2_main/zout/___reports/on_test_set/baseline_vs_accMotion_for_quality_vis/MainPC__ds_UFireIndoorTest__mt_temp_method_motion_block__e1ccb7b889a0__20260421.145709
aihub__lb_smoke__0208.mp4;142;360;fire_smoke;/mnt/e/SyncData/paper2_main/datasets/UFireIndoorFull/test/test_firesmoke/aihub__lb_smoke__0208.mp4;none;/mnt/e/SyncData/paper2_main/zout/___reports/on_test_set/baseline_vs_accMotion_for_quality_vis/MainPC__ds_UFireIndoorTest__mt_no_temp_method__af4b0d32a3d2__20260330.205208;skipped;/mnt/e/SyncData/paper2_main/zout/___reports/on_test_set/baseline_vs_accMotion_for_quality_vis/MainPC__ds_UFireIndoorTest__mt_temp_method_motion_block__e1ccb7b889a0__20260421.145709
aihub__lb_smoke__0208.mp4;143;360;fire_smoke;/mnt/e/SyncData/paper2_main/datasets/UFireIndoorFull/test/test_firesmoke/aihub__lb_smoke__0208.mp4;none;/mnt/e/SyncData/paper2_main/zout/___reports/on_test_set/baseline_vs_accMotion_for_quality_vis/MainPC__ds_UFireIndoorTest__mt_no_temp_method__af4b0d32a3d2__20260330.205208;skipped;/mnt/e/SyncData/paper2_main/zout/___reports/on_test_set/baseline_vs_accMotion_for_quality_vis/MainPC__ds_UFireIndoorTest__mt_temp_method_motion_block__e1ccb7b889a0__20260421.145709
aihub__lb_smoke__0208.mp4;144;360;fire_smoke;/mnt/e/SyncData/paper2_main/datasets/UFireIndoorFull/test/test_firesmoke/aihub__lb_smoke__0208.mp4;none;/mnt/e/SyncData/paper2_main/zout/___reports/on_test_set/baseline_vs_accMotion_for_quality_vis/MainPC__ds_UFireIndoorTest__mt_no_temp_method__af4b0d32a3d2__20260330.205208;skipped;/mnt/e/SyncData/paper2_main/zout/___reports/on_test_set/baseline_vs_accMotion_for_quality_vis/MainPC__ds_UFireIndoorTest__mt_temp_method_motion_block__e1ccb7b889a0__20260421.145709
aihub__lb_smoke__0208.mp4;145;360;fire_smoke;/mnt/e/SyncData/paper2_main/datasets/UFireIndoorFull/test/test_firesmoke/aihub__lb_smoke__0208.mp4;none;/mnt/e/SyncData/paper2_main/zout/___reports/on_test_set/baseline_vs_accMotion_for_quality_vis/MainPC__ds_UFireIndoorTest__mt_no_temp_method__af4b0d32a3d2__20260330.205208;skipped;/mnt/e/SyncData/paper2_main/zout/___reports/on_test_set/baseline_vs_accMotion_for_quality_vis/MainPC__ds_UFireIndoorTest__mt_temp_method_motion_block__e1ccb7b889a0__20260421.145709
aihub__lb_smoke__0208.mp4;146;360;fire_smoke;/mnt/e/SyncData/paper2_main/datasets/UFireIndoorFull/test/test_firesmoke/aihub__lb_smoke__0208.mp4;none;/mnt/e/SyncData/paper2_main/zout/___reports/on_test_set/baseline_vs_accMotion_for_quality_vis/MainPC__ds_UFireIndoorTest__mt_no_temp_method__af4b0d32a3d2__20260330.205208;skipped;/mnt/e/SyncData/paper2_main/zout/___reports/on_test_set/baseline_vs_accMotion_for_quality_vis/MainPC__ds_UFireIndoorTest__mt_temp_method_motion_block__e1ccb7b889a0__20260421.145709
aihub__lb_smoke__0208.mp4;147;360;fire_smoke;/mnt/e/SyncData/paper2_main/datasets/UFireIndoorFull/test/test_firesmoke/aihub__lb_smoke__0208.mp4;none;/mnt/e/SyncData/paper2_main/zout/___reports/on_test_set/baseline_vs_accMotion_for_quality_vis/MainPC__ds_UFireIndoorTest__mt_no_temp_method__af4b0d32a3d2__20260330.205208;skipped;/mnt/e/SyncData/paper2_main/zout/___reports/on_test_set/baseline_vs_accMotion_for_quality_vis/MainPC__ds_UFireIndoorTest__mt_temp_method_motion_block__e1ccb7b889a0__20260421.145709
aihub__lb_smoke__0208.mp4;148;360;fire_smoke;/mnt/e/SyncData/paper2_main/datasets/UFireIndoorFull/test/test_firesmoke/aihub__lb_smoke__0208.mp4;smokeonly;/mnt/e/SyncData/paper2_main/zout/___reports/on_test_set/baseline_vs_accMotion_for_quality_vis/MainPC__ds_UFireIndoorTest__mt_no_temp_method__af4b0d32a3d2__20260330.205208;skipped;/mnt/e/SyncData/paper2_main/zout/___reports/on_test_set/baseline_vs_accMotion_for_quality_vis/MainPC__ds_UFireIndoorTest__mt_temp_method_motion_block__e1ccb7b889a0__20260421.145709
aihub__lb_smoke__0208.mp4;149;360;fire_smoke;/mnt/e/SyncData/paper2_main/datasets/UFireIndoorFull/test/test_firesmoke/aihub__lb_smoke__0208.mp4;smokeonly;/mnt/e/SyncData/paper2_main/zout/___reports/on_test_set/baseline_vs_accMotion_for_quality_vis/MainPC__ds_UFireIndoorTest__mt_no_temp_method__af4b0d32a3d2__20260330.205208;skipped;/mnt/e/SyncData/paper2_main/zout/___reports/on_test_set/baseline_vs_accMotion_for_quality_vis/MainPC__ds_UFireIndoorTest__mt_temp_method_motion_block__e1ccb7b889a0__20260421.145709
aihub__lb_smoke__0208.mp4;150;360;fire_smoke;/mnt/e/SyncData/paper2_main/datasets/UFireIndoorFull/test/test_firesmoke/aihub__lb_smoke__0208.mp4;smokeonly;/mnt/e/SyncData/paper2_main/zout/___reports/on_test_set/baseline_vs_accMotion_for_quality_vis/MainPC__ds_UFireIndoorTest__mt_no_temp_method__af4b0d32a3d2__20260330.205208;skipped;/mnt/e/SyncData/paper2_main/zout/___reports/on_test_set/baseline_vs_accMotion_for_quality_vis/MainPC__ds_UFireIndoorTest__mt_temp_method_motion_block__e1ccb7b889a0__20260421.145709
aihub__lb_smoke__0208.mp4;151;360;fire_smoke;/mnt/e/SyncData/paper2_main/datasets/UFireIndoorFull/test/test_firesmoke/aihub__lb_smoke__0208.mp4;smokeonly;/mnt/e/SyncData/paper2_main/zout/___reports/on_test_set/baseline_vs_accMotion_for_quality_vis/MainPC__ds_UFireIndoorTest__mt_no_temp_method__af4b0d32a3d2__20260330.205208;skipped;/mnt/e/SyncData/paper2_main/zout/___reports/on_test_set/baseline_vs_accMotion_for_quality_vis/MainPC__ds_UFireIndoorTest__mt_temp_method_motion_block__e1ccb7b889a0__20260421.145709
aihub__lb_smoke__0208.mp4;152;360;fire_smoke;/mnt/e/SyncData/paper2_main/datasets/UFireIndoorFull/test/test_firesmoke/aihub__lb_smoke__0208.mp4;smokeonly;/mnt/e/SyncData/paper2_main/zout/___reports/on_test_set/baseline_vs_accMotion_for_quality_vis/MainPC__ds_UFireIndoorTest__mt_no_temp_method__af4b0d32a3d2__20260330.205208;skipped;/mnt/e/SyncData/paper2_main/zout/___reports/on_test_set/baseline_vs_accMotion_for_quality_vis/MainPC__ds_UFireIndoorTest__mt_temp_method_motion_block__e1ccb7b889a0__20260421.145709
aihub__lb_smoke__0208.mp4;153;360;fire_smoke;/mnt/e/SyncData/paper2_main/datasets/UFireIndoorFull/test/test_firesmoke/aihub__lb_smoke__0208.mp4;smokeonly;/mnt/e/SyncData/paper2_main/zout/___reports/on_test_set/baseline_vs_accMotion_for_quality_vis/MainPC__ds_UFireIndoorTest__mt_no_temp_method__af4b0d32a3d2__20260330.205208;skipped;/mnt/e/SyncData/paper2_main/zout/___reports/on_test_set/baseline_vs_accMotion_for_quality_vis/MainPC__ds_UFireIndoorTest__mt_temp_method_motion_block__e1ccb7b889a0__20260421.145709
aihub__lb_smoke__0208.mp4;154;360;fire_smoke;/mnt/e/SyncData/paper2_main/datasets/UFireIndoorFull/test/test_firesmoke/aihub__lb_smoke__0208.mp4;smokeonly;/mnt/e/SyncData/paper2_main/zout/___reports/on_test_set/baseline_vs_accMotion_for_quality_vis/MainPC__ds_UFireIndoorTest__mt_no_temp_method__af4b0d32a3d2__20260330.205208;skipped;/mnt/e/SyncData/paper2_main/zout/___reports/on_test_set/baseline_vs_accMotion_for_quality_vis/MainPC__ds_UFireIndoorTest__mt_temp_method_motion_block__e1ccb7b889a0__20260421.145709
aihub__lb_smoke__0208.mp4;155;360;fire_smoke;/mnt/e/SyncData/paper2_main/datasets/UFireIndoorFull/test/test_firesmoke/aihub__lb_smoke__0208.mp4;smokeonly;/mnt/e/SyncData/paper2_main/zout/___reports/on_test_set/baseline_vs_accMotion_for_quality_vis/MainPC__ds_UFireIndoorTest__mt_no_temp_method__af4b0d32a3d2__20260330.205208;skipped;/mnt/e/SyncData/paper2_main/zout/___reports/on_test_set/baseline_vs_accMotion_for_quality_vis/MainPC__ds_UFireIndoorTest__mt_temp_method_motion_block__e1ccb7b889a0__20260421.145709
aihub__lb_smoke__0208.mp4;156;360;fire_smoke;/mnt/e/SyncData/paper2_main/datasets/UFireIndoorFull/test/test_firesmoke/aihub__lb_smoke__0208.mp4;smokeonly;/mnt/e/SyncData/paper2_main/zout/___reports/on_test_set/baseline_vs_accMotion_for_quality_vis/MainPC__ds_UFireIndoorTest__mt_no_temp_method__af4b0d32a3d2__20260330.205208;skipped;/mnt/e/SyncData/paper2_main/zout/___reports/on_test_set/baseline_vs_accMotion_for_quality_vis/MainPC__ds_UFireIndoorTest__mt_temp_method_motion_block__e1ccb7b889a0__20260421.145709
aihub__lb_smoke__0208.mp4;157;360;fire_smoke;/mnt/e/SyncData/paper2_main/datasets/UFireIndoorFull/test/test_firesmoke/aihub__lb_smoke__0208.mp4;smokeonly;/mnt/e/SyncData/paper2_main/zout/___reports/on_test_set/baseline_vs_accMotion_for_quality_vis/MainPC__ds_UFireIndoorTest__mt_no_temp_method__af4b0d32a3d2__20260330.205208;skipped;/mnt/e/SyncData/paper2_main/zout/___reports/on_test_set/baseline_vs_accMotion_for_quality_vis/MainPC__ds_UFireIndoorTest__mt_temp_method_motion_block__e1ccb7b889a0__20260421.145709
aihub__lb_smoke__0208.mp4;158;360;fire_smoke;/mnt/e/SyncData/paper2_main/datasets/UFireIndoorFull/test/test_firesmoke/aihub__lb_smoke__0208.mp4;none;/mnt/e/SyncData/paper2_main/zout/___reports/on_test_set/baseline_vs_accMotion_for_quality_vis/MainPC__ds_UFireIndoorTest__mt_no_temp_method__af4b0d32a3d2__20260330.205208;skipped;/mnt/e/SyncData/paper2_main/zout/___reports/on_test_set/baseline_vs_accMotion_for_quality_vis/MainPC__ds_UFireIndoorTest__mt_temp_method_motion_block__e1ccb7b889a0__20260421.145709
aihub__lb_smoke__0208.mp4;159;360;fire_smoke;/mnt/e/SyncData/paper2_main/datasets/UFireIndoorFull/test/test_firesmoke/aihub__lb_smoke__0208.mp4;smokeonly;/mnt/e/SyncData/paper2_main/zout/___reports/on_test_set/baseline_vs_accMotion_for_quality_vis/MainPC__ds_UFireIndoorTest__mt_no_temp_method__af4b0d32a3d2__20260330.205208;skipped;/mnt/e/SyncData/paper2_main/zout/___reports/on_test_set/baseline_vs_accMotion_for_quality_vis/MainPC__ds_UFireIndoorTest__mt_temp_method_motion_block__e1ccb7b889a0__20260421.145709
aihub__lb_smoke__0208.mp4;160;360;fire_smoke;/mnt/e/SyncData/paper2_main/datasets/UFireIndoorFull/test/test_firesmoke/aihub__lb_smoke__0208.mp4;smokeonly;/mnt/e/SyncData/paper2_main/zout/___reports/on_test_set/baseline_vs_accMotion_for_quality_vis/MainPC__ds_UFireIndoorTest__mt_no_temp_method__af4b0d32a3d2__20260330.205208;skipped;/mnt/e/SyncData/paper2_main/zout/___reports/on_test_set/baseline_vs_accMotion_for_quality_vis/MainPC__ds_UFireIndoorTest__mt_temp_method_motion_block__e1ccb7b889a0__20260421.145709
aihub__lb_smoke__0208.mp4;161;360;fire_smoke;/mnt/e/SyncData/paper2_main/datasets/UFireIndoorFull/test/test_firesmoke/aihub__lb_smoke__0208.mp4;smokeonly;/mnt/e/SyncData/paper2_main/zout/___reports/on_test_set/baseline_vs_accMotion_for_quality_vis/MainPC__ds_UFireIndoorTest__mt_no_temp_method__af4b0d32a3d2__20260330.205208;skipped;/mnt/e/SyncData/paper2_main/zout/___reports/on_test_set/baseline_vs_accMotion_for_quality_vis/MainPC__ds_UFireIndoorTest__mt_temp_method_motion_block__e1ccb7b889a0__20260421.145709
aihub__lb_smoke__0208.mp4;165;360;fire_smoke;/mnt/e/SyncData/paper2_main/datasets/UFireIndoorFull/test/test_firesmoke/aihub__lb_smoke__0208.mp4;none;/mnt/e/SyncData/paper2_main/zout/___reports/on_test_set/baseline_vs_accMotion_for_quality_vis/MainPC__ds_UFireIndoorTest__mt_no_temp_method__af4b0d32a3d2__20260330.205208;skipped;/mnt/e/SyncData/paper2_main/zout/___reports/on_test_set/baseline_vs_accMotion_for_quality_vis/MainPC__ds_UFireIndoorTest__mt_temp_method_motion_block__e1ccb7b889a0__20260421.145709
aihub__lb_smoke__0208.mp4;166;360;fire_smoke;/mnt/e/SyncData/paper2_main/datasets/UFireIndoorFull/test/test_firesmoke/aihub__lb_smoke__0208.mp4;none;/mnt/e/SyncData/paper2_main/zout/___reports/on_test_set/baseline_vs_accMotion_for_quality_vis/MainPC__ds_UFireIndoorTest__mt_no_temp_method__af4b0d32a3d2__20260330.205208;skipped;/mnt/e/SyncData/paper2_main/zout/___reports/on_test_set/baseline_vs_accMotion_for_quality_vis/MainPC__ds_UFireIndoorTest__mt_temp_method_motion_block__e1ccb7b889a0__20260421.145709
aihub__lb_smoke__0208.mp4;167;360;fire_smoke;/mnt/e/SyncData/paper2_main/datasets/UFireIndoorFull/test/test_firesmoke/aihub__lb_smoke__0208.mp4;none;/mnt/e/SyncData/paper2_main/zout/___reports/on_test_set/baseline_vs_accMotion_for_quality_vis/MainPC__ds_UFireIndoorTest__mt_no_temp_method__af4b0d32a3d2__20260330.205208;skipped;/mnt/e/SyncData/paper2_main/zout/___reports/on_test_set/baseline_vs_accMotion_for_quality_vis/MainPC__ds_UFireIndoorTest__mt_temp_method_motion_block__e1ccb7b889a0__20260421.145709
aihub__lb_smoke__0208.mp4;168;360;fire_smoke;/mnt/e/SyncData/paper2_main/datasets/UFireIndoorFull/test/test_firesmoke/aihub__lb_smoke__0208.mp4;none;/mnt/e/SyncData/paper2_main/zout/___reports/on_test_set/baseline_vs_accMotion_for_quality_vis/MainPC__ds_UFireIndoorTest__mt_no_temp_method__af4b0d32a3d2__20260330.205208;skipped;/mnt/e/SyncData/paper2_main/zout/___reports/on_test_set/baseline_vs_accMotion_for_quality_vis/MainPC__ds_UFireIndoorTest__mt_temp_method_motion_block__e1ccb7b889a0__20260421.145709
aihub__lb_smoke__0208.mp4;169;360;fire_smoke;/mnt/e/SyncData/paper2_main/datasets/UFireIndoorFull/test/test_firesmoke/aihub__lb_smoke__0208.mp4;smokeonly;/mnt/e/SyncData/paper2_main/zout/___reports/on_test_set/baseline_vs_accMotion_for_quality_vis/MainPC__ds_UFireIndoorTest__mt_no_temp_method__af4b0d32a3d2__20260330.205208;skipped;/mnt/e/SyncData/paper2_main/zout/___reports/on_test_set/baseline_vs_accMotion_for_quality_vis/MainPC__ds_UFireIndoorTest__mt_temp_method_motion_block__e1ccb7b889a0__20260421.145709
aihub__lb_smoke__0208.mp4;170;360;fire_smoke;/mnt/e/SyncData/paper2_main/datasets/UFireIndoorFull/test/test_firesmoke/aihub__lb_smoke__0208.mp4;smokeonly;/mnt/e/SyncData/paper2_main/zout/___reports/on_test_set/baseline_vs_accMotion_for_quality_vis/MainPC__ds_UFireIndoorTest__mt_no_temp_method__af4b0d32a3d2__20260330.205208;skipped;/mnt/e/SyncData/paper2_main/zout/___reports/on_test_set/baseline_vs_accMotion_for_quality_vis/MainPC__ds_UFireIndoorTest__mt_temp_method_motion_block__e1ccb7b889a0__20260421.145709
aihub__lb_smoke__0208.mp4;171;360;fire_smoke;/mnt/e/SyncData/paper2_main/datasets/UFireIndoorFull/test/test_firesmoke/aihub__lb_smoke__0208.mp4;smokeonly;/mnt/e/SyncData/paper2_main/zout/___reports/on_test_set/baseline_vs_accMotion_for_quality_vis/MainPC__ds_UFireIndoorTest__mt_no_temp_method__af4b0d32a3d2__20260330.205208;skipped;/mnt/e/SyncData/paper2_main/zout/___reports/on_test_set/baseline_vs_accMotion_for_quality_vis/MainPC__ds_UFireIndoorTest__mt_temp_method_motion_block__e1ccb7b889a0__20260421.145709
aihub__lb_smoke__0208.mp4;172;360;fire_smoke;/mnt/e/SyncData/paper2_main/datasets/UFireIndoorFull/test/test_firesmoke/aihub__lb_smoke__0208.mp4;smokeonly;/mnt/e/SyncData/paper2_main/zout/___reports/on_test_set/baseline_vs_accMotion_for_quality_vis/MainPC__ds_UFireIndoorTest__mt_no_temp_method__af4b0d32a3d2__20260330.205208;skipped;/mnt/e/SyncData/paper2_main/zout/___reports/on_test_set/baseline_vs_accMotion_for_quality_vis/MainPC__ds_UFireIndoorTest__mt_temp_method_motion_block__e1ccb7b889a0__20260421.145709
aihub__lb_smoke__0208.mp4;173;360;fire_smoke;/mnt/e/SyncData/paper2_main/datasets/UFireIndoorFull/test/test_firesmoke/aihub__lb_smoke__0208.mp4;smokeonly;/mnt/e/SyncData/paper2_main/zout/___reports/on_test_set/baseline_vs_accMotion_for_quality_vis/MainPC__ds_UFireIndoorTest__mt_no_temp_method__af4b0d32a3d2__20260330.205208;skipped;/mnt/e/SyncData/paper2_main/zout/___reports/on_test_set/baseline_vs_accMotion_for_quality_vis/MainPC__ds_UFireIndoorTest__mt_temp_method_motion_block__e1ccb7b889a0__20260421.145709
aihub__lb_smoke__0208.mp4;174;360;fire_smoke;/mnt/e/SyncData/paper2_main/datasets/UFireIndoorFull/test/test_firesmoke/aihub__lb_smoke__0208.mp4;smokeonly;/mnt/e/SyncData/paper2_main/zout/___reports/on_test_set/baseline_vs_accMotion_for_quality_vis/MainPC__ds_UFireIndoorTest__mt_no_temp_method__af4b0d32a3d2__20260330.205208;skipped;/mnt/e/SyncData/paper2_main/zout/___reports/on_test_set/baseline_vs_accMotion_for_quality_vis/MainPC__ds_UFireIndoorTest__mt_temp_method_motion_block__e1ccb7b889a0__20260421.145709
aihub__lb_smoke__0208.mp4;175;360;fire_smoke;/mnt/e/SyncData/paper2_main/datasets/UFireIndoorFull/test/test_firesmoke/aihub__lb_smoke__0208.mp4;smokeonly;/mnt/e/SyncData/paper2_main/zout/___reports/on_test_set/baseline_vs_accMotion_for_quality_vis/MainPC__ds_UFireIndoorTest__mt_no_temp_method__af4b0d32a3d2__20260330.205208;skipped;/mnt/e/SyncData/paper2_main/zout/___reports/on_test_set/baseline_vs_accMotion_for_quality_vis/MainPC__ds_UFireIndoorTest__mt_temp_method_motion_block__e1ccb7b889a0__20260421.145709
aihub__lb_smoke__0208.mp4;176;360;fire_smoke;/mnt/e/SyncData/paper2_main/datasets/UFireIndoorFull/test/test_firesmoke/aihub__lb_smoke__0208.mp4;smokeonly;/mnt/e/SyncData/paper2_main/zout/___reports/on_test_set/baseline_vs_accMotion_for_quality_vis/MainPC__ds_UFireIndoorTest__mt_no_temp_method__af4b0d32a3d2__20260330.205208;skipped;/mnt/e/SyncData/paper2_main/zout/___reports/on_test_set/baseline_vs_accMotion_for_quality_vis/MainPC__ds_UFireIndoorTest__mt_temp_method_motion_block__e1ccb7b889a0__20260421.145709
aihub__lb_smoke__0208.mp4;177;360;fire_smoke;/mnt/e/SyncData/paper2_main/datasets/UFireIndoorFull/test/test_firesmoke/aihub__lb_smoke__0208.mp4;smokeonly;/mnt/e/SyncData/paper2_main/zout/___reports/on_test_set/baseline_vs_accMotion_for_quality_vis/MainPC__ds_UFireIndoorTest__mt_no_temp_method__af4b0d32a3d2__20260330.205208;skipped;/mnt/e/SyncData/paper2_main/zout/___reports/on_test_set/baseline_vs_accMotion_for_quality_vis/MainPC__ds_UFireIndoorTest__mt_temp_method_motion_block__e1ccb7b889a0__20260421.145709
aihub__lb_smoke__0208.mp4;178;360;fire_smoke;/mnt/e/SyncData/paper2_main/datasets/UFireIndoorFull/test/test_firesmoke/aihub__lb_smoke__0208.mp4;smokeonly;/mnt/e/SyncData/paper2_main/zout/___reports/on_test_set/baseline_vs_accMotion_for_quality_vis/MainPC__ds_UFireIndoorTest__mt_no_temp_method__af4b0d32a3d2__20260330.205208;skipped;/mnt/e/SyncData/paper2_main/zout/___reports/on_test_set/baseline_vs_accMotion_for_quality_vis/MainPC__ds_UFireIndoorTest__mt_temp_method_motion_block__e1ccb7b889a0__20260421.145709
aihub__lb_smoke__0208.mp4;179;360;fire_smoke;/mnt/e/SyncData/paper2_main/datasets/UFireIndoorFull/test/test_firesmoke/aihub__lb_smoke__0208.mp4;smokeonly;/mnt/e/SyncData/paper2_main/zout/___reports/on_test_set/baseline_vs_accMotion_for_quality_vis/MainPC__ds_UFireIndoorTest__mt_no_temp_method__af4b0d32a3d2__20260330.205208;skipped;/mnt/e/SyncData/paper2_main/zout/___reports/on_test_set/baseline_vs_accMotion_for_quality_vis/MainPC__ds_UFireIndoorTest__mt_temp_method_motion_block__e1ccb7b889a0__20260421.145709
aihub__lb_smoke__0208.mp4;180;360;fire_smoke;/mnt/e/SyncData/paper2_main/datasets/UFireIndoorFull/test/test_firesmoke/aihub__lb_smoke__0208.mp4;smokeonly;/mnt/e/SyncData/paper2_main/zout/___reports/on_test_set/baseline_vs_accMotion_for_quality_vis/MainPC__ds_UFireIndoorTest__mt_no_temp_method__af4b0d32a3d2__20260330.205208;skipped;/mnt/e/SyncData/paper2_main/zout/___reports/on_test_set/baseline_vs_accMotion_for_quality_vis/MainPC__ds_UFireIndoorTest__mt_temp_method_motion_block__e1ccb7b889a0__20260421.145709
aihub__lb_smoke__0208.mp4;181;360;fire_smoke;/mnt/e/SyncData/paper2_main/datasets/UFireIndoorFull/test/test_firesmoke/aihub__lb_smoke__0208.mp4;smokeonly;/mnt/e/SyncData/paper2_main/zout/___reports/on_test_set/baseline_vs_accMotion_for_quality_vis/MainPC__ds_UFireIndoorTest__mt_no_temp_method__af4b0d32a3d2__20260330.205208;skipped;/mnt/e/SyncData/paper2_main/zout/___reports/on_test_set/baseline_vs_accMotion_for_quality_vis/MainPC__ds_UFireIndoorTest__mt_temp_method_motion_block__e1ccb7b889a0__20260421.145709
aihub__lb_smoke__0208.mp4;182;360;fire_smoke;/mnt/e/SyncData/paper2_main/datasets/UFireIndoorFull/test/test_firesmoke/aihub__lb_smoke__0208.mp4;smokeonly;/mnt/e/SyncData/paper2_main/zout/___reports/on_test_set/baseline_vs_accMotion_for_quality_vis/MainPC__ds_UFireIndoorTest__mt_no_temp_method__af4b0d32a3d2__20260330.205208;skipped;/mnt/e/SyncData/paper2_main/zout/___reports/on_test_set/baseline_vs_accMotion_for_quality_vis/MainPC__ds_UFireIndoorTest__mt_temp_method_motion_block__e1ccb7b889a0__20260421.145709
aihub__lb_smoke__0208.mp4;183;360;fire_smoke;/mnt/e/SyncData/paper2_main/datasets/UFireIndoorFull/test/test_firesmoke/aihub__lb_smoke__0208.mp4;smokeonly;/mnt/e/SyncData/paper2_main/zout/___reports/on_test_set/baseline_vs_accMotion_for_quality_vis/MainPC__ds_UFireIndoorTest__mt_no_temp_method__af4b0d32a3d2__20260330.205208;skipped;/mnt/e/SyncData/paper2_main/zout/___reports/on_test_set/baseline_vs_accMotion_for_quality_vis/MainPC__ds_UFireIndoorTest__mt_temp_method_motion_block__e1ccb7b889a0__20260421.145709
aihub__lb_smoke__0208.mp4;184;360;fire_smoke;/mnt/e/SyncData/paper2_main/datasets/UFireIndoorFull/test/test_firesmoke/aihub__lb_smoke__0208.mp4;smokeonly;/mnt/e/SyncData/paper2_main/zout/___reports/on_test_set/baseline_vs_accMotion_for_quality_vis/MainPC__ds_UFireIndoorTest__mt_no_temp_method__af4b0d32a3d2__20260330.205208;skipped;/mnt/e/SyncData/paper2_main/zout/___reports/on_test_set/baseline_vs_accMotion_for_quality_vis/MainPC__ds_UFireIndoorTest__mt_temp_method_motion_block__e1ccb7b889a0__20260421.145709
aihub__lb_smoke__0208.mp4;185;360;fire_smoke;/mnt/e/SyncData/paper2_main/datasets/UFireIndoorFull/test/test_firesmoke/aihub__lb_smoke__0208.mp4;smokeonly;/mnt/e/SyncData/paper2_main/zout/___reports/on_test_set/baseline_vs_accMotion_for_quality_vis/MainPC__ds_UFireIndoorTest__mt_no_temp_method__af4b0d32a3d2__20260330.205208;skipped;/mnt/e/SyncData/paper2_main/zout/___reports/on_test_set/baseline_vs_accMotion_for_quality_vis/MainPC__ds_UFireIndoorTest__mt_temp_method_motion_block__e1ccb7b889a0__20260421.145709
aihub__lb_smoke__0208.mp4;186;360;fire_smoke;/mnt/e/SyncData/paper2_main/datasets/UFireIndoorFull/test/test_firesmoke/aihub__lb_smoke__0208.mp4;smokeonly;/mnt/e/SyncData/paper2_main/zout/___reports/on_test_set/baseline_vs_accMotion_for_quality_vis/MainPC__ds_UFireIndoorTest__mt_no_temp_method__af4b0d32a3d2__20260330.205208;skipped;/mnt/e/SyncData/paper2_main/zout/___reports/on_test_set/baseline_vs_accMotion_for_quality_vis/MainPC__ds_UFireIndoorTest__mt_temp_method_motion_block__e1ccb7b889a0__20260421.145709
aihub__lb_smoke__0208.mp4;187;360;fire_smoke;/mnt/e/SyncData/paper2_main/datasets/UFireIndoorFull/test/test_firesmoke/aihub__lb_smoke__0208.mp4;smokeonly;/mnt/e/SyncData/paper2_main/zout/___reports/on_test_set/baseline_vs_accMotion_for_quality_vis/MainPC__ds_UFireIndoorTest__mt_no_temp_method__af4b0d32a3d2__20260330.205208;skipped;/mnt/e/SyncData/paper2_main/zout/___reports/on_test_set/baseline_vs_accMotion_for_quality_vis/MainPC__ds_UFireIndoorTest__mt_temp_method_motion_block__e1ccb7b889a0__20260421.145709
aihub__lb_smoke__0208.mp4;188;360;fire_smoke;/mnt/e/SyncData/paper2_main/datasets/UFireIndoorFull/test/test_firesmoke/aihub__lb_smoke__0208.mp4;smokeonly;/mnt/e/SyncData/paper2_main/zout/___reports/on_test_set/baseline_vs_accMotion_for_quality_vis/MainPC__ds_UFireIndoorTest__mt_no_temp_method__af4b0d32a3d2__20260330.205208;skipped;/mnt/e/SyncData/paper2_main/zout/___reports/on_test_set/baseline_vs_accMotion_for_quality_vis/MainPC__ds_UFireIndoorTest__mt_temp_method_motion_block__e1ccb7b889a0__20260421.145709
aihub__lb_smoke__0208.mp4;189;360;fire_smoke;/mnt/e/SyncData/paper2_main/datasets/UFireIndoorFull/test/test_firesmoke/aihub__lb_smoke__0208.mp4;smokeonly;/mnt/e/SyncData/paper2_main/zout/___reports/on_test_set/baseline_vs_accMotion_for_quality_vis/MainPC__ds_UFireIndoorTest__mt_no_temp_method__af4b0d32a3d2__20260330.205208;skipped;/mnt/e/SyncData/paper2_main/zout/___reports/on_test_set/baseline_vs_accMotion_for_quality_vis/MainPC__ds_UFireIndoorTest__mt_temp_method_motion_block__e1ccb7b889a0__20260421.145709
aihub__lb_smoke__0208.mp4;190;360;fire_smoke;/mnt/e/SyncData/paper2_main/datasets/UFireIndoorFull/test/test_firesmoke/aihub__lb_smoke__0208.mp4;smokeonly;/mnt/e/SyncData/paper2_main/zout/___reports/on_test_set/baseline_vs_accMotion_for_quality_vis/MainPC__ds_UFireIndoorTest__mt_no_temp_method__af4b0d32a3d2__20260330.205208;skipped;/mnt/e/SyncData/paper2_main/zout/___reports/on_test_set/baseline_vs_accMotion_for_quality_vis/MainPC__ds_UFireIndoorTest__mt_temp_method_motion_block__e1ccb7b889a0__20260421.145709
aihub__lb_smoke__0208.mp4;191;360;fire_smoke;/mnt/e/SyncData/paper2_main/datasets/UFireIndoorFull/test/test_firesmoke/aihub__lb_smoke__0208.mp4;smokeonly;/mnt/e/SyncData/paper2_main/zout/___reports/on_test_set/baseline_vs_accMotion_for_quality_vis/MainPC__ds_UFireIndoorTest__mt_no_temp_method__af4b0d32a3d2__20260330.205208;skipped;/mnt/e/SyncData/paper2_main/zout/___reports/on_test_set/baseline_vs_accMotion_for_quality_vis/MainPC__ds_UFireIndoorTest__mt_temp_method_motion_block__e1ccb7b889a0__20260421.145709
aihub__lb_smoke__0208.mp4;192;360;fire_smoke;/mnt/e/SyncData/paper2_main/datasets/UFireIndoorFull/test/test_firesmoke/aihub__lb_smoke__0208.mp4;smokeonly;/mnt/e/SyncData/paper2_main/zout/___reports/on_test_set/baseline_vs_accMotion_for_quality_vis/MainPC__ds_UFireIndoorTest__mt_no_temp_method__af4b0d32a3d2__20260330.205208;skipped;/mnt/e/SyncData/paper2_main/zout/___reports/on_test_set/baseline_vs_accMotion_for_quality_vis/MainPC__ds_UFireIndoorTest__mt_temp_method_motion_block__e1ccb7b889a0__20260421.145709
aihub__lb_smoke__0208.mp4;195;360;fire_smoke;/mnt/e/SyncData/paper2_main/datasets/UFireIndoorFull/test/test_firesmoke/aihub__lb_smoke__0208.mp4;smokeonly;/mnt/e/SyncData/paper2_main/zout/___reports/on_test_set/baseline_vs_accMotion_for_quality_vis/MainPC__ds_UFireIndoorTest__mt_no_temp_method__af4b0d32a3d2__20260330.205208;skipped;/mnt/e/SyncData/paper2_main/zout/___reports/on_test_set/baseline_vs_accMotion_for_quality_vis/MainPC__ds_UFireIndoorTest__mt_temp_method_motion_block__e1ccb7b889a0__20260421.145709
aihub__lb_smoke__0208.mp4;196;360;fire_smoke;/mnt/e/SyncData/paper2_main/datasets/UFireIndoorFull/test/test_firesmoke/aihub__lb_smoke__0208.mp4;smokeonly;/mnt/e/SyncData/paper2_main/zout/___reports/on_test_set/baseline_vs_accMotion_for_quality_vis/MainPC__ds_UFireIndoorTest__mt_no_temp_method__af4b0d32a3d2__20260330.205208;skipped;/mnt/e/SyncData/paper2_main/zout/___reports/on_test_set/baseline_vs_accMotion_for_quality_vis/MainPC__ds_UFireIndoorTest__mt_temp_method_motion_block__e1ccb7b889a0__20260421.145709
aihub__lb_smoke__0208.mp4;197;360;fire_smoke;/mnt/e/SyncData/paper2_main/datasets/UFireIndoorFull/test/test_firesmoke/aihub__lb_smoke__0208.mp4;smokeonly;/mnt/e/SyncData/paper2_main/zout/___reports/on_test_set/baseline_vs_accMotion_for_quality_vis/MainPC__ds_UFireIndoorTest__mt_no_temp_method__af4b0d32a3d2__20260330.205208;skipped;/mnt/e/SyncData/paper2_main/zout/___reports/on_test_set/baseline_vs_accMotion_for_quality_vis/MainPC__ds_UFireIndoorTest__mt_temp_method_motion_block__e1ccb7b889a0__20260421.145709
aihub__lb_smoke__0208.mp4;198;360;fire_smoke;/mnt/e/SyncData/paper2_main/datasets/UFireIndoorFull/test/test_firesmoke/aihub__lb_smoke__0208.mp4;smokeonly;/mnt/e/SyncData/paper2_main/zout/___reports/on_test_set/baseline_vs_accMotion_for_quality_vis/MainPC__ds_UFireIndoorTest__mt_no_temp_method__af4b0d32a3d2__20260330.205208;skipped;/mnt/e/SyncData/paper2_main/zout/___reports/on_test_set/baseline_vs_accMotion_for_quality_vis/MainPC__ds_UFireIndoorTest__mt_temp_method_motion_block__e1ccb7b889a0__20260421.145709
aihub__lb_smoke__0208.mp4;199;360;fire_smoke;/mnt/e/SyncData/paper2_main/datasets/UFireIndoorFull/test/test_firesmoke/aihub__lb_smoke__0208.mp4;smokeonly;/mnt/e/SyncData/paper2_main/zout/___reports/on_test_set/baseline_vs_accMotion_for_quality_vis/MainPC__ds_UFireIndoorTest__mt_no_temp_method__af4b0d32a3d2__20260330.205208;skipped;/mnt/e/SyncData/paper2_main/zout/___reports/on_test_set/baseline_vs_accMotion_for_quality_vis/MainPC__ds_UFireIndoorTest__mt_temp_method_motion_block__e1ccb7b889a0__20260421.145709
aihub__lb_smoke__0208.mp4;200;360;fire_smoke;/mnt/e/SyncData/paper2_main/datasets/UFireIndoorFull/test/test_firesmoke/aihub__lb_smoke__0208.mp4;smokeonly;/mnt/e/SyncData/paper2_main/zout/___reports/on_test_set/baseline_vs_accMotion_for_quality_vis/MainPC__ds_UFireIndoorTest__mt_no_temp_method__af4b0d32a3d2__20260330.205208;skipped;/mnt/e/SyncData/paper2_main/zout/___reports/on_test_set/baseline_vs_accMotion_for_quality_vis/MainPC__ds_UFireIndoorTest__mt_temp_method_motion_block__e1ccb7b889a0__20260421.145709
aihub__lb_smoke__0208.mp4;201;360;fire_smoke;/mnt/e/SyncData/paper2_main/datasets/UFireIndoorFull/test/test_firesmoke/aihub__lb_smoke__0208.mp4;smokeonly;/mnt/e/SyncData/paper2_main/zout/___reports/on_test_set/baseline_vs_accMotion_for_quality_vis/MainPC__ds_UFireIndoorTest__mt_no_temp_method__af4b0d32a3d2__20260330.205208;skipped;/mnt/e/SyncData/paper2_main/zout/___reports/on_test_set/baseline_vs_accMotion_for_quality_vis/MainPC__ds_UFireIndoorTest__mt_temp_method_motion_block__e1ccb7b889a0__20260421.145709
aihub__lb_smoke__0208.mp4;202;360;fire_smoke;/mnt/e/SyncData/paper2_main/datasets/UFireIndoorFull/test/test_firesmoke/aihub__lb_smoke__0208.mp4;smokeonly;/mnt/e/SyncData/paper2_main/zout/___reports/on_test_set/baseline_vs_accMotion_for_quality_vis/MainPC__ds_UFireIndoorTest__mt_no_temp_method__af4b0d32a3d2__20260330.205208;skipped;/mnt/e/SyncData/paper2_main/zout/___reports/on_test_set/baseline_vs_accMotion_for_quality_vis/MainPC__ds_UFireIndoorTest__mt_temp_method_motion_block__e1ccb7b889a0__20260421.145709
aihub__lb_smoke__0208.mp4;203;360;fire_smoke;/mnt/e/SyncData/paper2_main/datasets/UFireIndoorFull/test/test_firesmoke/aihub__lb_smoke__0208.mp4;smokeonly;/mnt/e/SyncData/paper2_main/zout/___reports/on_test_set/baseline_vs_accMotion_for_quality_vis/MainPC__ds_UFireIndoorTest__mt_no_temp_method__af4b0d32a3d2__20260330.205208;skipped;/mnt/e/SyncData/paper2_main/zout/___reports/on_test_set/baseline_vs_accMotion_for_quality_vis/MainPC__ds_UFireIndoorTest__mt_temp_method_motion_block__e1ccb7b889a0__20260421.145709
aihub__lb_smoke__0208.mp4;204;360;fire_smoke;/mnt/e/SyncData/paper2_main/datasets/UFireIndoorFull/test/test_firesmoke/aihub__lb_smoke__0208.mp4;smokeonly;/mnt/e/SyncData/paper2_main/zout/___reports/on_test_set/baseline_vs_accMotion_for_quality_vis/MainPC__ds_UFireIndoorTest__mt_no_temp_method__af4b0d32a3d2__20260330.205208;skipped;/mnt/e/SyncData/paper2_main/zout/___reports/on_test_set/baseline_vs_accMotion_for_quality_vis/MainPC__ds_UFireIndoorTest__mt_temp_method_motion_block__e1ccb7b889a0__20260421.145709
aihub__lb_smoke__0208.mp4;205;360;fire_smoke;/mnt/e/SyncData/paper2_main/datasets/UFireIndoorFull/test/test_firesmoke/aihub__lb_smoke__0208.mp4;smokeonly;/mnt/e/SyncData/paper2_main/zout/___reports/on_test_set/baseline_vs_accMotion_for_quality_vis/MainPC__ds_UFireIndoorTest__mt_no_temp_method__af4b0d32a3d2__20260330.205208;skipped;/mnt/e/SyncData/paper2_main/zout/___reports/on_test_set/baseline_vs_accMotion_for_quality_vis/MainPC__ds_UFireIndoorTest__mt_temp_method_motion_block__e1ccb7b889a0__20260421.145709
aihub__lb_smoke__0208.mp4;206;360;fire_smoke;/mnt/e/SyncData/paper2_main/datasets/UFireIndoorFull/test/test_firesmoke/aihub__lb_smoke__0208.mp4;smokeonly;/mnt/e/SyncData/paper2_main/zout/___reports/on_test_set/baseline_vs_accMotion_for_quality_vis/MainPC__ds_UFireIndoorTest__mt_no_temp_method__af4b0d32a3d2__20260330.205208;skipped;/mnt/e/SyncData/paper2_main/zout/___reports/on_test_set/baseline_vs_accMotion_for_quality_vis/MainPC__ds_UFireIndoorTest__mt_temp_method_motion_block__e1ccb7b889a0__20260421.145709
aihub__lb_smoke__0208.mp4;207;360;fire_smoke;/mnt/e/SyncData/paper2_main/datasets/UFireIndoorFull/test/test_firesmoke/aihub__lb_smoke__0208.mp4;smokeonly;/mnt/e/SyncData/paper2_main/zout/___reports/on_test_set/baseline_vs_accMotion_for_quality_vis/MainPC__ds_UFireIndoorTest__mt_no_temp_method__af4b0d32a3d2__20260330.205208;skipped;/mnt/e/SyncData/paper2_main/zout/___reports/on_test_set/baseline_vs_accMotion_for_quality_vis/MainPC__ds_UFireIndoorTest__mt_temp_method_motion_block__e1ccb7b889a0__20260421.145709
aihub__lb_smoke__0208.mp4;208;360;fire_smoke;/mnt/e/SyncData/paper2_main/datasets/UFireIndoorFull/test/test_firesmoke/aihub__lb_smoke__0208.mp4;smokeonly;/mnt/e/SyncData/paper2_main/zout/___reports/on_test_set/baseline_vs_accMotion_for_quality_vis/MainPC__ds_UFireIndoorTest__mt_no_temp_method__af4b0d32a3d2__20260330.205208;skipped;/mnt/e/SyncData/paper2_main/zout/___reports/on_test_set/baseline_vs_accMotion_for_quality_vis/MainPC__ds_UFireIndoorTest__mt_temp_method_motion_block__e1ccb7b889a0__20260421.145709
aihub__lb_smoke__0208.mp4;209;360;fire_smoke;/mnt/e/SyncData/paper2_main/datasets/UFireIndoorFull/test/test_firesmoke/aihub__lb_smoke__0208.mp4;smokeonly;/mnt/e/SyncData/paper2_main/zout/___reports/on_test_set/baseline_vs_accMotion_for_quality_vis/MainPC__ds_UFireIndoorTest__mt_no_temp_method__af4b0d32a3d2__20260330.205208;skipped;/mnt/e/SyncData/paper2_main/zout/___reports/on_test_set/baseline_vs_accMotion_for_quality_vis/MainPC__ds_UFireIndoorTest__mt_temp_method_motion_block__e1ccb7b889a0__20260421.145709
aihub__lb_smoke__0208.mp4;210;360;fire_smoke;/mnt/e/SyncData/paper2_main/datasets/UFireIndoorFull/test/test_firesmoke/aihub__lb_smoke__0208.mp4;smokeonly;/mnt/e/SyncData/paper2_main/zout/___reports/on_test_set/baseline_vs_accMotion_for_quality_vis/MainPC__ds_UFireIndoorTest__mt_no_temp_method__af4b0d32a3d2__20260330.205208;skipped;/mnt/e/SyncData/paper2_main/zout/___reports/on_test_set/baseline_vs_accMotion_for_quality_vis/MainPC__ds_UFireIndoorTest__mt_temp_method_motion_block__e1ccb7b889a0__20260421.145709
aihub__lb_smoke__0208.mp4;211;360;fire_smoke;/mnt/e/SyncData/paper2_main/datasets/UFireIndoorFull/test/test_firesmoke/aihub__lb_smoke__0208.mp4;smokeonly;/mnt/e/SyncData/paper2_main/zout/___reports/on_test_set/baseline_vs_accMotion_for_quality_vis/MainPC__ds_UFireIndoorTest__mt_no_temp_method__af4b0d32a3d2__20260330.205208;skipped;/mnt/e/SyncData/paper2_main/zout/___reports/on_test_set/baseline_vs_accMotion_for_quality_vis/MainPC__ds_UFireIndoorTest__mt_temp_method_motion_block__e1ccb7b889a0__20260421.145709
aihub__lb_smoke__0208.mp4;212;360;fire_smoke;/mnt/e/SyncData/paper2_main/datasets/UFireIndoorFull/test/test_firesmoke/aihub__lb_smoke__0208.mp4;smokeonly;/mnt/e/SyncData/paper2_main/zout/___reports/on_test_set/baseline_vs_accMotion_for_quality_vis/MainPC__ds_UFireIndoorTest__mt_no_temp_method__af4b0d32a3d2__20260330.205208;skipped;/mnt/e/SyncData/paper2_main/zout/___reports/on_test_set/baseline_vs_accMotion_for_quality_vis/MainPC__ds_UFireIndoorTest__mt_temp_method_motion_block__e1ccb7b889a0__20260421.145709
aihub__lb_smoke__0208.mp4;213;360;fire_smoke;/mnt/e/SyncData/paper2_main/datasets/UFireIndoorFull/test/test_firesmoke/aihub__lb_smoke__0208.mp4;smokeonly;/mnt/e/SyncData/paper2_main/zout/___reports/on_test_set/baseline_vs_accMotion_for_quality_vis/MainPC__ds_UFireIndoorTest__mt_no_temp_method__af4b0d32a3d2__20260330.205208;skipped;/mnt/e/SyncData/paper2_main/zout/___reports/on_test_set/baseline_vs_accMotion_for_quality_vis/MainPC__ds_UFireIndoorTest__mt_temp_method_motion_block__e1ccb7b889a0__20260421.145709
aihub__lb_smoke__0208.mp4;214;360;fire_smoke;/mnt/e/SyncData/paper2_main/datasets/UFireIndoorFull/test/test_firesmoke/aihub__lb_smoke__0208.mp4;smokeonly;/mnt/e/SyncData/paper2_main/zout/___reports/on_test_set/baseline_vs_accMotion_for_quality_vis/MainPC__ds_UFireIndoorTest__mt_no_temp_method__af4b0d32a3d2__20260330.205208;skipped;/mnt/e/SyncData/paper2_main/zout/___reports/on_test_set/baseline_vs_accMotion_for_quality_vis/MainPC__ds_UFireIndoorTest__mt_temp_method_motion_block__e1ccb7b889a0__20260421.145709
aihub__lb_smoke__0208.mp4;215;360;fire_smoke;/mnt/e/SyncData/paper2_main/datasets/UFireIndoorFull/test/test_firesmoke/aihub__lb_smoke__0208.mp4;smokeonly;/mnt/e/SyncData/paper2_main/zout/___reports/on_test_set/baseline_vs_accMotion_for_quality_vis/MainPC__ds_UFireIndoorTest__mt_no_temp_method__af4b0d32a3d2__20260330.205208;skipped;/mnt/e/SyncData/paper2_main/zout/___reports/on_test_set/baseline_vs_accMotion_for_quality_vis/MainPC__ds_UFireIndoorTest__mt_temp_method_motion_block__e1ccb7b889a0__20260421.145709
aihub__lb_smoke__0208.mp4;216;360;fire_smoke;/mnt/e/SyncData/paper2_main/datasets/UFireIndoorFull/test/test_firesmoke/aihub__lb_smoke__0208.mp4;smokeonly;/mnt/e/SyncData/paper2_main/zout/___reports/on_test_set/baseline_vs_accMotion_for_quality_vis/MainPC__ds_UFireIndoorTest__mt_no_temp_method__af4b0d32a3d2__20260330.205208;skipped;/mnt/e/SyncData/paper2_main/zout/___reports/on_test_set/baseline_vs_accMotion_for_quality_vis/MainPC__ds_UFireIndoorTest__mt_temp_method_motion_block__e1ccb7b889a0__20260421.145709
aihub__lb_smoke__0208.mp4;217;360;fire_smoke;/mnt/e/SyncData/paper2_main/datasets/UFireIndoorFull/test/test_firesmoke/aihub__lb_smoke__0208.mp4;smokeonly;/mnt/e/SyncData/paper2_main/zout/___reports/on_test_set/baseline_vs_accMotion_for_quality_vis/MainPC__ds_UFireIndoorTest__mt_no_temp_method__af4b0d32a3d2__20260330.205208;skipped;/mnt/e/SyncData/paper2_main/zout/___reports/on_test_set/baseline_vs_accMotion_for_quality_vis/MainPC__ds_UFireIndoorTest__mt_temp_method_motion_block__e1ccb7b889a0__20260421.145709
aihub__lb_smoke__0208.mp4;218;360;fire_smoke;/mnt/e/SyncData/paper2_main/datasets/UFireIndoorFull/test/test_firesmoke/aihub__lb_smoke__0208.mp4;smokeonly;/mnt/e/SyncData/paper2_main/zout/___reports/on_test_set/baseline_vs_accMotion_for_quality_vis/MainPC__ds_UFireIndoorTest__mt_no_temp_method__af4b0d32a3d2__20260330.205208;skipped;/mnt/e/SyncData/paper2_main/zout/___reports/on_test_set/baseline_vs_accMotion_for_quality_vis/MainPC__ds_UFireIndoorTest__mt_temp_method_motion_block__e1ccb7b889a0__20260421.145709
aihub__lb_smoke__0208.mp4;219;360;fire_smoke;/mnt/e/SyncData/paper2_main/datasets/UFireIndoorFull/test/test_firesmoke/aihub__lb_smoke__0208.mp4;smokeonly;/mnt/e/SyncData/paper2_main/zout/___reports/on_test_set/baseline_vs_accMotion_for_quality_vis/MainPC__ds_UFireIndoorTest__mt_no_temp_method__af4b0d32a3d2__20260330.205208;skipped;/mnt/e/SyncData/paper2_main/zout/___reports/on_test_set/baseline_vs_accMotion_for_quality_vis/MainPC__ds_UFireIndoorTest__mt_temp_method_motion_block__e1ccb7b889a0__20260421.145709
aihub__lb_smoke__0208.mp4;220;360;fire_smoke;/mnt/e/SyncData/paper2_main/datasets/UFireIndoorFull/test/test_firesmoke/aihub__lb_smoke__0208.mp4;smokeonly;/mnt/e/SyncData/paper2_main/zout/___reports/on_test_set/baseline_vs_accMotion_for_quality_vis/MainPC__ds_UFireIndoorTest__mt_no_temp_method__af4b0d32a3d2__20260330.205208;skipped;/mnt/e/SyncData/paper2_main/zout/___reports/on_test_set/baseline_vs_accMotion_for_quality_vis/MainPC__ds_UFireIndoorTest__mt_temp_method_motion_block__e1ccb7b889a0__20260421.145709
aihub__lb_smoke__0208.mp4;221;360;fire_smoke;/mnt/e/SyncData/paper2_main/datasets/UFireIndoorFull/test/test_firesmoke/aihub__lb_smoke__0208.mp4;none;/mnt/e/SyncData/paper2_main/zout/___reports/on_test_set/baseline_vs_accMotion_for_quality_vis/MainPC__ds_UFireIndoorTest__mt_no_temp_method__af4b0d32a3d2__20260330.205208;skipped;/mnt/e/SyncData/paper2_main/zout/___reports/on_test_set/baseline_vs_accMotion_for_quality_vis/MainPC__ds_UFireIndoorTest__mt_temp_method_motion_block__e1ccb7b889a0__20260421.145709
aihub__lb_smoke__0208.mp4;222;360;fire_smoke;/mnt/e/SyncData/paper2_main/datasets/UFireIndoorFull/test/test_firesmoke/aihub__lb_smoke__0208.mp4;none;/mnt/e/SyncData/paper2_main/zout/___reports/on_test_set/baseline_vs_accMotion_for_quality_vis/MainPC__ds_UFireIndoorTest__mt_no_temp_method__af4b0d32a3d2__20260330.205208;skipped;/mnt/e/SyncData/paper2_main/zout/___reports/on_test_set/baseline_vs_accMotion_for_quality_vis/MainPC__ds_UFireIndoorTest__mt_temp_method_motion_block__e1ccb7b889a0__20260421.145709
aihub__lb_smoke__0208.mp4;223;360;fire_smoke;/mnt/e/SyncData/paper2_main/datasets/UFireIndoorFull/test/test_firesmoke/aihub__lb_smoke__0208.mp4;smokeonly;/mnt/e/SyncData/paper2_main/zout/___reports/on_test_set/baseline_vs_accMotion_for_quality_vis/MainPC__ds_UFireIndoorTest__mt_no_temp_method__af4b0d32a3d2__20260330.205208;skipped;/mnt/e/SyncData/paper2_main/zout/___reports/on_test_set/baseline_vs_accMotion_for_quality_vis/MainPC__ds_UFireIndoorTest__mt_temp_method_motion_block__e1ccb7b889a0__20260421.145709
aihub__lb_smoke__0208.mp4;225;360;fire_smoke;/mnt/e/SyncData/paper2_main/datasets/UFireIndoorFull/test/test_firesmoke/aihub__lb_smoke__0208.mp4;smokeonly;/mnt/e/SyncData/paper2_main/zout/___reports/on_test_set/baseline_vs_accMotion_for_quality_vis/MainPC__ds_UFireIndoorTest__mt_no_temp_method__af4b0d32a3d2__20260330.205208;skipped;/mnt/e/SyncData/paper2_main/zout/___reports/on_test_set/baseline_vs_accMotion_for_quality_vis/MainPC__ds_UFireIndoorTest__mt_temp_method_motion_block__e1ccb7b889a0__20260421.145709
aihub__lb_smoke__0208.mp4;226;360;fire_smoke;/mnt/e/SyncData/paper2_main/datasets/UFireIndoorFull/test/test_firesmoke/aihub__lb_smoke__0208.mp4;smokeonly;/mnt/e/SyncData/paper2_main/zout/___reports/on_test_set/baseline_vs_accMotion_for_quality_vis/MainPC__ds_UFireIndoorTest__mt_no_temp_method__af4b0d32a3d2__20260330.205208;skipped;/mnt/e/SyncData/paper2_main/zout/___reports/on_test_set/baseline_vs_accMotion_for_quality_vis/MainPC__ds_UFireIndoorTest__mt_temp_method_motion_block__e1ccb7b889a0__20260421.145709
aihub__lb_smoke__0208.mp4;227;360;fire_smoke;/mnt/e/SyncData/paper2_main/datasets/UFireIndoorFull/test/test_firesmoke/aihub__lb_smoke__0208.mp4;smokeonly;/mnt/e/SyncData/paper2_main/zout/___reports/on_test_set/baseline_vs_accMotion_for_quality_vis/MainPC__ds_UFireIndoorTest__mt_no_temp_method__af4b0d32a3d2__20260330.205208;skipped;/mnt/e/SyncData/paper2_main/zout/___reports/on_test_set/baseline_vs_accMotion_for_quality_vis/MainPC__ds_UFireIndoorTest__mt_temp_method_motion_block__e1ccb7b889a0__20260421.145709
aihub__lb_smoke__0208.mp4;228;360;fire_smoke;/mnt/e/SyncData/paper2_main/datasets/UFireIndoorFull/test/test_firesmoke/aihub__lb_smoke__0208.mp4;smokeonly;/mnt/e/SyncData/paper2_main/zout/___reports/on_test_set/baseline_vs_accMotion_for_quality_vis/MainPC__ds_UFireIndoorTest__mt_no_temp_method__af4b0d32a3d2__20260330.205208;skipped;/mnt/e/SyncData/paper2_main/zout/___reports/on_test_set/baseline_vs_accMotion_for_quality_vis/MainPC__ds_UFireIndoorTest__mt_temp_method_motion_block__e1ccb7b889a0__20260421.145709
aihub__lb_smoke__0208.mp4;229;360;fire_smoke;/mnt/e/SyncData/paper2_main/datasets/UFireIndoorFull/test/test_firesmoke/aihub__lb_smoke__0208.mp4;smokeonly;/mnt/e/SyncData/paper2_main/zout/___reports/on_test_set/baseline_vs_accMotion_for_quality_vis/MainPC__ds_UFireIndoorTest__mt_no_temp_method__af4b0d32a3d2__20260330.205208;skipped;/mnt/e/SyncData/paper2_main/zout/___reports/on_test_set/baseline_vs_accMotion_for_quality_vis/MainPC__ds_UFireIndoorTest__mt_temp_method_motion_block__e1ccb7b889a0__20260421.145709
aihub__lb_smoke__0208.mp4;230;360;fire_smoke;/mnt/e/SyncData/paper2_main/datasets/UFireIndoorFull/test/test_firesmoke/aihub__lb_smoke__0208.mp4;smokeonly;/mnt/e/SyncData/paper2_main/zout/___reports/on_test_set/baseline_vs_accMotion_for_quality_vis/MainPC__ds_UFireIndoorTest__mt_no_temp_method__af4b0d32a3d2__20260330.205208;skipped;/mnt/e/SyncData/paper2_main/zout/___reports/on_test_set/baseline_vs_accMotion_for_quality_vis/MainPC__ds_UFireIndoorTest__mt_temp_method_motion_block__e1ccb7b889a0__20260421.145709
aihub__lb_smoke__0208.mp4;231;360;fire_smoke;/mnt/e/SyncData/paper2_main/datasets/UFireIndoorFull/test/test_firesmoke/aihub__lb_smoke__0208.mp4;smokeonly;/mnt/e/SyncData/paper2_main/zout/___reports/on_test_set/baseline_vs_accMotion_for_quality_vis/MainPC__ds_UFireIndoorTest__mt_no_temp_method__af4b0d32a3d2__20260330.205208;skipped;/mnt/e/SyncData/paper2_main/zout/___reports/on_test_set/baseline_vs_accMotion_for_quality_vis/MainPC__ds_UFireIndoorTest__mt_temp_method_motion_block__e1ccb7b889a0__20260421.145709
aihub__lb_smoke__0208.mp4;232;360;fire_smoke;/mnt/e/SyncData/paper2_main/datasets/UFireIndoorFull/test/test_firesmoke/aihub__lb_smoke__0208.mp4;smokeonly;/mnt/e/SyncData/paper2_main/zout/___reports/on_test_set/baseline_vs_accMotion_for_quality_vis/MainPC__ds_UFireIndoorTest__mt_no_temp_method__af4b0d32a3d2__20260330.205208;skipped;/mnt/e/SyncData/paper2_main/zout/___reports/on_test_set/baseline_vs_accMotion_for_quality_vis/MainPC__ds_UFireIndoorTest__mt_temp_method_motion_block__e1ccb7b889a0__20260421.145709
aihub__lb_smoke__0208.mp4;233;360;fire_smoke;/mnt/e/SyncData/paper2_main/datasets/UFireIndoorFull/test/test_firesmoke/aihub__lb_smoke__0208.mp4;smokeonly;/mnt/e/SyncData/paper2_main/zout/___reports/on_test_set/baseline_vs_accMotion_for_quality_vis/MainPC__ds_UFireIndoorTest__mt_no_temp_method__af4b0d32a3d2__20260330.205208;skipped;/mnt/e/SyncData/paper2_main/zout/___reports/on_test_set/baseline_vs_accMotion_for_quality_vis/MainPC__ds_UFireIndoorTest__mt_temp_method_motion_block__e1ccb7b889a0__20260421.145709
aihub__lb_smoke__0208.mp4;234;360;fire_smoke;/mnt/e/SyncData/paper2_main/datasets/UFireIndoorFull/test/test_firesmoke/aihub__lb_smoke__0208.mp4;smokeonly;/mnt/e/SyncData/paper2_main/zout/___reports/on_test_set/baseline_vs_accMotion_for_quality_vis/MainPC__ds_UFireIndoorTest__mt_no_temp_method__af4b0d32a3d2__20260330.205208;skipped;/mnt/e/SyncData/paper2_main/zout/___reports/on_test_set/baseline_vs_accMotion_for_quality_vis/MainPC__ds_UFireIndoorTest__mt_temp_method_motion_block__e1ccb7b889a0__20260421.145709
aihub__lb_smoke__0208.mp4;235;360;fire_smoke;/mnt/e/SyncData/paper2_main/datasets/UFireIndoorFull/test/test_firesmoke/aihub__lb_smoke__0208.mp4;smokeonly;/mnt/e/SyncData/paper2_main/zout/___reports/on_test_set/baseline_vs_accMotion_for_quality_vis/MainPC__ds_UFireIndoorTest__mt_no_temp_method__af4b0d32a3d2__20260330.205208;skipped;/mnt/e/SyncData/paper2_main/zout/___reports/on_test_set/baseline_vs_accMotion_for_quality_vis/MainPC__ds_UFireIndoorTest__mt_temp_method_motion_block__e1ccb7b889a0__20260421.145709
aihub__lb_smoke__0208.mp4;236;360;fire_smoke;/mnt/e/SyncData/paper2_main/datasets/UFireIndoorFull/test/test_firesmoke/aihub__lb_smoke__0208.mp4;smokeonly;/mnt/e/SyncData/paper2_main/zout/___reports/on_test_set/baseline_vs_accMotion_for_quality_vis/MainPC__ds_UFireIndoorTest__mt_no_temp_method__af4b0d32a3d2__20260330.205208;skipped;/mnt/e/SyncData/paper2_main/zout/___reports/on_test_set/baseline_vs_accMotion_for_quality_vis/MainPC__ds_UFireIndoorTest__mt_temp_method_motion_block__e1ccb7b889a0__20260421.145709
aihub__lb_smoke__0208.mp4;237;360;fire_smoke;/mnt/e/SyncData/paper2_main/datasets/UFireIndoorFull/test/test_firesmoke/aihub__lb_smoke__0208.mp4;smokeonly;/mnt/e/SyncData/paper2_main/zout/___reports/on_test_set/baseline_vs_accMotion_for_quality_vis/MainPC__ds_UFireIndoorTest__mt_no_temp_method__af4b0d32a3d2__20260330.205208;skipped;/mnt/e/SyncData/paper2_main/zout/___reports/on_test_set/baseline_vs_accMotion_for_quality_vis/MainPC__ds_UFireIndoorTest__mt_temp_method_motion_block__e1ccb7b889a0__20260421.145709
aihub__lb_smoke__0208.mp4;238;360;fire_smoke;/mnt/e/SyncData/paper2_main/datasets/UFireIndoorFull/test/test_firesmoke/aihub__lb_smoke__0208.mp4;smokeonly;/mnt/e/SyncData/paper2_main/zout/___reports/on_test_set/baseline_vs_accMotion_for_quality_vis/MainPC__ds_UFireIndoorTest__mt_no_temp_method__af4b0d32a3d2__20260330.205208;skipped;/mnt/e/SyncData/paper2_main/zout/___reports/on_test_set/baseline_vs_accMotion_for_quality_vis/MainPC__ds_UFireIndoorTest__mt_temp_method_motion_block__e1ccb7b889a0__20260421.145709
aihub__lb_smoke__0208.mp4;239;360;fire_smoke;/mnt/e/SyncData/paper2_main/datasets/UFireIndoorFull/test/test_firesmoke/aihub__lb_smoke__0208.mp4;smokeonly;/mnt/e/SyncData/paper2_main/zout/___reports/on_test_set/baseline_vs_accMotion_for_quality_vis/MainPC__ds_UFireIndoorTest__mt_no_temp_method__af4b0d32a3d2__20260330.205208;skipped;/mnt/e/SyncData/paper2_main/zout/___reports/on_test_set/baseline_vs_accMotion_for_quality_vis/MainPC__ds_UFireIndoorTest__mt_temp_method_motion_block__e1ccb7b889a0__20260421.145709
aihub__lb_smoke__0208.mp4;240;360;fire_smoke;/mnt/e/SyncData/paper2_main/datasets/UFireIndoorFull/test/test_firesmoke/aihub__lb_smoke__0208.mp4;smokeonly;/mnt/e/SyncData/paper2_main/zout/___reports/on_test_set/baseline_vs_accMotion_for_quality_vis/MainPC__ds_UFireIndoorTest__mt_no_temp_method__af4b0d32a3d2__20260330.205208;skipped;/mnt/e/SyncData/paper2_main/zout/___reports/on_test_set/baseline_vs_accMotion_for_quality_vis/MainPC__ds_UFireIndoorTest__mt_temp_method_motion_block__e1ccb7b889a0__20260421.145709
aihub__lb_smoke__0208.mp4;241;360;fire_smoke;/mnt/e/SyncData/paper2_main/datasets/UFireIndoorFull/test/test_firesmoke/aihub__lb_smoke__0208.mp4;smokeonly;/mnt/e/SyncData/paper2_main/zout/___reports/on_test_set/baseline_vs_accMotion_for_quality_vis/MainPC__ds_UFireIndoorTest__mt_no_temp_method__af4b0d32a3d2__20260330.205208;skipped;/mnt/e/SyncData/paper2_main/zout/___reports/on_test_set/baseline_vs_accMotion_for_quality_vis/MainPC__ds_UFireIndoorTest__mt_temp_method_motion_block__e1ccb7b889a0__20260421.145709
aihub__lb_smoke__0208.mp4;242;360;fire_smoke;/mnt/e/SyncData/paper2_main/datasets/UFireIndoorFull/test/test_firesmoke/aihub__lb_smoke__0208.mp4;smokeonly;/mnt/e/SyncData/paper2_main/zout/___reports/on_test_set/baseline_vs_accMotion_for_quality_vis/MainPC__ds_UFireIndoorTest__mt_no_temp_method__af4b0d32a3d2__20260330.205208;skipped;/mnt/e/SyncData/paper2_main/zout/___reports/on_test_set/baseline_vs_accMotion_for_quality_vis/MainPC__ds_UFireIndoorTest__mt_temp_method_motion_block__e1ccb7b889a0__20260421.145709
aihub__lb_smoke__0208.mp4;243;360;fire_smoke;/mnt/e/SyncData/paper2_main/datasets/UFireIndoorFull/test/test_firesmoke/aihub__lb_smoke__0208.mp4;smokeonly;/mnt/e/SyncData/paper2_main/zout/___reports/on_test_set/baseline_vs_accMotion_for_quality_vis/MainPC__ds_UFireIndoorTest__mt_no_temp_method__af4b0d32a3d2__20260330.205208;skipped;/mnt/e/SyncData/paper2_main/zout/___reports/on_test_set/baseline_vs_accMotion_for_quality_vis/MainPC__ds_UFireIndoorTest__mt_temp_method_motion_block__e1ccb7b889a0__20260421.145709
aihub__lb_smoke__0208.mp4;244;360;fire_smoke;/mnt/e/SyncData/paper2_main/datasets/UFireIndoorFull/test/test_firesmoke/aihub__lb_smoke__0208.mp4;smokeonly;/mnt/e/SyncData/paper2_main/zout/___reports/on_test_set/baseline_vs_accMotion_for_quality_vis/MainPC__ds_UFireIndoorTest__mt_no_temp_method__af4b0d32a3d2__20260330.205208;skipped;/mnt/e/SyncData/paper2_main/zout/___reports/on_test_set/baseline_vs_accMotion_for_quality_vis/MainPC__ds_UFireIndoorTest__mt_temp_method_motion_block__e1ccb7b889a0__20260421.145709
aihub__lb_smoke__0208.mp4;245;360;fire_smoke;/mnt/e/SyncData/paper2_main/datasets/UFireIndoorFull/test/test_firesmoke/aihub__lb_smoke__0208.mp4;smokeonly;/mnt/e/SyncData/paper2_main/zout/___reports/on_test_set/baseline_vs_accMotion_for_quality_vis/MainPC__ds_UFireIndoorTest__mt_no_temp_method__af4b0d32a3d2__20260330.205208;skipped;/mnt/e/SyncData/paper2_main/zout/___reports/on_test_set/baseline_vs_accMotion_for_quality_vis/MainPC__ds_UFireIndoorTest__mt_temp_method_motion_block__e1ccb7b889a0__20260421.145709
aihub__lb_smoke__0208.mp4;246;360;fire_smoke;/mnt/e/SyncData/paper2_main/datasets/UFireIndoorFull/test/test_firesmoke/aihub__lb_smoke__0208.mp4;smokeonly;/mnt/e/SyncData/paper2_main/zout/___reports/on_test_set/baseline_vs_accMotion_for_quality_vis/MainPC__ds_UFireIndoorTest__mt_no_temp_method__af4b0d32a3d2__20260330.205208;skipped;/mnt/e/SyncData/paper2_main/zout/___reports/on_test_set/baseline_vs_accMotion_for_quality_vis/MainPC__ds_UFireIndoorTest__mt_temp_method_motion_block__e1ccb7b889a0__20260421.145709
aihub__lb_smoke__0208.mp4;247;360;fire_smoke;/mnt/e/SyncData/paper2_main/datasets/UFireIndoorFull/test/test_firesmoke/aihub__lb_smoke__0208.mp4;smokeonly;/mnt/e/SyncData/paper2_main/zout/___reports/on_test_set/baseline_vs_accMotion_for_quality_vis/MainPC__ds_UFireIndoorTest__mt_no_temp_method__af4b0d32a3d2__20260330.205208;skipped;/mnt/e/SyncData/paper2_main/zout/___reports/on_test_set/baseline_vs_accMotion_for_quality_vis/MainPC__ds_UFireIndoorTest__mt_temp_method_motion_block__e1ccb7b889a0__20260421.145709
aihub__lb_smoke__0208.mp4;248;360;fire_smoke;/mnt/e/SyncData/paper2_main/datasets/UFireIndoorFull/test/test_firesmoke/aihub__lb_smoke__0208.mp4;smokeonly;/mnt/e/SyncData/paper2_main/zout/___reports/on_test_set/baseline_vs_accMotion_for_quality_vis/MainPC__ds_UFireIndoorTest__mt_no_temp_method__af4b0d32a3d2__20260330.205208;skipped;/mnt/e/SyncData/paper2_main/zout/___reports/on_test_set/baseline_vs_accMotion_for_quality_vis/MainPC__ds_UFireIndoorTest__mt_temp_method_motion_block__e1ccb7b889a0__20260421.145709
aihub__lb_smoke__0208.mp4;249;360;fire_smoke;/mnt/e/SyncData/paper2_main/datasets/UFireIndoorFull/test/test_firesmoke/aihub__lb_smoke__0208.mp4;smokeonly;/mnt/e/SyncData/paper2_main/zout/___reports/on_test_set/baseline_vs_accMotion_for_quality_vis/MainPC__ds_UFireIndoorTest__mt_no_temp_method__af4b0d32a3d2__20260330.205208;skipped;/mnt/e/SyncData/paper2_main/zout/___reports/on_test_set/baseline_vs_accMotion_for_quality_vis/MainPC__ds_UFireIndoorTest__mt_temp_method_motion_block__e1ccb7b889a0__20260421.145709
aihub__lb_smoke__0208.mp4;250;360;fire_smoke;/mnt/e/SyncData/paper2_main/datasets/UFireIndoorFull/test/test_firesmoke/aihub__lb_smoke__0208.mp4;smokeonly;/mnt/e/SyncData/paper2_main/zout/___reports/on_test_set/baseline_vs_accMotion_for_quality_vis/MainPC__ds_UFireIndoorTest__mt_no_temp_method__af4b0d32a3d2__20260330.205208;skipped;/mnt/e/SyncData/paper2_main/zout/___reports/on_test_set/baseline_vs_accMotion_for_quality_vis/MainPC__ds_UFireIndoorTest__mt_temp_method_motion_block__e1ccb7b889a0__20260421.145709
aihub__lb_smoke__0208.mp4;251;360;fire_smoke;/mnt/e/SyncData/paper2_main/datasets/UFireIndoorFull/test/test_firesmoke/aihub__lb_smoke__0208.mp4;smokeonly;/mnt/e/SyncData/paper2_main/zout/___reports/on_test_set/baseline_vs_accMotion_for_quality_vis/MainPC__ds_UFireIndoorTest__mt_no_temp_method__af4b0d32a3d2__20260330.205208;skipped;/mnt/e/SyncData/paper2_main/zout/___reports/on_test_set/baseline_vs_accMotion_for_quality_vis/MainPC__ds_UFireIndoorTest__mt_temp_method_motion_block__e1ccb7b889a0__20260421.145709
aihub__lb_smoke__0208.mp4;255;360;fire_smoke;/mnt/e/SyncData/paper2_main/datasets/UFireIndoorFull/test/test_firesmoke/aihub__lb_smoke__0208.mp4;smokeonly;/mnt/e/SyncData/paper2_main/zout/___reports/on_test_set/baseline_vs_accMotion_for_quality_vis/MainPC__ds_UFireIndoorTest__mt_no_temp_method__af4b0d32a3d2__20260330.205208;skipped;/mnt/e/SyncData/paper2_main/zout/___reports/on_test_set/baseline_vs_accMotion_for_quality_vis/MainPC__ds_UFireIndoorTest__mt_temp_method_motion_block__e1ccb7b889a0__20260421.145709
aihub__lb_smoke__0208.mp4;256;360;fire_smoke;/mnt/e/SyncData/paper2_main/datasets/UFireIndoorFull/test/test_firesmoke/aihub__lb_smoke__0208.mp4;smokeonly;/mnt/e/SyncData/paper2_main/zout/___reports/on_test_set/baseline_vs_accMotion_for_quality_vis/MainPC__ds_UFireIndoorTest__mt_no_temp_method__af4b0d32a3d2__20260330.205208;skipped;/mnt/e/SyncData/paper2_main/zout/___reports/on_test_set/baseline_vs_accMotion_for_quality_vis/MainPC__ds_UFireIndoorTest__mt_temp_method_motion_block__e1ccb7b889a0__20260421.145709
aihub__lb_smoke__0208.mp4;257;360;fire_smoke;/mnt/e/SyncData/paper2_main/datasets/UFireIndoorFull/test/test_firesmoke/aihub__lb_smoke__0208.mp4;smokeonly;/mnt/e/SyncData/paper2_main/zout/___reports/on_test_set/baseline_vs_accMotion_for_quality_vis/MainPC__ds_UFireIndoorTest__mt_no_temp_method__af4b0d32a3d2__20260330.205208;skipped;/mnt/e/SyncData/paper2_main/zout/___reports/on_test_set/baseline_vs_accMotion_for_quality_vis/MainPC__ds_UFireIndoorTest__mt_temp_method_motion_block__e1ccb7b889a0__20260421.145709
aihub__lb_smoke__0208.mp4;258;360;fire_smoke;/mnt/e/SyncData/paper2_main/datasets/UFireIndoorFull/test/test_firesmoke/aihub__lb_smoke__0208.mp4;smokeonly;/mnt/e/SyncData/paper2_main/zout/___reports/on_test_set/baseline_vs_accMotion_for_quality_vis/MainPC__ds_UFireIndoorTest__mt_no_temp_method__af4b0d32a3d2__20260330.205208;skipped;/mnt/e/SyncData/paper2_main/zout/___reports/on_test_set/baseline_vs_accMotion_for_quality_vis/MainPC__ds_UFireIndoorTest__mt_temp_method_motion_block__e1ccb7b889a0__20260421.145709
aihub__lb_smoke__0208.mp4;259;360;fire_smoke;/mnt/e/SyncData/paper2_main/datasets/UFireIndoorFull/test/test_firesmoke/aihub__lb_smoke__0208.mp4;smokeonly;/mnt/e/SyncData/paper2_main/zout/___reports/on_test_set/baseline_vs_accMotion_for_quality_vis/MainPC__ds_UFireIndoorTest__mt_no_temp_method__af4b0d32a3d2__20260330.205208;skipped;/mnt/e/SyncData/paper2_main/zout/___reports/on_test_set/baseline_vs_accMotion_for_quality_vis/MainPC__ds_UFireIndoorTest__mt_temp_method_motion_block__e1ccb7b889a0__20260421.145709
aihub__lb_smoke__0208.mp4;260;360;fire_smoke;/mnt/e/SyncData/paper2_main/datasets/UFireIndoorFull/test/test_firesmoke/aihub__lb_smoke__0208.mp4;smokeonly;/mnt/e/SyncData/paper2_main/zout/___reports/on_test_set/baseline_vs_accMotion_for_quality_vis/MainPC__ds_UFireIndoorTest__mt_no_temp_method__af4b0d32a3d2__20260330.205208;skipped;/mnt/e/SyncData/paper2_main/zout/___reports/on_test_set/baseline_vs_accMotion_for_quality_vis/MainPC__ds_UFireIndoorTest__mt_temp_method_motion_block__e1ccb7b889a0__20260421.145709
aihub__lb_smoke__0208.mp4;261;360;fire_smoke;/mnt/e/SyncData/paper2_main/datasets/UFireIndoorFull/test/test_firesmoke/aihub__lb_smoke__0208.mp4;smokeonly;/mnt/e/SyncData/paper2_main/zout/___reports/on_test_set/baseline_vs_accMotion_for_quality_vis/MainPC__ds_UFireIndoorTest__mt_no_temp_method__af4b0d32a3d2__20260330.205208;skipped;/mnt/e/SyncData/paper2_main/zout/___reports/on_test_set/baseline_vs_accMotion_for_quality_vis/MainPC__ds_UFireIndoorTest__mt_temp_method_motion_block__e1ccb7b889a0__20260421.145709
aihub__lb_smoke__0208.mp4;262;360;fire_smoke;/mnt/e/SyncData/paper2_main/datasets/UFireIndoorFull/test/test_firesmoke/aihub__lb_smoke__0208.mp4;smokeonly;/mnt/e/SyncData/paper2_main/zout/___reports/on_test_set/baseline_vs_accMotion_for_quality_vis/MainPC__ds_UFireIndoorTest__mt_no_temp_method__af4b0d32a3d2__20260330.205208;skipped;/mnt/e/SyncData/paper2_main/zout/___reports/on_test_set/baseline_vs_accMotion_for_quality_vis/MainPC__ds_UFireIndoorTest__mt_temp_method_motion_block__e1ccb7b889a0__20260421.145709
aihub__lb_smoke__0208.mp4;263;360;fire_smoke;/mnt/e/SyncData/paper2_main/datasets/UFireIndoorFull/test/test_firesmoke/aihub__lb_smoke__0208.mp4;smokeonly;/mnt/e/SyncData/paper2_main/zout/___reports/on_test_set/baseline_vs_accMotion_for_quality_vis/MainPC__ds_UFireIndoorTest__mt_no_temp_method__af4b0d32a3d2__20260330.205208;skipped;/mnt/e/SyncData/paper2_main/zout/___reports/on_test_set/baseline_vs_accMotion_for_quality_vis/MainPC__ds_UFireIndoorTest__mt_temp_method_motion_block__e1ccb7b889a0__20260421.145709
aihub__lb_smoke__0208.mp4;264;360;fire_smoke;/mnt/e/SyncData/paper2_main/datasets/UFireIndoorFull/test/test_firesmoke/aihub__lb_smoke__0208.mp4;smokeonly;/mnt/e/SyncData/paper2_main/zout/___reports/on_test_set/baseline_vs_accMotion_for_quality_vis/MainPC__ds_UFireIndoorTest__mt_no_temp_method__af4b0d32a3d2__20260330.205208;skipped;/mnt/e/SyncData/paper2_main/zout/___reports/on_test_set/baseline_vs_accMotion_for_quality_vis/MainPC__ds_UFireIndoorTest__mt_temp_method_motion_block__e1ccb7b889a0__20260421.145709
aihub__lb_smoke__0208.mp4;265;360;fire_smoke;/mnt/e/SyncData/paper2_main/datasets/UFireIndoorFull/test/test_firesmoke/aihub__lb_smoke__0208.mp4;smokeonly;/mnt/e/SyncData/paper2_main/zout/___reports/on_test_set/baseline_vs_accMotion_for_quality_vis/MainPC__ds_UFireIndoorTest__mt_no_temp_method__af4b0d32a3d2__20260330.205208;skipped;/mnt/e/SyncData/paper2_main/zout/___reports/on_test_set/baseline_vs_accMotion_for_quality_vis/MainPC__ds_UFireIndoorTest__mt_temp_method_motion_block__e1ccb7b889a0__20260421.145709
aihub__lb_smoke__0208.mp4;266;360;fire_smoke;/mnt/e/SyncData/paper2_main/datasets/UFireIndoorFull/test/test_firesmoke/aihub__lb_smoke__0208.mp4;smokeonly;/mnt/e/SyncData/paper2_main/zout/___reports/on_test_set/baseline_vs_accMotion_for_quality_vis/MainPC__ds_UFireIndoorTest__mt_no_temp_method__af4b0d32a3d2__20260330.205208;skipped;/mnt/e/SyncData/paper2_main/zout/___reports/on_test_set/baseline_vs_accMotion_for_quality_vis/MainPC__ds_UFireIndoorTest__mt_temp_method_motion_block__e1ccb7b889a0__20260421.145709
aihub__lb_smoke__0208.mp4;267;360;fire_smoke;/mnt/e/SyncData/paper2_main/datasets/UFireIndoorFull/test/test_firesmoke/aihub__lb_smoke__0208.mp4;smokeonly;/mnt/e/SyncData/paper2_main/zout/___reports/on_test_set/baseline_vs_accMotion_for_quality_vis/MainPC__ds_UFireIndoorTest__mt_no_temp_method__af4b0d32a3d2__20260330.205208;skipped;/mnt/e/SyncData/paper2_main/zout/___reports/on_test_set/baseline_vs_accMotion_for_quality_vis/MainPC__ds_UFireIndoorTest__mt_temp_method_motion_block__e1ccb7b889a0__20260421.145709
aihub__lb_smoke__0208.mp4;268;360;fire_smoke;/mnt/e/SyncData/paper2_main/datasets/UFireIndoorFull/test/test_firesmoke/aihub__lb_smoke__0208.mp4;smokeonly;/mnt/e/SyncData/paper2_main/zout/___reports/on_test_set/baseline_vs_accMotion_for_quality_vis/MainPC__ds_UFireIndoorTest__mt_no_temp_method__af4b0d32a3d2__20260330.205208;skipped;/mnt/e/SyncData/paper2_main/zout/___reports/on_test_set/baseline_vs_accMotion_for_quality_vis/MainPC__ds_UFireIndoorTest__mt_temp_method_motion_block__e1ccb7b889a0__20260421.145709
aihub__lb_smoke__0208.mp4;269;360;fire_smoke;/mnt/e/SyncData/paper2_main/datasets/UFireIndoorFull/test/test_firesmoke/aihub__lb_smoke__0208.mp4;smokeonly;/mnt/e/SyncData/paper2_main/zout/___reports/on_test_set/baseline_vs_accMotion_for_quality_vis/MainPC__ds_UFireIndoorTest__mt_no_temp_method__af4b0d32a3d2__20260330.205208;skipped;/mnt/e/SyncData/paper2_main/zout/___reports/on_test_set/baseline_vs_accMotion_for_quality_vis/MainPC__ds_UFireIndoorTest__mt_temp_method_motion_block__e1ccb7b889a0__20260421.145709
aihub__lb_smoke__0208.mp4;270;360;fire_smoke;/mnt/e/SyncData/paper2_main/datasets/UFireIndoorFull/test/test_firesmoke/aihub__lb_smoke__0208.mp4;smokeonly;/mnt/e/SyncData/paper2_main/zout/___reports/on_test_set/baseline_vs_accMotion_for_quality_vis/MainPC__ds_UFireIndoorTest__mt_no_temp_method__af4b0d32a3d2__20260330.205208;skipped;/mnt/e/SyncData/paper2_main/zout/___reports/on_test_set/baseline_vs_accMotion_for_quality_vis/MainPC__ds_UFireIndoorTest__mt_temp_method_motion_block__e1ccb7b889a0__20260421.145709
aihub__lb_smoke__0208.mp4;271;360;fire_smoke;/mnt/e/SyncData/paper2_main/datasets/UFireIndoorFull/test/test_firesmoke/aihub__lb_smoke__0208.mp4;smokeonly;/mnt/e/SyncData/paper2_main/zout/___reports/on_test_set/baseline_vs_accMotion_for_quality_vis/MainPC__ds_UFireIndoorTest__mt_no_temp_method__af4b0d32a3d2__20260330.205208;skipped;/mnt/e/SyncData/paper2_main/zout/___reports/on_test_set/baseline_vs_accMotion_for_quality_vis/MainPC__ds_UFireIndoorTest__mt_temp_method_motion_block__e1ccb7b889a0__20260421.145709
aihub__lb_smoke__0208.mp4;272;360;fire_smoke;/mnt/e/SyncData/paper2_main/datasets/UFireIndoorFull/test/test_firesmoke/aihub__lb_smoke__0208.mp4;smokeonly;/mnt/e/SyncData/paper2_main/zout/___reports/on_test_set/baseline_vs_accMotion_for_quality_vis/MainPC__ds_UFireIndoorTest__mt_no_temp_method__af4b0d32a3d2__20260330.205208;skipped;/mnt/e/SyncData/paper2_main/zout/___reports/on_test_set/baseline_vs_accMotion_for_quality_vis/MainPC__ds_UFireIndoorTest__mt_temp_method_motion_block__e1ccb7b889a0__20260421.145709
aihub__lb_smoke__0208.mp4;273;360;fire_smoke;/mnt/e/SyncData/paper2_main/datasets/UFireIndoorFull/test/test_firesmoke/aihub__lb_smoke__0208.mp4;smokeonly;/mnt/e/SyncData/paper2_main/zout/___reports/on_test_set/baseline_vs_accMotion_for_quality_vis/MainPC__ds_UFireIndoorTest__mt_no_temp_method__af4b0d32a3d2__20260330.205208;skipped;/mnt/e/SyncData/paper2_main/zout/___reports/on_test_set/baseline_vs_accMotion_for_quality_vis/MainPC__ds_UFireIndoorTest__mt_temp_method_motion_block__e1ccb7b889a0__20260421.145709
aihub__lb_smoke__0208.mp4;274;360;fire_smoke;/mnt/e/SyncData/paper2_main/datasets/UFireIndoorFull/test/test_firesmoke/aihub__lb_smoke__0208.mp4;smokeonly;/mnt/e/SyncData/paper2_main/zout/___reports/on_test_set/baseline_vs_accMotion_for_quality_vis/MainPC__ds_UFireIndoorTest__mt_no_temp_method__af4b0d32a3d2__20260330.205208;skipped;/mnt/e/SyncData/paper2_main/zout/___reports/on_test_set/baseline_vs_accMotion_for_quality_vis/MainPC__ds_UFireIndoorTest__mt_temp_method_motion_block__e1ccb7b889a0__20260421.145709
aihub__lb_smoke__0208.mp4;275;360;fire_smoke;/mnt/e/SyncData/paper2_main/datasets/UFireIndoorFull/test/test_firesmoke/aihub__lb_smoke__0208.mp4;smokeonly;/mnt/e/SyncData/paper2_main/zout/___reports/on_test_set/baseline_vs_accMotion_for_quality_vis/MainPC__ds_UFireIndoorTest__mt_no_temp_method__af4b0d32a3d2__20260330.205208;skipped;/mnt/e/SyncData/paper2_main/zout/___reports/on_test_set/baseline_vs_accMotion_for_quality_vis/MainPC__ds_UFireIndoorTest__mt_temp_method_motion_block__e1ccb7b889a0__20260421.145709
aihub__lb_smoke__0208.mp4;276;360;fire_smoke;/mnt/e/SyncData/paper2_main/datasets/UFireIndoorFull/test/test_firesmoke/aihub__lb_smoke__0208.mp4;smokeonly;/mnt/e/SyncData/paper2_main/zout/___reports/on_test_set/baseline_vs_accMotion_for_quality_vis/MainPC__ds_UFireIndoorTest__mt_no_temp_method__af4b0d32a3d2__20260330.205208;skipped;/mnt/e/SyncData/paper2_main/zout/___reports/on_test_set/baseline_vs_accMotion_for_quality_vis/MainPC__ds_UFireIndoorTest__mt_temp_method_motion_block__e1ccb7b889a0__20260421.145709
aihub__lb_smoke__0208.mp4;277;360;fire_smoke;/mnt/e/SyncData/paper2_main/datasets/UFireIndoorFull/test/test_firesmoke/aihub__lb_smoke__0208.mp4;smokeonly;/mnt/e/SyncData/paper2_main/zout/___reports/on_test_set/baseline_vs_accMotion_for_quality_vis/MainPC__ds_UFireIndoorTest__mt_no_temp_method__af4b0d32a3d2__20260330.205208;skipped;/mnt/e/SyncData/paper2_main/zout/___reports/on_test_set/baseline_vs_accMotion_for_quality_vis/MainPC__ds_UFireIndoorTest__mt_temp_method_motion_block__e1ccb7b889a0__20260421.145709
aihub__lb_smoke__0208.mp4;278;360;fire_smoke;/mnt/e/SyncData/paper2_main/datasets/UFireIndoorFull/test/test_firesmoke/aihub__lb_smoke__0208.mp4;smokeonly;/mnt/e/SyncData/paper2_main/zout/___reports/on_test_set/baseline_vs_accMotion_for_quality_vis/MainPC__ds_UFireIndoorTest__mt_no_temp_method__af4b0d32a3d2__20260330.205208;skipped;/mnt/e/SyncData/paper2_main/zout/___reports/on_test_set/baseline_vs_accMotion_for_quality_vis/MainPC__ds_UFireIndoorTest__mt_temp_method_motion_block__e1ccb7b889a0__20260421.145709
aihub__lb_smoke__0208.mp4;279;360;fire_smoke;/mnt/e/SyncData/paper2_main/datasets/UFireIndoorFull/test/test_firesmoke/aihub__lb_smoke__0208.mp4;smokeonly;/mnt/e/SyncData/paper2_main/zout/___reports/on_test_set/baseline_vs_accMotion_for_quality_vis/MainPC__ds_UFireIndoorTest__mt_no_temp_method__af4b0d32a3d2__20260330.205208;skipped;/mnt/e/SyncData/paper2_main/zout/___reports/on_test_set/baseline_vs_accMotion_for_quality_vis/MainPC__ds_UFireIndoorTest__mt_temp_method_motion_block__e1ccb7b889a0__20260421.145709
aihub__lb_smoke__0208.mp4;280;360;fire_smoke;/mnt/e/SyncData/paper2_main/datasets/UFireIndoorFull/test/test_firesmoke/aihub__lb_smoke__0208.mp4;smokeonly;/mnt/e/SyncData/paper2_main/zout/___reports/on_test_set/baseline_vs_accMotion_for_quality_vis/MainPC__ds_UFireIndoorTest__mt_no_temp_method__af4b0d32a3d2__20260330.205208;skipped;/mnt/e/SyncData/paper2_main/zout/___reports/on_test_set/baseline_vs_accMotion_for_quality_vis/MainPC__ds_UFireIndoorTest__mt_temp_method_motion_block__e1ccb7b889a0__20260421.145709
aihub__lb_smoke__0208.mp4;281;360;fire_smoke;/mnt/e/SyncData/paper2_main/datasets/UFireIndoorFull/test/test_firesmoke/aihub__lb_smoke__0208.mp4;smokeonly;/mnt/e/SyncData/paper2_main/zout/___reports/on_test_set/baseline_vs_accMotion_for_quality_vis/MainPC__ds_UFireIndoorTest__mt_no_temp_method__af4b0d32a3d2__20260330.205208;skipped;/mnt/e/SyncData/paper2_main/zout/___reports/on_test_set/baseline_vs_accMotion_for_quality_vis/MainPC__ds_UFireIndoorTest__mt_temp_method_motion_block__e1ccb7b889a0__20260421.145709
aihub__lb_smoke__0208.mp4;285;360;fire_smoke;/mnt/e/SyncData/paper2_main/datasets/UFireIndoorFull/test/test_firesmoke/aihub__lb_smoke__0208.mp4;smokeonly;/mnt/e/SyncData/paper2_main/zout/___reports/on_test_set/baseline_vs_accMotion_for_quality_vis/MainPC__ds_UFireIndoorTest__mt_no_temp_method__af4b0d32a3d2__20260330.205208;skipped;/mnt/e/SyncData/paper2_main/zout/___reports/on_test_set/baseline_vs_accMotion_for_quality_vis/MainPC__ds_UFireIndoorTest__mt_temp_method_motion_block__e1ccb7b889a0__20260421.145709
aihub__lb_smoke__0208.mp4;286;360;fire_smoke;/mnt/e/SyncData/paper2_main/datasets/UFireIndoorFull/test/test_firesmoke/aihub__lb_smoke__0208.mp4;smokeonly;/mnt/e/SyncData/paper2_main/zout/___reports/on_test_set/baseline_vs_accMotion_for_quality_vis/MainPC__ds_UFireIndoorTest__mt_no_temp_method__af4b0d32a3d2__20260330.205208;skipped;/mnt/e/SyncData/paper2_main/zout/___reports/on_test_set/baseline_vs_accMotion_for_quality_vis/MainPC__ds_UFireIndoorTest__mt_temp_method_motion_block__e1ccb7b889a0__20260421.145709
aihub__lb_smoke__0208.mp4;287;360;fire_smoke;/mnt/e/SyncData/paper2_main/datasets/UFireIndoorFull/test/test_firesmoke/aihub__lb_smoke__0208.mp4;smokeonly;/mnt/e/SyncData/paper2_main/zout/___reports/on_test_set/baseline_vs_accMotion_for_quality_vis/MainPC__ds_UFireIndoorTest__mt_no_temp_method__af4b0d32a3d2__20260330.205208;skipped;/mnt/e/SyncData/paper2_main/zout/___reports/on_test_set/baseline_vs_accMotion_for_quality_vis/MainPC__ds_UFireIndoorTest__mt_temp_method_motion_block__e1ccb7b889a0__20260421.145709
aihub__lb_smoke__0208.mp4;288;360;fire_smoke;/mnt/e/SyncData/paper2_main/datasets/UFireIndoorFull/test/test_firesmoke/aihub__lb_smoke__0208.mp4;smokeonly;/mnt/e/SyncData/paper2_main/zout/___reports/on_test_set/baseline_vs_accMotion_for_quality_vis/MainPC__ds_UFireIndoorTest__mt_no_temp_method__af4b0d32a3d2__20260330.205208;skipped;/mnt/e/SyncData/paper2_main/zout/___reports/on_test_set/baseline_vs_accMotion_for_quality_vis/MainPC__ds_UFireIndoorTest__mt_temp_method_motion_block__e1ccb7b889a0__20260421.145709
aihub__lb_smoke__0208.mp4;290;360;fire_smoke;/mnt/e/SyncData/paper2_main/datasets/UFireIndoorFull/test/test_firesmoke/aihub__lb_smoke__0208.mp4;smokeonly;/mnt/e/SyncData/paper2_main/zout/___reports/on_test_set/baseline_vs_accMotion_for_quality_vis/MainPC__ds_UFireIndoorTest__mt_no_temp_method__af4b0d32a3d2__20260330.205208;skipped;/mnt/e/SyncData/paper2_main/zout/___reports/on_test_set/baseline_vs_accMotion_for_quality_vis/MainPC__ds_UFireIndoorTest__mt_temp_method_motion_block__e1ccb7b889a0__20260421.145709
aihub__lb_smoke__0208.mp4;291;360;fire_smoke;/mnt/e/SyncData/paper2_main/datasets/UFireIndoorFull/test/test_firesmoke/aihub__lb_smoke__0208.mp4;smokeonly;/mnt/e/SyncData/paper2_main/zout/___reports/on_test_set/baseline_vs_accMotion_for_quality_vis/MainPC__ds_UFireIndoorTest__mt_no_temp_method__af4b0d32a3d2__20260330.205208;skipped;/mnt/e/SyncData/paper2_main/zout/___reports/on_test_set/baseline_vs_accMotion_for_quality_vis/MainPC__ds_UFireIndoorTest__mt_temp_method_motion_block__e1ccb7b889a0__20260421.145709
aihub__lb_smoke__0208.mp4;292;360;fire_smoke;/mnt/e/SyncData/paper2_main/datasets/UFireIndoorFull/test/test_firesmoke/aihub__lb_smoke__0208.mp4;smokeonly;/mnt/e/SyncData/paper2_main/zout/___reports/on_test_set/baseline_vs_accMotion_for_quality_vis/MainPC__ds_UFireIndoorTest__mt_no_temp_method__af4b0d32a3d2__20260330.205208;skipped;/mnt/e/SyncData/paper2_main/zout/___reports/on_test_set/baseline_vs_accMotion_for_quality_vis/MainPC__ds_UFireIndoorTest__mt_temp_method_motion_block__e1ccb7b889a0__20260421.145709
aihub__lb_smoke__0208.mp4;293;360;fire_smoke;/mnt/e/SyncData/paper2_main/datasets/UFireIndoorFull/test/test_firesmoke/aihub__lb_smoke__0208.mp4;smokeonly;/mnt/e/SyncData/paper2_main/zout/___reports/on_test_set/baseline_vs_accMotion_for_quality_vis/MainPC__ds_UFireIndoorTest__mt_no_temp_method__af4b0d32a3d2__20260330.205208;skipped;/mnt/e/SyncData/paper2_main/zout/___reports/on_test_set/baseline_vs_accMotion_for_quality_vis/MainPC__ds_UFireIndoorTest__mt_temp_method_motion_block__e1ccb7b889a0__20260421.145709
aihub__lb_smoke__0208.mp4;294;360;fire_smoke;/mnt/e/SyncData/paper2_main/datasets/UFireIndoorFull/test/test_firesmoke/aihub__lb_smoke__0208.mp4;smokeonly;/mnt/e/SyncData/paper2_main/zout/___reports/on_test_set/baseline_vs_accMotion_for_quality_vis/MainPC__ds_UFireIndoorTest__mt_no_temp_method__af4b0d32a3d2__20260330.205208;skipped;/mnt/e/SyncData/paper2_main/zout/___reports/on_test_set/baseline_vs_accMotion_for_quality_vis/MainPC__ds_UFireIndoorTest__mt_temp_method_motion_block__e1ccb7b889a0__20260421.145709
aihub__lb_smoke__0208.mp4;295;360;fire_smoke;/mnt/e/SyncData/paper2_main/datasets/UFireIndoorFull/test/test_firesmoke/aihub__lb_smoke__0208.mp4;smokeonly;/mnt/e/SyncData/paper2_main/zout/___reports/on_test_set/baseline_vs_accMotion_for_quality_vis/MainPC__ds_UFireIndoorTest__mt_no_temp_method__af4b0d32a3d2__20260330.205208;skipped;/mnt/e/SyncData/paper2_main/zout/___reports/on_test_set/baseline_vs_accMotion_for_quality_vis/MainPC__ds_UFireIndoorTest__mt_temp_method_motion_block__e1ccb7b889a0__20260421.145709
aihub__lb_smoke__0208.mp4;296;360;fire_smoke;/mnt/e/SyncData/paper2_main/datasets/UFireIndoorFull/test/test_firesmoke/aihub__lb_smoke__0208.mp4;smokeonly;/mnt/e/SyncData/paper2_main/zout/___reports/on_test_set/baseline_vs_accMotion_for_quality_vis/MainPC__ds_UFireIndoorTest__mt_no_temp_method__af4b0d32a3d2__20260330.205208;skipped;/mnt/e/SyncData/paper2_main/zout/___reports/on_test_set/baseline_vs_accMotion_for_quality_vis/MainPC__ds_UFireIndoorTest__mt_temp_method_motion_block__e1ccb7b889a0__20260421.145709
aihub__lb_smoke__0208.mp4;297;360;fire_smoke;/mnt/e/SyncData/paper2_main/datasets/UFireIndoorFull/test/test_firesmoke/aihub__lb_smoke__0208.mp4;smokeonly;/mnt/e/SyncData/paper2_main/zout/___reports/on_test_set/baseline_vs_accMotion_for_quality_vis/MainPC__ds_UFireIndoorTest__mt_no_temp_method__af4b0d32a3d2__20260330.205208;skipped;/mnt/e/SyncData/paper2_main/zout/___reports/on_test_set/baseline_vs_accMotion_for_quality_vis/MainPC__ds_UFireIndoorTest__mt_temp_method_motion_block__e1ccb7b889a0__20260421.145709
aihub__lb_smoke__0208.mp4;298;360;fire_smoke;/mnt/e/SyncData/paper2_main/datasets/UFireIndoorFull/test/test_firesmoke/aihub__lb_smoke__0208.mp4;smokeonly;/mnt/e/SyncData/paper2_main/zout/___reports/on_test_set/baseline_vs_accMotion_for_quality_vis/MainPC__ds_UFireIndoorTest__mt_no_temp_method__af4b0d32a3d2__20260330.205208;skipped;/mnt/e/SyncData/paper2_main/zout/___reports/on_test_set/baseline_vs_accMotion_for_quality_vis/MainPC__ds_UFireIndoorTest__mt_temp_method_motion_block__e1ccb7b889a0__20260421.145709
aihub__lb_smoke__0208.mp4;299;360;fire_smoke;/mnt/e/SyncData/paper2_main/datasets/UFireIndoorFull/test/test_firesmoke/aihub__lb_smoke__0208.mp4;smokeonly;/mnt/e/SyncData/paper2_main/zout/___reports/on_test_set/baseline_vs_accMotion_for_quality_vis/MainPC__ds_UFireIndoorTest__mt_no_temp_method__af4b0d32a3d2__20260330.205208;skipped;/mnt/e/SyncData/paper2_main/zout/___reports/on_test_set/baseline_vs_accMotion_for_quality_vis/MainPC__ds_UFireIndoorTest__mt_temp_method_motion_block__e1ccb7b889a0__20260421.145709
aihub__lb_smoke__0208.mp4;300;360;fire_smoke;/mnt/e/SyncData/paper2_main/datasets/UFireIndoorFull/test/test_firesmoke/aihub__lb_smoke__0208.mp4;smokeonly;/mnt/e/SyncData/paper2_main/zout/___reports/on_test_set/baseline_vs_accMotion_for_quality_vis/MainPC__ds_UFireIndoorTest__mt_no_temp_method__af4b0d32a3d2__20260330.205208;skipped;/mnt/e/SyncData/paper2_main/zout/___reports/on_test_set/baseline_vs_accMotion_for_quality_vis/MainPC__ds_UFireIndoorTest__mt_temp_method_motion_block__e1ccb7b889a0__20260421.145709
aihub__lb_smoke__0208.mp4;301;360;fire_smoke;/mnt/e/SyncData/paper2_main/datasets/UFireIndoorFull/test/test_firesmoke/aihub__lb_smoke__0208.mp4;smokeonly;/mnt/e/SyncData/paper2_main/zout/___reports/on_test_set/baseline_vs_accMotion_for_quality_vis/MainPC__ds_UFireIndoorTest__mt_no_temp_method__af4b0d32a3d2__20260330.205208;skipped;/mnt/e/SyncData/paper2_main/zout/___reports/on_test_set/baseline_vs_accMotion_for_quality_vis/MainPC__ds_UFireIndoorTest__mt_temp_method_motion_block__e1ccb7b889a0__20260421.145709
aihub__lb_smoke__0208.mp4;302;360;fire_smoke;/mnt/e/SyncData/paper2_main/datasets/UFireIndoorFull/test/test_firesmoke/aihub__lb_smoke__0208.mp4;smokeonly;/mnt/e/SyncData/paper2_main/zout/___reports/on_test_set/baseline_vs_accMotion_for_quality_vis/MainPC__ds_UFireIndoorTest__mt_no_temp_method__af4b0d32a3d2__20260330.205208;skipped;/mnt/e/SyncData/paper2_main/zout/___reports/on_test_set/baseline_vs_accMotion_for_quality_vis/MainPC__ds_UFireIndoorTest__mt_temp_method_motion_block__e1ccb7b889a0__20260421.145709
aihub__lb_smoke__0208.mp4;303;360;fire_smoke;/mnt/e/SyncData/paper2_main/datasets/UFireIndoorFull/test/test_firesmoke/aihub__lb_smoke__0208.mp4;smokeonly;/mnt/e/SyncData/paper2_main/zout/___reports/on_test_set/baseline_vs_accMotion_for_quality_vis/MainPC__ds_UFireIndoorTest__mt_no_temp_method__af4b0d32a3d2__20260330.205208;skipped;/mnt/e/SyncData/paper2_main/zout/___reports/on_test_set/baseline_vs_accMotion_for_quality_vis/MainPC__ds_UFireIndoorTest__mt_temp_method_motion_block__e1ccb7b889a0__20260421.145709
aihub__lb_smoke__0208.mp4;304;360;fire_smoke;/mnt/e/SyncData/paper2_main/datasets/UFireIndoorFull/test/test_firesmoke/aihub__lb_smoke__0208.mp4;smokeonly;/mnt/e/SyncData/paper2_main/zout/___reports/on_test_set/baseline_vs_accMotion_for_quality_vis/MainPC__ds_UFireIndoorTest__mt_no_temp_method__af4b0d32a3d2__20260330.205208;skipped;/mnt/e/SyncData/paper2_main/zout/___reports/on_test_set/baseline_vs_accMotion_for_quality_vis/MainPC__ds_UFireIndoorTest__mt_temp_method_motion_block__e1ccb7b889a0__20260421.145709
aihub__lb_smoke__0208.mp4;305;360;fire_smoke;/mnt/e/SyncData/paper2_main/datasets/UFireIndoorFull/test/test_firesmoke/aihub__lb_smoke__0208.mp4;smokeonly;/mnt/e/SyncData/paper2_main/zout/___reports/on_test_set/baseline_vs_accMotion_for_quality_vis/MainPC__ds_UFireIndoorTest__mt_no_temp_method__af4b0d32a3d2__20260330.205208;skipped;/mnt/e/SyncData/paper2_main/zout/___reports/on_test_set/baseline_vs_accMotion_for_quality_vis/MainPC__ds_UFireIndoorTest__mt_temp_method_motion_block__e1ccb7b889a0__20260421.145709
aihub__lb_smoke__0208.mp4;306;360;fire_smoke;/mnt/e/SyncData/paper2_main/datasets/UFireIndoorFull/test/test_firesmoke/aihub__lb_smoke__0208.mp4;smokeonly;/mnt/e/SyncData/paper2_main/zout/___reports/on_test_set/baseline_vs_accMotion_for_quality_vis/MainPC__ds_UFireIndoorTest__mt_no_temp_method__af4b0d32a3d2__20260330.205208;skipped;/mnt/e/SyncData/paper2_main/zout/___reports/on_test_set/baseline_vs_accMotion_for_quality_vis/MainPC__ds_UFireIndoorTest__mt_temp_method_motion_block__e1ccb7b889a0__20260421.145709
aihub__lb_smoke__0208.mp4;307;360;fire_smoke;/mnt/e/SyncData/paper2_main/datasets/UFireIndoorFull/test/test_firesmoke/aihub__lb_smoke__0208.mp4;smokeonly;/mnt/e/SyncData/paper2_main/zout/___reports/on_test_set/baseline_vs_accMotion_for_quality_vis/MainPC__ds_UFireIndoorTest__mt_no_temp_method__af4b0d32a3d2__20260330.205208;skipped;/mnt/e/SyncData/paper2_main/zout/___reports/on_test_set/baseline_vs_accMotion_for_quality_vis/MainPC__ds_UFireIndoorTest__mt_temp_method_motion_block__e1ccb7b889a0__20260421.145709
aihub__lb_smoke__0208.mp4;308;360;fire_smoke;/mnt/e/SyncData/paper2_main/datasets/UFireIndoorFull/test/test_firesmoke/aihub__lb_smoke__0208.mp4;smokeonly;/mnt/e/SyncData/paper2_main/zout/___reports/on_test_set/baseline_vs_accMotion_for_quality_vis/MainPC__ds_UFireIndoorTest__mt_no_temp_method__af4b0d32a3d2__20260330.205208;skipped;/mnt/e/SyncData/paper2_main/zout/___reports/on_test_set/baseline_vs_accMotion_for_quality_vis/MainPC__ds_UFireIndoorTest__mt_temp_method_motion_block__e1ccb7b889a0__20260421.145709
aihub__lb_smoke__0208.mp4;309;360;fire_smoke;/mnt/e/SyncData/paper2_main/datasets/UFireIndoorFull/test/test_firesmoke/aihub__lb_smoke__0208.mp4;smokeonly;/mnt/e/SyncData/paper2_main/zout/___reports/on_test_set/baseline_vs_accMotion_for_quality_vis/MainPC__ds_UFireIndoorTest__mt_no_temp_method__af4b0d32a3d2__20260330.205208;skipped;/mnt/e/SyncData/paper2_main/zout/___reports/on_test_set/baseline_vs_accMotion_for_quality_vis/MainPC__ds_UFireIndoorTest__mt_temp_method_motion_block__e1ccb7b889a0__20260421.145709
aihub__lb_smoke__0208.mp4;310;360;fire_smoke;/mnt/e/SyncData/paper2_main/datasets/UFireIndoorFull/test/test_firesmoke/aihub__lb_smoke__0208.mp4;smokeonly;/mnt/e/SyncData/paper2_main/zout/___reports/on_test_set/baseline_vs_accMotion_for_quality_vis/MainPC__ds_UFireIndoorTest__mt_no_temp_method__af4b0d32a3d2__20260330.205208;skipped;/mnt/e/SyncData/paper2_main/zout/___reports/on_test_set/baseline_vs_accMotion_for_quality_vis/MainPC__ds_UFireIndoorTest__mt_temp_method_motion_block__e1ccb7b889a0__20260421.145709
aihub__lb_smoke__0208.mp4;311;360;fire_smoke;/mnt/e/SyncData/paper2_main/datasets/UFireIndoorFull/test/test_firesmoke/aihub__lb_smoke__0208.mp4;smokeonly;/mnt/e/SyncData/paper2_main/zout/___reports/on_test_set/baseline_vs_accMotion_for_quality_vis/MainPC__ds_UFireIndoorTest__mt_no_temp_method__af4b0d32a3d2__20260330.205208;skipped;/mnt/e/SyncData/paper2_main/zout/___reports/on_test_set/baseline_vs_accMotion_for_quality_vis/MainPC__ds_UFireIndoorTest__mt_temp_method_motion_block__e1ccb7b889a0__20260421.145709
aihub__lb_smoke__0208.mp4;315;360;fire_smoke;/mnt/e/SyncData/paper2_main/datasets/UFireIndoorFull/test/test_firesmoke/aihub__lb_smoke__0208.mp4;smokeonly;/mnt/e/SyncData/paper2_main/zout/___reports/on_test_set/baseline_vs_accMotion_for_quality_vis/MainPC__ds_UFireIndoorTest__mt_no_temp_method__af4b0d32a3d2__20260330.205208;skipped;/mnt/e/SyncData/paper2_main/zout/___reports/on_test_set/baseline_vs_accMotion_for_quality_vis/MainPC__ds_UFireIndoorTest__mt_temp_method_motion_block__e1ccb7b889a0__20260421.145709
aihub__lb_smoke__0208.mp4;316;360;fire_smoke;/mnt/e/SyncData/paper2_main/datasets/UFireIndoorFull/test/test_firesmoke/aihub__lb_smoke__0208.mp4;smokeonly;/mnt/e/SyncData/paper2_main/zout/___reports/on_test_set/baseline_vs_accMotion_for_quality_vis/MainPC__ds_UFireIndoorTest__mt_no_temp_method__af4b0d32a3d2__20260330.205208;skipped;/mnt/e/SyncData/paper2_main/zout/___reports/on_test_set/baseline_vs_accMotion_for_quality_vis/MainPC__ds_UFireIndoorTest__mt_temp_method_motion_block__e1ccb7b889a0__20260421.145709
aihub__lb_smoke__0208.mp4;317;360;fire_smoke;/mnt/e/SyncData/paper2_main/datasets/UFireIndoorFull/test/test_firesmoke/aihub__lb_smoke__0208.mp4;smokeonly;/mnt/e/SyncData/paper2_main/zout/___reports/on_test_set/baseline_vs_accMotion_for_quality_vis/MainPC__ds_UFireIndoorTest__mt_no_temp_method__af4b0d32a3d2__20260330.205208;skipped;/mnt/e/SyncData/paper2_main/zout/___reports/on_test_set/baseline_vs_accMotion_for_quality_vis/MainPC__ds_UFireIndoorTest__mt_temp_method_motion_block__e1ccb7b889a0__20260421.145709
aihub__lb_smoke__0208.mp4;318;360;fire_smoke;/mnt/e/SyncData/paper2_main/datasets/UFireIndoorFull/test/test_firesmoke/aihub__lb_smoke__0208.mp4;smokeonly;/mnt/e/SyncData/paper2_main/zout/___reports/on_test_set/baseline_vs_accMotion_for_quality_vis/MainPC__ds_UFireIndoorTest__mt_no_temp_method__af4b0d32a3d2__20260330.205208;skipped;/mnt/e/SyncData/paper2_main/zout/___reports/on_test_set/baseline_vs_accMotion_for_quality_vis/MainPC__ds_UFireIndoorTest__mt_temp_method_motion_block__e1ccb7b889a0__20260421.145709
aihub__lb_smoke__0208.mp4;319;360;fire_smoke;/mnt/e/SyncData/paper2_main/datasets/UFireIndoorFull/test/test_firesmoke/aihub__lb_smoke__0208.mp4;smokeonly;/mnt/e/SyncData/paper2_main/zout/___reports/on_test_set/baseline_vs_accMotion_for_quality_vis/MainPC__ds_UFireIndoorTest__mt_no_temp_method__af4b0d32a3d2__20260330.205208;skipped;/mnt/e/SyncData/paper2_main/zout/___reports/on_test_set/baseline_vs_accMotion_for_quality_vis/MainPC__ds_UFireIndoorTest__mt_temp_method_motion_block__e1ccb7b889a0__20260421.145709
aihub__lb_smoke__0208.mp4;320;360;fire_smoke;/mnt/e/SyncData/paper2_main/datasets/UFireIndoorFull/test/test_firesmoke/aihub__lb_smoke__0208.mp4;smokeonly;/mnt/e/SyncData/paper2_main/zout/___reports/on_test_set/baseline_vs_accMotion_for_quality_vis/MainPC__ds_UFireIndoorTest__mt_no_temp_method__af4b0d32a3d2__20260330.205208;skipped;/mnt/e/SyncData/paper2_main/zout/___reports/on_test_set/baseline_vs_accMotion_for_quality_vis/MainPC__ds_UFireIndoorTest__mt_temp_method_motion_block__e1ccb7b889a0__20260421.145709
aihub__lb_smoke__0208.mp4;321;360;fire_smoke;/mnt/e/SyncData/paper2_main/datasets/UFireIndoorFull/test/test_firesmoke/aihub__lb_smoke__0208.mp4;smokeonly;/mnt/e/SyncData/paper2_main/zout/___reports/on_test_set/baseline_vs_accMotion_for_quality_vis/MainPC__ds_UFireIndoorTest__mt_no_temp_method__af4b0d32a3d2__20260330.205208;skipped;/mnt/e/SyncData/paper2_main/zout/___reports/on_test_set/baseline_vs_accMotion_for_quality_vis/MainPC__ds_UFireIndoorTest__mt_temp_method_motion_block__e1ccb7b889a0__20260421.145709
aihub__lb_smoke__0208.mp4;322;360;fire_smoke;/mnt/e/SyncData/paper2_main/datasets/UFireIndoorFull/test/test_firesmoke/aihub__lb_smoke__0208.mp4;smokeonly;/mnt/e/SyncData/paper2_main/zout/___reports/on_test_set/baseline_vs_accMotion_for_quality_vis/MainPC__ds_UFireIndoorTest__mt_no_temp_method__af4b0d32a3d2__20260330.205208;skipped;/mnt/e/SyncData/paper2_main/zout/___reports/on_test_set/baseline_vs_accMotion_for_quality_vis/MainPC__ds_UFireIndoorTest__mt_temp_method_motion_block__e1ccb7b889a0__20260421.145709
aihub__lb_smoke__0208.mp4;323;360;fire_smoke;/mnt/e/SyncData/paper2_main/datasets/UFireIndoorFull/test/test_firesmoke/aihub__lb_smoke__0208.mp4;smokeonly;/mnt/e/SyncData/paper2_main/zout/___reports/on_test_set/baseline_vs_accMotion_for_quality_vis/MainPC__ds_UFireIndoorTest__mt_no_temp_method__af4b0d32a3d2__20260330.205208;skipped;/mnt/e/SyncData/paper2_main/zout/___reports/on_test_set/baseline_vs_accMotion_for_quality_vis/MainPC__ds_UFireIndoorTest__mt_temp_method_motion_block__e1ccb7b889a0__20260421.145709
aihub__lb_smoke__0208.mp4;324;360;fire_smoke;/mnt/e/SyncData/paper2_main/datasets/UFireIndoorFull/test/test_firesmoke/aihub__lb_smoke__0208.mp4;smokeonly;/mnt/e/SyncData/paper2_main/zout/___reports/on_test_set/baseline_vs_accMotion_for_quality_vis/MainPC__ds_UFireIndoorTest__mt_no_temp_method__af4b0d32a3d2__20260330.205208;skipped;/mnt/e/SyncData/paper2_main/zout/___reports/on_test_set/baseline_vs_accMotion_for_quality_vis/MainPC__ds_UFireIndoorTest__mt_temp_method_motion_block__e1ccb7b889a0__20260421.145709
aihub__lb_smoke__0208.mp4;325;360;fire_smoke;/mnt/e/SyncData/paper2_main/datasets/UFireIndoorFull/test/test_firesmoke/aihub__lb_smoke__0208.mp4;smokeonly;/mnt/e/SyncData/paper2_main/zout/___reports/on_test_set/baseline_vs_accMotion_for_quality_vis/MainPC__ds_UFireIndoorTest__mt_no_temp_method__af4b0d32a3d2__20260330.205208;skipped;/mnt/e/SyncData/paper2_main/zout/___reports/on_test_set/baseline_vs_accMotion_for_quality_vis/MainPC__ds_UFireIndoorTest__mt_temp_method_motion_block__e1ccb7b889a0__20260421.145709
aihub__lb_smoke__0208.mp4;326;360;fire_smoke;/mnt/e/SyncData/paper2_main/datasets/UFireIndoorFull/test/test_firesmoke/aihub__lb_smoke__0208.mp4;smokeonly;/mnt/e/SyncData/paper2_main/zout/___reports/on_test_set/baseline_vs_accMotion_for_quality_vis/MainPC__ds_UFireIndoorTest__mt_no_temp_method__af4b0d32a3d2__20260330.205208;skipped;/mnt/e/SyncData/paper2_main/zout/___reports/on_test_set/baseline_vs_accMotion_for_quality_vis/MainPC__ds_UFireIndoorTest__mt_temp_method_motion_block__e1ccb7b889a0__20260421.145709
aihub__lb_smoke__0208.mp4;327;360;fire_smoke;/mnt/e/SyncData/paper2_main/datasets/UFireIndoorFull/test/test_firesmoke/aihub__lb_smoke__0208.mp4;smokeonly;/mnt/e/SyncData/paper2_main/zout/___reports/on_test_set/baseline_vs_accMotion_for_quality_vis/MainPC__ds_UFireIndoorTest__mt_no_temp_method__af4b0d32a3d2__20260330.205208;skipped;/mnt/e/SyncData/paper2_main/zout/___reports/on_test_set/baseline_vs_accMotion_for_quality_vis/MainPC__ds_UFireIndoorTest__mt_temp_method_motion_block__e1ccb7b889a0__20260421.145709
aihub__lb_smoke__0208.mp4;328;360;fire_smoke;/mnt/e/SyncData/paper2_main/datasets/UFireIndoorFull/test/test_firesmoke/aihub__lb_smoke__0208.mp4;smokeonly;/mnt/e/SyncData/paper2_main/zout/___reports/on_test_set/baseline_vs_accMotion_for_quality_vis/MainPC__ds_UFireIndoorTest__mt_no_temp_method__af4b0d32a3d2__20260330.205208;skipped;/mnt/e/SyncData/paper2_main/zout/___reports/on_test_set/baseline_vs_accMotion_for_quality_vis/MainPC__ds_UFireIndoorTest__mt_temp_method_motion_block__e1ccb7b889a0__20260421.145709
aihub__lb_smoke__0208.mp4;329;360;fire_smoke;/mnt/e/SyncData/paper2_main/datasets/UFireIndoorFull/test/test_firesmoke/aihub__lb_smoke__0208.mp4;smokeonly;/mnt/e/SyncData/paper2_main/zout/___reports/on_test_set/baseline_vs_accMotion_for_quality_vis/MainPC__ds_UFireIndoorTest__mt_no_temp_method__af4b0d32a3d2__20260330.205208;skipped;/mnt/e/SyncData/paper2_main/zout/___reports/on_test_set/baseline_vs_accMotion_for_quality_vis/MainPC__ds_UFireIndoorTest__mt_temp_method_motion_block__e1ccb7b889a0__20260421.145709
aihub__lb_smoke__0208.mp4;330;360;fire_smoke;/mnt/e/SyncData/paper2_main/datasets/UFireIndoorFull/test/test_firesmoke/aihub__lb_smoke__0208.mp4;smokeonly;/mnt/e/SyncData/paper2_main/zout/___reports/on_test_set/baseline_vs_accMotion_for_quality_vis/MainPC__ds_UFireIndoorTest__mt_no_temp_method__af4b0d32a3d2__20260330.205208;skipped;/mnt/e/SyncData/paper2_main/zout/___reports/on_test_set/baseline_vs_accMotion_for_quality_vis/MainPC__ds_UFireIndoorTest__mt_temp_method_motion_block__e1ccb7b889a0__20260421.145709
aihub__lb_smoke__0208.mp4;331;360;fire_smoke;/mnt/e/SyncData/paper2_main/datasets/UFireIndoorFull/test/test_firesmoke/aihub__lb_smoke__0208.mp4;smokeonly;/mnt/e/SyncData/paper2_main/zout/___reports/on_test_set/baseline_vs_accMotion_for_quality_vis/MainPC__ds_UFireIndoorTest__mt_no_temp_method__af4b0d32a3d2__20260330.205208;skipped;/mnt/e/SyncData/paper2_main/zout/___reports/on_test_set/baseline_vs_accMotion_for_quality_vis/MainPC__ds_UFireIndoorTest__mt_temp_method_motion_block__e1ccb7b889a0__20260421.145709
aihub__lb_smoke__0208.mp4;332;360;fire_smoke;/mnt/e/SyncData/paper2_main/datasets/UFireIndoorFull/test/test_firesmoke/aihub__lb_smoke__0208.mp4;smokeonly;/mnt/e/SyncData/paper2_main/zout/___reports/on_test_set/baseline_vs_accMotion_for_quality_vis/MainPC__ds_UFireIndoorTest__mt_no_temp_method__af4b0d32a3d2__20260330.205208;skipped;/mnt/e/SyncData/paper2_main/zout/___reports/on_test_set/baseline_vs_accMotion_for_quality_vis/MainPC__ds_UFireIndoorTest__mt_temp_method_motion_block__e1ccb7b889a0__20260421.145709
aihub__lb_smoke__0208.mp4;333;360;fire_smoke;/mnt/e/SyncData/paper2_main/datasets/UFireIndoorFull/test/test_firesmoke/aihub__lb_smoke__0208.mp4;smokeonly;/mnt/e/SyncData/paper2_main/zout/___reports/on_test_set/baseline_vs_accMotion_for_quality_vis/MainPC__ds_UFireIndoorTest__mt_no_temp_method__af4b0d32a3d2__20260330.205208;skipped;/mnt/e/SyncData/paper2_main/zout/___reports/on_test_set/baseline_vs_accMotion_for_quality_vis/MainPC__ds_UFireIndoorTest__mt_temp_method_motion_block__e1ccb7b889a0__20260421.145709
aihub__lb_smoke__0208.mp4;334;360;fire_smoke;/mnt/e/SyncData/paper2_main/datasets/UFireIndoorFull/test/test_firesmoke/aihub__lb_smoke__0208.mp4;smokeonly;/mnt/e/SyncData/paper2_main/zout/___reports/on_test_set/baseline_vs_accMotion_for_quality_vis/MainPC__ds_UFireIndoorTest__mt_no_temp_method__af4b0d32a3d2__20260330.205208;skipped;/mnt/e/SyncData/paper2_main/zout/___reports/on_test_set/baseline_vs_accMotion_for_quality_vis/MainPC__ds_UFireIndoorTest__mt_temp_method_motion_block__e1ccb7b889a0__20260421.145709
aihub__lb_smoke__0208.mp4;335;360;fire_smoke;/mnt/e/SyncData/paper2_main/datasets/UFireIndoorFull/test/test_firesmoke/aihub__lb_smoke__0208.mp4;smokeonly;/mnt/e/SyncData/paper2_main/zout/___reports/on_test_set/baseline_vs_accMotion_for_quality_vis/MainPC__ds_UFireIndoorTest__mt_no_temp_method__af4b0d32a3d2__20260330.205208;skipped;/mnt/e/SyncData/paper2_main/zout/___reports/on_test_set/baseline_vs_accMotion_for_quality_vis/MainPC__ds_UFireIndoorTest__mt_temp_method_motion_block__e1ccb7b889a0__20260421.145709
aihub__lb_smoke__0208.mp4;336;360;fire_smoke;/mnt/e/SyncData/paper2_main/datasets/UFireIndoorFull/test/test_firesmoke/aihub__lb_smoke__0208.mp4;smokeonly;/mnt/e/SyncData/paper2_main/zout/___reports/on_test_set/baseline_vs_accMotion_for_quality_vis/MainPC__ds_UFireIndoorTest__mt_no_temp_method__af4b0d32a3d2__20260330.205208;skipped;/mnt/e/SyncData/paper2_main/zout/___reports/on_test_set/baseline_vs_accMotion_for_quality_vis/MainPC__ds_UFireIndoorTest__mt_temp_method_motion_block__e1ccb7b889a0__20260421.145709
aihub__lb_smoke__0208.mp4;337;360;fire_smoke;/mnt/e/SyncData/paper2_main/datasets/UFireIndoorFull/test/test_firesmoke/aihub__lb_smoke__0208.mp4;smokeonly;/mnt/e/SyncData/paper2_main/zout/___reports/on_test_set/baseline_vs_accMotion_for_quality_vis/MainPC__ds_UFireIndoorTest__mt_no_temp_method__af4b0d32a3d2__20260330.205208;skipped;/mnt/e/SyncData/paper2_main/zout/___reports/on_test_set/baseline_vs_accMotion_for_quality_vis/MainPC__ds_UFireIndoorTest__mt_temp_method_motion_block__e1ccb7b889a0__20260421.145709
aihub__lb_smoke__0208.mp4;338;360;fire_smoke;/mnt/e/SyncData/paper2_main/datasets/UFireIndoorFull/test/test_firesmoke/aihub__lb_smoke__0208.mp4;smokeonly;/mnt/e/SyncData/paper2_main/zout/___reports/on_test_set/baseline_vs_accMotion_for_quality_vis/MainPC__ds_UFireIndoorTest__mt_no_temp_method__af4b0d32a3d2__20260330.205208;skipped;/mnt/e/SyncData/paper2_main/zout/___reports/on_test_set/baseline_vs_accMotion_for_quality_vis/MainPC__ds_UFireIndoorTest__mt_temp_method_motion_block__e1ccb7b889a0__20260421.145709
aihub__lb_smoke__0208.mp4;339;360;fire_smoke;/mnt/e/SyncData/paper2_main/datasets/UFireIndoorFull/test/test_firesmoke/aihub__lb_smoke__0208.mp4;smokeonly;/mnt/e/SyncData/paper2_main/zout/___reports/on_test_set/baseline_vs_accMotion_for_quality_vis/MainPC__ds_UFireIndoorTest__mt_no_temp_method__af4b0d32a3d2__20260330.205208;skipped;/mnt/e/SyncData/paper2_main/zout/___reports/on_test_set/baseline_vs_accMotion_for_quality_vis/MainPC__ds_UFireIndoorTest__mt_temp_method_motion_block__e1ccb7b889a0__20260421.145709
aihub__lb_smoke__0208.mp4;340;360;fire_smoke;/mnt/e/SyncData/paper2_main/datasets/UFireIndoorFull/test/test_firesmoke/aihub__lb_smoke__0208.mp4;smokeonly;/mnt/e/SyncData/paper2_main/zout/___reports/on_test_set/baseline_vs_accMotion_for_quality_vis/MainPC__ds_UFireIndoorTest__mt_no_temp_method__af4b0d32a3d2__20260330.205208;skipped;/mnt/e/SyncData/paper2_main/zout/___reports/on_test_set/baseline_vs_accMotion_for_quality_vis/MainPC__ds_UFireIndoorTest__mt_temp_method_motion_block__e1ccb7b889a0__20260421.145709
aihub__lb_smoke__0208.mp4;341;360;fire_smoke;/mnt/e/SyncData/paper2_main/datasets/UFireIndoorFull/test/test_firesmoke/aihub__lb_smoke__0208.mp4;smokeonly;/mnt/e/SyncData/paper2_main/zout/___reports/on_test_set/baseline_vs_accMotion_for_quality_vis/MainPC__ds_UFireIndoorTest__mt_no_temp_method__af4b0d32a3d2__20260330.205208;skipped;/mnt/e/SyncData/paper2_main/zout/___reports/on_test_set/baseline_vs_accMotion_for_quality_vis/MainPC__ds_UFireIndoorTest__mt_temp_method_motion_block__e1ccb7b889a0__20260421.145709
aihub__lb_smoke__0208.mp4;345;360;fire_smoke;/mnt/e/SyncData/paper2_main/datasets/UFireIndoorFull/test/test_firesmoke/aihub__lb_smoke__0208.mp4;smokeonly;/mnt/e/SyncData/paper2_main/zout/___reports/on_test_set/baseline_vs_accMotion_for_quality_vis/MainPC__ds_UFireIndoorTest__mt_no_temp_method__af4b0d32a3d2__20260330.205208;skipped;/mnt/e/SyncData/paper2_main/zout/___reports/on_test_set/baseline_vs_accMotion_for_quality_vis/MainPC__ds_UFireIndoorTest__mt_temp_method_motion_block__e1ccb7b889a0__20260421.145709
aihub__lb_smoke__0208.mp4;346;360;fire_smoke;/mnt/e/SyncData/paper2_main/datasets/UFireIndoorFull/test/test_firesmoke/aihub__lb_smoke__0208.mp4;smokeonly;/mnt/e/SyncData/paper2_main/zout/___reports/on_test_set/baseline_vs_accMotion_for_quality_vis/MainPC__ds_UFireIndoorTest__mt_no_temp_method__af4b0d32a3d2__20260330.205208;skipped;/mnt/e/SyncData/paper2_main/zout/___reports/on_test_set/baseline_vs_accMotion_for_quality_vis/MainPC__ds_UFireIndoorTest__mt_temp_method_motion_block__e1ccb7b889a0__20260421.145709
aihub__lb_smoke__0208.mp4;347;360;fire_smoke;/mnt/e/SyncData/paper2_main/datasets/UFireIndoorFull/test/test_firesmoke/aihub__lb_smoke__0208.mp4;smokeonly;/mnt/e/SyncData/paper2_main/zout/___reports/on_test_set/baseline_vs_accMotion_for_quality_vis/MainPC__ds_UFireIndoorTest__mt_no_temp_method__af4b0d32a3d2__20260330.205208;skipped;/mnt/e/SyncData/paper2_main/zout/___reports/on_test_set/baseline_vs_accMotion_for_quality_vis/MainPC__ds_UFireIndoorTest__mt_temp_method_motion_block__e1ccb7b889a0__20260421.145709
aihub__lb_smoke__0208.mp4;348;360;fire_smoke;/mnt/e/SyncData/paper2_main/datasets/UFireIndoorFull/test/test_firesmoke/aihub__lb_smoke__0208.mp4;smokeonly;/mnt/e/SyncData/paper2_main/zout/___reports/on_test_set/baseline_vs_accMotion_for_quality_vis/MainPC__ds_UFireIndoorTest__mt_no_temp_method__af4b0d32a3d2__20260330.205208;skipped;/mnt/e/SyncData/paper2_main/zout/___reports/on_test_set/baseline_vs_accMotion_for_quality_vis/MainPC__ds_UFireIndoorTest__mt_temp_method_motion_block__e1ccb7b889a0__20260421.145709
aihub__lb_smoke__0208.mp4;349;360;fire_smoke;/mnt/e/SyncData/paper2_main/datasets/UFireIndoorFull/test/test_firesmoke/aihub__lb_smoke__0208.mp4;smokeonly;/mnt/e/SyncData/paper2_main/zout/___reports/on_test_set/baseline_vs_accMotion_for_quality_vis/MainPC__ds_UFireIndoorTest__mt_no_temp_method__af4b0d32a3d2__20260330.205208;skipped;/mnt/e/SyncData/paper2_main/zout/___reports/on_test_set/baseline_vs_accMotion_for_quality_vis/MainPC__ds_UFireIndoorTest__mt_temp_method_motion_block__e1ccb7b889a0__20260421.145709
aihub__lb_smoke__0208.mp4;350;360;fire_smoke;/mnt/e/SyncData/paper2_main/datasets/UFireIndoorFull/test/test_firesmoke/aihub__lb_smoke__0208.mp4;smokeonly;/mnt/e/SyncData/paper2_main/zout/___reports/on_test_set/baseline_vs_accMotion_for_quality_vis/MainPC__ds_UFireIndoorTest__mt_no_temp_method__af4b0d32a3d2__20260330.205208;skipped;/mnt/e/SyncData/paper2_main/zout/___reports/on_test_set/baseline_vs_accMotion_for_quality_vis/MainPC__ds_UFireIndoorTest__mt_temp_method_motion_block__e1ccb7b889a0__20260421.145709
aihub__lb_smoke__0208.mp4;351;360;fire_smoke;/mnt/e/SyncData/paper2_main/datasets/UFireIndoorFull/test/test_firesmoke/aihub__lb_smoke__0208.mp4;smokeonly;/mnt/e/SyncData/paper2_main/zout/___reports/on_test_set/baseline_vs_accMotion_for_quality_vis/MainPC__ds_UFireIndoorTest__mt_no_temp_method__af4b0d32a3d2__20260330.205208;skipped;/mnt/e/SyncData/paper2_main/zout/___reports/on_test_set/baseline_vs_accMotion_for_quality_vis/MainPC__ds_UFireIndoorTest__mt_temp_method_motion_block__e1ccb7b889a0__20260421.145709
aihub__lb_smoke__0208.mp4;352;360;fire_smoke;/mnt/e/SyncData/paper2_main/datasets/UFireIndoorFull/test/test_firesmoke/aihub__lb_smoke__0208.mp4;smokeonly;/mnt/e/SyncData/paper2_main/zout/___reports/on_test_set/baseline_vs_accMotion_for_quality_vis/MainPC__ds_UFireIndoorTest__mt_no_temp_method__af4b0d32a3d2__20260330.205208;skipped;/mnt/e/SyncData/paper2_main/zout/___reports/on_test_set/baseline_vs_accMotion_for_quality_vis/MainPC__ds_UFireIndoorTest__mt_temp_method_motion_block__e1ccb7b889a0__20260421.145709
aihub__lb_smoke__0208.mp4;353;360;fire_smoke;/mnt/e/SyncData/paper2_main/datasets/UFireIndoorFull/test/test_firesmoke/aihub__lb_smoke__0208.mp4;smokeonly;/mnt/e/SyncData/paper2_main/zout/___reports/on_test_set/baseline_vs_accMotion_for_quality_vis/MainPC__ds_UFireIndoorTest__mt_no_temp_method__af4b0d32a3d2__20260330.205208;skipped;/mnt/e/SyncData/paper2_main/zout/___reports/on_test_set/baseline_vs_accMotion_for_quality_vis/MainPC__ds_UFireIndoorTest__mt_temp_method_motion_block__e1ccb7b889a0__20260421.145709
aihub__lb_smoke__0208.mp4;354;360;fire_smoke;/mnt/e/SyncData/paper2_main/datasets/UFireIndoorFull/test/test_firesmoke/aihub__lb_smoke__0208.mp4;smokeonly;/mnt/e/SyncData/paper2_main/zout/___reports/on_test_set/baseline_vs_accMotion_for_quality_vis/MainPC__ds_UFireIndoorTest__mt_no_temp_method__af4b0d32a3d2__20260330.205208;skipped;/mnt/e/SyncData/paper2_main/zout/___reports/on_test_set/baseline_vs_accMotion_for_quality_vis/MainPC__ds_UFireIndoorTest__mt_temp_method_motion_block__e1ccb7b889a0__20260421.145709
aihub__lb_smoke__0208.mp4;355;360;fire_smoke;/mnt/e/SyncData/paper2_main/datasets/UFireIndoorFull/test/test_firesmoke/aihub__lb_smoke__0208.mp4;smokeonly;/mnt/e/SyncData/paper2_main/zout/___reports/on_test_set/baseline_vs_accMotion_for_quality_vis/MainPC__ds_UFireIndoorTest__mt_no_temp_method__af4b0d32a3d2__20260330.205208;skipped;/mnt/e/SyncData/paper2_main/zout/___reports/on_test_set/baseline_vs_accMotion_for_quality_vis/MainPC__ds_UFireIndoorTest__mt_temp_method_motion_block__e1ccb7b889a0__20260421.145709
aihub__lb_smoke__0208.mp4;356;360;fire_smoke;/mnt/e/SyncData/paper2_main/datasets/UFireIndoorFull/test/test_firesmoke/aihub__lb_smoke__0208.mp4;smokeonly;/mnt/e/SyncData/paper2_main/zout/___reports/on_test_set/baseline_vs_accMotion_for_quality_vis/MainPC__ds_UFireIndoorTest__mt_no_temp_method__af4b0d32a3d2__20260330.205208;skipped;/mnt/e/SyncData/paper2_main/zout/___reports/on_test_set/baseline_vs_accMotion_for_quality_vis/MainPC__ds_UFireIndoorTest__mt_temp_method_motion_block__e1ccb7b889a0__20260421.145709
aihub__lb_smoke__0208.mp4;357;360;fire_smoke;/mnt/e/SyncData/paper2_main/datasets/UFireIndoorFull/test/test_firesmoke/aihub__lb_smoke__0208.mp4;smokeonly;/mnt/e/SyncData/paper2_main/zout/___reports/on_test_set/baseline_vs_accMotion_for_quality_vis/MainPC__ds_UFireIndoorTest__mt_no_temp_method__af4b0d32a3d2__20260330.205208;skipped;/mnt/e/SyncData/paper2_main/zout/___reports/on_test_set/baseline_vs_accMotion_for_quality_vis/MainPC__ds_UFireIndoorTest__mt_temp_method_motion_block__e1ccb7b889a0__20260421.145709
aihub__lb_smoke__0208.mp4;358;360;fire_smoke;/mnt/e/SyncData/paper2_main/datasets/UFireIndoorFull/test/test_firesmoke/aihub__lb_smoke__0208.mp4;smokeonly;/mnt/e/SyncData/paper2_main/zout/___reports/on_test_set/baseline_vs_accMotion_for_quality_vis/MainPC__ds_UFireIndoorTest__mt_no_temp_method__af4b0d32a3d2__20260330.205208;skipped;/mnt/e/SyncData/paper2_main/zout/___reports/on_test_set/baseline_vs_accMotion_for_quality_vis/MainPC__ds_UFireIndoorTest__mt_temp_method_motion_block__e1ccb7b889a0__20260421.145709
aihub__lb_smoke__0208.mp4;359;360;fire_smoke;/mnt/e/SyncData/paper2_main/datasets/UFireIndoorFull/test/test_firesmoke/aihub__lb_smoke__0208.mp4;smokeonly;/mnt/e/SyncData/paper2_main/zout/___reports/on_test_set/baseline_vs_accMotion_for_quality_vis/MainPC__ds_UFireIndoorTest__mt_no_temp_method__af4b0d32a3d2__20260330.205208;skipped;/mnt/e/SyncData/paper2_main/zout/___reports/on_test_set/baseline_vs_accMotion_for_quality_vis/MainPC__ds_UFireIndoorTest__mt_temp_method_motion_block__e1ccb7b889a0__20260421.145709
aihub__lb_smoke__0208.mp4;360;360;fire_smoke;/mnt/e/SyncData/paper2_main/datasets/UFireIndoorFull/test/test_firesmoke/aihub__lb_smoke__0208.mp4;smokeonly;/mnt/e/SyncData/paper2_main/zout/___reports/on_test_set/baseline_vs_accMotion_for_quality_vis/MainPC__ds_UFireIndoorTest__mt_no_temp_method__af4b0d32a3d2__20260330.205208;skipped;/mnt/e/SyncData/paper2_main/zout/___reports/on_test_set/baseline_vs_accMotion_for_quality_vis/MainPC__ds_UFireIndoorTest__mt_temp_method_motion_block__e1ccb7b889a0__20260421.145709
aihub__lb_smoke__0264.mp4;1;360;fire_smoke;/mnt/e/SyncData/paper2_main/datasets/UFireIndoorFull/test/test_firesmoke/aihub__lb_smoke__0264.mp4;smokeonly;/mnt/e/SyncData/paper2_main/zout/___reports/on_test_set/baseline_vs_accMotion_for_quality_vis/MainPC__ds_UFireIndoorTest__mt_no_temp_method__af4b0d32a3d2__20260330.205208;skipped;/mnt/e/SyncData/paper2_main/zout/___reports/on_test_set/baseline_vs_accMotion_for_quality_vis/MainPC__ds_UFireIndoorTest__mt_temp_method_motion_block__e1ccb7b889a0__20260421.145709
aihub__lb_smoke__0264.mp4;2;360;fire_smoke;/mnt/e/SyncData/paper2_main/datasets/UFireIndoorFull/test/test_firesmoke/aihub__lb_smoke__0264.mp4;smokeonly;/mnt/e/SyncData/paper2_main/zout/___reports/on_test_set/baseline_vs_accMotion_for_quality_vis/MainPC__ds_UFireIndoorTest__mt_no_temp_method__af4b0d32a3d2__20260330.205208;skipped;/mnt/e/SyncData/paper2_main/zout/___reports/on_test_set/baseline_vs_accMotion_for_quality_vis/MainPC__ds_UFireIndoorTest__mt_temp_method_motion_block__e1ccb7b889a0__20260421.145709
aihub__lb_smoke__0265.mp4;1;360;fire_smoke;/mnt/e/SyncData/paper2_main/datasets/UFireIndoorFull/test/test_firesmoke/aihub__lb_smoke__0265.mp4;smokeonly;/mnt/e/SyncData/paper2_main/zout/___reports/on_test_set/baseline_vs_accMotion_for_quality_vis/MainPC__ds_UFireIndoorTest__mt_no_temp_method__af4b0d32a3d2__20260330.205208;skipped;/mnt/e/SyncData/paper2_main/zout/___reports/on_test_set/baseline_vs_accMotion_for_quality_vis/MainPC__ds_UFireIndoorTest__mt_temp_method_motion_block__e1ccb7b889a0__20260421.145709
aihub__lb_smoke__0265.mp4;2;360;fire_smoke;/mnt/e/SyncData/paper2_main/datasets/UFireIndoorFull/test/test_firesmoke/aihub__lb_smoke__0265.mp4;smokeonly;/mnt/e/SyncData/paper2_main/zout/___reports/on_test_set/baseline_vs_accMotion_for_quality_vis/MainPC__ds_UFireIndoorTest__mt_no_temp_method__af4b0d32a3d2__20260330.205208;skipped;/mnt/e/SyncData/paper2_main/zout/___reports/on_test_set/baseline_vs_accMotion_for_quality_vis/MainPC__ds_UFireIndoorTest__mt_temp_method_motion_block__e1ccb7b889a0__20260421.145709
aihub__lb_smoke__3028.mp4;1;360;fire_smoke;/mnt/e/SyncData/paper2_main/datasets/UFireIndoorFull/test/test_firesmoke/aihub__lb_smoke__3028.mp4;none;/mnt/e/SyncData/paper2_main/zout/___reports/on_test_set/baseline_vs_accMotion_for_quality_vis/MainPC__ds_UFireIndoorTest__mt_no_temp_method__af4b0d32a3d2__20260330.205208;skipped;/mnt/e/SyncData/paper2_main/zout/___reports/on_test_set/baseline_vs_accMotion_for_quality_vis/MainPC__ds_UFireIndoorTest__mt_temp_method_motion_block__e1ccb7b889a0__20260421.145709
aihub__lb_smoke__3028.mp4;2;360;fire_smoke;/mnt/e/SyncData/paper2_main/datasets/UFireIndoorFull/test/test_firesmoke/aihub__lb_smoke__3028.mp4;none;/mnt/e/SyncData/paper2_main/zout/___reports/on_test_set/baseline_vs_accMotion_for_quality_vis/MainPC__ds_UFireIndoorTest__mt_no_temp_method__af4b0d32a3d2__20260330.205208;skipped;/mnt/e/SyncData/paper2_main/zout/___reports/on_test_set/baseline_vs_accMotion_for_quality_vis/MainPC__ds_UFireIndoorTest__mt_temp_method_motion_block__e1ccb7b889a0__20260421.145709
aihub__lb_smoke__3031.mp4;1;360;fire_smoke;/mnt/e/SyncData/paper2_main/datasets/UFireIndoorFull/test/test_firesmoke/aihub__lb_smoke__3031.mp4;none;/mnt/e/SyncData/paper2_main/zout/___reports/on_test_set/baseline_vs_accMotion_for_quality_vis/MainPC__ds_UFireIndoorTest__mt_no_temp_method__af4b0d32a3d2__20260330.205208;skipped;/mnt/e/SyncData/paper2_main/zout/___reports/on_test_set/baseline_vs_accMotion_for_quality_vis/MainPC__ds_UFireIndoorTest__mt_temp_method_motion_block__e1ccb7b889a0__20260421.145709
aihub__lb_smoke__3031.mp4;2;360;fire_smoke;/mnt/e/SyncData/paper2_main/datasets/UFireIndoorFull/test/test_firesmoke/aihub__lb_smoke__3031.mp4;none;/mnt/e/SyncData/paper2_main/zout/___reports/on_test_set/baseline_vs_accMotion_for_quality_vis/MainPC__ds_UFireIndoorTest__mt_no_temp_method__af4b0d32a3d2__20260330.205208;skipped;/mnt/e/SyncData/paper2_main/zout/___reports/on_test_set/baseline_vs_accMotion_for_quality_vis/MainPC__ds_UFireIndoorTest__mt_temp_method_motion_block__e1ccb7b889a0__20260421.145709
aihub__lb_smoke__3032.mp4;1;360;fire_smoke;/mnt/e/SyncData/paper2_main/datasets/UFireIndoorFull/test/test_firesmoke/aihub__lb_smoke__3032.mp4;smokeonly;/mnt/e/SyncData/paper2_main/zout/___reports/on_test_set/baseline_vs_accMotion_for_quality_vis/MainPC__ds_UFireIndoorTest__mt_no_temp_method__af4b0d32a3d2__20260330.205208;skipped;/mnt/e/SyncData/paper2_main/zout/___reports/on_test_set/baseline_vs_accMotion_for_quality_vis/MainPC__ds_UFireIndoorTest__mt_temp_method_motion_block__e1ccb7b889a0__20260421.145709
aihub__lb_smoke__3032.mp4;2;360;fire_smoke;/mnt/e/SyncData/paper2_main/datasets/UFireIndoorFull/test/test_firesmoke/aihub__lb_smoke__3032.mp4;smokeonly;/mnt/e/SyncData/paper2_main/zout/___reports/on_test_set/baseline_vs_accMotion_for_quality_vis/MainPC__ds_UFireIndoorTest__mt_no_temp_method__af4b0d32a3d2__20260330.205208;skipped;/mnt/e/SyncData/paper2_main/zout/___reports/on_test_set/baseline_vs_accMotion_for_quality_vis/MainPC__ds_UFireIndoorTest__mt_temp_method_motion_block__e1ccb7b889a0__20260421.145709
aihub__lb_smoke__3039.mp4;1;360;fire_smoke;/mnt/e/SyncData/paper2_main/datasets/UFireIndoorFull/test/test_firesmoke/aihub__lb_smoke__3039.mp4;smokeonly;/mnt/e/SyncData/paper2_main/zout/___reports/on_test_set/baseline_vs_accMotion_for_quality_vis/MainPC__ds_UFireIndoorTest__mt_no_temp_method__af4b0d32a3d2__20260330.205208;skipped;/mnt/e/SyncData/paper2_main/zout/___reports/on_test_set/baseline_vs_accMotion_for_quality_vis/MainPC__ds_UFireIndoorTest__mt_temp_method_motion_block__e1ccb7b889a0__20260421.145709
aihub__lb_smoke__3039.mp4;2;360;fire_smoke;/mnt/e/SyncData/paper2_main/datasets/UFireIndoorFull/test/test_firesmoke/aihub__lb_smoke__3039.mp4;smokeonly;/mnt/e/SyncData/paper2_main/zout/___reports/on_test_set/baseline_vs_accMotion_for_quality_vis/MainPC__ds_UFireIndoorTest__mt_no_temp_method__af4b0d32a3d2__20260330.205208;skipped;/mnt/e/SyncData/paper2_main/zout/___reports/on_test_set/baseline_vs_accMotion_for_quality_vis/MainPC__ds_UFireIndoorTest__mt_temp_method_motion_block__e1ccb7b889a0__20260421.145709
aihub__lb_smoke__3039.mp4;311;360;fire_smoke;/mnt/e/SyncData/paper2_main/datasets/UFireIndoorFull/test/test_firesmoke/aihub__lb_smoke__3039.mp4;smokeonly;/mnt/e/SyncData/paper2_main/zout/___reports/on_test_set/baseline_vs_accMotion_for_quality_vis/MainPC__ds_UFireIndoorTest__mt_no_temp_method__af4b0d32a3d2__20260330.205208;skipped;/mnt/e/SyncData/paper2_main/zout/___reports/on_test_set/baseline_vs_accMotion_for_quality_vis/MainPC__ds_UFireIndoorTest__mt_temp_method_motion_block__e1ccb7b889a0__20260421.145709
aihub__lb_smoke__3039.mp4;312;360;fire_smoke;/mnt/e/SyncData/paper2_main/datasets/UFireIndoorFull/test/test_firesmoke/aihub__lb_smoke__3039.mp4;smokeonly;/mnt/e/SyncData/paper2_main/zout/___reports/on_test_set/baseline_vs_accMotion_for_quality_vis/MainPC__ds_UFireIndoorTest__mt_no_temp_method__af4b0d32a3d2__20260330.205208;skipped;/mnt/e/SyncData/paper2_main/zout/___reports/on_test_set/baseline_vs_accMotion_for_quality_vis/MainPC__ds_UFireIndoorTest__mt_temp_method_motion_block__e1ccb7b889a0__20260421.145709
aihub__lb_smoke__3039.mp4;328;360;fire_smoke;/mnt/e/SyncData/paper2_main/datasets/UFireIndoorFull/test/test_firesmoke/aihub__lb_smoke__3039.mp4;smokeonly;/mnt/e/SyncData/paper2_main/zout/___reports/on_test_set/baseline_vs_accMotion_for_quality_vis/MainPC__ds_UFireIndoorTest__mt_no_temp_method__af4b0d32a3d2__20260330.205208;skipped;/mnt/e/SyncData/paper2_main/zout/___reports/on_test_set/baseline_vs_accMotion_for_quality_vis/MainPC__ds_UFireIndoorTest__mt_temp_method_motion_block__e1ccb7b889a0__20260421.145709
aihub__lb_smoke__3039.mp4;329;360;fire_smoke;/mnt/e/SyncData/paper2_main/datasets/UFireIndoorFull/test/test_firesmoke/aihub__lb_smoke__3039.mp4;smokeonly;/mnt/e/SyncData/paper2_main/zout/___reports/on_test_set/baseline_vs_accMotion_for_quality_vis/MainPC__ds_UFireIndoorTest__mt_no_temp_method__af4b0d32a3d2__20260330.205208;skipped;/mnt/e/SyncData/paper2_main/zout/___reports/on_test_set/baseline_vs_accMotion_for_quality_vis/MainPC__ds_UFireIndoorTest__mt_temp_method_motion_block__e1ccb7b889a0__20260421.145709
aihub__lb_smoke__3039.mp4;357;360;fire_smoke;/mnt/e/SyncData/paper2_main/datasets/UFireIndoorFull/test/test_firesmoke/aihub__lb_smoke__3039.mp4;smokeonly;/mnt/e/SyncData/paper2_main/zout/___reports/on_test_set/baseline_vs_accMotion_for_quality_vis/MainPC__ds_UFireIndoorTest__mt_no_temp_method__af4b0d32a3d2__20260330.205208;skipped;/mnt/e/SyncData/paper2_main/zout/___reports/on_test_set/baseline_vs_accMotion_for_quality_vis/MainPC__ds_UFireIndoorTest__mt_temp_method_motion_block__e1ccb7b889a0__20260421.145709
aihub__lb_smoke__3039.mp4;358;360;fire_smoke;/mnt/e/SyncData/paper2_main/datasets/UFireIndoorFull/test/test_firesmoke/aihub__lb_smoke__3039.mp4;smokeonly;/mnt/e/SyncData/paper2_main/zout/___reports/on_test_set/baseline_vs_accMotion_for_quality_vis/MainPC__ds_UFireIndoorTest__mt_no_temp_method__af4b0d32a3d2__20260330.205208;skipped;/mnt/e/SyncData/paper2_main/zout/___reports/on_test_set/baseline_vs_accMotion_for_quality_vis/MainPC__ds_UFireIndoorTest__mt_temp_method_motion_block__e1ccb7b889a0__20260421.145709
aihub__lb_smoke__3049.mp4;1;360;fire_smoke;/mnt/e/SyncData/paper2_main/datasets/UFireIndoorFull/test/test_firesmoke/aihub__lb_smoke__3049.mp4;smokeonly;/mnt/e/SyncData/paper2_main/zout/___reports/on_test_set/baseline_vs_accMotion_for_quality_vis/MainPC__ds_UFireIndoorTest__mt_no_temp_method__af4b0d32a3d2__20260330.205208;skipped;/mnt/e/SyncData/paper2_main/zout/___reports/on_test_set/baseline_vs_accMotion_for_quality_vis/MainPC__ds_UFireIndoorTest__mt_temp_method_motion_block__e1ccb7b889a0__20260421.145709
aihub__lb_smoke__3049.mp4;2;360;fire_smoke;/mnt/e/SyncData/paper2_main/datasets/UFireIndoorFull/test/test_firesmoke/aihub__lb_smoke__3049.mp4;smokeonly;/mnt/e/SyncData/paper2_main/zout/___reports/on_test_set/baseline_vs_accMotion_for_quality_vis/MainPC__ds_UFireIndoorTest__mt_no_temp_method__af4b0d32a3d2__20260330.205208;skipped;/mnt/e/SyncData/paper2_main/zout/___reports/on_test_set/baseline_vs_accMotion_for_quality_vis/MainPC__ds_UFireIndoorTest__mt_temp_method_motion_block__e1ccb7b889a0__20260421.145709
aihub__lb_smoke__3049.mp4;83;360;fire_smoke;/mnt/e/SyncData/paper2_main/datasets/UFireIndoorFull/test/test_firesmoke/aihub__lb_smoke__3049.mp4;smokeonly;/mnt/e/SyncData/paper2_main/zout/___reports/on_test_set/baseline_vs_accMotion_for_quality_vis/MainPC__ds_UFireIndoorTest__mt_no_temp_method__af4b0d32a3d2__20260330.205208;skipped;/mnt/e/SyncData/paper2_main/zout/___reports/on_test_set/baseline_vs_accMotion_for_quality_vis/MainPC__ds_UFireIndoorTest__mt_temp_method_motion_block__e1ccb7b889a0__20260421.145709
aihub__lb_smoke__3049.mp4;203;360;fire_smoke;/mnt/e/SyncData/paper2_main/datasets/UFireIndoorFull/test/test_firesmoke/aihub__lb_smoke__3049.mp4;smokeonly;/mnt/e/SyncData/paper2_main/zout/___reports/on_test_set/baseline_vs_accMotion_for_quality_vis/MainPC__ds_UFireIndoorTest__mt_no_temp_method__af4b0d32a3d2__20260330.205208;skipped;/mnt/e/SyncData/paper2_main/zout/___reports/on_test_set/baseline_vs_accMotion_for_quality_vis/MainPC__ds_UFireIndoorTest__mt_temp_method_motion_block__e1ccb7b889a0__20260421.145709
aihub__lb_smoke__3049.mp4;207;360;fire_smoke;/mnt/e/SyncData/paper2_main/datasets/UFireIndoorFull/test/test_firesmoke/aihub__lb_smoke__3049.mp4;smokeonly;/mnt/e/SyncData/paper2_main/zout/___reports/on_test_set/baseline_vs_accMotion_for_quality_vis/MainPC__ds_UFireIndoorTest__mt_no_temp_method__af4b0d32a3d2__20260330.205208;skipped;/mnt/e/SyncData/paper2_main/zout/___reports/on_test_set/baseline_vs_accMotion_for_quality_vis/MainPC__ds_UFireIndoorTest__mt_temp_method_motion_block__e1ccb7b889a0__20260421.145709
aihub__lb_smoke__3049.mp4;208;360;fire_smoke;/mnt/e/SyncData/paper2_main/datasets/UFireIndoorFull/test/test_firesmoke/aihub__lb_smoke__3049.mp4;smokeonly;/mnt/e/SyncData/paper2_main/zout/___reports/on_test_set/baseline_vs_accMotion_for_quality_vis/MainPC__ds_UFireIndoorTest__mt_no_temp_method__af4b0d32a3d2__20260330.205208;skipped;/mnt/e/SyncData/paper2_main/zout/___reports/on_test_set/baseline_vs_accMotion_for_quality_vis/MainPC__ds_UFireIndoorTest__mt_temp_method_motion_block__e1ccb7b889a0__20260421.145709
aihub__lb_smoke__3049.mp4;209;360;fire_smoke;/mnt/e/SyncData/paper2_main/datasets/UFireIndoorFull/test/test_firesmoke/aihub__lb_smoke__3049.mp4;smokeonly;/mnt/e/SyncData/paper2_main/zout/___reports/on_test_set/baseline_vs_accMotion_for_quality_vis/MainPC__ds_UFireIndoorTest__mt_no_temp_method__af4b0d32a3d2__20260330.205208;skipped;/mnt/e/SyncData/paper2_main/zout/___reports/on_test_set/baseline_vs_accMotion_for_quality_vis/MainPC__ds_UFireIndoorTest__mt_temp_method_motion_block__e1ccb7b889a0__20260421.145709
aihub__lb_smoke__3049.mp4;210;360;fire_smoke;/mnt/e/SyncData/paper2_main/datasets/UFireIndoorFull/test/test_firesmoke/aihub__lb_smoke__3049.mp4;smokeonly;/mnt/e/SyncData/paper2_main/zout/___reports/on_test_set/baseline_vs_accMotion_for_quality_vis/MainPC__ds_UFireIndoorTest__mt_no_temp_method__af4b0d32a3d2__20260330.205208;skipped;/mnt/e/SyncData/paper2_main/zout/___reports/on_test_set/baseline_vs_accMotion_for_quality_vis/MainPC__ds_UFireIndoorTest__mt_temp_method_motion_block__e1ccb7b889a0__20260421.145709
aihub__lb_smoke__3049.mp4;211;360;fire_smoke;/mnt/e/SyncData/paper2_main/datasets/UFireIndoorFull/test/test_firesmoke/aihub__lb_smoke__3049.mp4;smokeonly;/mnt/e/SyncData/paper2_main/zout/___reports/on_test_set/baseline_vs_accMotion_for_quality_vis/MainPC__ds_UFireIndoorTest__mt_no_temp_method__af4b0d32a3d2__20260330.205208;skipped;/mnt/e/SyncData/paper2_main/zout/___reports/on_test_set/baseline_vs_accMotion_for_quality_vis/MainPC__ds_UFireIndoorTest__mt_temp_method_motion_block__e1ccb7b889a0__20260421.145709
aihub__lb_smoke__3049.mp4;213;360;fire_smoke;/mnt/e/SyncData/paper2_main/datasets/UFireIndoorFull/test/test_firesmoke/aihub__lb_smoke__3049.mp4;smokeonly;/mnt/e/SyncData/paper2_main/zout/___reports/on_test_set/baseline_vs_accMotion_for_quality_vis/MainPC__ds_UFireIndoorTest__mt_no_temp_method__af4b0d32a3d2__20260330.205208;skipped;/mnt/e/SyncData/paper2_main/zout/___reports/on_test_set/baseline_vs_accMotion_for_quality_vis/MainPC__ds_UFireIndoorTest__mt_temp_method_motion_block__e1ccb7b889a0__20260421.145709
aihub__lb_smoke__3049.mp4;214;360;fire_smoke;/mnt/e/SyncData/paper2_main/datasets/UFireIndoorFull/test/test_firesmoke/aihub__lb_smoke__3049.mp4;smokeonly;/mnt/e/SyncData/paper2_main/zout/___reports/on_test_set/baseline_vs_accMotion_for_quality_vis/MainPC__ds_UFireIndoorTest__mt_no_temp_method__af4b0d32a3d2__20260330.205208;skipped;/mnt/e/SyncData/paper2_main/zout/___reports/on_test_set/baseline_vs_accMotion_for_quality_vis/MainPC__ds_UFireIndoorTest__mt_temp_method_motion_block__e1ccb7b889a0__20260421.145709
aihub__lb_smoke__3049.mp4;215;360;fire_smoke;/mnt/e/SyncData/paper2_main/datasets/UFireIndoorFull/test/test_firesmoke/aihub__lb_smoke__3049.mp4;smokeonly;/mnt/e/SyncData/paper2_main/zout/___reports/on_test_set/baseline_vs_accMotion_for_quality_vis/MainPC__ds_UFireIndoorTest__mt_no_temp_method__af4b0d32a3d2__20260330.205208;skipped;/mnt/e/SyncData/paper2_main/zout/___reports/on_test_set/baseline_vs_accMotion_for_quality_vis/MainPC__ds_UFireIndoorTest__mt_temp_method_motion_block__e1ccb7b889a0__20260421.145709
aihub__lb_smoke__3049.mp4;216;360;fire_smoke;/mnt/e/SyncData/paper2_main/datasets/UFireIndoorFull/test/test_firesmoke/aihub__lb_smoke__3049.mp4;smokeonly;/mnt/e/SyncData/paper2_main/zout/___reports/on_test_set/baseline_vs_accMotion_for_quality_vis/MainPC__ds_UFireIndoorTest__mt_no_temp_method__af4b0d32a3d2__20260330.205208;skipped;/mnt/e/SyncData/paper2_main/zout/___reports/on_test_set/baseline_vs_accMotion_for_quality_vis/MainPC__ds_UFireIndoorTest__mt_temp_method_motion_block__e1ccb7b889a0__20260421.145709
aihub__lb_smoke__3049.mp4;217;360;fire_smoke;/mnt/e/SyncData/paper2_main/datasets/UFireIndoorFull/test/test_firesmoke/aihub__lb_smoke__3049.mp4;smokeonly;/mnt/e/SyncData/paper2_main/zout/___reports/on_test_set/baseline_vs_accMotion_for_quality_vis/MainPC__ds_UFireIndoorTest__mt_no_temp_method__af4b0d32a3d2__20260330.205208;skipped;/mnt/e/SyncData/paper2_main/zout/___reports/on_test_set/baseline_vs_accMotion_for_quality_vis/MainPC__ds_UFireIndoorTest__mt_temp_method_motion_block__e1ccb7b889a0__20260421.145709
aihub__lb_smoke__3049.mp4;218;360;fire_smoke;/mnt/e/SyncData/paper2_main/datasets/UFireIndoorFull/test/test_firesmoke/aihub__lb_smoke__3049.mp4;smokeonly;/mnt/e/SyncData/paper2_main/zout/___reports/on_test_set/baseline_vs_accMotion_for_quality_vis/MainPC__ds_UFireIndoorTest__mt_no_temp_method__af4b0d32a3d2__20260330.205208;skipped;/mnt/e/SyncData/paper2_main/zout/___reports/on_test_set/baseline_vs_accMotion_for_quality_vis/MainPC__ds_UFireIndoorTest__mt_temp_method_motion_block__e1ccb7b889a0__20260421.145709
aihub__lb_smoke__3049.mp4;219;360;fire_smoke;/mnt/e/SyncData/paper2_main/datasets/UFireIndoorFull/test/test_firesmoke/aihub__lb_smoke__3049.mp4;smokeonly;/mnt/e/SyncData/paper2_main/zout/___reports/on_test_set/baseline_vs_accMotion_for_quality_vis/MainPC__ds_UFireIndoorTest__mt_no_temp_method__af4b0d32a3d2__20260330.205208;skipped;/mnt/e/SyncData/paper2_main/zout/___reports/on_test_set/baseline_vs_accMotion_for_quality_vis/MainPC__ds_UFireIndoorTest__mt_temp_method_motion_block__e1ccb7b889a0__20260421.145709
aihub__lb_smoke__3049.mp4;220;360;fire_smoke;/mnt/e/SyncData/paper2_main/datasets/UFireIndoorFull/test/test_firesmoke/aihub__lb_smoke__3049.mp4;smokeonly;/mnt/e/SyncData/paper2_main/zout/___reports/on_test_set/baseline_vs_accMotion_for_quality_vis/MainPC__ds_UFireIndoorTest__mt_no_temp_method__af4b0d32a3d2__20260330.205208;skipped;/mnt/e/SyncData/paper2_main/zout/___reports/on_test_set/baseline_vs_accMotion_for_quality_vis/MainPC__ds_UFireIndoorTest__mt_temp_method_motion_block__e1ccb7b889a0__20260421.145709
aihub__lb_smoke__3049.mp4;221;360;fire_smoke;/mnt/e/SyncData/paper2_main/datasets/UFireIndoorFull/test/test_firesmoke/aihub__lb_smoke__3049.mp4;smokeonly;/mnt/e/SyncData/paper2_main/zout/___reports/on_test_set/baseline_vs_accMotion_for_quality_vis/MainPC__ds_UFireIndoorTest__mt_no_temp_method__af4b0d32a3d2__20260330.205208;skipped;/mnt/e/SyncData/paper2_main/zout/___reports/on_test_set/baseline_vs_accMotion_for_quality_vis/MainPC__ds_UFireIndoorTest__mt_temp_method_motion_block__e1ccb7b889a0__20260421.145709
aihub__lb_smoke__3049.mp4;222;360;fire_smoke;/mnt/e/SyncData/paper2_main/datasets/UFireIndoorFull/test/test_firesmoke/aihub__lb_smoke__3049.mp4;smokeonly;/mnt/e/SyncData/paper2_main/zout/___reports/on_test_set/baseline_vs_accMotion_for_quality_vis/MainPC__ds_UFireIndoorTest__mt_no_temp_method__af4b0d32a3d2__20260330.205208;skipped;/mnt/e/SyncData/paper2_main/zout/___reports/on_test_set/baseline_vs_accMotion_for_quality_vis/MainPC__ds_UFireIndoorTest__mt_temp_method_motion_block__e1ccb7b889a0__20260421.145709
aihub__lb_smoke__3049.mp4;223;360;fire_smoke;/mnt/e/SyncData/paper2_main/datasets/UFireIndoorFull/test/test_firesmoke/aihub__lb_smoke__3049.mp4;smokeonly;/mnt/e/SyncData/paper2_main/zout/___reports/on_test_set/baseline_vs_accMotion_for_quality_vis/MainPC__ds_UFireIndoorTest__mt_no_temp_method__af4b0d32a3d2__20260330.205208;skipped;/mnt/e/SyncData/paper2_main/zout/___reports/on_test_set/baseline_vs_accMotion_for_quality_vis/MainPC__ds_UFireIndoorTest__mt_temp_method_motion_block__e1ccb7b889a0__20260421.145709
aihub__lb_smoke__3049.mp4;224;360;fire_smoke;/mnt/e/SyncData/paper2_main/datasets/UFireIndoorFull/test/test_firesmoke/aihub__lb_smoke__3049.mp4;smokeonly;/mnt/e/SyncData/paper2_main/zout/___reports/on_test_set/baseline_vs_accMotion_for_quality_vis/MainPC__ds_UFireIndoorTest__mt_no_temp_method__af4b0d32a3d2__20260330.205208;skipped;/mnt/e/SyncData/paper2_main/zout/___reports/on_test_set/baseline_vs_accMotion_for_quality_vis/MainPC__ds_UFireIndoorTest__mt_temp_method_motion_block__e1ccb7b889a0__20260421.145709
aihub__lb_smoke__3049.mp4;225;360;fire_smoke;/mnt/e/SyncData/paper2_main/datasets/UFireIndoorFull/test/test_firesmoke/aihub__lb_smoke__3049.mp4;smokeonly;/mnt/e/SyncData/paper2_main/zout/___reports/on_test_set/baseline_vs_accMotion_for_quality_vis/MainPC__ds_UFireIndoorTest__mt_no_temp_method__af4b0d32a3d2__20260330.205208;skipped;/mnt/e/SyncData/paper2_main/zout/___reports/on_test_set/baseline_vs_accMotion_for_quality_vis/MainPC__ds_UFireIndoorTest__mt_temp_method_motion_block__e1ccb7b889a0__20260421.145709
aihub__lb_smoke__3049.mp4;226;360;fire_smoke;/mnt/e/SyncData/paper2_main/datasets/UFireIndoorFull/test/test_firesmoke/aihub__lb_smoke__3049.mp4;smokeonly;/mnt/e/SyncData/paper2_main/zout/___reports/on_test_set/baseline_vs_accMotion_for_quality_vis/MainPC__ds_UFireIndoorTest__mt_no_temp_method__af4b0d32a3d2__20260330.205208;skipped;/mnt/e/SyncData/paper2_main/zout/___reports/on_test_set/baseline_vs_accMotion_for_quality_vis/MainPC__ds_UFireIndoorTest__mt_temp_method_motion_block__e1ccb7b889a0__20260421.145709
aihub__lb_smoke__3049.mp4;227;360;fire_smoke;/mnt/e/SyncData/paper2_main/datasets/UFireIndoorFull/test/test_firesmoke/aihub__lb_smoke__3049.mp4;smokeonly;/mnt/e/SyncData/paper2_main/zout/___reports/on_test_set/baseline_vs_accMotion_for_quality_vis/MainPC__ds_UFireIndoorTest__mt_no_temp_method__af4b0d32a3d2__20260330.205208;skipped;/mnt/e/SyncData/paper2_main/zout/___reports/on_test_set/baseline_vs_accMotion_for_quality_vis/MainPC__ds_UFireIndoorTest__mt_temp_method_motion_block__e1ccb7b889a0__20260421.145709
aihub__lb_smoke__3049.mp4;228;360;fire_smoke;/mnt/e/SyncData/paper2_main/datasets/UFireIndoorFull/test/test_firesmoke/aihub__lb_smoke__3049.mp4;smokeonly;/mnt/e/SyncData/paper2_main/zout/___reports/on_test_set/baseline_vs_accMotion_for_quality_vis/MainPC__ds_UFireIndoorTest__mt_no_temp_method__af4b0d32a3d2__20260330.205208;skipped;/mnt/e/SyncData/paper2_main/zout/___reports/on_test_set/baseline_vs_accMotion_for_quality_vis/MainPC__ds_UFireIndoorTest__mt_temp_method_motion_block__e1ccb7b889a0__20260421.145709
aihub__lb_smoke__3049.mp4;229;360;fire_smoke;/mnt/e/SyncData/paper2_main/datasets/UFireIndoorFull/test/test_firesmoke/aihub__lb_smoke__3049.mp4;smokeonly;/mnt/e/SyncData/paper2_main/zout/___reports/on_test_set/baseline_vs_accMotion_for_quality_vis/MainPC__ds_UFireIndoorTest__mt_no_temp_method__af4b0d32a3d2__20260330.205208;skipped;/mnt/e/SyncData/paper2_main/zout/___reports/on_test_set/baseline_vs_accMotion_for_quality_vis/MainPC__ds_UFireIndoorTest__mt_temp_method_motion_block__e1ccb7b889a0__20260421.145709
aihub__lb_smoke__3049.mp4;230;360;fire_smoke;/mnt/e/SyncData/paper2_main/datasets/UFireIndoorFull/test/test_firesmoke/aihub__lb_smoke__3049.mp4;smokeonly;/mnt/e/SyncData/paper2_main/zout/___reports/on_test_set/baseline_vs_accMotion_for_quality_vis/MainPC__ds_UFireIndoorTest__mt_no_temp_method__af4b0d32a3d2__20260330.205208;skipped;/mnt/e/SyncData/paper2_main/zout/___reports/on_test_set/baseline_vs_accMotion_for_quality_vis/MainPC__ds_UFireIndoorTest__mt_temp_method_motion_block__e1ccb7b889a0__20260421.145709
aihub__lb_smoke__3049.mp4;231;360;fire_smoke;/mnt/e/SyncData/paper2_main/datasets/UFireIndoorFull/test/test_firesmoke/aihub__lb_smoke__3049.mp4;smokeonly;/mnt/e/SyncData/paper2_main/zout/___reports/on_test_set/baseline_vs_accMotion_for_quality_vis/MainPC__ds_UFireIndoorTest__mt_no_temp_method__af4b0d32a3d2__20260330.205208;skipped;/mnt/e/SyncData/paper2_main/zout/___reports/on_test_set/baseline_vs_accMotion_for_quality_vis/MainPC__ds_UFireIndoorTest__mt_temp_method_motion_block__e1ccb7b889a0__20260421.145709
aihub__lb_smoke__3049.mp4;232;360;fire_smoke;/mnt/e/SyncData/paper2_main/datasets/UFireIndoorFull/test/test_firesmoke/aihub__lb_smoke__3049.mp4;smokeonly;/mnt/e/SyncData/paper2_main/zout/___reports/on_test_set/baseline_vs_accMotion_for_quality_vis/MainPC__ds_UFireIndoorTest__mt_no_temp_method__af4b0d32a3d2__20260330.205208;skipped;/mnt/e/SyncData/paper2_main/zout/___reports/on_test_set/baseline_vs_accMotion_for_quality_vis/MainPC__ds_UFireIndoorTest__mt_temp_method_motion_block__e1ccb7b889a0__20260421.145709
aihub__lb_smoke__3049.mp4;233;360;fire_smoke;/mnt/e/SyncData/paper2_main/datasets/UFireIndoorFull/test/test_firesmoke/aihub__lb_smoke__3049.mp4;smokeonly;/mnt/e/SyncData/paper2_main/zout/___reports/on_test_set/baseline_vs_accMotion_for_quality_vis/MainPC__ds_UFireIndoorTest__mt_no_temp_method__af4b0d32a3d2__20260330.205208;skipped;/mnt/e/SyncData/paper2_main/zout/___reports/on_test_set/baseline_vs_accMotion_for_quality_vis/MainPC__ds_UFireIndoorTest__mt_temp_method_motion_block__e1ccb7b889a0__20260421.145709
aihub__lb_smoke__3049.mp4;234;360;fire_smoke;/mnt/e/SyncData/paper2_main/datasets/UFireIndoorFull/test/test_firesmoke/aihub__lb_smoke__3049.mp4;smokeonly;/mnt/e/SyncData/paper2_main/zout/___reports/on_test_set/baseline_vs_accMotion_for_quality_vis/MainPC__ds_UFireIndoorTest__mt_no_temp_method__af4b0d32a3d2__20260330.205208;skipped;/mnt/e/SyncData/paper2_main/zout/___reports/on_test_set/baseline_vs_accMotion_for_quality_vis/MainPC__ds_UFireIndoorTest__mt_temp_method_motion_block__e1ccb7b889a0__20260421.145709
aihub__lb_smoke__3049.mp4;235;360;fire_smoke;/mnt/e/SyncData/paper2_main/datasets/UFireIndoorFull/test/test_firesmoke/aihub__lb_smoke__3049.mp4;smokeonly;/mnt/e/SyncData/paper2_main/zout/___reports/on_test_set/baseline_vs_accMotion_for_quality_vis/MainPC__ds_UFireIndoorTest__mt_no_temp_method__af4b0d32a3d2__20260330.205208;skipped;/mnt/e/SyncData/paper2_main/zout/___reports/on_test_set/baseline_vs_accMotion_for_quality_vis/MainPC__ds_UFireIndoorTest__mt_temp_method_motion_block__e1ccb7b889a0__20260421.145709
aihub__lb_smoke__3049.mp4;236;360;fire_smoke;/mnt/e/SyncData/paper2_main/datasets/UFireIndoorFull/test/test_firesmoke/aihub__lb_smoke__3049.mp4;smokeonly;/mnt/e/SyncData/paper2_main/zout/___reports/on_test_set/baseline_vs_accMotion_for_quality_vis/MainPC__ds_UFireIndoorTest__mt_no_temp_method__af4b0d32a3d2__20260330.205208;skipped;/mnt/e/SyncData/paper2_main/zout/___reports/on_test_set/baseline_vs_accMotion_for_quality_vis/MainPC__ds_UFireIndoorTest__mt_temp_method_motion_block__e1ccb7b889a0__20260421.145709
aihub__lb_smoke__3049.mp4;237;360;fire_smoke;/mnt/e/SyncData/paper2_main/datasets/UFireIndoorFull/test/test_firesmoke/aihub__lb_smoke__3049.mp4;smokeonly;/mnt/e/SyncData/paper2_main/zout/___reports/on_test_set/baseline_vs_accMotion_for_quality_vis/MainPC__ds_UFireIndoorTest__mt_no_temp_method__af4b0d32a3d2__20260330.205208;skipped;/mnt/e/SyncData/paper2_main/zout/___reports/on_test_set/baseline_vs_accMotion_for_quality_vis/MainPC__ds_UFireIndoorTest__mt_temp_method_motion_block__e1ccb7b889a0__20260421.145709
aihub__lb_smoke__3049.mp4;238;360;fire_smoke;/mnt/e/SyncData/paper2_main/datasets/UFireIndoorFull/test/test_firesmoke/aihub__lb_smoke__3049.mp4;smokeonly;/mnt/e/SyncData/paper2_main/zout/___reports/on_test_set/baseline_vs_accMotion_for_quality_vis/MainPC__ds_UFireIndoorTest__mt_no_temp_method__af4b0d32a3d2__20260330.205208;skipped;/mnt/e/SyncData/paper2_main/zout/___reports/on_test_set/baseline_vs_accMotion_for_quality_vis/MainPC__ds_UFireIndoorTest__mt_temp_method_motion_block__e1ccb7b889a0__20260421.145709
aihub__lb_smoke__3049.mp4;239;360;fire_smoke;/mnt/e/SyncData/paper2_main/datasets/UFireIndoorFull/test/test_firesmoke/aihub__lb_smoke__3049.mp4;smokeonly;/mnt/e/SyncData/paper2_main/zout/___reports/on_test_set/baseline_vs_accMotion_for_quality_vis/MainPC__ds_UFireIndoorTest__mt_no_temp_method__af4b0d32a3d2__20260330.205208;skipped;/mnt/e/SyncData/paper2_main/zout/___reports/on_test_set/baseline_vs_accMotion_for_quality_vis/MainPC__ds_UFireIndoorTest__mt_temp_method_motion_block__e1ccb7b889a0__20260421.145709
aihub__lb_smoke__3049.mp4;240;360;fire_smoke;/mnt/e/SyncData/paper2_main/datasets/UFireIndoorFull/test/test_firesmoke/aihub__lb_smoke__3049.mp4;smokeonly;/mnt/e/SyncData/paper2_main/zout/___reports/on_test_set/baseline_vs_accMotion_for_quality_vis/MainPC__ds_UFireIndoorTest__mt_no_temp_method__af4b0d32a3d2__20260330.205208;skipped;/mnt/e/SyncData/paper2_main/zout/___reports/on_test_set/baseline_vs_accMotion_for_quality_vis/MainPC__ds_UFireIndoorTest__mt_temp_method_motion_block__e1ccb7b889a0__20260421.145709
aihub__lb_smoke__3049.mp4;241;360;fire_smoke;/mnt/e/SyncData/paper2_main/datasets/UFireIndoorFull/test/test_firesmoke/aihub__lb_smoke__3049.mp4;smokeonly;/mnt/e/SyncData/paper2_main/zout/___reports/on_test_set/baseline_vs_accMotion_for_quality_vis/MainPC__ds_UFireIndoorTest__mt_no_temp_method__af4b0d32a3d2__20260330.205208;skipped;/mnt/e/SyncData/paper2_main/zout/___reports/on_test_set/baseline_vs_accMotion_for_quality_vis/MainPC__ds_UFireIndoorTest__mt_temp_method_motion_block__e1ccb7b889a0__20260421.145709
aihub__lb_smoke__3049.mp4;242;360;fire_smoke;/mnt/e/SyncData/paper2_main/datasets/UFireIndoorFull/test/test_firesmoke/aihub__lb_smoke__3049.mp4;smokeonly;/mnt/e/SyncData/paper2_main/zout/___reports/on_test_set/baseline_vs_accMotion_for_quality_vis/MainPC__ds_UFireIndoorTest__mt_no_temp_method__af4b0d32a3d2__20260330.205208;skipped;/mnt/e/SyncData/paper2_main/zout/___reports/on_test_set/baseline_vs_accMotion_for_quality_vis/MainPC__ds_UFireIndoorTest__mt_temp_method_motion_block__e1ccb7b889a0__20260421.145709
aihub__lb_smoke__3049.mp4;243;360;fire_smoke;/mnt/e/SyncData/paper2_main/datasets/UFireIndoorFull/test/test_firesmoke/aihub__lb_smoke__3049.mp4;smokeonly;/mnt/e/SyncData/paper2_main/zout/___reports/on_test_set/baseline_vs_accMotion_for_quality_vis/MainPC__ds_UFireIndoorTest__mt_no_temp_method__af4b0d32a3d2__20260330.205208;skipped;/mnt/e/SyncData/paper2_main/zout/___reports/on_test_set/baseline_vs_accMotion_for_quality_vis/MainPC__ds_UFireIndoorTest__mt_temp_method_motion_block__e1ccb7b889a0__20260421.145709
aihub__lb_smoke__3049.mp4;244;360;fire_smoke;/mnt/e/SyncData/paper2_main/datasets/UFireIndoorFull/test/test_firesmoke/aihub__lb_smoke__3049.mp4;smokeonly;/mnt/e/SyncData/paper2_main/zout/___reports/on_test_set/baseline_vs_accMotion_for_quality_vis/MainPC__ds_UFireIndoorTest__mt_no_temp_method__af4b0d32a3d2__20260330.205208;skipped;/mnt/e/SyncData/paper2_main/zout/___reports/on_test_set/baseline_vs_accMotion_for_quality_vis/MainPC__ds_UFireIndoorTest__mt_temp_method_motion_block__e1ccb7b889a0__20260421.145709
aihub__lb_smoke__3049.mp4;245;360;fire_smoke;/mnt/e/SyncData/paper2_main/datasets/UFireIndoorFull/test/test_firesmoke/aihub__lb_smoke__3049.mp4;smokeonly;/mnt/e/SyncData/paper2_main/zout/___reports/on_test_set/baseline_vs_accMotion_for_quality_vis/MainPC__ds_UFireIndoorTest__mt_no_temp_method__af4b0d32a3d2__20260330.205208;skipped;/mnt/e/SyncData/paper2_main/zout/___reports/on_test_set/baseline_vs_accMotion_for_quality_vis/MainPC__ds_UFireIndoorTest__mt_temp_method_motion_block__e1ccb7b889a0__20260421.145709
aihub__lb_smoke__3049.mp4;246;360;fire_smoke;/mnt/e/SyncData/paper2_main/datasets/UFireIndoorFull/test/test_firesmoke/aihub__lb_smoke__3049.mp4;smokeonly;/mnt/e/SyncData/paper2_main/zout/___reports/on_test_set/baseline_vs_accMotion_for_quality_vis/MainPC__ds_UFireIndoorTest__mt_no_temp_method__af4b0d32a3d2__20260330.205208;skipped;/mnt/e/SyncData/paper2_main/zout/___reports/on_test_set/baseline_vs_accMotion_for_quality_vis/MainPC__ds_UFireIndoorTest__mt_temp_method_motion_block__e1ccb7b889a0__20260421.145709
aihub__lb_smoke__3049.mp4;247;360;fire_smoke;/mnt/e/SyncData/paper2_main/datasets/UFireIndoorFull/test/test_firesmoke/aihub__lb_smoke__3049.mp4;smokeonly;/mnt/e/SyncData/paper2_main/zout/___reports/on_test_set/baseline_vs_accMotion_for_quality_vis/MainPC__ds_UFireIndoorTest__mt_no_temp_method__af4b0d32a3d2__20260330.205208;skipped;/mnt/e/SyncData/paper2_main/zout/___reports/on_test_set/baseline_vs_accMotion_for_quality_vis/MainPC__ds_UFireIndoorTest__mt_temp_method_motion_block__e1ccb7b889a0__20260421.145709
aihub__lb_smoke__3049.mp4;248;360;fire_smoke;/mnt/e/SyncData/paper2_main/datasets/UFireIndoorFull/test/test_firesmoke/aihub__lb_smoke__3049.mp4;smokeonly;/mnt/e/SyncData/paper2_main/zout/___reports/on_test_set/baseline_vs_accMotion_for_quality_vis/MainPC__ds_UFireIndoorTest__mt_no_temp_method__af4b0d32a3d2__20260330.205208;skipped;/mnt/e/SyncData/paper2_main/zout/___reports/on_test_set/baseline_vs_accMotion_for_quality_vis/MainPC__ds_UFireIndoorTest__mt_temp_method_motion_block__e1ccb7b889a0__20260421.145709
aihub__lb_smoke__3049.mp4;249;360;fire_smoke;/mnt/e/SyncData/paper2_main/datasets/UFireIndoorFull/test/test_firesmoke/aihub__lb_smoke__3049.mp4;smokeonly;/mnt/e/SyncData/paper2_main/zout/___reports/on_test_set/baseline_vs_accMotion_for_quality_vis/MainPC__ds_UFireIndoorTest__mt_no_temp_method__af4b0d32a3d2__20260330.205208;skipped;/mnt/e/SyncData/paper2_main/zout/___reports/on_test_set/baseline_vs_accMotion_for_quality_vis/MainPC__ds_UFireIndoorTest__mt_temp_method_motion_block__e1ccb7b889a0__20260421.145709
aihub__lb_smoke__3049.mp4;250;360;fire_smoke;/mnt/e/SyncData/paper2_main/datasets/UFireIndoorFull/test/test_firesmoke/aihub__lb_smoke__3049.mp4;smokeonly;/mnt/e/SyncData/paper2_main/zout/___reports/on_test_set/baseline_vs_accMotion_for_quality_vis/MainPC__ds_UFireIndoorTest__mt_no_temp_method__af4b0d32a3d2__20260330.205208;skipped;/mnt/e/SyncData/paper2_main/zout/___reports/on_test_set/baseline_vs_accMotion_for_quality_vis/MainPC__ds_UFireIndoorTest__mt_temp_method_motion_block__e1ccb7b889a0__20260421.145709
aihub__lb_smoke__3049.mp4;251;360;fire_smoke;/mnt/e/SyncData/paper2_main/datasets/UFireIndoorFull/test/test_firesmoke/aihub__lb_smoke__3049.mp4;smokeonly;/mnt/e/SyncData/paper2_main/zout/___reports/on_test_set/baseline_vs_accMotion_for_quality_vis/MainPC__ds_UFireIndoorTest__mt_no_temp_method__af4b0d32a3d2__20260330.205208;skipped;/mnt/e/SyncData/paper2_main/zout/___reports/on_test_set/baseline_vs_accMotion_for_quality_vis/MainPC__ds_UFireIndoorTest__mt_temp_method_motion_block__e1ccb7b889a0__20260421.145709
aihub__lb_smoke__3049.mp4;252;360;fire_smoke;/mnt/e/SyncData/paper2_main/datasets/UFireIndoorFull/test/test_firesmoke/aihub__lb_smoke__3049.mp4;smokeonly;/mnt/e/SyncData/paper2_main/zout/___reports/on_test_set/baseline_vs_accMotion_for_quality_vis/MainPC__ds_UFireIndoorTest__mt_no_temp_method__af4b0d32a3d2__20260330.205208;skipped;/mnt/e/SyncData/paper2_main/zout/___reports/on_test_set/baseline_vs_accMotion_for_quality_vis/MainPC__ds_UFireIndoorTest__mt_temp_method_motion_block__e1ccb7b889a0__20260421.145709
aihub__lb_smoke__3049.mp4;253;360;fire_smoke;/mnt/e/SyncData/paper2_main/datasets/UFireIndoorFull/test/test_firesmoke/aihub__lb_smoke__3049.mp4;smokeonly;/mnt/e/SyncData/paper2_main/zout/___reports/on_test_set/baseline_vs_accMotion_for_quality_vis/MainPC__ds_UFireIndoorTest__mt_no_temp_method__af4b0d32a3d2__20260330.205208;skipped;/mnt/e/SyncData/paper2_main/zout/___reports/on_test_set/baseline_vs_accMotion_for_quality_vis/MainPC__ds_UFireIndoorTest__mt_temp_method_motion_block__e1ccb7b889a0__20260421.145709
aihub__lb_smoke__3049.mp4;254;360;fire_smoke;/mnt/e/SyncData/paper2_main/datasets/UFireIndoorFull/test/test_firesmoke/aihub__lb_smoke__3049.mp4;smokeonly;/mnt/e/SyncData/paper2_main/zout/___reports/on_test_set/baseline_vs_accMotion_for_quality_vis/MainPC__ds_UFireIndoorTest__mt_no_temp_method__af4b0d32a3d2__20260330.205208;skipped;/mnt/e/SyncData/paper2_main/zout/___reports/on_test_set/baseline_vs_accMotion_for_quality_vis/MainPC__ds_UFireIndoorTest__mt_temp_method_motion_block__e1ccb7b889a0__20260421.145709
aihub__lb_smoke__3049.mp4;255;360;fire_smoke;/mnt/e/SyncData/paper2_main/datasets/UFireIndoorFull/test/test_firesmoke/aihub__lb_smoke__3049.mp4;smokeonly;/mnt/e/SyncData/paper2_main/zout/___reports/on_test_set/baseline_vs_accMotion_for_quality_vis/MainPC__ds_UFireIndoorTest__mt_no_temp_method__af4b0d32a3d2__20260330.205208;skipped;/mnt/e/SyncData/paper2_main/zout/___reports/on_test_set/baseline_vs_accMotion_for_quality_vis/MainPC__ds_UFireIndoorTest__mt_temp_method_motion_block__e1ccb7b889a0__20260421.145709
aihub__lb_smoke__3049.mp4;256;360;fire_smoke;/mnt/e/SyncData/paper2_main/datasets/UFireIndoorFull/test/test_firesmoke/aihub__lb_smoke__3049.mp4;smokeonly;/mnt/e/SyncData/paper2_main/zout/___reports/on_test_set/baseline_vs_accMotion_for_quality_vis/MainPC__ds_UFireIndoorTest__mt_no_temp_method__af4b0d32a3d2__20260330.205208;skipped;/mnt/e/SyncData/paper2_main/zout/___reports/on_test_set/baseline_vs_accMotion_for_quality_vis/MainPC__ds_UFireIndoorTest__mt_temp_method_motion_block__e1ccb7b889a0__20260421.145709
aihub__lb_smoke__3049.mp4;257;360;fire_smoke;/mnt/e/SyncData/paper2_main/datasets/UFireIndoorFull/test/test_firesmoke/aihub__lb_smoke__3049.mp4;smokeonly;/mnt/e/SyncData/paper2_main/zout/___reports/on_test_set/baseline_vs_accMotion_for_quality_vis/MainPC__ds_UFireIndoorTest__mt_no_temp_method__af4b0d32a3d2__20260330.205208;skipped;/mnt/e/SyncData/paper2_main/zout/___reports/on_test_set/baseline_vs_accMotion_for_quality_vis/MainPC__ds_UFireIndoorTest__mt_temp_method_motion_block__e1ccb7b889a0__20260421.145709
aihub__lb_smoke__3049.mp4;258;360;fire_smoke;/mnt/e/SyncData/paper2_main/datasets/UFireIndoorFull/test/test_firesmoke/aihub__lb_smoke__3049.mp4;smokeonly;/mnt/e/SyncData/paper2_main/zout/___reports/on_test_set/baseline_vs_accMotion_for_quality_vis/MainPC__ds_UFireIndoorTest__mt_no_temp_method__af4b0d32a3d2__20260330.205208;skipped;/mnt/e/SyncData/paper2_main/zout/___reports/on_test_set/baseline_vs_accMotion_for_quality_vis/MainPC__ds_UFireIndoorTest__mt_temp_method_motion_block__e1ccb7b889a0__20260421.145709
aihub__lb_smoke__3049.mp4;286;360;fire_smoke;/mnt/e/SyncData/paper2_main/datasets/UFireIndoorFull/test/test_firesmoke/aihub__lb_smoke__3049.mp4;smokeonly;/mnt/e/SyncData/paper2_main/zout/___reports/on_test_set/baseline_vs_accMotion_for_quality_vis/MainPC__ds_UFireIndoorTest__mt_no_temp_method__af4b0d32a3d2__20260330.205208;skipped;/mnt/e/SyncData/paper2_main/zout/___reports/on_test_set/baseline_vs_accMotion_for_quality_vis/MainPC__ds_UFireIndoorTest__mt_temp_method_motion_block__e1ccb7b889a0__20260421.145709
aihub__lb_smoke__3049.mp4;287;360;fire_smoke;/mnt/e/SyncData/paper2_main/datasets/UFireIndoorFull/test/test_firesmoke/aihub__lb_smoke__3049.mp4;smokeonly;/mnt/e/SyncData/paper2_main/zout/___reports/on_test_set/baseline_vs_accMotion_for_quality_vis/MainPC__ds_UFireIndoorTest__mt_no_temp_method__af4b0d32a3d2__20260330.205208;skipped;/mnt/e/SyncData/paper2_main/zout/___reports/on_test_set/baseline_vs_accMotion_for_quality_vis/MainPC__ds_UFireIndoorTest__mt_temp_method_motion_block__e1ccb7b889a0__20260421.145709
aihub__lb_smoke__3049.mp4;288;360;fire_smoke;/mnt/e/SyncData/paper2_main/datasets/UFireIndoorFull/test/test_firesmoke/aihub__lb_smoke__3049.mp4;smokeonly;/mnt/e/SyncData/paper2_main/zout/___reports/on_test_set/baseline_vs_accMotion_for_quality_vis/MainPC__ds_UFireIndoorTest__mt_no_temp_method__af4b0d32a3d2__20260330.205208;skipped;/mnt/e/SyncData/paper2_main/zout/___reports/on_test_set/baseline_vs_accMotion_for_quality_vis/MainPC__ds_UFireIndoorTest__mt_temp_method_motion_block__e1ccb7b889a0__20260421.145709
aihub__lb_smoke__3049.mp4;289;360;fire_smoke;/mnt/e/SyncData/paper2_main/datasets/UFireIndoorFull/test/test_firesmoke/aihub__lb_smoke__3049.mp4;smokeonly;/mnt/e/SyncData/paper2_main/zout/___reports/on_test_set/baseline_vs_accMotion_for_quality_vis/MainPC__ds_UFireIndoorTest__mt_no_temp_method__af4b0d32a3d2__20260330.205208;skipped;/mnt/e/SyncData/paper2_main/zout/___reports/on_test_set/baseline_vs_accMotion_for_quality_vis/MainPC__ds_UFireIndoorTest__mt_temp_method_motion_block__e1ccb7b889a0__20260421.145709
aihub__lb_smoke__3049.mp4;290;360;fire_smoke;/mnt/e/SyncData/paper2_main/datasets/UFireIndoorFull/test/test_firesmoke/aihub__lb_smoke__3049.mp4;smokeonly;/mnt/e/SyncData/paper2_main/zout/___reports/on_test_set/baseline_vs_accMotion_for_quality_vis/MainPC__ds_UFireIndoorTest__mt_no_temp_method__af4b0d32a3d2__20260330.205208;skipped;/mnt/e/SyncData/paper2_main/zout/___reports/on_test_set/baseline_vs_accMotion_for_quality_vis/MainPC__ds_UFireIndoorTest__mt_temp_method_motion_block__e1ccb7b889a0__20260421.145709
aihub__lb_smoke__3049.mp4;291;360;fire_smoke;/mnt/e/SyncData/paper2_main/datasets/UFireIndoorFull/test/test_firesmoke/aihub__lb_smoke__3049.mp4;smokeonly;/mnt/e/SyncData/paper2_main/zout/___reports/on_test_set/baseline_vs_accMotion_for_quality_vis/MainPC__ds_UFireIndoorTest__mt_no_temp_method__af4b0d32a3d2__20260330.205208;skipped;/mnt/e/SyncData/paper2_main/zout/___reports/on_test_set/baseline_vs_accMotion_for_quality_vis/MainPC__ds_UFireIndoorTest__mt_temp_method_motion_block__e1ccb7b889a0__20260421.145709
aihub__lb_smoke__3049.mp4;292;360;fire_smoke;/mnt/e/SyncData/paper2_main/datasets/UFireIndoorFull/test/test_firesmoke/aihub__lb_smoke__3049.mp4;smokeonly;/mnt/e/SyncData/paper2_main/zout/___reports/on_test_set/baseline_vs_accMotion_for_quality_vis/MainPC__ds_UFireIndoorTest__mt_no_temp_method__af4b0d32a3d2__20260330.205208;skipped;/mnt/e/SyncData/paper2_main/zout/___reports/on_test_set/baseline_vs_accMotion_for_quality_vis/MainPC__ds_UFireIndoorTest__mt_temp_method_motion_block__e1ccb7b889a0__20260421.145709
aihub__lb_smoke__3049.mp4;293;360;fire_smoke;/mnt/e/SyncData/paper2_main/datasets/UFireIndoorFull/test/test_firesmoke/aihub__lb_smoke__3049.mp4;smokeonly;/mnt/e/SyncData/paper2_main/zout/___reports/on_test_set/baseline_vs_accMotion_for_quality_vis/MainPC__ds_UFireIndoorTest__mt_no_temp_method__af4b0d32a3d2__20260330.205208;skipped;/mnt/e/SyncData/paper2_main/zout/___reports/on_test_set/baseline_vs_accMotion_for_quality_vis/MainPC__ds_UFireIndoorTest__mt_temp_method_motion_block__e1ccb7b889a0__20260421.145709
aihub__lb_smoke__3049.mp4;294;360;fire_smoke;/mnt/e/SyncData/paper2_main/datasets/UFireIndoorFull/test/test_firesmoke/aihub__lb_smoke__3049.mp4;smokeonly;/mnt/e/SyncData/paper2_main/zout/___reports/on_test_set/baseline_vs_accMotion_for_quality_vis/MainPC__ds_UFireIndoorTest__mt_no_temp_method__af4b0d32a3d2__20260330.205208;skipped;/mnt/e/SyncData/paper2_main/zout/___reports/on_test_set/baseline_vs_accMotion_for_quality_vis/MainPC__ds_UFireIndoorTest__mt_temp_method_motion_block__e1ccb7b889a0__20260421.145709
aihub__lb_smoke__3049.mp4;295;360;fire_smoke;/mnt/e/SyncData/paper2_main/datasets/UFireIndoorFull/test/test_firesmoke/aihub__lb_smoke__3049.mp4;smokeonly;/mnt/e/SyncData/paper2_main/zout/___reports/on_test_set/baseline_vs_accMotion_for_quality_vis/MainPC__ds_UFireIndoorTest__mt_no_temp_method__af4b0d32a3d2__20260330.205208;skipped;/mnt/e/SyncData/paper2_main/zout/___reports/on_test_set/baseline_vs_accMotion_for_quality_vis/MainPC__ds_UFireIndoorTest__mt_temp_method_motion_block__e1ccb7b889a0__20260421.145709
aihub__lb_smoke__3049.mp4;296;360;fire_smoke;/mnt/e/SyncData/paper2_main/datasets/UFireIndoorFull/test/test_firesmoke/aihub__lb_smoke__3049.mp4;smokeonly;/mnt/e/SyncData/paper2_main/zout/___reports/on_test_set/baseline_vs_accMotion_for_quality_vis/MainPC__ds_UFireIndoorTest__mt_no_temp_method__af4b0d32a3d2__20260330.205208;skipped;/mnt/e/SyncData/paper2_main/zout/___reports/on_test_set/baseline_vs_accMotion_for_quality_vis/MainPC__ds_UFireIndoorTest__mt_temp_method_motion_block__e1ccb7b889a0__20260421.145709
aihub__lb_smoke__3049.mp4;297;360;fire_smoke;/mnt/e/SyncData/paper2_main/datasets/UFireIndoorFull/test/test_firesmoke/aihub__lb_smoke__3049.mp4;smokeonly;/mnt/e/SyncData/paper2_main/zout/___reports/on_test_set/baseline_vs_accMotion_for_quality_vis/MainPC__ds_UFireIndoorTest__mt_no_temp_method__af4b0d32a3d2__20260330.205208;skipped;/mnt/e/SyncData/paper2_main/zout/___reports/on_test_set/baseline_vs_accMotion_for_quality_vis/MainPC__ds_UFireIndoorTest__mt_temp_method_motion_block__e1ccb7b889a0__20260421.145709
aihub__lb_smoke__3049.mp4;298;360;fire_smoke;/mnt/e/SyncData/paper2_main/datasets/UFireIndoorFull/test/test_firesmoke/aihub__lb_smoke__3049.mp4;smokeonly;/mnt/e/SyncData/paper2_main/zout/___reports/on_test_set/baseline_vs_accMotion_for_quality_vis/MainPC__ds_UFireIndoorTest__mt_no_temp_method__af4b0d32a3d2__20260330.205208;skipped;/mnt/e/SyncData/paper2_main/zout/___reports/on_test_set/baseline_vs_accMotion_for_quality_vis/MainPC__ds_UFireIndoorTest__mt_temp_method_motion_block__e1ccb7b889a0__20260421.145709
aihub__lb_smoke__3049.mp4;299;360;fire_smoke;/mnt/e/SyncData/paper2_main/datasets/UFireIndoorFull/test/test_firesmoke/aihub__lb_smoke__3049.mp4;smokeonly;/mnt/e/SyncData/paper2_main/zout/___reports/on_test_set/baseline_vs_accMotion_for_quality_vis/MainPC__ds_UFireIndoorTest__mt_no_temp_method__af4b0d32a3d2__20260330.205208;skipped;/mnt/e/SyncData/paper2_main/zout/___reports/on_test_set/baseline_vs_accMotion_for_quality_vis/MainPC__ds_UFireIndoorTest__mt_temp_method_motion_block__e1ccb7b889a0__20260421.145709
aihub__lb_smoke__3049.mp4;300;360;fire_smoke;/mnt/e/SyncData/paper2_main/datasets/UFireIndoorFull/test/test_firesmoke/aihub__lb_smoke__3049.mp4;smokeonly;/mnt/e/SyncData/paper2_main/zout/___reports/on_test_set/baseline_vs_accMotion_for_quality_vis/MainPC__ds_UFireIndoorTest__mt_no_temp_method__af4b0d32a3d2__20260330.205208;skipped;/mnt/e/SyncData/paper2_main/zout/___reports/on_test_set/baseline_vs_accMotion_for_quality_vis/MainPC__ds_UFireIndoorTest__mt_temp_method_motion_block__e1ccb7b889a0__20260421.145709
aihub__lb_smoke__3049.mp4;301;360;fire_smoke;/mnt/e/SyncData/paper2_main/datasets/UFireIndoorFull/test/test_firesmoke/aihub__lb_smoke__3049.mp4;smokeonly;/mnt/e/SyncData/paper2_main/zout/___reports/on_test_set/baseline_vs_accMotion_for_quality_vis/MainPC__ds_UFireIndoorTest__mt_no_temp_method__af4b0d32a3d2__20260330.205208;skipped;/mnt/e/SyncData/paper2_main/zout/___reports/on_test_set/baseline_vs_accMotion_for_quality_vis/MainPC__ds_UFireIndoorTest__mt_temp_method_motion_block__e1ccb7b889a0__20260421.145709
aihub__lb_smoke__3049.mp4;302;360;fire_smoke;/mnt/e/SyncData/paper2_main/datasets/UFireIndoorFull/test/test_firesmoke/aihub__lb_smoke__3049.mp4;smokeonly;/mnt/e/SyncData/paper2_main/zout/___reports/on_test_set/baseline_vs_accMotion_for_quality_vis/MainPC__ds_UFireIndoorTest__mt_no_temp_method__af4b0d32a3d2__20260330.205208;skipped;/mnt/e/SyncData/paper2_main/zout/___reports/on_test_set/baseline_vs_accMotion_for_quality_vis/MainPC__ds_UFireIndoorTest__mt_temp_method_motion_block__e1ccb7b889a0__20260421.145709
aihub__lb_smoke__3049.mp4;303;360;fire_smoke;/mnt/e/SyncData/paper2_main/datasets/UFireIndoorFull/test/test_firesmoke/aihub__lb_smoke__3049.mp4;smokeonly;/mnt/e/SyncData/paper2_main/zout/___reports/on_test_set/baseline_vs_accMotion_for_quality_vis/MainPC__ds_UFireIndoorTest__mt_no_temp_method__af4b0d32a3d2__20260330.205208;skipped;/mnt/e/SyncData/paper2_main/zout/___reports/on_test_set/baseline_vs_accMotion_for_quality_vis/MainPC__ds_UFireIndoorTest__mt_temp_method_motion_block__e1ccb7b889a0__20260421.145709
aihub__lb_smoke__3049.mp4;304;360;fire_smoke;/mnt/e/SyncData/paper2_main/datasets/UFireIndoorFull/test/test_firesmoke/aihub__lb_smoke__3049.mp4;smokeonly;/mnt/e/SyncData/paper2_main/zout/___reports/on_test_set/baseline_vs_accMotion_for_quality_vis/MainPC__ds_UFireIndoorTest__mt_no_temp_method__af4b0d32a3d2__20260330.205208;skipped;/mnt/e/SyncData/paper2_main/zout/___reports/on_test_set/baseline_vs_accMotion_for_quality_vis/MainPC__ds_UFireIndoorTest__mt_temp_method_motion_block__e1ccb7b889a0__20260421.145709
aihub__lb_smoke__3049.mp4;305;360;fire_smoke;/mnt/e/SyncData/paper2_main/datasets/UFireIndoorFull/test/test_firesmoke/aihub__lb_smoke__3049.mp4;smokeonly;/mnt/e/SyncData/paper2_main/zout/___reports/on_test_set/baseline_vs_accMotion_for_quality_vis/MainPC__ds_UFireIndoorTest__mt_no_temp_method__af4b0d32a3d2__20260330.205208;skipped;/mnt/e/SyncData/paper2_main/zout/___reports/on_test_set/baseline_vs_accMotion_for_quality_vis/MainPC__ds_UFireIndoorTest__mt_temp_method_motion_block__e1ccb7b889a0__20260421.145709
aihub__lb_smoke__3049.mp4;306;360;fire_smoke;/mnt/e/SyncData/paper2_main/datasets/UFireIndoorFull/test/test_firesmoke/aihub__lb_smoke__3049.mp4;smokeonly;/mnt/e/SyncData/paper2_main/zout/___reports/on_test_set/baseline_vs_accMotion_for_quality_vis/MainPC__ds_UFireIndoorTest__mt_no_temp_method__af4b0d32a3d2__20260330.205208;skipped;/mnt/e/SyncData/paper2_main/zout/___reports/on_test_set/baseline_vs_accMotion_for_quality_vis/MainPC__ds_UFireIndoorTest__mt_temp_method_motion_block__e1ccb7b889a0__20260421.145709
aihub__lb_smoke__3049.mp4;307;360;fire_smoke;/mnt/e/SyncData/paper2_main/datasets/UFireIndoorFull/test/test_firesmoke/aihub__lb_smoke__3049.mp4;smokeonly;/mnt/e/SyncData/paper2_main/zout/___reports/on_test_set/baseline_vs_accMotion_for_quality_vis/MainPC__ds_UFireIndoorTest__mt_no_temp_method__af4b0d32a3d2__20260330.205208;skipped;/mnt/e/SyncData/paper2_main/zout/___reports/on_test_set/baseline_vs_accMotion_for_quality_vis/MainPC__ds_UFireIndoorTest__mt_temp_method_motion_block__e1ccb7b889a0__20260421.145709
aihub__lb_smoke__3049.mp4;308;360;fire_smoke;/mnt/e/SyncData/paper2_main/datasets/UFireIndoorFull/test/test_firesmoke/aihub__lb_smoke__3049.mp4;smokeonly;/mnt/e/SyncData/paper2_main/zout/___reports/on_test_set/baseline_vs_accMotion_for_quality_vis/MainPC__ds_UFireIndoorTest__mt_no_temp_method__af4b0d32a3d2__20260330.205208;skipped;/mnt/e/SyncData/paper2_main/zout/___reports/on_test_set/baseline_vs_accMotion_for_quality_vis/MainPC__ds_UFireIndoorTest__mt_temp_method_motion_block__e1ccb7b889a0__20260421.145709
aihub__lb_smoke__3049.mp4;309;360;fire_smoke;/mnt/e/SyncData/paper2_main/datasets/UFireIndoorFull/test/test_firesmoke/aihub__lb_smoke__3049.mp4;smokeonly;/mnt/e/SyncData/paper2_main/zout/___reports/on_test_set/baseline_vs_accMotion_for_quality_vis/MainPC__ds_UFireIndoorTest__mt_no_temp_method__af4b0d32a3d2__20260330.205208;skipped;/mnt/e/SyncData/paper2_main/zout/___reports/on_test_set/baseline_vs_accMotion_for_quality_vis/MainPC__ds_UFireIndoorTest__mt_temp_method_motion_block__e1ccb7b889a0__20260421.145709
aihub__lb_smoke__3049.mp4;310;360;fire_smoke;/mnt/e/SyncData/paper2_main/datasets/UFireIndoorFull/test/test_firesmoke/aihub__lb_smoke__3049.mp4;smokeonly;/mnt/e/SyncData/paper2_main/zout/___reports/on_test_set/baseline_vs_accMotion_for_quality_vis/MainPC__ds_UFireIndoorTest__mt_no_temp_method__af4b0d32a3d2__20260330.205208;skipped;/mnt/e/SyncData/paper2_main/zout/___reports/on_test_set/baseline_vs_accMotion_for_quality_vis/MainPC__ds_UFireIndoorTest__mt_temp_method_motion_block__e1ccb7b889a0__20260421.145709
aihub__lb_smoke__3049.mp4;311;360;fire_smoke;/mnt/e/SyncData/paper2_main/datasets/UFireIndoorFull/test/test_firesmoke/aihub__lb_smoke__3049.mp4;smokeonly;/mnt/e/SyncData/paper2_main/zout/___reports/on_test_set/baseline_vs_accMotion_for_quality_vis/MainPC__ds_UFireIndoorTest__mt_no_temp_method__af4b0d32a3d2__20260330.205208;skipped;/mnt/e/SyncData/paper2_main/zout/___reports/on_test_set/baseline_vs_accMotion_for_quality_vis/MainPC__ds_UFireIndoorTest__mt_temp_method_motion_block__e1ccb7b889a0__20260421.145709
aihub__lb_smoke__3049.mp4;312;360;fire_smoke;/mnt/e/SyncData/paper2_main/datasets/UFireIndoorFull/test/test_firesmoke/aihub__lb_smoke__3049.mp4;smokeonly;/mnt/e/SyncData/paper2_main/zout/___reports/on_test_set/baseline_vs_accMotion_for_quality_vis/MainPC__ds_UFireIndoorTest__mt_no_temp_method__af4b0d32a3d2__20260330.205208;skipped;/mnt/e/SyncData/paper2_main/zout/___reports/on_test_set/baseline_vs_accMotion_for_quality_vis/MainPC__ds_UFireIndoorTest__mt_temp_method_motion_block__e1ccb7b889a0__20260421.145709
aihub__lb_smoke__3049.mp4;313;360;fire_smoke;/mnt/e/SyncData/paper2_main/datasets/UFireIndoorFull/test/test_firesmoke/aihub__lb_smoke__3049.mp4;smokeonly;/mnt/e/SyncData/paper2_main/zout/___reports/on_test_set/baseline_vs_accMotion_for_quality_vis/MainPC__ds_UFireIndoorTest__mt_no_temp_method__af4b0d32a3d2__20260330.205208;skipped;/mnt/e/SyncData/paper2_main/zout/___reports/on_test_set/baseline_vs_accMotion_for_quality_vis/MainPC__ds_UFireIndoorTest__mt_temp_method_motion_block__e1ccb7b889a0__20260421.145709
aihub__lb_smoke__3049.mp4;329;360;fire_smoke;/mnt/e/SyncData/paper2_main/datasets/UFireIndoorFull/test/test_firesmoke/aihub__lb_smoke__3049.mp4;smokeonly;/mnt/e/SyncData/paper2_main/zout/___reports/on_test_set/baseline_vs_accMotion_for_quality_vis/MainPC__ds_UFireIndoorTest__mt_no_temp_method__af4b0d32a3d2__20260330.205208;skipped;/mnt/e/SyncData/paper2_main/zout/___reports/on_test_set/baseline_vs_accMotion_for_quality_vis/MainPC__ds_UFireIndoorTest__mt_temp_method_motion_block__e1ccb7b889a0__20260421.145709
aihub__lb_smoke__3049.mp4;330;360;fire_smoke;/mnt/e/SyncData/paper2_main/datasets/UFireIndoorFull/test/test_firesmoke/aihub__lb_smoke__3049.mp4;smokeonly;/mnt/e/SyncData/paper2_main/zout/___reports/on_test_set/baseline_vs_accMotion_for_quality_vis/MainPC__ds_UFireIndoorTest__mt_no_temp_method__af4b0d32a3d2__20260330.205208;skipped;/mnt/e/SyncData/paper2_main/zout/___reports/on_test_set/baseline_vs_accMotion_for_quality_vis/MainPC__ds_UFireIndoorTest__mt_temp_method_motion_block__e1ccb7b889a0__20260421.145709
aihub__lb_smoke__3049.mp4;331;360;fire_smoke;/mnt/e/SyncData/paper2_main/datasets/UFireIndoorFull/test/test_firesmoke/aihub__lb_smoke__3049.mp4;smokeonly;/mnt/e/SyncData/paper2_main/zout/___reports/on_test_set/baseline_vs_accMotion_for_quality_vis/MainPC__ds_UFireIndoorTest__mt_no_temp_method__af4b0d32a3d2__20260330.205208;skipped;/mnt/e/SyncData/paper2_main/zout/___reports/on_test_set/baseline_vs_accMotion_for_quality_vis/MainPC__ds_UFireIndoorTest__mt_temp_method_motion_block__e1ccb7b889a0__20260421.145709
aihub__lb_smoke__3049.mp4;332;360;fire_smoke;/mnt/e/SyncData/paper2_main/datasets/UFireIndoorFull/test/test_firesmoke/aihub__lb_smoke__3049.mp4;smokeonly;/mnt/e/SyncData/paper2_main/zout/___reports/on_test_set/baseline_vs_accMotion_for_quality_vis/MainPC__ds_UFireIndoorTest__mt_no_temp_method__af4b0d32a3d2__20260330.205208;skipped;/mnt/e/SyncData/paper2_main/zout/___reports/on_test_set/baseline_vs_accMotion_for_quality_vis/MainPC__ds_UFireIndoorTest__mt_temp_method_motion_block__e1ccb7b889a0__20260421.145709
aihub__lb_smoke__3049.mp4;333;360;fire_smoke;/mnt/e/SyncData/paper2_main/datasets/UFireIndoorFull/test/test_firesmoke/aihub__lb_smoke__3049.mp4;smokeonly;/mnt/e/SyncData/paper2_main/zout/___reports/on_test_set/baseline_vs_accMotion_for_quality_vis/MainPC__ds_UFireIndoorTest__mt_no_temp_method__af4b0d32a3d2__20260330.205208;skipped;/mnt/e/SyncData/paper2_main/zout/___reports/on_test_set/baseline_vs_accMotion_for_quality_vis/MainPC__ds_UFireIndoorTest__mt_temp_method_motion_block__e1ccb7b889a0__20260421.145709
aihub__lb_smoke__3049.mp4;334;360;fire_smoke;/mnt/e/SyncData/paper2_main/datasets/UFireIndoorFull/test/test_firesmoke/aihub__lb_smoke__3049.mp4;smokeonly;/mnt/e/SyncData/paper2_main/zout/___reports/on_test_set/baseline_vs_accMotion_for_quality_vis/MainPC__ds_UFireIndoorTest__mt_no_temp_method__af4b0d32a3d2__20260330.205208;skipped;/mnt/e/SyncData/paper2_main/zout/___reports/on_test_set/baseline_vs_accMotion_for_quality_vis/MainPC__ds_UFireIndoorTest__mt_temp_method_motion_block__e1ccb7b889a0__20260421.145709
aihub__lb_smoke__3049.mp4;335;360;fire_smoke;/mnt/e/SyncData/paper2_main/datasets/UFireIndoorFull/test/test_firesmoke/aihub__lb_smoke__3049.mp4;smokeonly;/mnt/e/SyncData/paper2_main/zout/___reports/on_test_set/baseline_vs_accMotion_for_quality_vis/MainPC__ds_UFireIndoorTest__mt_no_temp_method__af4b0d32a3d2__20260330.205208;skipped;/mnt/e/SyncData/paper2_main/zout/___reports/on_test_set/baseline_vs_accMotion_for_quality_vis/MainPC__ds_UFireIndoorTest__mt_temp_method_motion_block__e1ccb7b889a0__20260421.145709
aihub__lb_smoke__3049.mp4;336;360;fire_smoke;/mnt/e/SyncData/paper2_main/datasets/UFireIndoorFull/test/test_firesmoke/aihub__lb_smoke__3049.mp4;smokeonly;/mnt/e/SyncData/paper2_main/zout/___reports/on_test_set/baseline_vs_accMotion_for_quality_vis/MainPC__ds_UFireIndoorTest__mt_no_temp_method__af4b0d32a3d2__20260330.205208;skipped;/mnt/e/SyncData/paper2_main/zout/___reports/on_test_set/baseline_vs_accMotion_for_quality_vis/MainPC__ds_UFireIndoorTest__mt_temp_method_motion_block__e1ccb7b889a0__20260421.145709
aihub__lb_smoke__3049.mp4;337;360;fire_smoke;/mnt/e/SyncData/paper2_main/datasets/UFireIndoorFull/test/test_firesmoke/aihub__lb_smoke__3049.mp4;smokeonly;/mnt/e/SyncData/paper2_main/zout/___reports/on_test_set/baseline_vs_accMotion_for_quality_vis/MainPC__ds_UFireIndoorTest__mt_no_temp_method__af4b0d32a3d2__20260330.205208;skipped;/mnt/e/SyncData/paper2_main/zout/___reports/on_test_set/baseline_vs_accMotion_for_quality_vis/MainPC__ds_UFireIndoorTest__mt_temp_method_motion_block__e1ccb7b889a0__20260421.145709
aihub__lb_smoke__3049.mp4;338;360;fire_smoke;/mnt/e/SyncData/paper2_main/datasets/UFireIndoorFull/test/test_firesmoke/aihub__lb_smoke__3049.mp4;smokeonly;/mnt/e/SyncData/paper2_main/zout/___reports/on_test_set/baseline_vs_accMotion_for_quality_vis/MainPC__ds_UFireIndoorTest__mt_no_temp_method__af4b0d32a3d2__20260330.205208;skipped;/mnt/e/SyncData/paper2_main/zout/___reports/on_test_set/baseline_vs_accMotion_for_quality_vis/MainPC__ds_UFireIndoorTest__mt_temp_method_motion_block__e1ccb7b889a0__20260421.145709
aihub__lb_smoke__3049.mp4;339;360;fire_smoke;/mnt/e/SyncData/paper2_main/datasets/UFireIndoorFull/test/test_firesmoke/aihub__lb_smoke__3049.mp4;smokeonly;/mnt/e/SyncData/paper2_main/zout/___reports/on_test_set/baseline_vs_accMotion_for_quality_vis/MainPC__ds_UFireIndoorTest__mt_no_temp_method__af4b0d32a3d2__20260330.205208;skipped;/mnt/e/SyncData/paper2_main/zout/___reports/on_test_set/baseline_vs_accMotion_for_quality_vis/MainPC__ds_UFireIndoorTest__mt_temp_method_motion_block__e1ccb7b889a0__20260421.145709
aihub__lb_smoke__3049.mp4;340;360;fire_smoke;/mnt/e/SyncData/paper2_main/datasets/UFireIndoorFull/test/test_firesmoke/aihub__lb_smoke__3049.mp4;smokeonly;/mnt/e/SyncData/paper2_main/zout/___reports/on_test_set/baseline_vs_accMotion_for_quality_vis/MainPC__ds_UFireIndoorTest__mt_no_temp_method__af4b0d32a3d2__20260330.205208;skipped;/mnt/e/SyncData/paper2_main/zout/___reports/on_test_set/baseline_vs_accMotion_for_quality_vis/MainPC__ds_UFireIndoorTest__mt_temp_method_motion_block__e1ccb7b889a0__20260421.145709
aihub__lb_smoke__3049.mp4;341;360;fire_smoke;/mnt/e/SyncData/paper2_main/datasets/UFireIndoorFull/test/test_firesmoke/aihub__lb_smoke__3049.mp4;smokeonly;/mnt/e/SyncData/paper2_main/zout/___reports/on_test_set/baseline_vs_accMotion_for_quality_vis/MainPC__ds_UFireIndoorTest__mt_no_temp_method__af4b0d32a3d2__20260330.205208;skipped;/mnt/e/SyncData/paper2_main/zout/___reports/on_test_set/baseline_vs_accMotion_for_quality_vis/MainPC__ds_UFireIndoorTest__mt_temp_method_motion_block__e1ccb7b889a0__20260421.145709
aihub__lb_smoke__3049.mp4;342;360;fire_smoke;/mnt/e/SyncData/paper2_main/datasets/UFireIndoorFull/test/test_firesmoke/aihub__lb_smoke__3049.mp4;smokeonly;/mnt/e/SyncData/paper2_main/zout/___reports/on_test_set/baseline_vs_accMotion_for_quality_vis/MainPC__ds_UFireIndoorTest__mt_no_temp_method__af4b0d32a3d2__20260330.205208;skipped;/mnt/e/SyncData/paper2_main/zout/___reports/on_test_set/baseline_vs_accMotion_for_quality_vis/MainPC__ds_UFireIndoorTest__mt_temp_method_motion_block__e1ccb7b889a0__20260421.145709
aihub__lb_smoke__3049.mp4;343;360;fire_smoke;/mnt/e/SyncData/paper2_main/datasets/UFireIndoorFull/test/test_firesmoke/aihub__lb_smoke__3049.mp4;smokeonly;/mnt/e/SyncData/paper2_main/zout/___reports/on_test_set/baseline_vs_accMotion_for_quality_vis/MainPC__ds_UFireIndoorTest__mt_no_temp_method__af4b0d32a3d2__20260330.205208;skipped;/mnt/e/SyncData/paper2_main/zout/___reports/on_test_set/baseline_vs_accMotion_for_quality_vis/MainPC__ds_UFireIndoorTest__mt_temp_method_motion_block__e1ccb7b889a0__20260421.145709
aihub__lb_smoke__3049.mp4;344;360;fire_smoke;/mnt/e/SyncData/paper2_main/datasets/UFireIndoorFull/test/test_firesmoke/aihub__lb_smoke__3049.mp4;smokeonly;/mnt/e/SyncData/paper2_main/zout/___reports/on_test_set/baseline_vs_accMotion_for_quality_vis/MainPC__ds_UFireIndoorTest__mt_no_temp_method__af4b0d32a3d2__20260330.205208;skipped;/mnt/e/SyncData/paper2_main/zout/___reports/on_test_set/baseline_vs_accMotion_for_quality_vis/MainPC__ds_UFireIndoorTest__mt_temp_method_motion_block__e1ccb7b889a0__20260421.145709
aihub__lb_smoke__3049.mp4;345;360;fire_smoke;/mnt/e/SyncData/paper2_main/datasets/UFireIndoorFull/test/test_firesmoke/aihub__lb_smoke__3049.mp4;smokeonly;/mnt/e/SyncData/paper2_main/zout/___reports/on_test_set/baseline_vs_accMotion_for_quality_vis/MainPC__ds_UFireIndoorTest__mt_no_temp_method__af4b0d32a3d2__20260330.205208;skipped;/mnt/e/SyncData/paper2_main/zout/___reports/on_test_set/baseline_vs_accMotion_for_quality_vis/MainPC__ds_UFireIndoorTest__mt_temp_method_motion_block__e1ccb7b889a0__20260421.145709
aihub__lb_smoke__3049.mp4;346;360;fire_smoke;/mnt/e/SyncData/paper2_main/datasets/UFireIndoorFull/test/test_firesmoke/aihub__lb_smoke__3049.mp4;smokeonly;/mnt/e/SyncData/paper2_main/zout/___reports/on_test_set/baseline_vs_accMotion_for_quality_vis/MainPC__ds_UFireIndoorTest__mt_no_temp_method__af4b0d32a3d2__20260330.205208;skipped;/mnt/e/SyncData/paper2_main/zout/___reports/on_test_set/baseline_vs_accMotion_for_quality_vis/MainPC__ds_UFireIndoorTest__mt_temp_method_motion_block__e1ccb7b889a0__20260421.145709
aihub__lb_smoke__3049.mp4;347;360;fire_smoke;/mnt/e/SyncData/paper2_main/datasets/UFireIndoorFull/test/test_firesmoke/aihub__lb_smoke__3049.mp4;smokeonly;/mnt/e/SyncData/paper2_main/zout/___reports/on_test_set/baseline_vs_accMotion_for_quality_vis/MainPC__ds_UFireIndoorTest__mt_no_temp_method__af4b0d32a3d2__20260330.205208;skipped;/mnt/e/SyncData/paper2_main/zout/___reports/on_test_set/baseline_vs_accMotion_for_quality_vis/MainPC__ds_UFireIndoorTest__mt_temp_method_motion_block__e1ccb7b889a0__20260421.145709
aihub__lb_smoke__3049.mp4;348;360;fire_smoke;/mnt/e/SyncData/paper2_main/datasets/UFireIndoorFull/test/test_firesmoke/aihub__lb_smoke__3049.mp4;smokeonly;/mnt/e/SyncData/paper2_main/zout/___reports/on_test_set/baseline_vs_accMotion_for_quality_vis/MainPC__ds_UFireIndoorTest__mt_no_temp_method__af4b0d32a3d2__20260330.205208;skipped;/mnt/e/SyncData/paper2_main/zout/___reports/on_test_set/baseline_vs_accMotion_for_quality_vis/MainPC__ds_UFireIndoorTest__mt_temp_method_motion_block__e1ccb7b889a0__20260421.145709
aihub__lb_smoke__3049.mp4;349;360;fire_smoke;/mnt/e/SyncData/paper2_main/datasets/UFireIndoorFull/test/test_firesmoke/aihub__lb_smoke__3049.mp4;smokeonly;/mnt/e/SyncData/paper2_main/zout/___reports/on_test_set/baseline_vs_accMotion_for_quality_vis/MainPC__ds_UFireIndoorTest__mt_no_temp_method__af4b0d32a3d2__20260330.205208;skipped;/mnt/e/SyncData/paper2_main/zout/___reports/on_test_set/baseline_vs_accMotion_for_quality_vis/MainPC__ds_UFireIndoorTest__mt_temp_method_motion_block__e1ccb7b889a0__20260421.145709
aihub__lb_smoke__3049.mp4;350;360;fire_smoke;/mnt/e/SyncData/paper2_main/datasets/UFireIndoorFull/test/test_firesmoke/aihub__lb_smoke__3049.mp4;smokeonly;/mnt/e/SyncData/paper2_main/zout/___reports/on_test_set/baseline_vs_accMotion_for_quality_vis/MainPC__ds_UFireIndoorTest__mt_no_temp_method__af4b0d32a3d2__20260330.205208;skipped;/mnt/e/SyncData/paper2_main/zout/___reports/on_test_set/baseline_vs_accMotion_for_quality_vis/MainPC__ds_UFireIndoorTest__mt_temp_method_motion_block__e1ccb7b889a0__20260421.145709
aihub__lb_smoke__3049.mp4;351;360;fire_smoke;/mnt/e/SyncData/paper2_main/datasets/UFireIndoorFull/test/test_firesmoke/aihub__lb_smoke__3049.mp4;smokeonly;/mnt/e/SyncData/paper2_main/zout/___reports/on_test_set/baseline_vs_accMotion_for_quality_vis/MainPC__ds_UFireIndoorTest__mt_no_temp_method__af4b0d32a3d2__20260330.205208;skipped;/mnt/e/SyncData/paper2_main/zout/___reports/on_test_set/baseline_vs_accMotion_for_quality_vis/MainPC__ds_UFireIndoorTest__mt_temp_method_motion_block__e1ccb7b889a0__20260421.145709
aihub__lb_smoke__3049.mp4;352;360;fire_smoke;/mnt/e/SyncData/paper2_main/datasets/UFireIndoorFull/test/test_firesmoke/aihub__lb_smoke__3049.mp4;smokeonly;/mnt/e/SyncData/paper2_main/zout/___reports/on_test_set/baseline_vs_accMotion_for_quality_vis/MainPC__ds_UFireIndoorTest__mt_no_temp_method__af4b0d32a3d2__20260330.205208;skipped;/mnt/e/SyncData/paper2_main/zout/___reports/on_test_set/baseline_vs_accMotion_for_quality_vis/MainPC__ds_UFireIndoorTest__mt_temp_method_motion_block__e1ccb7b889a0__20260421.145709
aihub__lb_smoke__3049.mp4;353;360;fire_smoke;/mnt/e/SyncData/paper2_main/datasets/UFireIndoorFull/test/test_firesmoke/aihub__lb_smoke__3049.mp4;smokeonly;/mnt/e/SyncData/paper2_main/zout/___reports/on_test_set/baseline_vs_accMotion_for_quality_vis/MainPC__ds_UFireIndoorTest__mt_no_temp_method__af4b0d32a3d2__20260330.205208;skipped;/mnt/e/SyncData/paper2_main/zout/___reports/on_test_set/baseline_vs_accMotion_for_quality_vis/MainPC__ds_UFireIndoorTest__mt_temp_method_motion_block__e1ccb7b889a0__20260421.145709
aihub__lb_smoke__3049.mp4;354;360;fire_smoke;/mnt/e/SyncData/paper2_main/datasets/UFireIndoorFull/test/test_firesmoke/aihub__lb_smoke__3049.mp4;smokeonly;/mnt/e/SyncData/paper2_main/zout/___reports/on_test_set/baseline_vs_accMotion_for_quality_vis/MainPC__ds_UFireIndoorTest__mt_no_temp_method__af4b0d32a3d2__20260330.205208;skipped;/mnt/e/SyncData/paper2_main/zout/___reports/on_test_set/baseline_vs_accMotion_for_quality_vis/MainPC__ds_UFireIndoorTest__mt_temp_method_motion_block__e1ccb7b889a0__20260421.145709
aihub__lb_smoke__3049.mp4;355;360;fire_smoke;/mnt/e/SyncData/paper2_main/datasets/UFireIndoorFull/test/test_firesmoke/aihub__lb_smoke__3049.mp4;smokeonly;/mnt/e/SyncData/paper2_main/zout/___reports/on_test_set/baseline_vs_accMotion_for_quality_vis/MainPC__ds_UFireIndoorTest__mt_no_temp_method__af4b0d32a3d2__20260330.205208;skipped;/mnt/e/SyncData/paper2_main/zout/___reports/on_test_set/baseline_vs_accMotion_for_quality_vis/MainPC__ds_UFireIndoorTest__mt_temp_method_motion_block__e1ccb7b889a0__20260421.145709
aihub__lb_smoke__3049.mp4;357;360;fire_smoke;/mnt/e/SyncData/paper2_main/datasets/UFireIndoorFull/test/test_firesmoke/aihub__lb_smoke__3049.mp4;smokeonly;/mnt/e/SyncData/paper2_main/zout/___reports/on_test_set/baseline_vs_accMotion_for_quality_vis/MainPC__ds_UFireIndoorTest__mt_no_temp_method__af4b0d32a3d2__20260330.205208;skipped;/mnt/e/SyncData/paper2_main/zout/___reports/on_test_set/baseline_vs_accMotion_for_quality_vis/MainPC__ds_UFireIndoorTest__mt_temp_method_motion_block__e1ccb7b889a0__20260421.145709
aihub__lb_smoke__3049.mp4;358;360;fire_smoke;/mnt/e/SyncData/paper2_main/datasets/UFireIndoorFull/test/test_firesmoke/aihub__lb_smoke__3049.mp4;smokeonly;/mnt/e/SyncData/paper2_main/zout/___reports/on_test_set/baseline_vs_accMotion_for_quality_vis/MainPC__ds_UFireIndoorTest__mt_no_temp_method__af4b0d32a3d2__20260330.205208;skipped;/mnt/e/SyncData/paper2_main/zout/___reports/on_test_set/baseline_vs_accMotion_for_quality_vis/MainPC__ds_UFireIndoorTest__mt_temp_method_motion_block__e1ccb7b889a0__20260421.145709
aihub__lb_smoke__3049.mp4;359;360;fire_smoke;/mnt/e/SyncData/paper2_main/datasets/UFireIndoorFull/test/test_firesmoke/aihub__lb_smoke__3049.mp4;smokeonly;/mnt/e/SyncData/paper2_main/zout/___reports/on_test_set/baseline_vs_accMotion_for_quality_vis/MainPC__ds_UFireIndoorTest__mt_no_temp_method__af4b0d32a3d2__20260330.205208;skipped;/mnt/e/SyncData/paper2_main/zout/___reports/on_test_set/baseline_vs_accMotion_for_quality_vis/MainPC__ds_UFireIndoorTest__mt_temp_method_motion_block__e1ccb7b889a0__20260421.145709
aihub__lb_smoke__3049.mp4;360;360;fire_smoke;/mnt/e/SyncData/paper2_main/datasets/UFireIndoorFull/test/test_firesmoke/aihub__lb_smoke__3049.mp4;smokeonly;/mnt/e/SyncData/paper2_main/zout/___reports/on_test_set/baseline_vs_accMotion_for_quality_vis/MainPC__ds_UFireIndoorTest__mt_no_temp_method__af4b0d32a3d2__20260330.205208;skipped;/mnt/e/SyncData/paper2_main/zout/___reports/on_test_set/baseline_vs_accMotion_for_quality_vis/MainPC__ds_UFireIndoorTest__mt_temp_method_motion_block__e1ccb7b889a0__20260421.145709
aihub__lb_smoke__3274.mp4;1;360;fire_smoke;/mnt/e/SyncData/paper2_main/datasets/UFireIndoorFull/test/test_firesmoke/aihub__lb_smoke__3274.mp4;smokeonly;/mnt/e/SyncData/paper2_main/zout/___reports/on_test_set/baseline_vs_accMotion_for_quality_vis/MainPC__ds_UFireIndoorTest__mt_no_temp_method__af4b0d32a3d2__20260330.205208;skipped;/mnt/e/SyncData/paper2_main/zout/___reports/on_test_set/baseline_vs_accMotion_for_quality_vis/MainPC__ds_UFireIndoorTest__mt_temp_method_motion_block__e1ccb7b889a0__20260421.145709
aihub__lb_smoke__3274.mp4;2;360;fire_smoke;/mnt/e/SyncData/paper2_main/datasets/UFireIndoorFull/test/test_firesmoke/aihub__lb_smoke__3274.mp4;smokeonly;/mnt/e/SyncData/paper2_main/zout/___reports/on_test_set/baseline_vs_accMotion_for_quality_vis/MainPC__ds_UFireIndoorTest__mt_no_temp_method__af4b0d32a3d2__20260330.205208;skipped;/mnt/e/SyncData/paper2_main/zout/___reports/on_test_set/baseline_vs_accMotion_for_quality_vis/MainPC__ds_UFireIndoorTest__mt_temp_method_motion_block__e1ccb7b889a0__20260421.145709
aihub__lb_smoke__3330.mp4;1;360;fire_smoke;/mnt/e/SyncData/paper2_main/datasets/UFireIndoorFull/test/test_firesmoke/aihub__lb_smoke__3330.mp4;none;/mnt/e/SyncData/paper2_main/zout/___reports/on_test_set/baseline_vs_accMotion_for_quality_vis/MainPC__ds_UFireIndoorTest__mt_no_temp_method__af4b0d32a3d2__20260330.205208;skipped;/mnt/e/SyncData/paper2_main/zout/___reports/on_test_set/baseline_vs_accMotion_for_quality_vis/MainPC__ds_UFireIndoorTest__mt_temp_method_motion_block__e1ccb7b889a0__20260421.145709
aihub__lb_smoke__3330.mp4;2;360;fire_smoke;/mnt/e/SyncData/paper2_main/datasets/UFireIndoorFull/test/test_firesmoke/aihub__lb_smoke__3330.mp4;none;/mnt/e/SyncData/paper2_main/zout/___reports/on_test_set/baseline_vs_accMotion_for_quality_vis/MainPC__ds_UFireIndoorTest__mt_no_temp_method__af4b0d32a3d2__20260330.205208;skipped;/mnt/e/SyncData/paper2_main/zout/___reports/on_test_set/baseline_vs_accMotion_for_quality_vis/MainPC__ds_UFireIndoorTest__mt_temp_method_motion_block__e1ccb7b889a0__20260421.145709
aihub__lb_smoke__5078.mp4;1;360;fire_smoke;/mnt/e/SyncData/paper2_main/datasets/UFireIndoorFull/test/test_firesmoke/aihub__lb_smoke__5078.mp4;smokeonly;/mnt/e/SyncData/paper2_main/zout/___reports/on_test_set/baseline_vs_accMotion_for_quality_vis/MainPC__ds_UFireIndoorTest__mt_no_temp_method__af4b0d32a3d2__20260330.205208;skipped;/mnt/e/SyncData/paper2_main/zout/___reports/on_test_set/baseline_vs_accMotion_for_quality_vis/MainPC__ds_UFireIndoorTest__mt_temp_method_motion_block__e1ccb7b889a0__20260421.145709
aihub__lb_smoke__5078.mp4;2;360;fire_smoke;/mnt/e/SyncData/paper2_main/datasets/UFireIndoorFull/test/test_firesmoke/aihub__lb_smoke__5078.mp4;smokeonly;/mnt/e/SyncData/paper2_main/zout/___reports/on_test_set/baseline_vs_accMotion_for_quality_vis/MainPC__ds_UFireIndoorTest__mt_no_temp_method__af4b0d32a3d2__20260330.205208;skipped;/mnt/e/SyncData/paper2_main/zout/___reports/on_test_set/baseline_vs_accMotion_for_quality_vis/MainPC__ds_UFireIndoorTest__mt_temp_method_motion_block__e1ccb7b889a0__20260421.145709
aihub__lb_smoke__5078.mp4;34;360;fire_smoke;/mnt/e/SyncData/paper2_main/datasets/UFireIndoorFull/test/test_firesmoke/aihub__lb_smoke__5078.mp4;smokeonly;/mnt/e/SyncData/paper2_main/zout/___reports/on_test_set/baseline_vs_accMotion_for_quality_vis/MainPC__ds_UFireIndoorTest__mt_no_temp_method__af4b0d32a3d2__20260330.205208;skipped;/mnt/e/SyncData/paper2_main/zout/___reports/on_test_set/baseline_vs_accMotion_for_quality_vis/MainPC__ds_UFireIndoorTest__mt_temp_method_motion_block__e1ccb7b889a0__20260421.145709
aihub__lb_smoke__5078.mp4;35;360;fire_smoke;/mnt/e/SyncData/paper2_main/datasets/UFireIndoorFull/test/test_firesmoke/aihub__lb_smoke__5078.mp4;smokeonly;/mnt/e/SyncData/paper2_main/zout/___reports/on_test_set/baseline_vs_accMotion_for_quality_vis/MainPC__ds_UFireIndoorTest__mt_no_temp_method__af4b0d32a3d2__20260330.205208;skipped;/mnt/e/SyncData/paper2_main/zout/___reports/on_test_set/baseline_vs_accMotion_for_quality_vis/MainPC__ds_UFireIndoorTest__mt_temp_method_motion_block__e1ccb7b889a0__20260421.145709
aihub__lb_smoke__5078.mp4;36;360;fire_smoke;/mnt/e/SyncData/paper2_main/datasets/UFireIndoorFull/test/test_firesmoke/aihub__lb_smoke__5078.mp4;smokeonly;/mnt/e/SyncData/paper2_main/zout/___reports/on_test_set/baseline_vs_accMotion_for_quality_vis/MainPC__ds_UFireIndoorTest__mt_no_temp_method__af4b0d32a3d2__20260330.205208;skipped;/mnt/e/SyncData/paper2_main/zout/___reports/on_test_set/baseline_vs_accMotion_for_quality_vis/MainPC__ds_UFireIndoorTest__mt_temp_method_motion_block__e1ccb7b889a0__20260421.145709
aihub__lb_smoke__5078.mp4;37;360;fire_smoke;/mnt/e/SyncData/paper2_main/datasets/UFireIndoorFull/test/test_firesmoke/aihub__lb_smoke__5078.mp4;smokeonly;/mnt/e/SyncData/paper2_main/zout/___reports/on_test_set/baseline_vs_accMotion_for_quality_vis/MainPC__ds_UFireIndoorTest__mt_no_temp_method__af4b0d32a3d2__20260330.205208;skipped;/mnt/e/SyncData/paper2_main/zout/___reports/on_test_set/baseline_vs_accMotion_for_quality_vis/MainPC__ds_UFireIndoorTest__mt_temp_method_motion_block__e1ccb7b889a0__20260421.145709
aihub__lb_smoke__5078.mp4;54;360;fire_smoke;/mnt/e/SyncData/paper2_main/datasets/UFireIndoorFull/test/test_firesmoke/aihub__lb_smoke__5078.mp4;smokeonly;/mnt/e/SyncData/paper2_main/zout/___reports/on_test_set/baseline_vs_accMotion_for_quality_vis/MainPC__ds_UFireIndoorTest__mt_no_temp_method__af4b0d32a3d2__20260330.205208;skipped;/mnt/e/SyncData/paper2_main/zout/___reports/on_test_set/baseline_vs_accMotion_for_quality_vis/MainPC__ds_UFireIndoorTest__mt_temp_method_motion_block__e1ccb7b889a0__20260421.145709
aihub__lb_smoke__5078.mp4;55;360;fire_smoke;/mnt/e/SyncData/paper2_main/datasets/UFireIndoorFull/test/test_firesmoke/aihub__lb_smoke__5078.mp4;smokeonly;/mnt/e/SyncData/paper2_main/zout/___reports/on_test_set/baseline_vs_accMotion_for_quality_vis/MainPC__ds_UFireIndoorTest__mt_no_temp_method__af4b0d32a3d2__20260330.205208;skipped;/mnt/e/SyncData/paper2_main/zout/___reports/on_test_set/baseline_vs_accMotion_for_quality_vis/MainPC__ds_UFireIndoorTest__mt_temp_method_motion_block__e1ccb7b889a0__20260421.145709
aihub__lb_smoke__5078.mp4;56;360;fire_smoke;/mnt/e/SyncData/paper2_main/datasets/UFireIndoorFull/test/test_firesmoke/aihub__lb_smoke__5078.mp4;smokeonly;/mnt/e/SyncData/paper2_main/zout/___reports/on_test_set/baseline_vs_accMotion_for_quality_vis/MainPC__ds_UFireIndoorTest__mt_no_temp_method__af4b0d32a3d2__20260330.205208;skipped;/mnt/e/SyncData/paper2_main/zout/___reports/on_test_set/baseline_vs_accMotion_for_quality_vis/MainPC__ds_UFireIndoorTest__mt_temp_method_motion_block__e1ccb7b889a0__20260421.145709
aihub__lb_smoke__5078.mp4;57;360;fire_smoke;/mnt/e/SyncData/paper2_main/datasets/UFireIndoorFull/test/test_firesmoke/aihub__lb_smoke__5078.mp4;smokeonly;/mnt/e/SyncData/paper2_main/zout/___reports/on_test_set/baseline_vs_accMotion_for_quality_vis/MainPC__ds_UFireIndoorTest__mt_no_temp_method__af4b0d32a3d2__20260330.205208;skipped;/mnt/e/SyncData/paper2_main/zout/___reports/on_test_set/baseline_vs_accMotion_for_quality_vis/MainPC__ds_UFireIndoorTest__mt_temp_method_motion_block__e1ccb7b889a0__20260421.145709
aihub__lb_smoke__5078.mp4;58;360;fire_smoke;/mnt/e/SyncData/paper2_main/datasets/UFireIndoorFull/test/test_firesmoke/aihub__lb_smoke__5078.mp4;smokeonly;/mnt/e/SyncData/paper2_main/zout/___reports/on_test_set/baseline_vs_accMotion_for_quality_vis/MainPC__ds_UFireIndoorTest__mt_no_temp_method__af4b0d32a3d2__20260330.205208;skipped;/mnt/e/SyncData/paper2_main/zout/___reports/on_test_set/baseline_vs_accMotion_for_quality_vis/MainPC__ds_UFireIndoorTest__mt_temp_method_motion_block__e1ccb7b889a0__20260421.145709
aihub__lb_smoke__5078.mp4;106;360;fire_smoke;/mnt/e/SyncData/paper2_main/datasets/UFireIndoorFull/test/test_firesmoke/aihub__lb_smoke__5078.mp4;smokeonly;/mnt/e/SyncData/paper2_main/zout/___reports/on_test_set/baseline_vs_accMotion_for_quality_vis/MainPC__ds_UFireIndoorTest__mt_no_temp_method__af4b0d32a3d2__20260330.205208;skipped;/mnt/e/SyncData/paper2_main/zout/___reports/on_test_set/baseline_vs_accMotion_for_quality_vis/MainPC__ds_UFireIndoorTest__mt_temp_method_motion_block__e1ccb7b889a0__20260421.145709
aihub__lb_smoke__5078.mp4;136;360;fire_smoke;/mnt/e/SyncData/paper2_main/datasets/UFireIndoorFull/test/test_firesmoke/aihub__lb_smoke__5078.mp4;smokeonly;/mnt/e/SyncData/paper2_main/zout/___reports/on_test_set/baseline_vs_accMotion_for_quality_vis/MainPC__ds_UFireIndoorTest__mt_no_temp_method__af4b0d32a3d2__20260330.205208;skipped;/mnt/e/SyncData/paper2_main/zout/___reports/on_test_set/baseline_vs_accMotion_for_quality_vis/MainPC__ds_UFireIndoorTest__mt_temp_method_motion_block__e1ccb7b889a0__20260421.145709
aihub__lb_smoke__5078.mp4;137;360;fire_smoke;/mnt/e/SyncData/paper2_main/datasets/UFireIndoorFull/test/test_firesmoke/aihub__lb_smoke__5078.mp4;smokeonly;/mnt/e/SyncData/paper2_main/zout/___reports/on_test_set/baseline_vs_accMotion_for_quality_vis/MainPC__ds_UFireIndoorTest__mt_no_temp_method__af4b0d32a3d2__20260330.205208;skipped;/mnt/e/SyncData/paper2_main/zout/___reports/on_test_set/baseline_vs_accMotion_for_quality_vis/MainPC__ds_UFireIndoorTest__mt_temp_method_motion_block__e1ccb7b889a0__20260421.145709
aihub__lb_smoke__5078.mp4;138;360;fire_smoke;/mnt/e/SyncData/paper2_main/datasets/UFireIndoorFull/test/test_firesmoke/aihub__lb_smoke__5078.mp4;smokeonly;/mnt/e/SyncData/paper2_main/zout/___reports/on_test_set/baseline_vs_accMotion_for_quality_vis/MainPC__ds_UFireIndoorTest__mt_no_temp_method__af4b0d32a3d2__20260330.205208;skipped;/mnt/e/SyncData/paper2_main/zout/___reports/on_test_set/baseline_vs_accMotion_for_quality_vis/MainPC__ds_UFireIndoorTest__mt_temp_method_motion_block__e1ccb7b889a0__20260421.145709
aihub__lb_smoke__5078.mp4;174;360;fire_smoke;/mnt/e/SyncData/paper2_main/datasets/UFireIndoorFull/test/test_firesmoke/aihub__lb_smoke__5078.mp4;smokeonly;/mnt/e/SyncData/paper2_main/zout/___reports/on_test_set/baseline_vs_accMotion_for_quality_vis/MainPC__ds_UFireIndoorTest__mt_no_temp_method__af4b0d32a3d2__20260330.205208;skipped;/mnt/e/SyncData/paper2_main/zout/___reports/on_test_set/baseline_vs_accMotion_for_quality_vis/MainPC__ds_UFireIndoorTest__mt_temp_method_motion_block__e1ccb7b889a0__20260421.145709
aihub__lb_smoke__5078.mp4;175;360;fire_smoke;/mnt/e/SyncData/paper2_main/datasets/UFireIndoorFull/test/test_firesmoke/aihub__lb_smoke__5078.mp4;smokeonly;/mnt/e/SyncData/paper2_main/zout/___reports/on_test_set/baseline_vs_accMotion_for_quality_vis/MainPC__ds_UFireIndoorTest__mt_no_temp_method__af4b0d32a3d2__20260330.205208;skipped;/mnt/e/SyncData/paper2_main/zout/___reports/on_test_set/baseline_vs_accMotion_for_quality_vis/MainPC__ds_UFireIndoorTest__mt_temp_method_motion_block__e1ccb7b889a0__20260421.145709
aihub__lb_smoke__5078.mp4;176;360;fire_smoke;/mnt/e/SyncData/paper2_main/datasets/UFireIndoorFull/test/test_firesmoke/aihub__lb_smoke__5078.mp4;smokeonly;/mnt/e/SyncData/paper2_main/zout/___reports/on_test_set/baseline_vs_accMotion_for_quality_vis/MainPC__ds_UFireIndoorTest__mt_no_temp_method__af4b0d32a3d2__20260330.205208;skipped;/mnt/e/SyncData/paper2_main/zout/___reports/on_test_set/baseline_vs_accMotion_for_quality_vis/MainPC__ds_UFireIndoorTest__mt_temp_method_motion_block__e1ccb7b889a0__20260421.145709
aihub__lb_smoke__5078.mp4;177;360;fire_smoke;/mnt/e/SyncData/paper2_main/datasets/UFireIndoorFull/test/test_firesmoke/aihub__lb_smoke__5078.mp4;smokeonly;/mnt/e/SyncData/paper2_main/zout/___reports/on_test_set/baseline_vs_accMotion_for_quality_vis/MainPC__ds_UFireIndoorTest__mt_no_temp_method__af4b0d32a3d2__20260330.205208;skipped;/mnt/e/SyncData/paper2_main/zout/___reports/on_test_set/baseline_vs_accMotion_for_quality_vis/MainPC__ds_UFireIndoorTest__mt_temp_method_motion_block__e1ccb7b889a0__20260421.145709
aihub__lb_smoke__5078.mp4;178;360;fire_smoke;/mnt/e/SyncData/paper2_main/datasets/UFireIndoorFull/test/test_firesmoke/aihub__lb_smoke__5078.mp4;smokeonly;/mnt/e/SyncData/paper2_main/zout/___reports/on_test_set/baseline_vs_accMotion_for_quality_vis/MainPC__ds_UFireIndoorTest__mt_no_temp_method__af4b0d32a3d2__20260330.205208;skipped;/mnt/e/SyncData/paper2_main/zout/___reports/on_test_set/baseline_vs_accMotion_for_quality_vis/MainPC__ds_UFireIndoorTest__mt_temp_method_motion_block__e1ccb7b889a0__20260421.145709
aihub__lb_smoke__5078.mp4;179;360;fire_smoke;/mnt/e/SyncData/paper2_main/datasets/UFireIndoorFull/test/test_firesmoke/aihub__lb_smoke__5078.mp4;smokeonly;/mnt/e/SyncData/paper2_main/zout/___reports/on_test_set/baseline_vs_accMotion_for_quality_vis/MainPC__ds_UFireIndoorTest__mt_no_temp_method__af4b0d32a3d2__20260330.205208;skipped;/mnt/e/SyncData/paper2_main/zout/___reports/on_test_set/baseline_vs_accMotion_for_quality_vis/MainPC__ds_UFireIndoorTest__mt_temp_method_motion_block__e1ccb7b889a0__20260421.145709
aihub__lb_smoke__5078.mp4;180;360;fire_smoke;/mnt/e/SyncData/paper2_main/datasets/UFireIndoorFull/test/test_firesmoke/aihub__lb_smoke__5078.mp4;smokeonly;/mnt/e/SyncData/paper2_main/zout/___reports/on_test_set/baseline_vs_accMotion_for_quality_vis/MainPC__ds_UFireIndoorTest__mt_no_temp_method__af4b0d32a3d2__20260330.205208;skipped;/mnt/e/SyncData/paper2_main/zout/___reports/on_test_set/baseline_vs_accMotion_for_quality_vis/MainPC__ds_UFireIndoorTest__mt_temp_method_motion_block__e1ccb7b889a0__20260421.145709
aihub__lb_smoke__5078.mp4;181;360;fire_smoke;/mnt/e/SyncData/paper2_main/datasets/UFireIndoorFull/test/test_firesmoke/aihub__lb_smoke__5078.mp4;smokeonly;/mnt/e/SyncData/paper2_main/zout/___reports/on_test_set/baseline_vs_accMotion_for_quality_vis/MainPC__ds_UFireIndoorTest__mt_no_temp_method__af4b0d32a3d2__20260330.205208;skipped;/mnt/e/SyncData/paper2_main/zout/___reports/on_test_set/baseline_vs_accMotion_for_quality_vis/MainPC__ds_UFireIndoorTest__mt_temp_method_motion_block__e1ccb7b889a0__20260421.145709
aihub__lb_smoke__5078.mp4;182;360;fire_smoke;/mnt/e/SyncData/paper2_main/datasets/UFireIndoorFull/test/test_firesmoke/aihub__lb_smoke__5078.mp4;smokeonly;/mnt/e/SyncData/paper2_main/zout/___reports/on_test_set/baseline_vs_accMotion_for_quality_vis/MainPC__ds_UFireIndoorTest__mt_no_temp_method__af4b0d32a3d2__20260330.205208;skipped;/mnt/e/SyncData/paper2_main/zout/___reports/on_test_set/baseline_vs_accMotion_for_quality_vis/MainPC__ds_UFireIndoorTest__mt_temp_method_motion_block__e1ccb7b889a0__20260421.145709
aihub__lb_smoke__5078.mp4;186;360;fire_smoke;/mnt/e/SyncData/paper2_main/datasets/UFireIndoorFull/test/test_firesmoke/aihub__lb_smoke__5078.mp4;smokeonly;/mnt/e/SyncData/paper2_main/zout/___reports/on_test_set/baseline_vs_accMotion_for_quality_vis/MainPC__ds_UFireIndoorTest__mt_no_temp_method__af4b0d32a3d2__20260330.205208;skipped;/mnt/e/SyncData/paper2_main/zout/___reports/on_test_set/baseline_vs_accMotion_for_quality_vis/MainPC__ds_UFireIndoorTest__mt_temp_method_motion_block__e1ccb7b889a0__20260421.145709
aihub__lb_smoke__5078.mp4;187;360;fire_smoke;/mnt/e/SyncData/paper2_main/datasets/UFireIndoorFull/test/test_firesmoke/aihub__lb_smoke__5078.mp4;smokeonly;/mnt/e/SyncData/paper2_main/zout/___reports/on_test_set/baseline_vs_accMotion_for_quality_vis/MainPC__ds_UFireIndoorTest__mt_no_temp_method__af4b0d32a3d2__20260330.205208;skipped;/mnt/e/SyncData/paper2_main/zout/___reports/on_test_set/baseline_vs_accMotion_for_quality_vis/MainPC__ds_UFireIndoorTest__mt_temp_method_motion_block__e1ccb7b889a0__20260421.145709
aihub__lb_smoke__5078.mp4;188;360;fire_smoke;/mnt/e/SyncData/paper2_main/datasets/UFireIndoorFull/test/test_firesmoke/aihub__lb_smoke__5078.mp4;smokeonly;/mnt/e/SyncData/paper2_main/zout/___reports/on_test_set/baseline_vs_accMotion_for_quality_vis/MainPC__ds_UFireIndoorTest__mt_no_temp_method__af4b0d32a3d2__20260330.205208;skipped;/mnt/e/SyncData/paper2_main/zout/___reports/on_test_set/baseline_vs_accMotion_for_quality_vis/MainPC__ds_UFireIndoorTest__mt_temp_method_motion_block__e1ccb7b889a0__20260421.145709
aihub__lb_smoke__5078.mp4;189;360;fire_smoke;/mnt/e/SyncData/paper2_main/datasets/UFireIndoorFull/test/test_firesmoke/aihub__lb_smoke__5078.mp4;smokeonly;/mnt/e/SyncData/paper2_main/zout/___reports/on_test_set/baseline_vs_accMotion_for_quality_vis/MainPC__ds_UFireIndoorTest__mt_no_temp_method__af4b0d32a3d2__20260330.205208;skipped;/mnt/e/SyncData/paper2_main/zout/___reports/on_test_set/baseline_vs_accMotion_for_quality_vis/MainPC__ds_UFireIndoorTest__mt_temp_method_motion_block__e1ccb7b889a0__20260421.145709
aihub__lb_smoke__5078.mp4;190;360;fire_smoke;/mnt/e/SyncData/paper2_main/datasets/UFireIndoorFull/test/test_firesmoke/aihub__lb_smoke__5078.mp4;smokeonly;/mnt/e/SyncData/paper2_main/zout/___reports/on_test_set/baseline_vs_accMotion_for_quality_vis/MainPC__ds_UFireIndoorTest__mt_no_temp_method__af4b0d32a3d2__20260330.205208;skipped;/mnt/e/SyncData/paper2_main/zout/___reports/on_test_set/baseline_vs_accMotion_for_quality_vis/MainPC__ds_UFireIndoorTest__mt_temp_method_motion_block__e1ccb7b889a0__20260421.145709
aihub__lb_smoke__5078.mp4;191;360;fire_smoke;/mnt/e/SyncData/paper2_main/datasets/UFireIndoorFull/test/test_firesmoke/aihub__lb_smoke__5078.mp4;smokeonly;/mnt/e/SyncData/paper2_main/zout/___reports/on_test_set/baseline_vs_accMotion_for_quality_vis/MainPC__ds_UFireIndoorTest__mt_no_temp_method__af4b0d32a3d2__20260330.205208;skipped;/mnt/e/SyncData/paper2_main/zout/___reports/on_test_set/baseline_vs_accMotion_for_quality_vis/MainPC__ds_UFireIndoorTest__mt_temp_method_motion_block__e1ccb7b889a0__20260421.145709
aihub__lb_smoke__5078.mp4;192;360;fire_smoke;/mnt/e/SyncData/paper2_main/datasets/UFireIndoorFull/test/test_firesmoke/aihub__lb_smoke__5078.mp4;smokeonly;/mnt/e/SyncData/paper2_main/zout/___reports/on_test_set/baseline_vs_accMotion_for_quality_vis/MainPC__ds_UFireIndoorTest__mt_no_temp_method__af4b0d32a3d2__20260330.205208;skipped;/mnt/e/SyncData/paper2_main/zout/___reports/on_test_set/baseline_vs_accMotion_for_quality_vis/MainPC__ds_UFireIndoorTest__mt_temp_method_motion_block__e1ccb7b889a0__20260421.145709
aihub__lb_smoke__5078.mp4;193;360;fire_smoke;/mnt/e/SyncData/paper2_main/datasets/UFireIndoorFull/test/test_firesmoke/aihub__lb_smoke__5078.mp4;smokeonly;/mnt/e/SyncData/paper2_main/zout/___reports/on_test_set/baseline_vs_accMotion_for_quality_vis/MainPC__ds_UFireIndoorTest__mt_no_temp_method__af4b0d32a3d2__20260330.205208;skipped;/mnt/e/SyncData/paper2_main/zout/___reports/on_test_set/baseline_vs_accMotion_for_quality_vis/MainPC__ds_UFireIndoorTest__mt_temp_method_motion_block__e1ccb7b889a0__20260421.145709
aihub__lb_smoke__5078.mp4;194;360;fire_smoke;/mnt/e/SyncData/paper2_main/datasets/UFireIndoorFull/test/test_firesmoke/aihub__lb_smoke__5078.mp4;smokeonly;/mnt/e/SyncData/paper2_main/zout/___reports/on_test_set/baseline_vs_accMotion_for_quality_vis/MainPC__ds_UFireIndoorTest__mt_no_temp_method__af4b0d32a3d2__20260330.205208;skipped;/mnt/e/SyncData/paper2_main/zout/___reports/on_test_set/baseline_vs_accMotion_for_quality_vis/MainPC__ds_UFireIndoorTest__mt_temp_method_motion_block__e1ccb7b889a0__20260421.145709
aihub__lb_smoke__5078.mp4;195;360;fire_smoke;/mnt/e/SyncData/paper2_main/datasets/UFireIndoorFull/test/test_firesmoke/aihub__lb_smoke__5078.mp4;smokeonly;/mnt/e/SyncData/paper2_main/zout/___reports/on_test_set/baseline_vs_accMotion_for_quality_vis/MainPC__ds_UFireIndoorTest__mt_no_temp_method__af4b0d32a3d2__20260330.205208;skipped;/mnt/e/SyncData/paper2_main/zout/___reports/on_test_set/baseline_vs_accMotion_for_quality_vis/MainPC__ds_UFireIndoorTest__mt_temp_method_motion_block__e1ccb7b889a0__20260421.145709
aihub__lb_smoke__5078.mp4;196;360;fire_smoke;/mnt/e/SyncData/paper2_main/datasets/UFireIndoorFull/test/test_firesmoke/aihub__lb_smoke__5078.mp4;smokeonly;/mnt/e/SyncData/paper2_main/zout/___reports/on_test_set/baseline_vs_accMotion_for_quality_vis/MainPC__ds_UFireIndoorTest__mt_no_temp_method__af4b0d32a3d2__20260330.205208;skipped;/mnt/e/SyncData/paper2_main/zout/___reports/on_test_set/baseline_vs_accMotion_for_quality_vis/MainPC__ds_UFireIndoorTest__mt_temp_method_motion_block__e1ccb7b889a0__20260421.145709
aihub__lb_smoke__5078.mp4;197;360;fire_smoke;/mnt/e/SyncData/paper2_main/datasets/UFireIndoorFull/test/test_firesmoke/aihub__lb_smoke__5078.mp4;smokeonly;/mnt/e/SyncData/paper2_main/zout/___reports/on_test_set/baseline_vs_accMotion_for_quality_vis/MainPC__ds_UFireIndoorTest__mt_no_temp_method__af4b0d32a3d2__20260330.205208;skipped;/mnt/e/SyncData/paper2_main/zout/___reports/on_test_set/baseline_vs_accMotion_for_quality_vis/MainPC__ds_UFireIndoorTest__mt_temp_method_motion_block__e1ccb7b889a0__20260421.145709
aihub__lb_smoke__5078.mp4;198;360;fire_smoke;/mnt/e/SyncData/paper2_main/datasets/UFireIndoorFull/test/test_firesmoke/aihub__lb_smoke__5078.mp4;smokeonly;/mnt/e/SyncData/paper2_main/zout/___reports/on_test_set/baseline_vs_accMotion_for_quality_vis/MainPC__ds_UFireIndoorTest__mt_no_temp_method__af4b0d32a3d2__20260330.205208;skipped;/mnt/e/SyncData/paper2_main/zout/___reports/on_test_set/baseline_vs_accMotion_for_quality_vis/MainPC__ds_UFireIndoorTest__mt_temp_method_motion_block__e1ccb7b889a0__20260421.145709
aihub__lb_smoke__5078.mp4;199;360;fire_smoke;/mnt/e/SyncData/paper2_main/datasets/UFireIndoorFull/test/test_firesmoke/aihub__lb_smoke__5078.mp4;smokeonly;/mnt/e/SyncData/paper2_main/zout/___reports/on_test_set/baseline_vs_accMotion_for_quality_vis/MainPC__ds_UFireIndoorTest__mt_no_temp_method__af4b0d32a3d2__20260330.205208;skipped;/mnt/e/SyncData/paper2_main/zout/___reports/on_test_set/baseline_vs_accMotion_for_quality_vis/MainPC__ds_UFireIndoorTest__mt_temp_method_motion_block__e1ccb7b889a0__20260421.145709
aihub__lb_smoke__5078.mp4;201;360;fire_smoke;/mnt/e/SyncData/paper2_main/datasets/UFireIndoorFull/test/test_firesmoke/aihub__lb_smoke__5078.mp4;smokeonly;/mnt/e/SyncData/paper2_main/zout/___reports/on_test_set/baseline_vs_accMotion_for_quality_vis/MainPC__ds_UFireIndoorTest__mt_no_temp_method__af4b0d32a3d2__20260330.205208;skipped;/mnt/e/SyncData/paper2_main/zout/___reports/on_test_set/baseline_vs_accMotion_for_quality_vis/MainPC__ds_UFireIndoorTest__mt_temp_method_motion_block__e1ccb7b889a0__20260421.145709
aihub__lb_smoke__5078.mp4;202;360;fire_smoke;/mnt/e/SyncData/paper2_main/datasets/UFireIndoorFull/test/test_firesmoke/aihub__lb_smoke__5078.mp4;smokeonly;/mnt/e/SyncData/paper2_main/zout/___reports/on_test_set/baseline_vs_accMotion_for_quality_vis/MainPC__ds_UFireIndoorTest__mt_no_temp_method__af4b0d32a3d2__20260330.205208;skipped;/mnt/e/SyncData/paper2_main/zout/___reports/on_test_set/baseline_vs_accMotion_for_quality_vis/MainPC__ds_UFireIndoorTest__mt_temp_method_motion_block__e1ccb7b889a0__20260421.145709
aihub__lb_smoke__5078.mp4;203;360;fire_smoke;/mnt/e/SyncData/paper2_main/datasets/UFireIndoorFull/test/test_firesmoke/aihub__lb_smoke__5078.mp4;smokeonly;/mnt/e/SyncData/paper2_main/zout/___reports/on_test_set/baseline_vs_accMotion_for_quality_vis/MainPC__ds_UFireIndoorTest__mt_no_temp_method__af4b0d32a3d2__20260330.205208;skipped;/mnt/e/SyncData/paper2_main/zout/___reports/on_test_set/baseline_vs_accMotion_for_quality_vis/MainPC__ds_UFireIndoorTest__mt_temp_method_motion_block__e1ccb7b889a0__20260421.145709
aihub__lb_smoke__5078.mp4;204;360;fire_smoke;/mnt/e/SyncData/paper2_main/datasets/UFireIndoorFull/test/test_firesmoke/aihub__lb_smoke__5078.mp4;smokeonly;/mnt/e/SyncData/paper2_main/zout/___reports/on_test_set/baseline_vs_accMotion_for_quality_vis/MainPC__ds_UFireIndoorTest__mt_no_temp_method__af4b0d32a3d2__20260330.205208;skipped;/mnt/e/SyncData/paper2_main/zout/___reports/on_test_set/baseline_vs_accMotion_for_quality_vis/MainPC__ds_UFireIndoorTest__mt_temp_method_motion_block__e1ccb7b889a0__20260421.145709
aihub__lb_smoke__5078.mp4;205;360;fire_smoke;/mnt/e/SyncData/paper2_main/datasets/UFireIndoorFull/test/test_firesmoke/aihub__lb_smoke__5078.mp4;smokeonly;/mnt/e/SyncData/paper2_main/zout/___reports/on_test_set/baseline_vs_accMotion_for_quality_vis/MainPC__ds_UFireIndoorTest__mt_no_temp_method__af4b0d32a3d2__20260330.205208;skipped;/mnt/e/SyncData/paper2_main/zout/___reports/on_test_set/baseline_vs_accMotion_for_quality_vis/MainPC__ds_UFireIndoorTest__mt_temp_method_motion_block__e1ccb7b889a0__20260421.145709
aihub__lb_smoke__5078.mp4;206;360;fire_smoke;/mnt/e/SyncData/paper2_main/datasets/UFireIndoorFull/test/test_firesmoke/aihub__lb_smoke__5078.mp4;smokeonly;/mnt/e/SyncData/paper2_main/zout/___reports/on_test_set/baseline_vs_accMotion_for_quality_vis/MainPC__ds_UFireIndoorTest__mt_no_temp_method__af4b0d32a3d2__20260330.205208;skipped;/mnt/e/SyncData/paper2_main/zout/___reports/on_test_set/baseline_vs_accMotion_for_quality_vis/MainPC__ds_UFireIndoorTest__mt_temp_method_motion_block__e1ccb7b889a0__20260421.145709
aihub__lb_smoke__5078.mp4;207;360;fire_smoke;/mnt/e/SyncData/paper2_main/datasets/UFireIndoorFull/test/test_firesmoke/aihub__lb_smoke__5078.mp4;smokeonly;/mnt/e/SyncData/paper2_main/zout/___reports/on_test_set/baseline_vs_accMotion_for_quality_vis/MainPC__ds_UFireIndoorTest__mt_no_temp_method__af4b0d32a3d2__20260330.205208;skipped;/mnt/e/SyncData/paper2_main/zout/___reports/on_test_set/baseline_vs_accMotion_for_quality_vis/MainPC__ds_UFireIndoorTest__mt_temp_method_motion_block__e1ccb7b889a0__20260421.145709
aihub__lb_smoke__5078.mp4;208;360;fire_smoke;/mnt/e/SyncData/paper2_main/datasets/UFireIndoorFull/test/test_firesmoke/aihub__lb_smoke__5078.mp4;smokeonly;/mnt/e/SyncData/paper2_main/zout/___reports/on_test_set/baseline_vs_accMotion_for_quality_vis/MainPC__ds_UFireIndoorTest__mt_no_temp_method__af4b0d32a3d2__20260330.205208;skipped;/mnt/e/SyncData/paper2_main/zout/___reports/on_test_set/baseline_vs_accMotion_for_quality_vis/MainPC__ds_UFireIndoorTest__mt_temp_method_motion_block__e1ccb7b889a0__20260421.145709
aihub__lb_smoke__5078.mp4;209;360;fire_smoke;/mnt/e/SyncData/paper2_main/datasets/UFireIndoorFull/test/test_firesmoke/aihub__lb_smoke__5078.mp4;smokeonly;/mnt/e/SyncData/paper2_main/zout/___reports/on_test_set/baseline_vs_accMotion_for_quality_vis/MainPC__ds_UFireIndoorTest__mt_no_temp_method__af4b0d32a3d2__20260330.205208;skipped;/mnt/e/SyncData/paper2_main/zout/___reports/on_test_set/baseline_vs_accMotion_for_quality_vis/MainPC__ds_UFireIndoorTest__mt_temp_method_motion_block__e1ccb7b889a0__20260421.145709
aihub__lb_smoke__5078.mp4;210;360;fire_smoke;/mnt/e/SyncData/paper2_main/datasets/UFireIndoorFull/test/test_firesmoke/aihub__lb_smoke__5078.mp4;smokeonly;/mnt/e/SyncData/paper2_main/zout/___reports/on_test_set/baseline_vs_accMotion_for_quality_vis/MainPC__ds_UFireIndoorTest__mt_no_temp_method__af4b0d32a3d2__20260330.205208;skipped;/mnt/e/SyncData/paper2_main/zout/___reports/on_test_set/baseline_vs_accMotion_for_quality_vis/MainPC__ds_UFireIndoorTest__mt_temp_method_motion_block__e1ccb7b889a0__20260421.145709
aihub__lb_smoke__5078.mp4;211;360;fire_smoke;/mnt/e/SyncData/paper2_main/datasets/UFireIndoorFull/test/test_firesmoke/aihub__lb_smoke__5078.mp4;smokeonly;/mnt/e/SyncData/paper2_main/zout/___reports/on_test_set/baseline_vs_accMotion_for_quality_vis/MainPC__ds_UFireIndoorTest__mt_no_temp_method__af4b0d32a3d2__20260330.205208;skipped;/mnt/e/SyncData/paper2_main/zout/___reports/on_test_set/baseline_vs_accMotion_for_quality_vis/MainPC__ds_UFireIndoorTest__mt_temp_method_motion_block__e1ccb7b889a0__20260421.145709
aihub__lb_smoke__5078.mp4;215;360;fire_smoke;/mnt/e/SyncData/paper2_main/datasets/UFireIndoorFull/test/test_firesmoke/aihub__lb_smoke__5078.mp4;smokeonly;/mnt/e/SyncData/paper2_main/zout/___reports/on_test_set/baseline_vs_accMotion_for_quality_vis/MainPC__ds_UFireIndoorTest__mt_no_temp_method__af4b0d32a3d2__20260330.205208;skipped;/mnt/e/SyncData/paper2_main/zout/___reports/on_test_set/baseline_vs_accMotion_for_quality_vis/MainPC__ds_UFireIndoorTest__mt_temp_method_motion_block__e1ccb7b889a0__20260421.145709
aihub__lb_smoke__5078.mp4;216;360;fire_smoke;/mnt/e/SyncData/paper2_main/datasets/UFireIndoorFull/test/test_firesmoke/aihub__lb_smoke__5078.mp4;smokeonly;/mnt/e/SyncData/paper2_main/zout/___reports/on_test_set/baseline_vs_accMotion_for_quality_vis/MainPC__ds_UFireIndoorTest__mt_no_temp_method__af4b0d32a3d2__20260330.205208;skipped;/mnt/e/SyncData/paper2_main/zout/___reports/on_test_set/baseline_vs_accMotion_for_quality_vis/MainPC__ds_UFireIndoorTest__mt_temp_method_motion_block__e1ccb7b889a0__20260421.145709
aihub__lb_smoke__5078.mp4;217;360;fire_smoke;/mnt/e/SyncData/paper2_main/datasets/UFireIndoorFull/test/test_firesmoke/aihub__lb_smoke__5078.mp4;smokeonly;/mnt/e/SyncData/paper2_main/zout/___reports/on_test_set/baseline_vs_accMotion_for_quality_vis/MainPC__ds_UFireIndoorTest__mt_no_temp_method__af4b0d32a3d2__20260330.205208;skipped;/mnt/e/SyncData/paper2_main/zout/___reports/on_test_set/baseline_vs_accMotion_for_quality_vis/MainPC__ds_UFireIndoorTest__mt_temp_method_motion_block__e1ccb7b889a0__20260421.145709
aihub__lb_smoke__5078.mp4;218;360;fire_smoke;/mnt/e/SyncData/paper2_main/datasets/UFireIndoorFull/test/test_firesmoke/aihub__lb_smoke__5078.mp4;smokeonly;/mnt/e/SyncData/paper2_main/zout/___reports/on_test_set/baseline_vs_accMotion_for_quality_vis/MainPC__ds_UFireIndoorTest__mt_no_temp_method__af4b0d32a3d2__20260330.205208;skipped;/mnt/e/SyncData/paper2_main/zout/___reports/on_test_set/baseline_vs_accMotion_for_quality_vis/MainPC__ds_UFireIndoorTest__mt_temp_method_motion_block__e1ccb7b889a0__20260421.145709
aihub__lb_smoke__5078.mp4;219;360;fire_smoke;/mnt/e/SyncData/paper2_main/datasets/UFireIndoorFull/test/test_firesmoke/aihub__lb_smoke__5078.mp4;smokeonly;/mnt/e/SyncData/paper2_main/zout/___reports/on_test_set/baseline_vs_accMotion_for_quality_vis/MainPC__ds_UFireIndoorTest__mt_no_temp_method__af4b0d32a3d2__20260330.205208;skipped;/mnt/e/SyncData/paper2_main/zout/___reports/on_test_set/baseline_vs_accMotion_for_quality_vis/MainPC__ds_UFireIndoorTest__mt_temp_method_motion_block__e1ccb7b889a0__20260421.145709
aihub__lb_smoke__5078.mp4;220;360;fire_smoke;/mnt/e/SyncData/paper2_main/datasets/UFireIndoorFull/test/test_firesmoke/aihub__lb_smoke__5078.mp4;smokeonly;/mnt/e/SyncData/paper2_main/zout/___reports/on_test_set/baseline_vs_accMotion_for_quality_vis/MainPC__ds_UFireIndoorTest__mt_no_temp_method__af4b0d32a3d2__20260330.205208;skipped;/mnt/e/SyncData/paper2_main/zout/___reports/on_test_set/baseline_vs_accMotion_for_quality_vis/MainPC__ds_UFireIndoorTest__mt_temp_method_motion_block__e1ccb7b889a0__20260421.145709
aihub__lb_smoke__5078.mp4;224;360;fire_smoke;/mnt/e/SyncData/paper2_main/datasets/UFireIndoorFull/test/test_firesmoke/aihub__lb_smoke__5078.mp4;smokeonly;/mnt/e/SyncData/paper2_main/zout/___reports/on_test_set/baseline_vs_accMotion_for_quality_vis/MainPC__ds_UFireIndoorTest__mt_no_temp_method__af4b0d32a3d2__20260330.205208;skipped;/mnt/e/SyncData/paper2_main/zout/___reports/on_test_set/baseline_vs_accMotion_for_quality_vis/MainPC__ds_UFireIndoorTest__mt_temp_method_motion_block__e1ccb7b889a0__20260421.145709
aihub__lb_smoke__5078.mp4;230;360;fire_smoke;/mnt/e/SyncData/paper2_main/datasets/UFireIndoorFull/test/test_firesmoke/aihub__lb_smoke__5078.mp4;smokeonly;/mnt/e/SyncData/paper2_main/zout/___reports/on_test_set/baseline_vs_accMotion_for_quality_vis/MainPC__ds_UFireIndoorTest__mt_no_temp_method__af4b0d32a3d2__20260330.205208;skipped;/mnt/e/SyncData/paper2_main/zout/___reports/on_test_set/baseline_vs_accMotion_for_quality_vis/MainPC__ds_UFireIndoorTest__mt_temp_method_motion_block__e1ccb7b889a0__20260421.145709
aihub__lb_smoke__5078.mp4;238;360;fire_smoke;/mnt/e/SyncData/paper2_main/datasets/UFireIndoorFull/test/test_firesmoke/aihub__lb_smoke__5078.mp4;smokeonly;/mnt/e/SyncData/paper2_main/zout/___reports/on_test_set/baseline_vs_accMotion_for_quality_vis/MainPC__ds_UFireIndoorTest__mt_no_temp_method__af4b0d32a3d2__20260330.205208;skipped;/mnt/e/SyncData/paper2_main/zout/___reports/on_test_set/baseline_vs_accMotion_for_quality_vis/MainPC__ds_UFireIndoorTest__mt_temp_method_motion_block__e1ccb7b889a0__20260421.145709
aihub__lb_smoke__5078.mp4;239;360;fire_smoke;/mnt/e/SyncData/paper2_main/datasets/UFireIndoorFull/test/test_firesmoke/aihub__lb_smoke__5078.mp4;smokeonly;/mnt/e/SyncData/paper2_main/zout/___reports/on_test_set/baseline_vs_accMotion_for_quality_vis/MainPC__ds_UFireIndoorTest__mt_no_temp_method__af4b0d32a3d2__20260330.205208;skipped;/mnt/e/SyncData/paper2_main/zout/___reports/on_test_set/baseline_vs_accMotion_for_quality_vis/MainPC__ds_UFireIndoorTest__mt_temp_method_motion_block__e1ccb7b889a0__20260421.145709
aihub__lb_smoke__5078.mp4;240;360;fire_smoke;/mnt/e/SyncData/paper2_main/datasets/UFireIndoorFull/test/test_firesmoke/aihub__lb_smoke__5078.mp4;smokeonly;/mnt/e/SyncData/paper2_main/zout/___reports/on_test_set/baseline_vs_accMotion_for_quality_vis/MainPC__ds_UFireIndoorTest__mt_no_temp_method__af4b0d32a3d2__20260330.205208;skipped;/mnt/e/SyncData/paper2_main/zout/___reports/on_test_set/baseline_vs_accMotion_for_quality_vis/MainPC__ds_UFireIndoorTest__mt_temp_method_motion_block__e1ccb7b889a0__20260421.145709
aihub__lb_smoke__5078.mp4;241;360;fire_smoke;/mnt/e/SyncData/paper2_main/datasets/UFireIndoorFull/test/test_firesmoke/aihub__lb_smoke__5078.mp4;smokeonly;/mnt/e/SyncData/paper2_main/zout/___reports/on_test_set/baseline_vs_accMotion_for_quality_vis/MainPC__ds_UFireIndoorTest__mt_no_temp_method__af4b0d32a3d2__20260330.205208;skipped;/mnt/e/SyncData/paper2_main/zout/___reports/on_test_set/baseline_vs_accMotion_for_quality_vis/MainPC__ds_UFireIndoorTest__mt_temp_method_motion_block__e1ccb7b889a0__20260421.145709
aihub__lb_smoke__5078.mp4;245;360;fire_smoke;/mnt/e/SyncData/paper2_main/datasets/UFireIndoorFull/test/test_firesmoke/aihub__lb_smoke__5078.mp4;smokeonly;/mnt/e/SyncData/paper2_main/zout/___reports/on_test_set/baseline_vs_accMotion_for_quality_vis/MainPC__ds_UFireIndoorTest__mt_no_temp_method__af4b0d32a3d2__20260330.205208;skipped;/mnt/e/SyncData/paper2_main/zout/___reports/on_test_set/baseline_vs_accMotion_for_quality_vis/MainPC__ds_UFireIndoorTest__mt_temp_method_motion_block__e1ccb7b889a0__20260421.145709
aihub__lb_smoke__5078.mp4;246;360;fire_smoke;/mnt/e/SyncData/paper2_main/datasets/UFireIndoorFull/test/test_firesmoke/aihub__lb_smoke__5078.mp4;smokeonly;/mnt/e/SyncData/paper2_main/zout/___reports/on_test_set/baseline_vs_accMotion_for_quality_vis/MainPC__ds_UFireIndoorTest__mt_no_temp_method__af4b0d32a3d2__20260330.205208;skipped;/mnt/e/SyncData/paper2_main/zout/___reports/on_test_set/baseline_vs_accMotion_for_quality_vis/MainPC__ds_UFireIndoorTest__mt_temp_method_motion_block__e1ccb7b889a0__20260421.145709
aihub__lb_smoke__5078.mp4;247;360;fire_smoke;/mnt/e/SyncData/paper2_main/datasets/UFireIndoorFull/test/test_firesmoke/aihub__lb_smoke__5078.mp4;smokeonly;/mnt/e/SyncData/paper2_main/zout/___reports/on_test_set/baseline_vs_accMotion_for_quality_vis/MainPC__ds_UFireIndoorTest__mt_no_temp_method__af4b0d32a3d2__20260330.205208;skipped;/mnt/e/SyncData/paper2_main/zout/___reports/on_test_set/baseline_vs_accMotion_for_quality_vis/MainPC__ds_UFireIndoorTest__mt_temp_method_motion_block__e1ccb7b889a0__20260421.145709
aihub__lb_smoke__5078.mp4;248;360;fire_smoke;/mnt/e/SyncData/paper2_main/datasets/UFireIndoorFull/test/test_firesmoke/aihub__lb_smoke__5078.mp4;smokeonly;/mnt/e/SyncData/paper2_main/zout/___reports/on_test_set/baseline_vs_accMotion_for_quality_vis/MainPC__ds_UFireIndoorTest__mt_no_temp_method__af4b0d32a3d2__20260330.205208;skipped;/mnt/e/SyncData/paper2_main/zout/___reports/on_test_set/baseline_vs_accMotion_for_quality_vis/MainPC__ds_UFireIndoorTest__mt_temp_method_motion_block__e1ccb7b889a0__20260421.145709
aihub__lb_smoke__5078.mp4;249;360;fire_smoke;/mnt/e/SyncData/paper2_main/datasets/UFireIndoorFull/test/test_firesmoke/aihub__lb_smoke__5078.mp4;smokeonly;/mnt/e/SyncData/paper2_main/zout/___reports/on_test_set/baseline_vs_accMotion_for_quality_vis/MainPC__ds_UFireIndoorTest__mt_no_temp_method__af4b0d32a3d2__20260330.205208;skipped;/mnt/e/SyncData/paper2_main/zout/___reports/on_test_set/baseline_vs_accMotion_for_quality_vis/MainPC__ds_UFireIndoorTest__mt_temp_method_motion_block__e1ccb7b889a0__20260421.145709
aihub__lb_smoke__5078.mp4;250;360;fire_smoke;/mnt/e/SyncData/paper2_main/datasets/UFireIndoorFull/test/test_firesmoke/aihub__lb_smoke__5078.mp4;smokeonly;/mnt/e/SyncData/paper2_main/zout/___reports/on_test_set/baseline_vs_accMotion_for_quality_vis/MainPC__ds_UFireIndoorTest__mt_no_temp_method__af4b0d32a3d2__20260330.205208;skipped;/mnt/e/SyncData/paper2_main/zout/___reports/on_test_set/baseline_vs_accMotion_for_quality_vis/MainPC__ds_UFireIndoorTest__mt_temp_method_motion_block__e1ccb7b889a0__20260421.145709
aihub__lb_smoke__5078.mp4;251;360;fire_smoke;/mnt/e/SyncData/paper2_main/datasets/UFireIndoorFull/test/test_firesmoke/aihub__lb_smoke__5078.mp4;smokeonly;/mnt/e/SyncData/paper2_main/zout/___reports/on_test_set/baseline_vs_accMotion_for_quality_vis/MainPC__ds_UFireIndoorTest__mt_no_temp_method__af4b0d32a3d2__20260330.205208;skipped;/mnt/e/SyncData/paper2_main/zout/___reports/on_test_set/baseline_vs_accMotion_for_quality_vis/MainPC__ds_UFireIndoorTest__mt_temp_method_motion_block__e1ccb7b889a0__20260421.145709
aihub__lb_smoke__5078.mp4;268;360;fire_smoke;/mnt/e/SyncData/paper2_main/datasets/UFireIndoorFull/test/test_firesmoke/aihub__lb_smoke__5078.mp4;smokeonly;/mnt/e/SyncData/paper2_main/zout/___reports/on_test_set/baseline_vs_accMotion_for_quality_vis/MainPC__ds_UFireIndoorTest__mt_no_temp_method__af4b0d32a3d2__20260330.205208;skipped;/mnt/e/SyncData/paper2_main/zout/___reports/on_test_set/baseline_vs_accMotion_for_quality_vis/MainPC__ds_UFireIndoorTest__mt_temp_method_motion_block__e1ccb7b889a0__20260421.145709
aihub__lb_smoke__5078.mp4;269;360;fire_smoke;/mnt/e/SyncData/paper2_main/datasets/UFireIndoorFull/test/test_firesmoke/aihub__lb_smoke__5078.mp4;smokeonly;/mnt/e/SyncData/paper2_main/zout/___reports/on_test_set/baseline_vs_accMotion_for_quality_vis/MainPC__ds_UFireIndoorTest__mt_no_temp_method__af4b0d32a3d2__20260330.205208;skipped;/mnt/e/SyncData/paper2_main/zout/___reports/on_test_set/baseline_vs_accMotion_for_quality_vis/MainPC__ds_UFireIndoorTest__mt_temp_method_motion_block__e1ccb7b889a0__20260421.145709
aihub__lb_smoke__5078.mp4;270;360;fire_smoke;/mnt/e/SyncData/paper2_main/datasets/UFireIndoorFull/test/test_firesmoke/aihub__lb_smoke__5078.mp4;smokeonly;/mnt/e/SyncData/paper2_main/zout/___reports/on_test_set/baseline_vs_accMotion_for_quality_vis/MainPC__ds_UFireIndoorTest__mt_no_temp_method__af4b0d32a3d2__20260330.205208;skipped;/mnt/e/SyncData/paper2_main/zout/___reports/on_test_set/baseline_vs_accMotion_for_quality_vis/MainPC__ds_UFireIndoorTest__mt_temp_method_motion_block__e1ccb7b889a0__20260421.145709
aihub__lb_smoke__5078.mp4;271;360;fire_smoke;/mnt/e/SyncData/paper2_main/datasets/UFireIndoorFull/test/test_firesmoke/aihub__lb_smoke__5078.mp4;smokeonly;/mnt/e/SyncData/paper2_main/zout/___reports/on_test_set/baseline_vs_accMotion_for_quality_vis/MainPC__ds_UFireIndoorTest__mt_no_temp_method__af4b0d32a3d2__20260330.205208;skipped;/mnt/e/SyncData/paper2_main/zout/___reports/on_test_set/baseline_vs_accMotion_for_quality_vis/MainPC__ds_UFireIndoorTest__mt_temp_method_motion_block__e1ccb7b889a0__20260421.145709
aihub__lb_smoke__5078.mp4;272;360;fire_smoke;/mnt/e/SyncData/paper2_main/datasets/UFireIndoorFull/test/test_firesmoke/aihub__lb_smoke__5078.mp4;smokeonly;/mnt/e/SyncData/paper2_main/zout/___reports/on_test_set/baseline_vs_accMotion_for_quality_vis/MainPC__ds_UFireIndoorTest__mt_no_temp_method__af4b0d32a3d2__20260330.205208;skipped;/mnt/e/SyncData/paper2_main/zout/___reports/on_test_set/baseline_vs_accMotion_for_quality_vis/MainPC__ds_UFireIndoorTest__mt_temp_method_motion_block__e1ccb7b889a0__20260421.145709
aihub__lb_smoke__5078.mp4;273;360;fire_smoke;/mnt/e/SyncData/paper2_main/datasets/UFireIndoorFull/test/test_firesmoke/aihub__lb_smoke__5078.mp4;smokeonly;/mnt/e/SyncData/paper2_main/zout/___reports/on_test_set/baseline_vs_accMotion_for_quality_vis/MainPC__ds_UFireIndoorTest__mt_no_temp_method__af4b0d32a3d2__20260330.205208;skipped;/mnt/e/SyncData/paper2_main/zout/___reports/on_test_set/baseline_vs_accMotion_for_quality_vis/MainPC__ds_UFireIndoorTest__mt_temp_method_motion_block__e1ccb7b889a0__20260421.145709
aihub__lb_smoke__5078.mp4;274;360;fire_smoke;/mnt/e/SyncData/paper2_main/datasets/UFireIndoorFull/test/test_firesmoke/aihub__lb_smoke__5078.mp4;smokeonly;/mnt/e/SyncData/paper2_main/zout/___reports/on_test_set/baseline_vs_accMotion_for_quality_vis/MainPC__ds_UFireIndoorTest__mt_no_temp_method__af4b0d32a3d2__20260330.205208;skipped;/mnt/e/SyncData/paper2_main/zout/___reports/on_test_set/baseline_vs_accMotion_for_quality_vis/MainPC__ds_UFireIndoorTest__mt_temp_method_motion_block__e1ccb7b889a0__20260421.145709
aihub__lb_smoke__5078.mp4;275;360;fire_smoke;/mnt/e/SyncData/paper2_main/datasets/UFireIndoorFull/test/test_firesmoke/aihub__lb_smoke__5078.mp4;smokeonly;/mnt/e/SyncData/paper2_main/zout/___reports/on_test_set/baseline_vs_accMotion_for_quality_vis/MainPC__ds_UFireIndoorTest__mt_no_temp_method__af4b0d32a3d2__20260330.205208;skipped;/mnt/e/SyncData/paper2_main/zout/___reports/on_test_set/baseline_vs_accMotion_for_quality_vis/MainPC__ds_UFireIndoorTest__mt_temp_method_motion_block__e1ccb7b889a0__20260421.145709
aihub__lb_smoke__5078.mp4;278;360;fire_smoke;/mnt/e/SyncData/paper2_main/datasets/UFireIndoorFull/test/test_firesmoke/aihub__lb_smoke__5078.mp4;smokeonly;/mnt/e/SyncData/paper2_main/zout/___reports/on_test_set/baseline_vs_accMotion_for_quality_vis/MainPC__ds_UFireIndoorTest__mt_no_temp_method__af4b0d32a3d2__20260330.205208;skipped;/mnt/e/SyncData/paper2_main/zout/___reports/on_test_set/baseline_vs_accMotion_for_quality_vis/MainPC__ds_UFireIndoorTest__mt_temp_method_motion_block__e1ccb7b889a0__20260421.145709
aihub__lb_smoke__5078.mp4;285;360;fire_smoke;/mnt/e/SyncData/paper2_main/datasets/UFireIndoorFull/test/test_firesmoke/aihub__lb_smoke__5078.mp4;smokeonly;/mnt/e/SyncData/paper2_main/zout/___reports/on_test_set/baseline_vs_accMotion_for_quality_vis/MainPC__ds_UFireIndoorTest__mt_no_temp_method__af4b0d32a3d2__20260330.205208;skipped;/mnt/e/SyncData/paper2_main/zout/___reports/on_test_set/baseline_vs_accMotion_for_quality_vis/MainPC__ds_UFireIndoorTest__mt_temp_method_motion_block__e1ccb7b889a0__20260421.145709
aihub__lb_smoke__5078.mp4;286;360;fire_smoke;/mnt/e/SyncData/paper2_main/datasets/UFireIndoorFull/test/test_firesmoke/aihub__lb_smoke__5078.mp4;smokeonly;/mnt/e/SyncData/paper2_main/zout/___reports/on_test_set/baseline_vs_accMotion_for_quality_vis/MainPC__ds_UFireIndoorTest__mt_no_temp_method__af4b0d32a3d2__20260330.205208;skipped;/mnt/e/SyncData/paper2_main/zout/___reports/on_test_set/baseline_vs_accMotion_for_quality_vis/MainPC__ds_UFireIndoorTest__mt_temp_method_motion_block__e1ccb7b889a0__20260421.145709
aihub__lb_smoke__5078.mp4;287;360;fire_smoke;/mnt/e/SyncData/paper2_main/datasets/UFireIndoorFull/test/test_firesmoke/aihub__lb_smoke__5078.mp4;smokeonly;/mnt/e/SyncData/paper2_main/zout/___reports/on_test_set/baseline_vs_accMotion_for_quality_vis/MainPC__ds_UFireIndoorTest__mt_no_temp_method__af4b0d32a3d2__20260330.205208;skipped;/mnt/e/SyncData/paper2_main/zout/___reports/on_test_set/baseline_vs_accMotion_for_quality_vis/MainPC__ds_UFireIndoorTest__mt_temp_method_motion_block__e1ccb7b889a0__20260421.145709
aihub__lb_smoke__5078.mp4;288;360;fire_smoke;/mnt/e/SyncData/paper2_main/datasets/UFireIndoorFull/test/test_firesmoke/aihub__lb_smoke__5078.mp4;smokeonly;/mnt/e/SyncData/paper2_main/zout/___reports/on_test_set/baseline_vs_accMotion_for_quality_vis/MainPC__ds_UFireIndoorTest__mt_no_temp_method__af4b0d32a3d2__20260330.205208;skipped;/mnt/e/SyncData/paper2_main/zout/___reports/on_test_set/baseline_vs_accMotion_for_quality_vis/MainPC__ds_UFireIndoorTest__mt_temp_method_motion_block__e1ccb7b889a0__20260421.145709
aihub__lb_smoke__5078.mp4;289;360;fire_smoke;/mnt/e/SyncData/paper2_main/datasets/UFireIndoorFull/test/test_firesmoke/aihub__lb_smoke__5078.mp4;smokeonly;/mnt/e/SyncData/paper2_main/zout/___reports/on_test_set/baseline_vs_accMotion_for_quality_vis/MainPC__ds_UFireIndoorTest__mt_no_temp_method__af4b0d32a3d2__20260330.205208;skipped;/mnt/e/SyncData/paper2_main/zout/___reports/on_test_set/baseline_vs_accMotion_for_quality_vis/MainPC__ds_UFireIndoorTest__mt_temp_method_motion_block__e1ccb7b889a0__20260421.145709
aihub__lb_smoke__5078.mp4;290;360;fire_smoke;/mnt/e/SyncData/paper2_main/datasets/UFireIndoorFull/test/test_firesmoke/aihub__lb_smoke__5078.mp4;smokeonly;/mnt/e/SyncData/paper2_main/zout/___reports/on_test_set/baseline_vs_accMotion_for_quality_vis/MainPC__ds_UFireIndoorTest__mt_no_temp_method__af4b0d32a3d2__20260330.205208;skipped;/mnt/e/SyncData/paper2_main/zout/___reports/on_test_set/baseline_vs_accMotion_for_quality_vis/MainPC__ds_UFireIndoorTest__mt_temp_method_motion_block__e1ccb7b889a0__20260421.145709
aihub__lb_smoke__5078.mp4;291;360;fire_smoke;/mnt/e/SyncData/paper2_main/datasets/UFireIndoorFull/test/test_firesmoke/aihub__lb_smoke__5078.mp4;smokeonly;/mnt/e/SyncData/paper2_main/zout/___reports/on_test_set/baseline_vs_accMotion_for_quality_vis/MainPC__ds_UFireIndoorTest__mt_no_temp_method__af4b0d32a3d2__20260330.205208;skipped;/mnt/e/SyncData/paper2_main/zout/___reports/on_test_set/baseline_vs_accMotion_for_quality_vis/MainPC__ds_UFireIndoorTest__mt_temp_method_motion_block__e1ccb7b889a0__20260421.145709
aihub__lb_smoke__5978.mp4;1;360;fire_smoke;/mnt/e/SyncData/paper2_main/datasets/UFireIndoorFull/test/test_firesmoke/aihub__lb_smoke__5978.mp4;smokeonly;/mnt/e/SyncData/paper2_main/zout/___reports/on_test_set/baseline_vs_accMotion_for_quality_vis/MainPC__ds_UFireIndoorTest__mt_no_temp_method__af4b0d32a3d2__20260330.205208;skipped;/mnt/e/SyncData/paper2_main/zout/___reports/on_test_set/baseline_vs_accMotion_for_quality_vis/MainPC__ds_UFireIndoorTest__mt_temp_method_motion_block__e1ccb7b889a0__20260421.145709
aihub__lb_smoke__5978.mp4;2;360;fire_smoke;/mnt/e/SyncData/paper2_main/datasets/UFireIndoorFull/test/test_firesmoke/aihub__lb_smoke__5978.mp4;smokeonly;/mnt/e/SyncData/paper2_main/zout/___reports/on_test_set/baseline_vs_accMotion_for_quality_vis/MainPC__ds_UFireIndoorTest__mt_no_temp_method__af4b0d32a3d2__20260330.205208;skipped;/mnt/e/SyncData/paper2_main/zout/___reports/on_test_set/baseline_vs_accMotion_for_quality_vis/MainPC__ds_UFireIndoorTest__mt_temp_method_motion_block__e1ccb7b889a0__20260421.145709
aihub__lb_smoke__6044.mp4;1;360;fire_smoke;/mnt/e/SyncData/paper2_main/datasets/UFireIndoorFull/test/test_firesmoke/aihub__lb_smoke__6044.mp4;smokeonly;/mnt/e/SyncData/paper2_main/zout/___reports/on_test_set/baseline_vs_accMotion_for_quality_vis/MainPC__ds_UFireIndoorTest__mt_no_temp_method__af4b0d32a3d2__20260330.205208;skipped;/mnt/e/SyncData/paper2_main/zout/___reports/on_test_set/baseline_vs_accMotion_for_quality_vis/MainPC__ds_UFireIndoorTest__mt_temp_method_motion_block__e1ccb7b889a0__20260421.145709
aihub__lb_smoke__6044.mp4;2;360;fire_smoke;/mnt/e/SyncData/paper2_main/datasets/UFireIndoorFull/test/test_firesmoke/aihub__lb_smoke__6044.mp4;smokeonly;/mnt/e/SyncData/paper2_main/zout/___reports/on_test_set/baseline_vs_accMotion_for_quality_vis/MainPC__ds_UFireIndoorTest__mt_no_temp_method__af4b0d32a3d2__20260330.205208;skipped;/mnt/e/SyncData/paper2_main/zout/___reports/on_test_set/baseline_vs_accMotion_for_quality_vis/MainPC__ds_UFireIndoorTest__mt_temp_method_motion_block__e1ccb7b889a0__20260421.145709
aihub__lb_smoke__6170.mp4;1;360;fire_smoke;/mnt/e/SyncData/paper2_main/datasets/UFireIndoorFull/test/test_firesmoke/aihub__lb_smoke__6170.mp4;smokeonly;/mnt/e/SyncData/paper2_main/zout/___reports/on_test_set/baseline_vs_accMotion_for_quality_vis/MainPC__ds_UFireIndoorTest__mt_no_temp_method__af4b0d32a3d2__20260330.205208;skipped;/mnt/e/SyncData/paper2_main/zout/___reports/on_test_set/baseline_vs_accMotion_for_quality_vis/MainPC__ds_UFireIndoorTest__mt_temp_method_motion_block__e1ccb7b889a0__20260421.145709
aihub__lb_smoke__6170.mp4;2;360;fire_smoke;/mnt/e/SyncData/paper2_main/datasets/UFireIndoorFull/test/test_firesmoke/aihub__lb_smoke__6170.mp4;smokeonly;/mnt/e/SyncData/paper2_main/zout/___reports/on_test_set/baseline_vs_accMotion_for_quality_vis/MainPC__ds_UFireIndoorTest__mt_no_temp_method__af4b0d32a3d2__20260330.205208;skipped;/mnt/e/SyncData/paper2_main/zout/___reports/on_test_set/baseline_vs_accMotion_for_quality_vis/MainPC__ds_UFireIndoorTest__mt_temp_method_motion_block__e1ccb7b889a0__20260421.145709
aihub__lb_smoke__6170.mp4;291;360;fire_smoke;/mnt/e/SyncData/paper2_main/datasets/UFireIndoorFull/test/test_firesmoke/aihub__lb_smoke__6170.mp4;smokeonly;/mnt/e/SyncData/paper2_main/zout/___reports/on_test_set/baseline_vs_accMotion_for_quality_vis/MainPC__ds_UFireIndoorTest__mt_no_temp_method__af4b0d32a3d2__20260330.205208;skipped;/mnt/e/SyncData/paper2_main/zout/___reports/on_test_set/baseline_vs_accMotion_for_quality_vis/MainPC__ds_UFireIndoorTest__mt_temp_method_motion_block__e1ccb7b889a0__20260421.145709
aihub__lb_smoke__6170.mp4;292;360;fire_smoke;/mnt/e/SyncData/paper2_main/datasets/UFireIndoorFull/test/test_firesmoke/aihub__lb_smoke__6170.mp4;smokeonly;/mnt/e/SyncData/paper2_main/zout/___reports/on_test_set/baseline_vs_accMotion_for_quality_vis/MainPC__ds_UFireIndoorTest__mt_no_temp_method__af4b0d32a3d2__20260330.205208;skipped;/mnt/e/SyncData/paper2_main/zout/___reports/on_test_set/baseline_vs_accMotion_for_quality_vis/MainPC__ds_UFireIndoorTest__mt_temp_method_motion_block__e1ccb7b889a0__20260421.145709
aihub__lb_smoke__6170.mp4;293;360;fire_smoke;/mnt/e/SyncData/paper2_main/datasets/UFireIndoorFull/test/test_firesmoke/aihub__lb_smoke__6170.mp4;smokeonly;/mnt/e/SyncData/paper2_main/zout/___reports/on_test_set/baseline_vs_accMotion_for_quality_vis/MainPC__ds_UFireIndoorTest__mt_no_temp_method__af4b0d32a3d2__20260330.205208;skipped;/mnt/e/SyncData/paper2_main/zout/___reports/on_test_set/baseline_vs_accMotion_for_quality_vis/MainPC__ds_UFireIndoorTest__mt_temp_method_motion_block__e1ccb7b889a0__20260421.145709
aihub__lb_smoke__6170.mp4;294;360;fire_smoke;/mnt/e/SyncData/paper2_main/datasets/UFireIndoorFull/test/test_firesmoke/aihub__lb_smoke__6170.mp4;smokeonly;/mnt/e/SyncData/paper2_main/zout/___reports/on_test_set/baseline_vs_accMotion_for_quality_vis/MainPC__ds_UFireIndoorTest__mt_no_temp_method__af4b0d32a3d2__20260330.205208;skipped;/mnt/e/SyncData/paper2_main/zout/___reports/on_test_set/baseline_vs_accMotion_for_quality_vis/MainPC__ds_UFireIndoorTest__mt_temp_method_motion_block__e1ccb7b889a0__20260421.145709
aihub__lb_smoke__6170.mp4;295;360;fire_smoke;/mnt/e/SyncData/paper2_main/datasets/UFireIndoorFull/test/test_firesmoke/aihub__lb_smoke__6170.mp4;smokeonly;/mnt/e/SyncData/paper2_main/zout/___reports/on_test_set/baseline_vs_accMotion_for_quality_vis/MainPC__ds_UFireIndoorTest__mt_no_temp_method__af4b0d32a3d2__20260330.205208;skipped;/mnt/e/SyncData/paper2_main/zout/___reports/on_test_set/baseline_vs_accMotion_for_quality_vis/MainPC__ds_UFireIndoorTest__mt_temp_method_motion_block__e1ccb7b889a0__20260421.145709
aihub__lb_smoke__6170.mp4;296;360;fire_smoke;/mnt/e/SyncData/paper2_main/datasets/UFireIndoorFull/test/test_firesmoke/aihub__lb_smoke__6170.mp4;smokeonly;/mnt/e/SyncData/paper2_main/zout/___reports/on_test_set/baseline_vs_accMotion_for_quality_vis/MainPC__ds_UFireIndoorTest__mt_no_temp_method__af4b0d32a3d2__20260330.205208;skipped;/mnt/e/SyncData/paper2_main/zout/___reports/on_test_set/baseline_vs_accMotion_for_quality_vis/MainPC__ds_UFireIndoorTest__mt_temp_method_motion_block__e1ccb7b889a0__20260421.145709
aihub__lb_smoke__6170.mp4;297;360;fire_smoke;/mnt/e/SyncData/paper2_main/datasets/UFireIndoorFull/test/test_firesmoke/aihub__lb_smoke__6170.mp4;smokeonly;/mnt/e/SyncData/paper2_main/zout/___reports/on_test_set/baseline_vs_accMotion_for_quality_vis/MainPC__ds_UFireIndoorTest__mt_no_temp_method__af4b0d32a3d2__20260330.205208;skipped;/mnt/e/SyncData/paper2_main/zout/___reports/on_test_set/baseline_vs_accMotion_for_quality_vis/MainPC__ds_UFireIndoorTest__mt_temp_method_motion_block__e1ccb7b889a0__20260421.145709
aihub__lb_smoke__6170.mp4;298;360;fire_smoke;/mnt/e/SyncData/paper2_main/datasets/UFireIndoorFull/test/test_firesmoke/aihub__lb_smoke__6170.mp4;smokeonly;/mnt/e/SyncData/paper2_main/zout/___reports/on_test_set/baseline_vs_accMotion_for_quality_vis/MainPC__ds_UFireIndoorTest__mt_no_temp_method__af4b0d32a3d2__20260330.205208;skipped;/mnt/e/SyncData/paper2_main/zout/___reports/on_test_set/baseline_vs_accMotion_for_quality_vis/MainPC__ds_UFireIndoorTest__mt_temp_method_motion_block__e1ccb7b889a0__20260421.145709
aihub__lb_smoke__6170.mp4;299;360;fire_smoke;/mnt/e/SyncData/paper2_main/datasets/UFireIndoorFull/test/test_firesmoke/aihub__lb_smoke__6170.mp4;smokeonly;/mnt/e/SyncData/paper2_main/zout/___reports/on_test_set/baseline_vs_accMotion_for_quality_vis/MainPC__ds_UFireIndoorTest__mt_no_temp_method__af4b0d32a3d2__20260330.205208;skipped;/mnt/e/SyncData/paper2_main/zout/___reports/on_test_set/baseline_vs_accMotion_for_quality_vis/MainPC__ds_UFireIndoorTest__mt_temp_method_motion_block__e1ccb7b889a0__20260421.145709
aihub__lb_smoke__6170.mp4;300;360;fire_smoke;/mnt/e/SyncData/paper2_main/datasets/UFireIndoorFull/test/test_firesmoke/aihub__lb_smoke__6170.mp4;smokeonly;/mnt/e/SyncData/paper2_main/zout/___reports/on_test_set/baseline_vs_accMotion_for_quality_vis/MainPC__ds_UFireIndoorTest__mt_no_temp_method__af4b0d32a3d2__20260330.205208;skipped;/mnt/e/SyncData/paper2_main/zout/___reports/on_test_set/baseline_vs_accMotion_for_quality_vis/MainPC__ds_UFireIndoorTest__mt_temp_method_motion_block__e1ccb7b889a0__20260421.145709
aihub__lb_smoke__6170.mp4;301;360;fire_smoke;/mnt/e/SyncData/paper2_main/datasets/UFireIndoorFull/test/test_firesmoke/aihub__lb_smoke__6170.mp4;smokeonly;/mnt/e/SyncData/paper2_main/zout/___reports/on_test_set/baseline_vs_accMotion_for_quality_vis/MainPC__ds_UFireIndoorTest__mt_no_temp_method__af4b0d32a3d2__20260330.205208;skipped;/mnt/e/SyncData/paper2_main/zout/___reports/on_test_set/baseline_vs_accMotion_for_quality_vis/MainPC__ds_UFireIndoorTest__mt_temp_method_motion_block__e1ccb7b889a0__20260421.145709
aihub__lb_smoke__6170.mp4;302;360;fire_smoke;/mnt/e/SyncData/paper2_main/datasets/UFireIndoorFull/test/test_firesmoke/aihub__lb_smoke__6170.mp4;smokeonly;/mnt/e/SyncData/paper2_main/zout/___reports/on_test_set/baseline_vs_accMotion_for_quality_vis/MainPC__ds_UFireIndoorTest__mt_no_temp_method__af4b0d32a3d2__20260330.205208;skipped;/mnt/e/SyncData/paper2_main/zout/___reports/on_test_set/baseline_vs_accMotion_for_quality_vis/MainPC__ds_UFireIndoorTest__mt_temp_method_motion_block__e1ccb7b889a0__20260421.145709
aihub__lb_smoke__6170.mp4;303;360;fire_smoke;/mnt/e/SyncData/paper2_main/datasets/UFireIndoorFull/test/test_firesmoke/aihub__lb_smoke__6170.mp4;smokeonly;/mnt/e/SyncData/paper2_main/zout/___reports/on_test_set/baseline_vs_accMotion_for_quality_vis/MainPC__ds_UFireIndoorTest__mt_no_temp_method__af4b0d32a3d2__20260330.205208;skipped;/mnt/e/SyncData/paper2_main/zout/___reports/on_test_set/baseline_vs_accMotion_for_quality_vis/MainPC__ds_UFireIndoorTest__mt_temp_method_motion_block__e1ccb7b889a0__20260421.145709
aihub__lb_smoke__6170.mp4;304;360;fire_smoke;/mnt/e/SyncData/paper2_main/datasets/UFireIndoorFull/test/test_firesmoke/aihub__lb_smoke__6170.mp4;smokeonly;/mnt/e/SyncData/paper2_main/zout/___reports/on_test_set/baseline_vs_accMotion_for_quality_vis/MainPC__ds_UFireIndoorTest__mt_no_temp_method__af4b0d32a3d2__20260330.205208;skipped;/mnt/e/SyncData/paper2_main/zout/___reports/on_test_set/baseline_vs_accMotion_for_quality_vis/MainPC__ds_UFireIndoorTest__mt_temp_method_motion_block__e1ccb7b889a0__20260421.145709
aihub__lb_smoke__6170.mp4;305;360;fire_smoke;/mnt/e/SyncData/paper2_main/datasets/UFireIndoorFull/test/test_firesmoke/aihub__lb_smoke__6170.mp4;smokeonly;/mnt/e/SyncData/paper2_main/zout/___reports/on_test_set/baseline_vs_accMotion_for_quality_vis/MainPC__ds_UFireIndoorTest__mt_no_temp_method__af4b0d32a3d2__20260330.205208;skipped;/mnt/e/SyncData/paper2_main/zout/___reports/on_test_set/baseline_vs_accMotion_for_quality_vis/MainPC__ds_UFireIndoorTest__mt_temp_method_motion_block__e1ccb7b889a0__20260421.145709
aihub__lb_smoke__6170.mp4;306;360;fire_smoke;/mnt/e/SyncData/paper2_main/datasets/UFireIndoorFull/test/test_firesmoke/aihub__lb_smoke__6170.mp4;smokeonly;/mnt/e/SyncData/paper2_main/zout/___reports/on_test_set/baseline_vs_accMotion_for_quality_vis/MainPC__ds_UFireIndoorTest__mt_no_temp_method__af4b0d32a3d2__20260330.205208;skipped;/mnt/e/SyncData/paper2_main/zout/___reports/on_test_set/baseline_vs_accMotion_for_quality_vis/MainPC__ds_UFireIndoorTest__mt_temp_method_motion_block__e1ccb7b889a0__20260421.145709
aihub__lb_smoke__6170.mp4;307;360;fire_smoke;/mnt/e/SyncData/paper2_main/datasets/UFireIndoorFull/test/test_firesmoke/aihub__lb_smoke__6170.mp4;smokeonly;/mnt/e/SyncData/paper2_main/zout/___reports/on_test_set/baseline_vs_accMotion_for_quality_vis/MainPC__ds_UFireIndoorTest__mt_no_temp_method__af4b0d32a3d2__20260330.205208;skipped;/mnt/e/SyncData/paper2_main/zout/___reports/on_test_set/baseline_vs_accMotion_for_quality_vis/MainPC__ds_UFireIndoorTest__mt_temp_method_motion_block__e1ccb7b889a0__20260421.145709
aihub__lb_smoke__6170.mp4;338;360;fire_smoke;/mnt/e/SyncData/paper2_main/datasets/UFireIndoorFull/test/test_firesmoke/aihub__lb_smoke__6170.mp4;smokeonly;/mnt/e/SyncData/paper2_main/zout/___reports/on_test_set/baseline_vs_accMotion_for_quality_vis/MainPC__ds_UFireIndoorTest__mt_no_temp_method__af4b0d32a3d2__20260330.205208;skipped;/mnt/e/SyncData/paper2_main/zout/___reports/on_test_set/baseline_vs_accMotion_for_quality_vis/MainPC__ds_UFireIndoorTest__mt_temp_method_motion_block__e1ccb7b889a0__20260421.145709
aihub__lb_smoke__6170.mp4;339;360;fire_smoke;/mnt/e/SyncData/paper2_main/datasets/UFireIndoorFull/test/test_firesmoke/aihub__lb_smoke__6170.mp4;smokeonly;/mnt/e/SyncData/paper2_main/zout/___reports/on_test_set/baseline_vs_accMotion_for_quality_vis/MainPC__ds_UFireIndoorTest__mt_no_temp_method__af4b0d32a3d2__20260330.205208;skipped;/mnt/e/SyncData/paper2_main/zout/___reports/on_test_set/baseline_vs_accMotion_for_quality_vis/MainPC__ds_UFireIndoorTest__mt_temp_method_motion_block__e1ccb7b889a0__20260421.145709
aihub__lb_smoke__6170.mp4;340;360;fire_smoke;/mnt/e/SyncData/paper2_main/datasets/UFireIndoorFull/test/test_firesmoke/aihub__lb_smoke__6170.mp4;smokeonly;/mnt/e/SyncData/paper2_main/zout/___reports/on_test_set/baseline_vs_accMotion_for_quality_vis/MainPC__ds_UFireIndoorTest__mt_no_temp_method__af4b0d32a3d2__20260330.205208;skipped;/mnt/e/SyncData/paper2_main/zout/___reports/on_test_set/baseline_vs_accMotion_for_quality_vis/MainPC__ds_UFireIndoorTest__mt_temp_method_motion_block__e1ccb7b889a0__20260421.145709
aihub__lb_smoke__6170.mp4;341;360;fire_smoke;/mnt/e/SyncData/paper2_main/datasets/UFireIndoorFull/test/test_firesmoke/aihub__lb_smoke__6170.mp4;smokeonly;/mnt/e/SyncData/paper2_main/zout/___reports/on_test_set/baseline_vs_accMotion_for_quality_vis/MainPC__ds_UFireIndoorTest__mt_no_temp_method__af4b0d32a3d2__20260330.205208;skipped;/mnt/e/SyncData/paper2_main/zout/___reports/on_test_set/baseline_vs_accMotion_for_quality_vis/MainPC__ds_UFireIndoorTest__mt_temp_method_motion_block__e1ccb7b889a0__20260421.145709
aihub__lb_smoke__6170.mp4;342;360;fire_smoke;/mnt/e/SyncData/paper2_main/datasets/UFireIndoorFull/test/test_firesmoke/aihub__lb_smoke__6170.mp4;smokeonly;/mnt/e/SyncData/paper2_main/zout/___reports/on_test_set/baseline_vs_accMotion_for_quality_vis/MainPC__ds_UFireIndoorTest__mt_no_temp_method__af4b0d32a3d2__20260330.205208;skipped;/mnt/e/SyncData/paper2_main/zout/___reports/on_test_set/baseline_vs_accMotion_for_quality_vis/MainPC__ds_UFireIndoorTest__mt_temp_method_motion_block__e1ccb7b889a0__20260421.145709
aihub__lb_smoke__6170.mp4;343;360;fire_smoke;/mnt/e/SyncData/paper2_main/datasets/UFireIndoorFull/test/test_firesmoke/aihub__lb_smoke__6170.mp4;smokeonly;/mnt/e/SyncData/paper2_main/zout/___reports/on_test_set/baseline_vs_accMotion_for_quality_vis/MainPC__ds_UFireIndoorTest__mt_no_temp_method__af4b0d32a3d2__20260330.205208;skipped;/mnt/e/SyncData/paper2_main/zout/___reports/on_test_set/baseline_vs_accMotion_for_quality_vis/MainPC__ds_UFireIndoorTest__mt_temp_method_motion_block__e1ccb7b889a0__20260421.145709
aihub__lb_smoke__6170.mp4;344;360;fire_smoke;/mnt/e/SyncData/paper2_main/datasets/UFireIndoorFull/test/test_firesmoke/aihub__lb_smoke__6170.mp4;smokeonly;/mnt/e/SyncData/paper2_main/zout/___reports/on_test_set/baseline_vs_accMotion_for_quality_vis/MainPC__ds_UFireIndoorTest__mt_no_temp_method__af4b0d32a3d2__20260330.205208;skipped;/mnt/e/SyncData/paper2_main/zout/___reports/on_test_set/baseline_vs_accMotion_for_quality_vis/MainPC__ds_UFireIndoorTest__mt_temp_method_motion_block__e1ccb7b889a0__20260421.145709
aihub__lb_smoke__6170.mp4;345;360;fire_smoke;/mnt/e/SyncData/paper2_main/datasets/UFireIndoorFull/test/test_firesmoke/aihub__lb_smoke__6170.mp4;smokeonly;/mnt/e/SyncData/paper2_main/zout/___reports/on_test_set/baseline_vs_accMotion_for_quality_vis/MainPC__ds_UFireIndoorTest__mt_no_temp_method__af4b0d32a3d2__20260330.205208;skipped;/mnt/e/SyncData/paper2_main/zout/___reports/on_test_set/baseline_vs_accMotion_for_quality_vis/MainPC__ds_UFireIndoorTest__mt_temp_method_motion_block__e1ccb7b889a0__20260421.145709
aihub__lb_smoke__6170.mp4;346;360;fire_smoke;/mnt/e/SyncData/paper2_main/datasets/UFireIndoorFull/test/test_firesmoke/aihub__lb_smoke__6170.mp4;smokeonly;/mnt/e/SyncData/paper2_main/zout/___reports/on_test_set/baseline_vs_accMotion_for_quality_vis/MainPC__ds_UFireIndoorTest__mt_no_temp_method__af4b0d32a3d2__20260330.205208;skipped;/mnt/e/SyncData/paper2_main/zout/___reports/on_test_set/baseline_vs_accMotion_for_quality_vis/MainPC__ds_UFireIndoorTest__mt_temp_method_motion_block__e1ccb7b889a0__20260421.145709
aihub__lb_smoke__6170.mp4;347;360;fire_smoke;/mnt/e/SyncData/paper2_main/datasets/UFireIndoorFull/test/test_firesmoke/aihub__lb_smoke__6170.mp4;smokeonly;/mnt/e/SyncData/paper2_main/zout/___reports/on_test_set/baseline_vs_accMotion_for_quality_vis/MainPC__ds_UFireIndoorTest__mt_no_temp_method__af4b0d32a3d2__20260330.205208;skipped;/mnt/e/SyncData/paper2_main/zout/___reports/on_test_set/baseline_vs_accMotion_for_quality_vis/MainPC__ds_UFireIndoorTest__mt_temp_method_motion_block__e1ccb7b889a0__20260421.145709
aihub__lb_smoke__6170.mp4;348;360;fire_smoke;/mnt/e/SyncData/paper2_main/datasets/UFireIndoorFull/test/test_firesmoke/aihub__lb_smoke__6170.mp4;smokeonly;/mnt/e/SyncData/paper2_main/zout/___reports/on_test_set/baseline_vs_accMotion_for_quality_vis/MainPC__ds_UFireIndoorTest__mt_no_temp_method__af4b0d32a3d2__20260330.205208;skipped;/mnt/e/SyncData/paper2_main/zout/___reports/on_test_set/baseline_vs_accMotion_for_quality_vis/MainPC__ds_UFireIndoorTest__mt_temp_method_motion_block__e1ccb7b889a0__20260421.145709
aihub__lb_smoke__6170.mp4;349;360;fire_smoke;/mnt/e/SyncData/paper2_main/datasets/UFireIndoorFull/test/test_firesmoke/aihub__lb_smoke__6170.mp4;smokeonly;/mnt/e/SyncData/paper2_main/zout/___reports/on_test_set/baseline_vs_accMotion_for_quality_vis/MainPC__ds_UFireIndoorTest__mt_no_temp_method__af4b0d32a3d2__20260330.205208;skipped;/mnt/e/SyncData/paper2_main/zout/___reports/on_test_set/baseline_vs_accMotion_for_quality_vis/MainPC__ds_UFireIndoorTest__mt_temp_method_motion_block__e1ccb7b889a0__20260421.145709
aihub__lb_smoke__6170.mp4;350;360;fire_smoke;/mnt/e/SyncData/paper2_main/datasets/UFireIndoorFull/test/test_firesmoke/aihub__lb_smoke__6170.mp4;smokeonly;/mnt/e/SyncData/paper2_main/zout/___reports/on_test_set/baseline_vs_accMotion_for_quality_vis/MainPC__ds_UFireIndoorTest__mt_no_temp_method__af4b0d32a3d2__20260330.205208;skipped;/mnt/e/SyncData/paper2_main/zout/___reports/on_test_set/baseline_vs_accMotion_for_quality_vis/MainPC__ds_UFireIndoorTest__mt_temp_method_motion_block__e1ccb7b889a0__20260421.145709
aihub__lb_smoke__6170.mp4;351;360;fire_smoke;/mnt/e/SyncData/paper2_main/datasets/UFireIndoorFull/test/test_firesmoke/aihub__lb_smoke__6170.mp4;smokeonly;/mnt/e/SyncData/paper2_main/zout/___reports/on_test_set/baseline_vs_accMotion_for_quality_vis/MainPC__ds_UFireIndoorTest__mt_no_temp_method__af4b0d32a3d2__20260330.205208;skipped;/mnt/e/SyncData/paper2_main/zout/___reports/on_test_set/baseline_vs_accMotion_for_quality_vis/MainPC__ds_UFireIndoorTest__mt_temp_method_motion_block__e1ccb7b889a0__20260421.145709
aihub__lb_smoke__6170.mp4;352;360;fire_smoke;/mnt/e/SyncData/paper2_main/datasets/UFireIndoorFull/test/test_firesmoke/aihub__lb_smoke__6170.mp4;smokeonly;/mnt/e/SyncData/paper2_main/zout/___reports/on_test_set/baseline_vs_accMotion_for_quality_vis/MainPC__ds_UFireIndoorTest__mt_no_temp_method__af4b0d32a3d2__20260330.205208;skipped;/mnt/e/SyncData/paper2_main/zout/___reports/on_test_set/baseline_vs_accMotion_for_quality_vis/MainPC__ds_UFireIndoorTest__mt_temp_method_motion_block__e1ccb7b889a0__20260421.145709
aihub__lb_smoke__6170.mp4;357;360;fire_smoke;/mnt/e/SyncData/paper2_main/datasets/UFireIndoorFull/test/test_firesmoke/aihub__lb_smoke__6170.mp4;smokeonly;/mnt/e/SyncData/paper2_main/zout/___reports/on_test_set/baseline_vs_accMotion_for_quality_vis/MainPC__ds_UFireIndoorTest__mt_no_temp_method__af4b0d32a3d2__20260330.205208;skipped;/mnt/e/SyncData/paper2_main/zout/___reports/on_test_set/baseline_vs_accMotion_for_quality_vis/MainPC__ds_UFireIndoorTest__mt_temp_method_motion_block__e1ccb7b889a0__20260421.145709
aihub__lb_smoke__6170.mp4;358;360;fire_smoke;/mnt/e/SyncData/paper2_main/datasets/UFireIndoorFull/test/test_firesmoke/aihub__lb_smoke__6170.mp4;smokeonly;/mnt/e/SyncData/paper2_main/zout/___reports/on_test_set/baseline_vs_accMotion_for_quality_vis/MainPC__ds_UFireIndoorTest__mt_no_temp_method__af4b0d32a3d2__20260330.205208;skipped;/mnt/e/SyncData/paper2_main/zout/___reports/on_test_set/baseline_vs_accMotion_for_quality_vis/MainPC__ds_UFireIndoorTest__mt_temp_method_motion_block__e1ccb7b889a0__20260421.145709
aihub__lb_smoke__6170.mp4;359;360;fire_smoke;/mnt/e/SyncData/paper2_main/datasets/UFireIndoorFull/test/test_firesmoke/aihub__lb_smoke__6170.mp4;smokeonly;/mnt/e/SyncData/paper2_main/zout/___reports/on_test_set/baseline_vs_accMotion_for_quality_vis/MainPC__ds_UFireIndoorTest__mt_no_temp_method__af4b0d32a3d2__20260330.205208;skipped;/mnt/e/SyncData/paper2_main/zout/___reports/on_test_set/baseline_vs_accMotion_for_quality_vis/MainPC__ds_UFireIndoorTest__mt_temp_method_motion_block__e1ccb7b889a0__20260421.145709
aihub__lb_smoke__6170.mp4;360;360;fire_smoke;/mnt/e/SyncData/paper2_main/datasets/UFireIndoorFull/test/test_firesmoke/aihub__lb_smoke__6170.mp4;smokeonly;/mnt/e/SyncData/paper2_main/zout/___reports/on_test_set/baseline_vs_accMotion_for_quality_vis/MainPC__ds_UFireIndoorTest__mt_no_temp_method__af4b0d32a3d2__20260330.205208;skipped;/mnt/e/SyncData/paper2_main/zout/___reports/on_test_set/baseline_vs_accMotion_for_quality_vis/MainPC__ds_UFireIndoorTest__mt_temp_method_motion_block__e1ccb7b889a0__20260421.145709
aihub__lb_smoke__6351.mp4;1;360;fire_smoke;/mnt/e/SyncData/paper2_main/datasets/UFireIndoorFull/test/test_firesmoke/aihub__lb_smoke__6351.mp4;smokeonly;/mnt/e/SyncData/paper2_main/zout/___reports/on_test_set/baseline_vs_accMotion_for_quality_vis/MainPC__ds_UFireIndoorTest__mt_no_temp_method__af4b0d32a3d2__20260330.205208;skipped;/mnt/e/SyncData/paper2_main/zout/___reports/on_test_set/baseline_vs_accMotion_for_quality_vis/MainPC__ds_UFireIndoorTest__mt_temp_method_motion_block__e1ccb7b889a0__20260421.145709
aihub__lb_smoke__6351.mp4;2;360;fire_smoke;/mnt/e/SyncData/paper2_main/datasets/UFireIndoorFull/test/test_firesmoke/aihub__lb_smoke__6351.mp4;smokeonly;/mnt/e/SyncData/paper2_main/zout/___reports/on_test_set/baseline_vs_accMotion_for_quality_vis/MainPC__ds_UFireIndoorTest__mt_no_temp_method__af4b0d32a3d2__20260330.205208;skipped;/mnt/e/SyncData/paper2_main/zout/___reports/on_test_set/baseline_vs_accMotion_for_quality_vis/MainPC__ds_UFireIndoorTest__mt_temp_method_motion_block__e1ccb7b889a0__20260421.145709
aihub__lb_smoke__6383.mp4;1;360;fire_smoke;/mnt/e/SyncData/paper2_main/datasets/UFireIndoorFull/test/test_firesmoke/aihub__lb_smoke__6383.mp4;smokeonly;/mnt/e/SyncData/paper2_main/zout/___reports/on_test_set/baseline_vs_accMotion_for_quality_vis/MainPC__ds_UFireIndoorTest__mt_no_temp_method__af4b0d32a3d2__20260330.205208;skipped;/mnt/e/SyncData/paper2_main/zout/___reports/on_test_set/baseline_vs_accMotion_for_quality_vis/MainPC__ds_UFireIndoorTest__mt_temp_method_motion_block__e1ccb7b889a0__20260421.145709
aihub__lb_smoke__6383.mp4;2;360;fire_smoke;/mnt/e/SyncData/paper2_main/datasets/UFireIndoorFull/test/test_firesmoke/aihub__lb_smoke__6383.mp4;smokeonly;/mnt/e/SyncData/paper2_main/zout/___reports/on_test_set/baseline_vs_accMotion_for_quality_vis/MainPC__ds_UFireIndoorTest__mt_no_temp_method__af4b0d32a3d2__20260330.205208;skipped;/mnt/e/SyncData/paper2_main/zout/___reports/on_test_set/baseline_vs_accMotion_for_quality_vis/MainPC__ds_UFireIndoorTest__mt_temp_method_motion_block__e1ccb7b889a0__20260421.145709
aihub__lb_smoke__6384.mp4;1;360;fire_smoke;/mnt/e/SyncData/paper2_main/datasets/UFireIndoorFull/test/test_firesmoke/aihub__lb_smoke__6384.mp4;smokeonly;/mnt/e/SyncData/paper2_main/zout/___reports/on_test_set/baseline_vs_accMotion_for_quality_vis/MainPC__ds_UFireIndoorTest__mt_no_temp_method__af4b0d32a3d2__20260330.205208;skipped;/mnt/e/SyncData/paper2_main/zout/___reports/on_test_set/baseline_vs_accMotion_for_quality_vis/MainPC__ds_UFireIndoorTest__mt_temp_method_motion_block__e1ccb7b889a0__20260421.145709
aihub__lb_smoke__6384.mp4;2;360;fire_smoke;/mnt/e/SyncData/paper2_main/datasets/UFireIndoorFull/test/test_firesmoke/aihub__lb_smoke__6384.mp4;smokeonly;/mnt/e/SyncData/paper2_main/zout/___reports/on_test_set/baseline_vs_accMotion_for_quality_vis/MainPC__ds_UFireIndoorTest__mt_no_temp_method__af4b0d32a3d2__20260330.205208;skipped;/mnt/e/SyncData/paper2_main/zout/___reports/on_test_set/baseline_vs_accMotion_for_quality_vis/MainPC__ds_UFireIndoorTest__mt_temp_method_motion_block__e1ccb7b889a0__20260421.145709
aihub__lb_smoke__6384.mp4;3;360;fire_smoke;/mnt/e/SyncData/paper2_main/datasets/UFireIndoorFull/test/test_firesmoke/aihub__lb_smoke__6384.mp4;smokeonly;/mnt/e/SyncData/paper2_main/zout/___reports/on_test_set/baseline_vs_accMotion_for_quality_vis/MainPC__ds_UFireIndoorTest__mt_no_temp_method__af4b0d32a3d2__20260330.205208;skipped;/mnt/e/SyncData/paper2_main/zout/___reports/on_test_set/baseline_vs_accMotion_for_quality_vis/MainPC__ds_UFireIndoorTest__mt_temp_method_motion_block__e1ccb7b889a0__20260421.145709
aihub__lb_smoke__6384.mp4;353;360;fire_smoke;/mnt/e/SyncData/paper2_main/datasets/UFireIndoorFull/test/test_firesmoke/aihub__lb_smoke__6384.mp4;smokeonly;/mnt/e/SyncData/paper2_main/zout/___reports/on_test_set/baseline_vs_accMotion_for_quality_vis/MainPC__ds_UFireIndoorTest__mt_no_temp_method__af4b0d32a3d2__20260330.205208;skipped;/mnt/e/SyncData/paper2_main/zout/___reports/on_test_set/baseline_vs_accMotion_for_quality_vis/MainPC__ds_UFireIndoorTest__mt_temp_method_motion_block__e1ccb7b889a0__20260421.145709
aihub__lb_smoke__6384.mp4;354;360;fire_smoke;/mnt/e/SyncData/paper2_main/datasets/UFireIndoorFull/test/test_firesmoke/aihub__lb_smoke__6384.mp4;smokeonly;/mnt/e/SyncData/paper2_main/zout/___reports/on_test_set/baseline_vs_accMotion_for_quality_vis/MainPC__ds_UFireIndoorTest__mt_no_temp_method__af4b0d32a3d2__20260330.205208;skipped;/mnt/e/SyncData/paper2_main/zout/___reports/on_test_set/baseline_vs_accMotion_for_quality_vis/MainPC__ds_UFireIndoorTest__mt_temp_method_motion_block__e1ccb7b889a0__20260421.145709
aihub__lb_smoke__6384.mp4;355;360;fire_smoke;/mnt/e/SyncData/paper2_main/datasets/UFireIndoorFull/test/test_firesmoke/aihub__lb_smoke__6384.mp4;smokeonly;/mnt/e/SyncData/paper2_main/zout/___reports/on_test_set/baseline_vs_accMotion_for_quality_vis/MainPC__ds_UFireIndoorTest__mt_no_temp_method__af4b0d32a3d2__20260330.205208;skipped;/mnt/e/SyncData/paper2_main/zout/___reports/on_test_set/baseline_vs_accMotion_for_quality_vis/MainPC__ds_UFireIndoorTest__mt_temp_method_motion_block__e1ccb7b889a0__20260421.145709
aihub__lb_smoke__6384.mp4;356;360;fire_smoke;/mnt/e/SyncData/paper2_main/datasets/UFireIndoorFull/test/test_firesmoke/aihub__lb_smoke__6384.mp4;smokeonly;/mnt/e/SyncData/paper2_main/zout/___reports/on_test_set/baseline_vs_accMotion_for_quality_vis/MainPC__ds_UFireIndoorTest__mt_no_temp_method__af4b0d32a3d2__20260330.205208;skipped;/mnt/e/SyncData/paper2_main/zout/___reports/on_test_set/baseline_vs_accMotion_for_quality_vis/MainPC__ds_UFireIndoorTest__mt_temp_method_motion_block__e1ccb7b889a0__20260421.145709
aihub__lb_smoke__6502.mp4;1;360;fire_smoke;/mnt/e/SyncData/paper2_main/datasets/UFireIndoorFull/test/test_firesmoke/aihub__lb_smoke__6502.mp4;smokeonly;/mnt/e/SyncData/paper2_main/zout/___reports/on_test_set/baseline_vs_accMotion_for_quality_vis/MainPC__ds_UFireIndoorTest__mt_no_temp_method__af4b0d32a3d2__20260330.205208;skipped;/mnt/e/SyncData/paper2_main/zout/___reports/on_test_set/baseline_vs_accMotion_for_quality_vis/MainPC__ds_UFireIndoorTest__mt_temp_method_motion_block__e1ccb7b889a0__20260421.145709
aihub__lb_smoke__6502.mp4;2;360;fire_smoke;/mnt/e/SyncData/paper2_main/datasets/UFireIndoorFull/test/test_firesmoke/aihub__lb_smoke__6502.mp4;smokeonly;/mnt/e/SyncData/paper2_main/zout/___reports/on_test_set/baseline_vs_accMotion_for_quality_vis/MainPC__ds_UFireIndoorTest__mt_no_temp_method__af4b0d32a3d2__20260330.205208;skipped;/mnt/e/SyncData/paper2_main/zout/___reports/on_test_set/baseline_vs_accMotion_for_quality_vis/MainPC__ds_UFireIndoorTest__mt_temp_method_motion_block__e1ccb7b889a0__20260421.145709
PEXELs__lb_fire__143325-782178558.mp4;1;354;fire_smoke;/mnt/e/SyncData/paper2_main/datasets/UFireIndoorFull/test/test_firesmoke/PEXELs__lb_fire__143325-782178558.mp4;fire;/mnt/e/SyncData/paper2_main/zout/___reports/on_test_set/baseline_vs_accMotion_for_quality_vis/MainPC__ds_UFireIndoorTest__mt_no_temp_method__af4b0d32a3d2__20260330.205208;skipped;/mnt/e/SyncData/paper2_main/zout/___reports/on_test_set/baseline_vs_accMotion_for_quality_vis/MainPC__ds_UFireIndoorTest__mt_temp_method_motion_block__e1ccb7b889a0__20260421.145709
PEXELs__lb_fire__143325-782178558.mp4;2;354;fire_smoke;/mnt/e/SyncData/paper2_main/datasets/UFireIndoorFull/test/test_firesmoke/PEXELs__lb_fire__143325-782178558.mp4;fire;/mnt/e/SyncData/paper2_main/zout/___reports/on_test_set/baseline_vs_accMotion_for_quality_vis/MainPC__ds_UFireIndoorTest__mt_no_temp_method__af4b0d32a3d2__20260330.205208;skipped;/mnt/e/SyncData/paper2_main/zout/___reports/on_test_set/baseline_vs_accMotion_for_quality_vis/MainPC__ds_UFireIndoorTest__mt_temp_method_motion_block__e1ccb7b889a0__20260421.145709
PEXELs__lb_fire__6024944-hd_1920_1080_25fps.mp4;1;853;fire_smoke;/mnt/e/SyncData/paper2_main/datasets/UFireIndoorFull/test/test_firesmoke/PEXELs__lb_fire__6024944-hd_1920_1080_25fps.mp4;fire;/mnt/e/SyncData/paper2_main/zout/___reports/on_test_set/baseline_vs_accMotion_for_quality_vis/MainPC__ds_UFireIndoorTest__mt_no_temp_method__af4b0d32a3d2__20260330.205208;skipped;/mnt/e/SyncData/paper2_main/zout/___reports/on_test_set/baseline_vs_accMotion_for_quality_vis/MainPC__ds_UFireIndoorTest__mt_temp_method_motion_block__e1ccb7b889a0__20260421.145709
PEXELs__lb_fire__6024944-hd_1920_1080_25fps.mp4;2;853;fire_smoke;/mnt/e/SyncData/paper2_main/datasets/UFireIndoorFull/test/test_firesmoke/PEXELs__lb_fire__6024944-hd_1920_1080_25fps.mp4;fire;/mnt/e/SyncData/paper2_main/zout/___reports/on_test_set/baseline_vs_accMotion_for_quality_vis/MainPC__ds_UFireIndoorTest__mt_no_temp_method__af4b0d32a3d2__20260330.205208;skipped;/mnt/e/SyncData/paper2_main/zout/___reports/on_test_set/baseline_vs_accMotion_for_quality_vis/MainPC__ds_UFireIndoorTest__mt_temp_method_motion_block__e1ccb7b889a0__20260421.145709
pixabay__lb_fire__chef-cook-cooking-hibachi-show-174220.mp4;1;812;fire_smoke;/mnt/e/SyncData/paper2_main/datasets/UFireIndoorFull/test/test_firesmoke/pixabay__lb_fire__chef-cook-cooking-hibachi-show-174220.mp4;fire;/mnt/e/SyncData/paper2_main/zout/___reports/on_test_set/baseline_vs_accMotion_for_quality_vis/MainPC__ds_UFireIndoorTest__mt_no_temp_method__af4b0d32a3d2__20260330.205208;skipped;/mnt/e/SyncData/paper2_main/zout/___reports/on_test_set/baseline_vs_accMotion_for_quality_vis/MainPC__ds_UFireIndoorTest__mt_temp_method_motion_block__e1ccb7b889a0__20260421.145709
pixabay__lb_fire__chef-cook-cooking-hibachi-show-174220.mp4;2;812;fire_smoke;/mnt/e/SyncData/paper2_main/datasets/UFireIndoorFull/test/test_firesmoke/pixabay__lb_fire__chef-cook-cooking-hibachi-show-174220.mp4;fire;/mnt/e/SyncData/paper2_main/zout/___reports/on_test_set/baseline_vs_accMotion_for_quality_vis/MainPC__ds_UFireIndoorTest__mt_no_temp_method__af4b0d32a3d2__20260330.205208;skipped;/mnt/e/SyncData/paper2_main/zout/___reports/on_test_set/baseline_vs_accMotion_for_quality_vis/MainPC__ds_UFireIndoorTest__mt_temp_method_motion_block__e1ccb7b889a0__20260421.145709
ustc__lb_smoke__test-7.avi;1;2251;fire_smoke;/mnt/e/SyncData/paper2_main/datasets/UFireIndoorFull/test/test_firesmoke/ustc__lb_smoke__test-7.avi;smokeonly;/mnt/e/SyncData/paper2_main/zout/___reports/on_test_set/baseline_vs_accMotion_for_quality_vis/MainPC__ds_UFireIndoorTest__mt_no_temp_method__af4b0d32a3d2__20260330.205208;skipped;/mnt/e/SyncData/paper2_main/zout/___reports/on_test_set/baseline_vs_accMotion_for_quality_vis/MainPC__ds_UFireIndoorTest__mt_temp_method_motion_block__e1ccb7b889a0__20260421.145709
ustc__lb_smoke__test-7.avi;2;2251;fire_smoke;/mnt/e/SyncData/paper2_main/datasets/UFireIndoorFull/test/test_firesmoke/ustc__lb_smoke__test-7.avi;smokeonly;/mnt/e/SyncData/paper2_main/zout/___reports/on_test_set/baseline_vs_accMotion_for_quality_vis/MainPC__ds_UFireIndoorTest__mt_no_temp_method__af4b0d32a3d2__20260330.205208;skipped;/mnt/e/SyncData/paper2_main/zout/___reports/on_test_set/baseline_vs_accMotion_for_quality_vis/MainPC__ds_UFireIndoorTest__mt_temp_method_motion_block__e1ccb7b889a0__20260421.145709
ustc__lb_smoke__test-8.avi;1;3001;fire_smoke;/mnt/e/SyncData/paper2_main/datasets/UFireIndoorFull/test/test_firesmoke/ustc__lb_smoke__test-8.avi;fire;/mnt/e/SyncData/paper2_main/zout/___reports/on_test_set/baseline_vs_accMotion_for_quality_vis/MainPC__ds_UFireIndoorTest__mt_no_temp_method__af4b0d32a3d2__20260330.205208;skipped;/mnt/e/SyncData/paper2_main/zout/___reports/on_test_set/baseline_vs_accMotion_for_quality_vis/MainPC__ds_UFireIndoorTest__mt_temp_method_motion_block__e1ccb7b889a0__20260421.145709
ustc__lb_smoke__test-8.avi;2;3001;fire_smoke;/mnt/e/SyncData/paper2_main/datasets/UFireIndoorFull/test/test_firesmoke/ustc__lb_smoke__test-8.avi;fire;/mnt/e/SyncData/paper2_main/zout/___reports/on_test_set/baseline_vs_accMotion_for_quality_vis/MainPC__ds_UFireIndoorTest__mt_no_temp_method__af4b0d32a3d2__20260330.205208;skipped;/mnt/e/SyncData/paper2_main/zout/___reports/on_test_set/baseline_vs_accMotion_for_quality_vis/MainPC__ds_UFireIndoorTest__mt_temp_method_motion_block__e1ccb7b889a0__20260421.145709
ustc__lb_smoke__train-2.avi;1;1501;fire_smoke;/mnt/e/SyncData/paper2_main/datasets/UFireIndoorFull/test/test_firesmoke/ustc__lb_smoke__train-2.avi;fire;/mnt/e/SyncData/paper2_main/zout/___reports/on_test_set/baseline_vs_accMotion_for_quality_vis/MainPC__ds_UFireIndoorTest__mt_no_temp_method__af4b0d32a3d2__20260330.205208;skipped;/mnt/e/SyncData/paper2_main/zout/___reports/on_test_set/baseline_vs_accMotion_for_quality_vis/MainPC__ds_UFireIndoorTest__mt_temp_method_motion_block__e1ccb7b889a0__20260421.145709
ustc__lb_smoke__train-2.avi;2;1501;fire_smoke;/mnt/e/SyncData/paper2_main/datasets/UFireIndoorFull/test/test_firesmoke/ustc__lb_smoke__train-2.avi;fire;/mnt/e/SyncData/paper2_main/zout/___reports/on_test_set/baseline_vs_accMotion_for_quality_vis/MainPC__ds_UFireIndoorTest__mt_no_temp_method__af4b0d32a3d2__20260330.205208;skipped;/mnt/e/SyncData/paper2_main/zout/___reports/on_test_set/baseline_vs_accMotion_for_quality_vis/MainPC__ds_UFireIndoorTest__mt_temp_method_motion_block__e1ccb7b889a0__20260421.145709
ustc__lb_smoke__train-8.avi;1;1441;fire_smoke;/mnt/e/SyncData/paper2_main/datasets/UFireIndoorFull/test/test_firesmoke/ustc__lb_smoke__train-8.avi;smokeonly;/mnt/e/SyncData/paper2_main/zout/___reports/on_test_set/baseline_vs_accMotion_for_quality_vis/MainPC__ds_UFireIndoorTest__mt_no_temp_method__af4b0d32a3d2__20260330.205208;skipped;/mnt/e/SyncData/paper2_main/zout/___reports/on_test_set/baseline_vs_accMotion_for_quality_vis/MainPC__ds_UFireIndoorTest__mt_temp_method_motion_block__e1ccb7b889a0__20260421.145709
ustc__lb_smoke__train-8.avi;2;1441;fire_smoke;/mnt/e/SyncData/paper2_main/datasets/UFireIndoorFull/test/test_firesmoke/ustc__lb_smoke__train-8.avi;smokeonly;/mnt/e/SyncData/paper2_main/zout/___reports/on_test_set/baseline_vs_accMotion_for_quality_vis/MainPC__ds_UFireIndoorTest__mt_no_temp_method__af4b0d32a3d2__20260330.205208;skipped;/mnt/e/SyncData/paper2_main/zout/___reports/on_test_set/baseline_vs_accMotion_for_quality_vis/MainPC__ds_UFireIndoorTest__mt_temp_method_motion_block__e1ccb7b889a0__20260421.145709
ustc__lb_smoke__train-9.avi;1;1441;fire_smoke;/mnt/e/SyncData/paper2_main/datasets/UFireIndoorFull/test/test_firesmoke/ustc__lb_smoke__train-9.avi;smokeonly;/mnt/e/SyncData/paper2_main/zout/___reports/on_test_set/baseline_vs_accMotion_for_quality_vis/MainPC__ds_UFireIndoorTest__mt_no_temp_method__af4b0d32a3d2__20260330.205208;skipped;/mnt/e/SyncData/paper2_main/zout/___reports/on_test_set/baseline_vs_accMotion_for_quality_vis/MainPC__ds_UFireIndoorTest__mt_temp_method_motion_block__e1ccb7b889a0__20260421.145709
ustc__lb_smoke__train-9.avi;2;1441;fire_smoke;/mnt/e/SyncData/paper2_main/datasets/UFireIndoorFull/test/test_firesmoke/ustc__lb_smoke__train-9.avi;smokeonly;/mnt/e/SyncData/paper2_main/zout/___reports/on_test_set/baseline_vs_accMotion_for_quality_vis/MainPC__ds_UFireIndoorTest__mt_no_temp_method__af4b0d32a3d2__20260330.205208;skipped;/mnt/e/SyncData/paper2_main/zout/___reports/on_test_set/baseline_vs_accMotion_for_quality_vis/MainPC__ds_UFireIndoorTest__mt_temp_method_motion_block__e1ccb7b889a0__20260421.145709
VSD3__lb_mixed_firesmoke__video5.mp4;966;9018;fire_smoke;/mnt/e/SyncData/paper2_main/datasets/UFireIndoorFull/test/test_firesmoke/VSD3__lb_mixed_firesmoke__video5.mp4;none;/mnt/e/SyncData/paper2_main/zout/___reports/on_test_set/baseline_vs_accMotion_for_quality_vis/MainPC__ds_UFireIndoorTest__mt_no_temp_method__af4b0d32a3d2__20260330.205208;skipped;/mnt/e/SyncData/paper2_main/zout/___reports/on_test_set/baseline_vs_accMotion_for_quality_vis/MainPC__ds_UFireIndoorTest__mt_temp_method_motion_block__e1ccb7b889a0__20260421.145709
VSD3__lb_mixed_firesmoke__video5.mp4;967;9018;fire_smoke;/mnt/e/SyncData/paper2_main/datasets/UFireIndoorFull/test/test_firesmoke/VSD3__lb_mixed_firesmoke__video5.mp4;none;/mnt/e/SyncData/paper2_main/zout/___reports/on_test_set/baseline_vs_accMotion_for_quality_vis/MainPC__ds_UFireIndoorTest__mt_no_temp_method__af4b0d32a3d2__20260330.205208;skipped;/mnt/e/SyncData/paper2_main/zout/___reports/on_test_set/baseline_vs_accMotion_for_quality_vis/MainPC__ds_UFireIndoorTest__mt_temp_method_motion_block__e1ccb7b889a0__20260421.145709
VSD3__lb_mixed_firesmoke__video5.mp4;968;9018;fire_smoke;/mnt/e/SyncData/paper2_main/datasets/UFireIndoorFull/test/test_firesmoke/VSD3__lb_mixed_firesmoke__video5.mp4;none;/mnt/e/SyncData/paper2_main/zout/___reports/on_test_set/baseline_vs_accMotion_for_quality_vis/MainPC__ds_UFireIndoorTest__mt_no_temp_method__af4b0d32a3d2__20260330.205208;skipped;/mnt/e/SyncData/paper2_main/zout/___reports/on_test_set/baseline_vs_accMotion_for_quality_vis/MainPC__ds_UFireIndoorTest__mt_temp_method_motion_block__e1ccb7b889a0__20260421.145709
VSD3__lb_mixed_firesmoke__video5.mp4;973;9018;fire_smoke;/mnt/e/SyncData/paper2_main/datasets/UFireIndoorFull/test/test_firesmoke/VSD3__lb_mixed_firesmoke__video5.mp4;none;/mnt/e/SyncData/paper2_main/zout/___reports/on_test_set/baseline_vs_accMotion_for_quality_vis/MainPC__ds_UFireIndoorTest__mt_no_temp_method__af4b0d32a3d2__20260330.205208;skipped;/mnt/e/SyncData/paper2_main/zout/___reports/on_test_set/baseline_vs_accMotion_for_quality_vis/MainPC__ds_UFireIndoorTest__mt_temp_method_motion_block__e1ccb7b889a0__20260421.145709
VSD3__lb_mixed_firesmoke__video5.mp4;974;9018;fire_smoke;/mnt/e/SyncData/paper2_main/datasets/UFireIndoorFull/test/test_firesmoke/VSD3__lb_mixed_firesmoke__video5.mp4;none;/mnt/e/SyncData/paper2_main/zout/___reports/on_test_set/baseline_vs_accMotion_for_quality_vis/MainPC__ds_UFireIndoorTest__mt_no_temp_method__af4b0d32a3d2__20260330.205208;skipped;/mnt/e/SyncData/paper2_main/zout/___reports/on_test_set/baseline_vs_accMotion_for_quality_vis/MainPC__ds_UFireIndoorTest__mt_temp_method_motion_block__e1ccb7b889a0__20260421.145709
VSD3__lb_mixed_firesmoke__video5.mp4;977;9018;fire_smoke;/mnt/e/SyncData/paper2_main/datasets/UFireIndoorFull/test/test_firesmoke/VSD3__lb_mixed_firesmoke__video5.mp4;none;/mnt/e/SyncData/paper2_main/zout/___reports/on_test_set/baseline_vs_accMotion_for_quality_vis/MainPC__ds_UFireIndoorTest__mt_no_temp_method__af4b0d32a3d2__20260330.205208;skipped;/mnt/e/SyncData/paper2_main/zout/___reports/on_test_set/baseline_vs_accMotion_for_quality_vis/MainPC__ds_UFireIndoorTest__mt_temp_method_motion_block__e1ccb7b889a0__20260421.145709
VSD3__lb_mixed_firesmoke__video5.mp4;978;9018;fire_smoke;/mnt/e/SyncData/paper2_main/datasets/UFireIndoorFull/test/test_firesmoke/VSD3__lb_mixed_firesmoke__video5.mp4;none;/mnt/e/SyncData/paper2_main/zout/___reports/on_test_set/baseline_vs_accMotion_for_quality_vis/MainPC__ds_UFireIndoorTest__mt_no_temp_method__af4b0d32a3d2__20260330.205208;skipped;/mnt/e/SyncData/paper2_main/zout/___reports/on_test_set/baseline_vs_accMotion_for_quality_vis/MainPC__ds_UFireIndoorTest__mt_temp_method_motion_block__e1ccb7b889a0__20260421.145709
VSD3__lb_mixed_firesmoke__video5.mp4;979;9018;fire_smoke;/mnt/e/SyncData/paper2_main/datasets/UFireIndoorFull/test/test_firesmoke/VSD3__lb_mixed_firesmoke__video5.mp4;none;/mnt/e/SyncData/paper2_main/zout/___reports/on_test_set/baseline_vs_accMotion_for_quality_vis/MainPC__ds_UFireIndoorTest__mt_no_temp_method__af4b0d32a3d2__20260330.205208;skipped;/mnt/e/SyncData/paper2_main/zout/___reports/on_test_set/baseline_vs_accMotion_for_quality_vis/MainPC__ds_UFireIndoorTest__mt_temp_method_motion_block__e1ccb7b889a0__20260421.145709
VSD3__lb_mixed_firesmoke__video5.mp4;980;9018;fire_smoke;/mnt/e/SyncData/paper2_main/datasets/UFireIndoorFull/test/test_firesmoke/VSD3__lb_mixed_firesmoke__video5.mp4;none;/mnt/e/SyncData/paper2_main/zout/___reports/on_test_set/baseline_vs_accMotion_for_quality_vis/MainPC__ds_UFireIndoorTest__mt_no_temp_method__af4b0d32a3d2__20260330.205208;skipped;/mnt/e/SyncData/paper2_main/zout/___reports/on_test_set/baseline_vs_accMotion_for_quality_vis/MainPC__ds_UFireIndoorTest__mt_temp_method_motion_block__e1ccb7b889a0__20260421.145709
VSD3__lb_mixed_firesmoke__video5.mp4;981;9018;fire_smoke;/mnt/e/SyncData/paper2_main/datasets/UFireIndoorFull/test/test_firesmoke/VSD3__lb_mixed_firesmoke__video5.mp4;none;/mnt/e/SyncData/paper2_main/zout/___reports/on_test_set/baseline_vs_accMotion_for_quality_vis/MainPC__ds_UFireIndoorTest__mt_no_temp_method__af4b0d32a3d2__20260330.205208;skipped;/mnt/e/SyncData/paper2_main/zout/___reports/on_test_set/baseline_vs_accMotion_for_quality_vis/MainPC__ds_UFireIndoorTest__mt_temp_method_motion_block__e1ccb7b889a0__20260421.145709
VSD3__lb_mixed_firesmoke__video5.mp4;982;9018;fire_smoke;/mnt/e/SyncData/paper2_main/datasets/UFireIndoorFull/test/test_firesmoke/VSD3__lb_mixed_firesmoke__video5.mp4;none;/mnt/e/SyncData/paper2_main/zout/___reports/on_test_set/baseline_vs_accMotion_for_quality_vis/MainPC__ds_UFireIndoorTest__mt_no_temp_method__af4b0d32a3d2__20260330.205208;skipped;/mnt/e/SyncData/paper2_main/zout/___reports/on_test_set/baseline_vs_accMotion_for_quality_vis/MainPC__ds_UFireIndoorTest__mt_temp_method_motion_block__e1ccb7b889a0__20260421.145709
VSD3__lb_mixed_firesmoke__video5.mp4;983;9018;fire_smoke;/mnt/e/SyncData/paper2_main/datasets/UFireIndoorFull/test/test_firesmoke/VSD3__lb_mixed_firesmoke__video5.mp4;none;/mnt/e/SyncData/paper2_main/zout/___reports/on_test_set/baseline_vs_accMotion_for_quality_vis/MainPC__ds_UFireIndoorTest__mt_no_temp_method__af4b0d32a3d2__20260330.205208;skipped;/mnt/e/SyncData/paper2_main/zout/___reports/on_test_set/baseline_vs_accMotion_for_quality_vis/MainPC__ds_UFireIndoorTest__mt_temp_method_motion_block__e1ccb7b889a0__20260421.145709
VSD3__lb_mixed_firesmoke__video5.mp4;984;9018;fire_smoke;/mnt/e/SyncData/paper2_main/datasets/UFireIndoorFull/test/test_firesmoke/VSD3__lb_mixed_firesmoke__video5.mp4;none;/mnt/e/SyncData/paper2_main/zout/___reports/on_test_set/baseline_vs_accMotion_for_quality_vis/MainPC__ds_UFireIndoorTest__mt_no_temp_method__af4b0d32a3d2__20260330.205208;skipped;/mnt/e/SyncData/paper2_main/zout/___reports/on_test_set/baseline_vs_accMotion_for_quality_vis/MainPC__ds_UFireIndoorTest__mt_temp_method_motion_block__e1ccb7b889a0__20260421.145709
VSD3__lb_mixed_firesmoke__video5.mp4;985;9018;fire_smoke;/mnt/e/SyncData/paper2_main/datasets/UFireIndoorFull/test/test_firesmoke/VSD3__lb_mixed_firesmoke__video5.mp4;none;/mnt/e/SyncData/paper2_main/zout/___reports/on_test_set/baseline_vs_accMotion_for_quality_vis/MainPC__ds_UFireIndoorTest__mt_no_temp_method__af4b0d32a3d2__20260330.205208;skipped;/mnt/e/SyncData/paper2_main/zout/___reports/on_test_set/baseline_vs_accMotion_for_quality_vis/MainPC__ds_UFireIndoorTest__mt_temp_method_motion_block__e1ccb7b889a0__20260421.145709
VSD3__lb_mixed_firesmoke__video5.mp4;986;9018;fire_smoke;/mnt/e/SyncData/paper2_main/datasets/UFireIndoorFull/test/test_firesmoke/VSD3__lb_mixed_firesmoke__video5.mp4;none;/mnt/e/SyncData/paper2_main/zout/___reports/on_test_set/baseline_vs_accMotion_for_quality_vis/MainPC__ds_UFireIndoorTest__mt_no_temp_method__af4b0d32a3d2__20260330.205208;skipped;/mnt/e/SyncData/paper2_main/zout/___reports/on_test_set/baseline_vs_accMotion_for_quality_vis/MainPC__ds_UFireIndoorTest__mt_temp_method_motion_block__e1ccb7b889a0__20260421.145709
VSD3__lb_mixed_firesmoke__video5.mp4;987;9018;fire_smoke;/mnt/e/SyncData/paper2_main/datasets/UFireIndoorFull/test/test_firesmoke/VSD3__lb_mixed_firesmoke__video5.mp4;none;/mnt/e/SyncData/paper2_main/zout/___reports/on_test_set/baseline_vs_accMotion_for_quality_vis/MainPC__ds_UFireIndoorTest__mt_no_temp_method__af4b0d32a3d2__20260330.205208;skipped;/mnt/e/SyncData/paper2_main/zout/___reports/on_test_set/baseline_vs_accMotion_for_quality_vis/MainPC__ds_UFireIndoorTest__mt_temp_method_motion_block__e1ccb7b889a0__20260421.145709
VSD3__lb_mixed_firesmoke__video5.mp4;988;9018;fire_smoke;/mnt/e/SyncData/paper2_main/datasets/UFireIndoorFull/test/test_firesmoke/VSD3__lb_mixed_firesmoke__video5.mp4;none;/mnt/e/SyncData/paper2_main/zout/___reports/on_test_set/baseline_vs_accMotion_for_quality_vis/MainPC__ds_UFireIndoorTest__mt_no_temp_method__af4b0d32a3d2__20260330.205208;skipped;/mnt/e/SyncData/paper2_main/zout/___reports/on_test_set/baseline_vs_accMotion_for_quality_vis/MainPC__ds_UFireIndoorTest__mt_temp_method_motion_block__e1ccb7b889a0__20260421.145709
VSD3__lb_mixed_firesmoke__video5.mp4;989;9018;fire_smoke;/mnt/e/SyncData/paper2_main/datasets/UFireIndoorFull/test/test_firesmoke/VSD3__lb_mixed_firesmoke__video5.mp4;none;/mnt/e/SyncData/paper2_main/zout/___reports/on_test_set/baseline_vs_accMotion_for_quality_vis/MainPC__ds_UFireIndoorTest__mt_no_temp_method__af4b0d32a3d2__20260330.205208;skipped;/mnt/e/SyncData/paper2_main/zout/___reports/on_test_set/baseline_vs_accMotion_for_quality_vis/MainPC__ds_UFireIndoorTest__mt_temp_method_motion_block__e1ccb7b889a0__20260421.145709
VSD3__lb_mixed_firesmoke__video5.mp4;990;9018;fire_smoke;/mnt/e/SyncData/paper2_main/datasets/UFireIndoorFull/test/test_firesmoke/VSD3__lb_mixed_firesmoke__video5.mp4;none;/mnt/e/SyncData/paper2_main/zout/___reports/on_test_set/baseline_vs_accMotion_for_quality_vis/MainPC__ds_UFireIndoorTest__mt_no_temp_method__af4b0d32a3d2__20260330.205208;skipped;/mnt/e/SyncData/paper2_main/zout/___reports/on_test_set/baseline_vs_accMotion_for_quality_vis/MainPC__ds_UFireIndoorTest__mt_temp_method_motion_block__e1ccb7b889a0__20260421.145709
VSD3__lb_mixed_firesmoke__video5.mp4;991;9018;fire_smoke;/mnt/e/SyncData/paper2_main/datasets/UFireIndoorFull/test/test_firesmoke/VSD3__lb_mixed_firesmoke__video5.mp4;none;/mnt/e/SyncData/paper2_main/zout/___reports/on_test_set/baseline_vs_accMotion_for_quality_vis/MainPC__ds_UFireIndoorTest__mt_no_temp_method__af4b0d32a3d2__20260330.205208;skipped;/mnt/e/SyncData/paper2_main/zout/___reports/on_test_set/baseline_vs_accMotion_for_quality_vis/MainPC__ds_UFireIndoorTest__mt_temp_method_motion_block__e1ccb7b889a0__20260421.145709
VSD3__lb_mixed_firesmoke__video5.mp4;992;9018;fire_smoke;/mnt/e/SyncData/paper2_main/datasets/UFireIndoorFull/test/test_firesmoke/VSD3__lb_mixed_firesmoke__video5.mp4;none;/mnt/e/SyncData/paper2_main/zout/___reports/on_test_set/baseline_vs_accMotion_for_quality_vis/MainPC__ds_UFireIndoorTest__mt_no_temp_method__af4b0d32a3d2__20260330.205208;skipped;/mnt/e/SyncData/paper2_main/zout/___reports/on_test_set/baseline_vs_accMotion_for_quality_vis/MainPC__ds_UFireIndoorTest__mt_temp_method_motion_block__e1ccb7b889a0__20260421.145709
VSD3__lb_mixed_firesmoke__video5.mp4;993;9018;fire_smoke;/mnt/e/SyncData/paper2_main/datasets/UFireIndoorFull/test/test_firesmoke/VSD3__lb_mixed_firesmoke__video5.mp4;none;/mnt/e/SyncData/paper2_main/zout/___reports/on_test_set/baseline_vs_accMotion_for_quality_vis/MainPC__ds_UFireIndoorTest__mt_no_temp_method__af4b0d32a3d2__20260330.205208;skipped;/mnt/e/SyncData/paper2_main/zout/___reports/on_test_set/baseline_vs_accMotion_for_quality_vis/MainPC__ds_UFireIndoorTest__mt_temp_method_motion_block__e1ccb7b889a0__20260421.145709
VSD3__lb_mixed_firesmoke__video5.mp4;994;9018;fire_smoke;/mnt/e/SyncData/paper2_main/datasets/UFireIndoorFull/test/test_firesmoke/VSD3__lb_mixed_firesmoke__video5.mp4;none;/mnt/e/SyncData/paper2_main/zout/___reports/on_test_set/baseline_vs_accMotion_for_quality_vis/MainPC__ds_UFireIndoorTest__mt_no_temp_method__af4b0d32a3d2__20260330.205208;skipped;/mnt/e/SyncData/paper2_main/zout/___reports/on_test_set/baseline_vs_accMotion_for_quality_vis/MainPC__ds_UFireIndoorTest__mt_temp_method_motion_block__e1ccb7b889a0__20260421.145709
VSD3__lb_mixed_firesmoke__video5.mp4;995;9018;fire_smoke;/mnt/e/SyncData/paper2_main/datasets/UFireIndoorFull/test/test_firesmoke/VSD3__lb_mixed_firesmoke__video5.mp4;none;/mnt/e/SyncData/paper2_main/zout/___reports/on_test_set/baseline_vs_accMotion_for_quality_vis/MainPC__ds_UFireIndoorTest__mt_no_temp_method__af4b0d32a3d2__20260330.205208;skipped;/mnt/e/SyncData/paper2_main/zout/___reports/on_test_set/baseline_vs_accMotion_for_quality_vis/MainPC__ds_UFireIndoorTest__mt_temp_method_motion_block__e1ccb7b889a0__20260421.145709
VSD3__lb_mixed_firesmoke__video5.mp4;996;9018;fire_smoke;/mnt/e/SyncData/paper2_main/datasets/UFireIndoorFull/test/test_firesmoke/VSD3__lb_mixed_firesmoke__video5.mp4;none;/mnt/e/SyncData/paper2_main/zout/___reports/on_test_set/baseline_vs_accMotion_for_quality_vis/MainPC__ds_UFireIndoorTest__mt_no_temp_method__af4b0d32a3d2__20260330.205208;skipped;/mnt/e/SyncData/paper2_main/zout/___reports/on_test_set/baseline_vs_accMotion_for_quality_vis/MainPC__ds_UFireIndoorTest__mt_temp_method_motion_block__e1ccb7b889a0__20260421.145709
VSD3__lb_mixed_firesmoke__video5.mp4;1001;9018;fire_smoke;/mnt/e/SyncData/paper2_main/datasets/UFireIndoorFull/test/test_firesmoke/VSD3__lb_mixed_firesmoke__video5.mp4;none;/mnt/e/SyncData/paper2_main/zout/___reports/on_test_set/baseline_vs_accMotion_for_quality_vis/MainPC__ds_UFireIndoorTest__mt_no_temp_method__af4b0d32a3d2__20260330.205208;skipped;/mnt/e/SyncData/paper2_main/zout/___reports/on_test_set/baseline_vs_accMotion_for_quality_vis/MainPC__ds_UFireIndoorTest__mt_temp_method_motion_block__e1ccb7b889a0__20260421.145709
VSD3__lb_mixed_firesmoke__video5.mp4;1002;9018;fire_smoke;/mnt/e/SyncData/paper2_main/datasets/UFireIndoorFull/test/test_firesmoke/VSD3__lb_mixed_firesmoke__video5.mp4;none;/mnt/e/SyncData/paper2_main/zout/___reports/on_test_set/baseline_vs_accMotion_for_quality_vis/MainPC__ds_UFireIndoorTest__mt_no_temp_method__af4b0d32a3d2__20260330.205208;skipped;/mnt/e/SyncData/paper2_main/zout/___reports/on_test_set/baseline_vs_accMotion_for_quality_vis/MainPC__ds_UFireIndoorTest__mt_temp_method_motion_block__e1ccb7b889a0__20260421.145709
VSD3__lb_mixed_firesmoke__video5.mp4;1007;9018;fire_smoke;/mnt/e/SyncData/paper2_main/datasets/UFireIndoorFull/test/test_firesmoke/VSD3__lb_mixed_firesmoke__video5.mp4;none;/mnt/e/SyncData/paper2_main/zout/___reports/on_test_set/baseline_vs_accMotion_for_quality_vis/MainPC__ds_UFireIndoorTest__mt_no_temp_method__af4b0d32a3d2__20260330.205208;skipped;/mnt/e/SyncData/paper2_main/zout/___reports/on_test_set/baseline_vs_accMotion_for_quality_vis/MainPC__ds_UFireIndoorTest__mt_temp_method_motion_block__e1ccb7b889a0__20260421.145709
VSD3__lb_mixed_firesmoke__video5.mp4;1008;9018;fire_smoke;/mnt/e/SyncData/paper2_main/datasets/UFireIndoorFull/test/test_firesmoke/VSD3__lb_mixed_firesmoke__video5.mp4;none;/mnt/e/SyncData/paper2_main/zout/___reports/on_test_set/baseline_vs_accMotion_for_quality_vis/MainPC__ds_UFireIndoorTest__mt_no_temp_method__af4b0d32a3d2__20260330.205208;skipped;/mnt/e/SyncData/paper2_main/zout/___reports/on_test_set/baseline_vs_accMotion_for_quality_vis/MainPC__ds_UFireIndoorTest__mt_temp_method_motion_block__e1ccb7b889a0__20260421.145709
VSD3__lb_mixed_firesmoke__video5.mp4;1011;9018;fire_smoke;/mnt/e/SyncData/paper2_main/datasets/UFireIndoorFull/test/test_firesmoke/VSD3__lb_mixed_firesmoke__video5.mp4;none;/mnt/e/SyncData/paper2_main/zout/___reports/on_test_set/baseline_vs_accMotion_for_quality_vis/MainPC__ds_UFireIndoorTest__mt_no_temp_method__af4b0d32a3d2__20260330.205208;skipped;/mnt/e/SyncData/paper2_main/zout/___reports/on_test_set/baseline_vs_accMotion_for_quality_vis/MainPC__ds_UFireIndoorTest__mt_temp_method_motion_block__e1ccb7b889a0__20260421.145709
VSD3__lb_mixed_firesmoke__video5.mp4;1012;9018;fire_smoke;/mnt/e/SyncData/paper2_main/datasets/UFireIndoorFull/test/test_firesmoke/VSD3__lb_mixed_firesmoke__video5.mp4;none;/mnt/e/SyncData/paper2_main/zout/___reports/on_test_set/baseline_vs_accMotion_for_quality_vis/MainPC__ds_UFireIndoorTest__mt_no_temp_method__af4b0d32a3d2__20260330.205208;skipped;/mnt/e/SyncData/paper2_main/zout/___reports/on_test_set/baseline_vs_accMotion_for_quality_vis/MainPC__ds_UFireIndoorTest__mt_temp_method_motion_block__e1ccb7b889a0__20260421.145709
VSD3__lb_mixed_firesmoke__video5.mp4;1013;9018;fire_smoke;/mnt/e/SyncData/paper2_main/datasets/UFireIndoorFull/test/test_firesmoke/VSD3__lb_mixed_firesmoke__video5.mp4;none;/mnt/e/SyncData/paper2_main/zout/___reports/on_test_set/baseline_vs_accMotion_for_quality_vis/MainPC__ds_UFireIndoorTest__mt_no_temp_method__af4b0d32a3d2__20260330.205208;skipped;/mnt/e/SyncData/paper2_main/zout/___reports/on_test_set/baseline_vs_accMotion_for_quality_vis/MainPC__ds_UFireIndoorTest__mt_temp_method_motion_block__e1ccb7b889a0__20260421.145709
VSD3__lb_mixed_firesmoke__video5.mp4;1014;9018;fire_smoke;/mnt/e/SyncData/paper2_main/datasets/UFireIndoorFull/test/test_firesmoke/VSD3__lb_mixed_firesmoke__video5.mp4;none;/mnt/e/SyncData/paper2_main/zout/___reports/on_test_set/baseline_vs_accMotion_for_quality_vis/MainPC__ds_UFireIndoorTest__mt_no_temp_method__af4b0d32a3d2__20260330.205208;skipped;/mnt/e/SyncData/paper2_main/zout/___reports/on_test_set/baseline_vs_accMotion_for_quality_vis/MainPC__ds_UFireIndoorTest__mt_temp_method_motion_block__e1ccb7b889a0__20260421.145709
VSD3__lb_mixed_firesmoke__video5.mp4;1015;9018;fire_smoke;/mnt/e/SyncData/paper2_main/datasets/UFireIndoorFull/test/test_firesmoke/VSD3__lb_mixed_firesmoke__video5.mp4;none;/mnt/e/SyncData/paper2_main/zout/___reports/on_test_set/baseline_vs_accMotion_for_quality_vis/MainPC__ds_UFireIndoorTest__mt_no_temp_method__af4b0d32a3d2__20260330.205208;skipped;/mnt/e/SyncData/paper2_main/zout/___reports/on_test_set/baseline_vs_accMotion_for_quality_vis/MainPC__ds_UFireIndoorTest__mt_temp_method_motion_block__e1ccb7b889a0__20260421.145709
VSD3__lb_mixed_firesmoke__video5.mp4;1016;9018;fire_smoke;/mnt/e/SyncData/paper2_main/datasets/UFireIndoorFull/test/test_firesmoke/VSD3__lb_mixed_firesmoke__video5.mp4;none;/mnt/e/SyncData/paper2_main/zout/___reports/on_test_set/baseline_vs_accMotion_for_quality_vis/MainPC__ds_UFireIndoorTest__mt_no_temp_method__af4b0d32a3d2__20260330.205208;skipped;/mnt/e/SyncData/paper2_main/zout/___reports/on_test_set/baseline_vs_accMotion_for_quality_vis/MainPC__ds_UFireIndoorTest__mt_temp_method_motion_block__e1ccb7b889a0__20260421.145709
VSD3__lb_mixed_firesmoke__video5.mp4;1017;9018;fire_smoke;/mnt/e/SyncData/paper2_main/datasets/UFireIndoorFull/test/test_firesmoke/VSD3__lb_mixed_firesmoke__video5.mp4;none;/mnt/e/SyncData/paper2_main/zout/___reports/on_test_set/baseline_vs_accMotion_for_quality_vis/MainPC__ds_UFireIndoorTest__mt_no_temp_method__af4b0d32a3d2__20260330.205208;skipped;/mnt/e/SyncData/paper2_main/zout/___reports/on_test_set/baseline_vs_accMotion_for_quality_vis/MainPC__ds_UFireIndoorTest__mt_temp_method_motion_block__e1ccb7b889a0__20260421.145709
VSD3__lb_mixed_firesmoke__video5.mp4;1018;9018;fire_smoke;/mnt/e/SyncData/paper2_main/datasets/UFireIndoorFull/test/test_firesmoke/VSD3__lb_mixed_firesmoke__video5.mp4;none;/mnt/e/SyncData/paper2_main/zout/___reports/on_test_set/baseline_vs_accMotion_for_quality_vis/MainPC__ds_UFireIndoorTest__mt_no_temp_method__af4b0d32a3d2__20260330.205208;skipped;/mnt/e/SyncData/paper2_main/zout/___reports/on_test_set/baseline_vs_accMotion_for_quality_vis/MainPC__ds_UFireIndoorTest__mt_temp_method_motion_block__e1ccb7b889a0__20260421.145709
VSD3__lb_mixed_firesmoke__video5.mp4;1019;9018;fire_smoke;/mnt/e/SyncData/paper2_main/datasets/UFireIndoorFull/test/test_firesmoke/VSD3__lb_mixed_firesmoke__video5.mp4;none;/mnt/e/SyncData/paper2_main/zout/___reports/on_test_set/baseline_vs_accMotion_for_quality_vis/MainPC__ds_UFireIndoorTest__mt_no_temp_method__af4b0d32a3d2__20260330.205208;skipped;/mnt/e/SyncData/paper2_main/zout/___reports/on_test_set/baseline_vs_accMotion_for_quality_vis/MainPC__ds_UFireIndoorTest__mt_temp_method_motion_block__e1ccb7b889a0__20260421.145709
VSD3__lb_mixed_firesmoke__video5.mp4;1020;9018;fire_smoke;/mnt/e/SyncData/paper2_main/datasets/UFireIndoorFull/test/test_firesmoke/VSD3__lb_mixed_firesmoke__video5.mp4;none;/mnt/e/SyncData/paper2_main/zout/___reports/on_test_set/baseline_vs_accMotion_for_quality_vis/MainPC__ds_UFireIndoorTest__mt_no_temp_method__af4b0d32a3d2__20260330.205208;skipped;/mnt/e/SyncData/paper2_main/zout/___reports/on_test_set/baseline_vs_accMotion_for_quality_vis/MainPC__ds_UFireIndoorTest__mt_temp_method_motion_block__e1ccb7b889a0__20260421.145709
VSD3__lb_mixed_firesmoke__video5.mp4;1021;9018;fire_smoke;/mnt/e/SyncData/paper2_main/datasets/UFireIndoorFull/test/test_firesmoke/VSD3__lb_mixed_firesmoke__video5.mp4;none;/mnt/e/SyncData/paper2_main/zout/___reports/on_test_set/baseline_vs_accMotion_for_quality_vis/MainPC__ds_UFireIndoorTest__mt_no_temp_method__af4b0d32a3d2__20260330.205208;skipped;/mnt/e/SyncData/paper2_main/zout/___reports/on_test_set/baseline_vs_accMotion_for_quality_vis/MainPC__ds_UFireIndoorTest__mt_temp_method_motion_block__e1ccb7b889a0__20260421.145709
VSD3__lb_mixed_firesmoke__video5.mp4;1022;9018;fire_smoke;/mnt/e/SyncData/paper2_main/datasets/UFireIndoorFull/test/test_firesmoke/VSD3__lb_mixed_firesmoke__video5.mp4;none;/mnt/e/SyncData/paper2_main/zout/___reports/on_test_set/baseline_vs_accMotion_for_quality_vis/MainPC__ds_UFireIndoorTest__mt_no_temp_method__af4b0d32a3d2__20260330.205208;skipped;/mnt/e/SyncData/paper2_main/zout/___reports/on_test_set/baseline_vs_accMotion_for_quality_vis/MainPC__ds_UFireIndoorTest__mt_temp_method_motion_block__e1ccb7b889a0__20260421.145709
VSD3__lb_mixed_firesmoke__video5.mp4;1023;9018;fire_smoke;/mnt/e/SyncData/paper2_main/datasets/UFireIndoorFull/test/test_firesmoke/VSD3__lb_mixed_firesmoke__video5.mp4;none;/mnt/e/SyncData/paper2_main/zout/___reports/on_test_set/baseline_vs_accMotion_for_quality_vis/MainPC__ds_UFireIndoorTest__mt_no_temp_method__af4b0d32a3d2__20260330.205208;skipped;/mnt/e/SyncData/paper2_main/zout/___reports/on_test_set/baseline_vs_accMotion_for_quality_vis/MainPC__ds_UFireIndoorTest__mt_temp_method_motion_block__e1ccb7b889a0__20260421.145709
VSD3__lb_mixed_firesmoke__video5.mp4;1024;9018;fire_smoke;/mnt/e/SyncData/paper2_main/datasets/UFireIndoorFull/test/test_firesmoke/VSD3__lb_mixed_firesmoke__video5.mp4;none;/mnt/e/SyncData/paper2_main/zout/___reports/on_test_set/baseline_vs_accMotion_for_quality_vis/MainPC__ds_UFireIndoorTest__mt_no_temp_method__af4b0d32a3d2__20260330.205208;skipped;/mnt/e/SyncData/paper2_main/zout/___reports/on_test_set/baseline_vs_accMotion_for_quality_vis/MainPC__ds_UFireIndoorTest__mt_temp_method_motion_block__e1ccb7b889a0__20260421.145709
VSD3__lb_mixed_firesmoke__video5.mp4;1031;9018;fire_smoke;/mnt/e/SyncData/paper2_main/datasets/UFireIndoorFull/test/test_firesmoke/VSD3__lb_mixed_firesmoke__video5.mp4;none;/mnt/e/SyncData/paper2_main/zout/___reports/on_test_set/baseline_vs_accMotion_for_quality_vis/MainPC__ds_UFireIndoorTest__mt_no_temp_method__af4b0d32a3d2__20260330.205208;skipped;/mnt/e/SyncData/paper2_main/zout/___reports/on_test_set/baseline_vs_accMotion_for_quality_vis/MainPC__ds_UFireIndoorTest__mt_temp_method_motion_block__e1ccb7b889a0__20260421.145709
VSD3__lb_mixed_firesmoke__video5.mp4;1032;9018;fire_smoke;/mnt/e/SyncData/paper2_main/datasets/UFireIndoorFull/test/test_firesmoke/VSD3__lb_mixed_firesmoke__video5.mp4;none;/mnt/e/SyncData/paper2_main/zout/___reports/on_test_set/baseline_vs_accMotion_for_quality_vis/MainPC__ds_UFireIndoorTest__mt_no_temp_method__af4b0d32a3d2__20260330.205208;skipped;/mnt/e/SyncData/paper2_main/zout/___reports/on_test_set/baseline_vs_accMotion_for_quality_vis/MainPC__ds_UFireIndoorTest__mt_temp_method_motion_block__e1ccb7b889a0__20260421.145709
VSD3__lb_mixed_firesmoke__video5.mp4;1033;9018;fire_smoke;/mnt/e/SyncData/paper2_main/datasets/UFireIndoorFull/test/test_firesmoke/VSD3__lb_mixed_firesmoke__video5.mp4;none;/mnt/e/SyncData/paper2_main/zout/___reports/on_test_set/baseline_vs_accMotion_for_quality_vis/MainPC__ds_UFireIndoorTest__mt_no_temp_method__af4b0d32a3d2__20260330.205208;skipped;/mnt/e/SyncData/paper2_main/zout/___reports/on_test_set/baseline_vs_accMotion_for_quality_vis/MainPC__ds_UFireIndoorTest__mt_temp_method_motion_block__e1ccb7b889a0__20260421.145709
VSD3__lb_mixed_firesmoke__video5.mp4;1034;9018;fire_smoke;/mnt/e/SyncData/paper2_main/datasets/UFireIndoorFull/test/test_firesmoke/VSD3__lb_mixed_firesmoke__video5.mp4;none;/mnt/e/SyncData/paper2_main/zout/___reports/on_test_set/baseline_vs_accMotion_for_quality_vis/MainPC__ds_UFireIndoorTest__mt_no_temp_method__af4b0d32a3d2__20260330.205208;skipped;/mnt/e/SyncData/paper2_main/zout/___reports/on_test_set/baseline_vs_accMotion_for_quality_vis/MainPC__ds_UFireIndoorTest__mt_temp_method_motion_block__e1ccb7b889a0__20260421.145709
VSD3__lb_mixed_firesmoke__video5.mp4;1035;9018;fire_smoke;/mnt/e/SyncData/paper2_main/datasets/UFireIndoorFull/test/test_firesmoke/VSD3__lb_mixed_firesmoke__video5.mp4;none;/mnt/e/SyncData/paper2_main/zout/___reports/on_test_set/baseline_vs_accMotion_for_quality_vis/MainPC__ds_UFireIndoorTest__mt_no_temp_method__af4b0d32a3d2__20260330.205208;skipped;/mnt/e/SyncData/paper2_main/zout/___reports/on_test_set/baseline_vs_accMotion_for_quality_vis/MainPC__ds_UFireIndoorTest__mt_temp_method_motion_block__e1ccb7b889a0__20260421.145709
VSD3__lb_mixed_firesmoke__video5.mp4;1036;9018;fire_smoke;/mnt/e/SyncData/paper2_main/datasets/UFireIndoorFull/test/test_firesmoke/VSD3__lb_mixed_firesmoke__video5.mp4;none;/mnt/e/SyncData/paper2_main/zout/___reports/on_test_set/baseline_vs_accMotion_for_quality_vis/MainPC__ds_UFireIndoorTest__mt_no_temp_method__af4b0d32a3d2__20260330.205208;skipped;/mnt/e/SyncData/paper2_main/zout/___reports/on_test_set/baseline_vs_accMotion_for_quality_vis/MainPC__ds_UFireIndoorTest__mt_temp_method_motion_block__e1ccb7b889a0__20260421.145709
VSD3__lb_mixed_firesmoke__video5.mp4;1037;9018;fire_smoke;/mnt/e/SyncData/paper2_main/datasets/UFireIndoorFull/test/test_firesmoke/VSD3__lb_mixed_firesmoke__video5.mp4;none;/mnt/e/SyncData/paper2_main/zout/___reports/on_test_set/baseline_vs_accMotion_for_quality_vis/MainPC__ds_UFireIndoorTest__mt_no_temp_method__af4b0d32a3d2__20260330.205208;skipped;/mnt/e/SyncData/paper2_main/zout/___reports/on_test_set/baseline_vs_accMotion_for_quality_vis/MainPC__ds_UFireIndoorTest__mt_temp_method_motion_block__e1ccb7b889a0__20260421.145709
VSD3__lb_mixed_firesmoke__video5.mp4;1038;9018;fire_smoke;/mnt/e/SyncData/paper2_main/datasets/UFireIndoorFull/test/test_firesmoke/VSD3__lb_mixed_firesmoke__video5.mp4;none;/mnt/e/SyncData/paper2_main/zout/___reports/on_test_set/baseline_vs_accMotion_for_quality_vis/MainPC__ds_UFireIndoorTest__mt_no_temp_method__af4b0d32a3d2__20260330.205208;skipped;/mnt/e/SyncData/paper2_main/zout/___reports/on_test_set/baseline_vs_accMotion_for_quality_vis/MainPC__ds_UFireIndoorTest__mt_temp_method_motion_block__e1ccb7b889a0__20260421.145709
VSD3__lb_mixed_firesmoke__video5.mp4;1039;9018;fire_smoke;/mnt/e/SyncData/paper2_main/datasets/UFireIndoorFull/test/test_firesmoke/VSD3__lb_mixed_firesmoke__video5.mp4;none;/mnt/e/SyncData/paper2_main/zout/___reports/on_test_set/baseline_vs_accMotion_for_quality_vis/MainPC__ds_UFireIndoorTest__mt_no_temp_method__af4b0d32a3d2__20260330.205208;skipped;/mnt/e/SyncData/paper2_main/zout/___reports/on_test_set/baseline_vs_accMotion_for_quality_vis/MainPC__ds_UFireIndoorTest__mt_temp_method_motion_block__e1ccb7b889a0__20260421.145709
VSD3__lb_mixed_firesmoke__video5.mp4;1040;9018;fire_smoke;/mnt/e/SyncData/paper2_main/datasets/UFireIndoorFull/test/test_firesmoke/VSD3__lb_mixed_firesmoke__video5.mp4;none;/mnt/e/SyncData/paper2_main/zout/___reports/on_test_set/baseline_vs_accMotion_for_quality_vis/MainPC__ds_UFireIndoorTest__mt_no_temp_method__af4b0d32a3d2__20260330.205208;skipped;/mnt/e/SyncData/paper2_main/zout/___reports/on_test_set/baseline_vs_accMotion_for_quality_vis/MainPC__ds_UFireIndoorTest__mt_temp_method_motion_block__e1ccb7b889a0__20260421.145709
VSD3__lb_mixed_firesmoke__video5.mp4;1041;9018;fire_smoke;/mnt/e/SyncData/paper2_main/datasets/UFireIndoorFull/test/test_firesmoke/VSD3__lb_mixed_firesmoke__video5.mp4;none;/mnt/e/SyncData/paper2_main/zout/___reports/on_test_set/baseline_vs_accMotion_for_quality_vis/MainPC__ds_UFireIndoorTest__mt_no_temp_method__af4b0d32a3d2__20260330.205208;skipped;/mnt/e/SyncData/paper2_main/zout/___reports/on_test_set/baseline_vs_accMotion_for_quality_vis/MainPC__ds_UFireIndoorTest__mt_temp_method_motion_block__e1ccb7b889a0__20260421.145709
VSD3__lb_mixed_firesmoke__video5.mp4;1042;9018;fire_smoke;/mnt/e/SyncData/paper2_main/datasets/UFireIndoorFull/test/test_firesmoke/VSD3__lb_mixed_firesmoke__video5.mp4;none;/mnt/e/SyncData/paper2_main/zout/___reports/on_test_set/baseline_vs_accMotion_for_quality_vis/MainPC__ds_UFireIndoorTest__mt_no_temp_method__af4b0d32a3d2__20260330.205208;skipped;/mnt/e/SyncData/paper2_main/zout/___reports/on_test_set/baseline_vs_accMotion_for_quality_vis/MainPC__ds_UFireIndoorTest__mt_temp_method_motion_block__e1ccb7b889a0__20260421.145709
VSD3__lb_mixed_firesmoke__video5.mp4;1043;9018;fire_smoke;/mnt/e/SyncData/paper2_main/datasets/UFireIndoorFull/test/test_firesmoke/VSD3__lb_mixed_firesmoke__video5.mp4;none;/mnt/e/SyncData/paper2_main/zout/___reports/on_test_set/baseline_vs_accMotion_for_quality_vis/MainPC__ds_UFireIndoorTest__mt_no_temp_method__af4b0d32a3d2__20260330.205208;skipped;/mnt/e/SyncData/paper2_main/zout/___reports/on_test_set/baseline_vs_accMotion_for_quality_vis/MainPC__ds_UFireIndoorTest__mt_temp_method_motion_block__e1ccb7b889a0__20260421.145709
VSD3__lb_mixed_firesmoke__video5.mp4;1044;9018;fire_smoke;/mnt/e/SyncData/paper2_main/datasets/UFireIndoorFull/test/test_firesmoke/VSD3__lb_mixed_firesmoke__video5.mp4;none;/mnt/e/SyncData/paper2_main/zout/___reports/on_test_set/baseline_vs_accMotion_for_quality_vis/MainPC__ds_UFireIndoorTest__mt_no_temp_method__af4b0d32a3d2__20260330.205208;skipped;/mnt/e/SyncData/paper2_main/zout/___reports/on_test_set/baseline_vs_accMotion_for_quality_vis/MainPC__ds_UFireIndoorTest__mt_temp_method_motion_block__e1ccb7b889a0__20260421.145709
VSD3__lb_mixed_firesmoke__video5.mp4;1047;9018;fire_smoke;/mnt/e/SyncData/paper2_main/datasets/UFireIndoorFull/test/test_firesmoke/VSD3__lb_mixed_firesmoke__video5.mp4;none;/mnt/e/SyncData/paper2_main/zout/___reports/on_test_set/baseline_vs_accMotion_for_quality_vis/MainPC__ds_UFireIndoorTest__mt_no_temp_method__af4b0d32a3d2__20260330.205208;skipped;/mnt/e/SyncData/paper2_main/zout/___reports/on_test_set/baseline_vs_accMotion_for_quality_vis/MainPC__ds_UFireIndoorTest__mt_temp_method_motion_block__e1ccb7b889a0__20260421.145709
VSD3__lb_mixed_firesmoke__video5.mp4;1048;9018;fire_smoke;/mnt/e/SyncData/paper2_main/datasets/UFireIndoorFull/test/test_firesmoke/VSD3__lb_mixed_firesmoke__video5.mp4;none;/mnt/e/SyncData/paper2_main/zout/___reports/on_test_set/baseline_vs_accMotion_for_quality_vis/MainPC__ds_UFireIndoorTest__mt_no_temp_method__af4b0d32a3d2__20260330.205208;skipped;/mnt/e/SyncData/paper2_main/zout/___reports/on_test_set/baseline_vs_accMotion_for_quality_vis/MainPC__ds_UFireIndoorTest__mt_temp_method_motion_block__e1ccb7b889a0__20260421.145709
VSD3__lb_mixed_firesmoke__video5.mp4;1049;9018;fire_smoke;/mnt/e/SyncData/paper2_main/datasets/UFireIndoorFull/test/test_firesmoke/VSD3__lb_mixed_firesmoke__video5.mp4;none;/mnt/e/SyncData/paper2_main/zout/___reports/on_test_set/baseline_vs_accMotion_for_quality_vis/MainPC__ds_UFireIndoorTest__mt_no_temp_method__af4b0d32a3d2__20260330.205208;skipped;/mnt/e/SyncData/paper2_main/zout/___reports/on_test_set/baseline_vs_accMotion_for_quality_vis/MainPC__ds_UFireIndoorTest__mt_temp_method_motion_block__e1ccb7b889a0__20260421.145709
VSD3__lb_mixed_firesmoke__video5.mp4;1050;9018;fire_smoke;/mnt/e/SyncData/paper2_main/datasets/UFireIndoorFull/test/test_firesmoke/VSD3__lb_mixed_firesmoke__video5.mp4;none;/mnt/e/SyncData/paper2_main/zout/___reports/on_test_set/baseline_vs_accMotion_for_quality_vis/MainPC__ds_UFireIndoorTest__mt_no_temp_method__af4b0d32a3d2__20260330.205208;skipped;/mnt/e/SyncData/paper2_main/zout/___reports/on_test_set/baseline_vs_accMotion_for_quality_vis/MainPC__ds_UFireIndoorTest__mt_temp_method_motion_block__e1ccb7b889a0__20260421.145709
VSD3__lb_mixed_firesmoke__video5.mp4;1051;9018;fire_smoke;/mnt/e/SyncData/paper2_main/datasets/UFireIndoorFull/test/test_firesmoke/VSD3__lb_mixed_firesmoke__video5.mp4;none;/mnt/e/SyncData/paper2_main/zout/___reports/on_test_set/baseline_vs_accMotion_for_quality_vis/MainPC__ds_UFireIndoorTest__mt_no_temp_method__af4b0d32a3d2__20260330.205208;skipped;/mnt/e/SyncData/paper2_main/zout/___reports/on_test_set/baseline_vs_accMotion_for_quality_vis/MainPC__ds_UFireIndoorTest__mt_temp_method_motion_block__e1ccb7b889a0__20260421.145709
VSD3__lb_mixed_firesmoke__video5.mp4;1052;9018;fire_smoke;/mnt/e/SyncData/paper2_main/datasets/UFireIndoorFull/test/test_firesmoke/VSD3__lb_mixed_firesmoke__video5.mp4;none;/mnt/e/SyncData/paper2_main/zout/___reports/on_test_set/baseline_vs_accMotion_for_quality_vis/MainPC__ds_UFireIndoorTest__mt_no_temp_method__af4b0d32a3d2__20260330.205208;skipped;/mnt/e/SyncData/paper2_main/zout/___reports/on_test_set/baseline_vs_accMotion_for_quality_vis/MainPC__ds_UFireIndoorTest__mt_temp_method_motion_block__e1ccb7b889a0__20260421.145709
VSD3__lb_mixed_firesmoke__video5.mp4;1053;9018;fire_smoke;/mnt/e/SyncData/paper2_main/datasets/UFireIndoorFull/test/test_firesmoke/VSD3__lb_mixed_firesmoke__video5.mp4;none;/mnt/e/SyncData/paper2_main/zout/___reports/on_test_set/baseline_vs_accMotion_for_quality_vis/MainPC__ds_UFireIndoorTest__mt_no_temp_method__af4b0d32a3d2__20260330.205208;skipped;/mnt/e/SyncData/paper2_main/zout/___reports/on_test_set/baseline_vs_accMotion_for_quality_vis/MainPC__ds_UFireIndoorTest__mt_temp_method_motion_block__e1ccb7b889a0__20260421.145709
VSD3__lb_mixed_firesmoke__video5.mp4;1054;9018;fire_smoke;/mnt/e/SyncData/paper2_main/datasets/UFireIndoorFull/test/test_firesmoke/VSD3__lb_mixed_firesmoke__video5.mp4;none;/mnt/e/SyncData/paper2_main/zout/___reports/on_test_set/baseline_vs_accMotion_for_quality_vis/MainPC__ds_UFireIndoorTest__mt_no_temp_method__af4b0d32a3d2__20260330.205208;skipped;/mnt/e/SyncData/paper2_main/zout/___reports/on_test_set/baseline_vs_accMotion_for_quality_vis/MainPC__ds_UFireIndoorTest__mt_temp_method_motion_block__e1ccb7b889a0__20260421.145709
VSD3__lb_mixed_firesmoke__video5.mp4;1063;9018;fire_smoke;/mnt/e/SyncData/paper2_main/datasets/UFireIndoorFull/test/test_firesmoke/VSD3__lb_mixed_firesmoke__video5.mp4;none;/mnt/e/SyncData/paper2_main/zout/___reports/on_test_set/baseline_vs_accMotion_for_quality_vis/MainPC__ds_UFireIndoorTest__mt_no_temp_method__af4b0d32a3d2__20260330.205208;skipped;/mnt/e/SyncData/paper2_main/zout/___reports/on_test_set/baseline_vs_accMotion_for_quality_vis/MainPC__ds_UFireIndoorTest__mt_temp_method_motion_block__e1ccb7b889a0__20260421.145709
VSD3__lb_mixed_firesmoke__video5.mp4;1064;9018;fire_smoke;/mnt/e/SyncData/paper2_main/datasets/UFireIndoorFull/test/test_firesmoke/VSD3__lb_mixed_firesmoke__video5.mp4;none;/mnt/e/SyncData/paper2_main/zout/___reports/on_test_set/baseline_vs_accMotion_for_quality_vis/MainPC__ds_UFireIndoorTest__mt_no_temp_method__af4b0d32a3d2__20260330.205208;skipped;/mnt/e/SyncData/paper2_main/zout/___reports/on_test_set/baseline_vs_accMotion_for_quality_vis/MainPC__ds_UFireIndoorTest__mt_temp_method_motion_block__e1ccb7b889a0__20260421.145709
VSD3__lb_mixed_firesmoke__video5.mp4;1067;9018;fire_smoke;/mnt/e/SyncData/paper2_main/datasets/UFireIndoorFull/test/test_firesmoke/VSD3__lb_mixed_firesmoke__video5.mp4;none;/mnt/e/SyncData/paper2_main/zout/___reports/on_test_set/baseline_vs_accMotion_for_quality_vis/MainPC__ds_UFireIndoorTest__mt_no_temp_method__af4b0d32a3d2__20260330.205208;skipped;/mnt/e/SyncData/paper2_main/zout/___reports/on_test_set/baseline_vs_accMotion_for_quality_vis/MainPC__ds_UFireIndoorTest__mt_temp_method_motion_block__e1ccb7b889a0__20260421.145709
VSD3__lb_mixed_firesmoke__video5.mp4;1087;9018;fire_smoke;/mnt/e/SyncData/paper2_main/datasets/UFireIndoorFull/test/test_firesmoke/VSD3__lb_mixed_firesmoke__video5.mp4;none;/mnt/e/SyncData/paper2_main/zout/___reports/on_test_set/baseline_vs_accMotion_for_quality_vis/MainPC__ds_UFireIndoorTest__mt_no_temp_method__af4b0d32a3d2__20260330.205208;skipped;/mnt/e/SyncData/paper2_main/zout/___reports/on_test_set/baseline_vs_accMotion_for_quality_vis/MainPC__ds_UFireIndoorTest__mt_temp_method_motion_block__e1ccb7b889a0__20260421.145709
VSD3__lb_mixed_firesmoke__video5.mp4;1088;9018;fire_smoke;/mnt/e/SyncData/paper2_main/datasets/UFireIndoorFull/test/test_firesmoke/VSD3__lb_mixed_firesmoke__video5.mp4;none;/mnt/e/SyncData/paper2_main/zout/___reports/on_test_set/baseline_vs_accMotion_for_quality_vis/MainPC__ds_UFireIndoorTest__mt_no_temp_method__af4b0d32a3d2__20260330.205208;skipped;/mnt/e/SyncData/paper2_main/zout/___reports/on_test_set/baseline_vs_accMotion_for_quality_vis/MainPC__ds_UFireIndoorTest__mt_temp_method_motion_block__e1ccb7b889a0__20260421.145709
VSD3__lb_mixed_firesmoke__video5.mp4;1089;9018;fire_smoke;/mnt/e/SyncData/paper2_main/datasets/UFireIndoorFull/test/test_firesmoke/VSD3__lb_mixed_firesmoke__video5.mp4;none;/mnt/e/SyncData/paper2_main/zout/___reports/on_test_set/baseline_vs_accMotion_for_quality_vis/MainPC__ds_UFireIndoorTest__mt_no_temp_method__af4b0d32a3d2__20260330.205208;skipped;/mnt/e/SyncData/paper2_main/zout/___reports/on_test_set/baseline_vs_accMotion_for_quality_vis/MainPC__ds_UFireIndoorTest__mt_temp_method_motion_block__e1ccb7b889a0__20260421.145709
VSD3__lb_mixed_firesmoke__video5.mp4;1090;9018;fire_smoke;/mnt/e/SyncData/paper2_main/datasets/UFireIndoorFull/test/test_firesmoke/VSD3__lb_mixed_firesmoke__video5.mp4;none;/mnt/e/SyncData/paper2_main/zout/___reports/on_test_set/baseline_vs_accMotion_for_quality_vis/MainPC__ds_UFireIndoorTest__mt_no_temp_method__af4b0d32a3d2__20260330.205208;skipped;/mnt/e/SyncData/paper2_main/zout/___reports/on_test_set/baseline_vs_accMotion_for_quality_vis/MainPC__ds_UFireIndoorTest__mt_temp_method_motion_block__e1ccb7b889a0__20260421.145709
VSD3__lb_mixed_firesmoke__video5.mp4;1091;9018;fire_smoke;/mnt/e/SyncData/paper2_main/datasets/UFireIndoorFull/test/test_firesmoke/VSD3__lb_mixed_firesmoke__video5.mp4;none;/mnt/e/SyncData/paper2_main/zout/___reports/on_test_set/baseline_vs_accMotion_for_quality_vis/MainPC__ds_UFireIndoorTest__mt_no_temp_method__af4b0d32a3d2__20260330.205208;skipped;/mnt/e/SyncData/paper2_main/zout/___reports/on_test_set/baseline_vs_accMotion_for_quality_vis/MainPC__ds_UFireIndoorTest__mt_temp_method_motion_block__e1ccb7b889a0__20260421.145709
VSD3__lb_mixed_firesmoke__video5.mp4;1092;9018;fire_smoke;/mnt/e/SyncData/paper2_main/datasets/UFireIndoorFull/test/test_firesmoke/VSD3__lb_mixed_firesmoke__video5.mp4;none;/mnt/e/SyncData/paper2_main/zout/___reports/on_test_set/baseline_vs_accMotion_for_quality_vis/MainPC__ds_UFireIndoorTest__mt_no_temp_method__af4b0d32a3d2__20260330.205208;skipped;/mnt/e/SyncData/paper2_main/zout/___reports/on_test_set/baseline_vs_accMotion_for_quality_vis/MainPC__ds_UFireIndoorTest__mt_temp_method_motion_block__e1ccb7b889a0__20260421.145709
VSD3__lb_mixed_firesmoke__video5.mp4;1093;9018;fire_smoke;/mnt/e/SyncData/paper2_main/datasets/UFireIndoorFull/test/test_firesmoke/VSD3__lb_mixed_firesmoke__video5.mp4;none;/mnt/e/SyncData/paper2_main/zout/___reports/on_test_set/baseline_vs_accMotion_for_quality_vis/MainPC__ds_UFireIndoorTest__mt_no_temp_method__af4b0d32a3d2__20260330.205208;skipped;/mnt/e/SyncData/paper2_main/zout/___reports/on_test_set/baseline_vs_accMotion_for_quality_vis/MainPC__ds_UFireIndoorTest__mt_temp_method_motion_block__e1ccb7b889a0__20260421.145709
VSD3__lb_mixed_firesmoke__video5.mp4;1094;9018;fire_smoke;/mnt/e/SyncData/paper2_main/datasets/UFireIndoorFull/test/test_firesmoke/VSD3__lb_mixed_firesmoke__video5.mp4;none;/mnt/e/SyncData/paper2_main/zout/___reports/on_test_set/baseline_vs_accMotion_for_quality_vis/MainPC__ds_UFireIndoorTest__mt_no_temp_method__af4b0d32a3d2__20260330.205208;skipped;/mnt/e/SyncData/paper2_main/zout/___reports/on_test_set/baseline_vs_accMotion_for_quality_vis/MainPC__ds_UFireIndoorTest__mt_temp_method_motion_block__e1ccb7b889a0__20260421.145709
VSD3__lb_mixed_firesmoke__video5.mp4;1095;9018;fire_smoke;/mnt/e/SyncData/paper2_main/datasets/UFireIndoorFull/test/test_firesmoke/VSD3__lb_mixed_firesmoke__video5.mp4;none;/mnt/e/SyncData/paper2_main/zout/___reports/on_test_set/baseline_vs_accMotion_for_quality_vis/MainPC__ds_UFireIndoorTest__mt_no_temp_method__af4b0d32a3d2__20260330.205208;skipped;/mnt/e/SyncData/paper2_main/zout/___reports/on_test_set/baseline_vs_accMotion_for_quality_vis/MainPC__ds_UFireIndoorTest__mt_temp_method_motion_block__e1ccb7b889a0__20260421.145709
VSD3__lb_mixed_firesmoke__video5.mp4;1096;9018;fire_smoke;/mnt/e/SyncData/paper2_main/datasets/UFireIndoorFull/test/test_firesmoke/VSD3__lb_mixed_firesmoke__video5.mp4;none;/mnt/e/SyncData/paper2_main/zout/___reports/on_test_set/baseline_vs_accMotion_for_quality_vis/MainPC__ds_UFireIndoorTest__mt_no_temp_method__af4b0d32a3d2__20260330.205208;skipped;/mnt/e/SyncData/paper2_main/zout/___reports/on_test_set/baseline_vs_accMotion_for_quality_vis/MainPC__ds_UFireIndoorTest__mt_temp_method_motion_block__e1ccb7b889a0__20260421.145709
VSD3__lb_mixed_firesmoke__video5.mp4;1097;9018;fire_smoke;/mnt/e/SyncData/paper2_main/datasets/UFireIndoorFull/test/test_firesmoke/VSD3__lb_mixed_firesmoke__video5.mp4;none;/mnt/e/SyncData/paper2_main/zout/___reports/on_test_set/baseline_vs_accMotion_for_quality_vis/MainPC__ds_UFireIndoorTest__mt_no_temp_method__af4b0d32a3d2__20260330.205208;skipped;/mnt/e/SyncData/paper2_main/zout/___reports/on_test_set/baseline_vs_accMotion_for_quality_vis/MainPC__ds_UFireIndoorTest__mt_temp_method_motion_block__e1ccb7b889a0__20260421.145709
VSD3__lb_mixed_firesmoke__video5.mp4;1098;9018;fire_smoke;/mnt/e/SyncData/paper2_main/datasets/UFireIndoorFull/test/test_firesmoke/VSD3__lb_mixed_firesmoke__video5.mp4;none;/mnt/e/SyncData/paper2_main/zout/___reports/on_test_set/baseline_vs_accMotion_for_quality_vis/MainPC__ds_UFireIndoorTest__mt_no_temp_method__af4b0d32a3d2__20260330.205208;skipped;/mnt/e/SyncData/paper2_main/zout/___reports/on_test_set/baseline_vs_accMotion_for_quality_vis/MainPC__ds_UFireIndoorTest__mt_temp_method_motion_block__e1ccb7b889a0__20260421.145709
VSD3__lb_mixed_firesmoke__video5.mp4;1113;9018;fire_smoke;/mnt/e/SyncData/paper2_main/datasets/UFireIndoorFull/test/test_firesmoke/VSD3__lb_mixed_firesmoke__video5.mp4;none;/mnt/e/SyncData/paper2_main/zout/___reports/on_test_set/baseline_vs_accMotion_for_quality_vis/MainPC__ds_UFireIndoorTest__mt_no_temp_method__af4b0d32a3d2__20260330.205208;skipped;/mnt/e/SyncData/paper2_main/zout/___reports/on_test_set/baseline_vs_accMotion_for_quality_vis/MainPC__ds_UFireIndoorTest__mt_temp_method_motion_block__e1ccb7b889a0__20260421.145709
VSD3__lb_mixed_firesmoke__video5.mp4;1114;9018;fire_smoke;/mnt/e/SyncData/paper2_main/datasets/UFireIndoorFull/test/test_firesmoke/VSD3__lb_mixed_firesmoke__video5.mp4;none;/mnt/e/SyncData/paper2_main/zout/___reports/on_test_set/baseline_vs_accMotion_for_quality_vis/MainPC__ds_UFireIndoorTest__mt_no_temp_method__af4b0d32a3d2__20260330.205208;skipped;/mnt/e/SyncData/paper2_main/zout/___reports/on_test_set/baseline_vs_accMotion_for_quality_vis/MainPC__ds_UFireIndoorTest__mt_temp_method_motion_block__e1ccb7b889a0__20260421.145709
VSD3__lb_mixed_firesmoke__video5.mp4;1118;9018;fire_smoke;/mnt/e/SyncData/paper2_main/datasets/UFireIndoorFull/test/test_firesmoke/VSD3__lb_mixed_firesmoke__video5.mp4;none;/mnt/e/SyncData/paper2_main/zout/___reports/on_test_set/baseline_vs_accMotion_for_quality_vis/MainPC__ds_UFireIndoorTest__mt_no_temp_method__af4b0d32a3d2__20260330.205208;skipped;/mnt/e/SyncData/paper2_main/zout/___reports/on_test_set/baseline_vs_accMotion_for_quality_vis/MainPC__ds_UFireIndoorTest__mt_temp_method_motion_block__e1ccb7b889a0__20260421.145709
VSD3__lb_mixed_firesmoke__video5.mp4;1119;9018;fire_smoke;/mnt/e/SyncData/paper2_main/datasets/UFireIndoorFull/test/test_firesmoke/VSD3__lb_mixed_firesmoke__video5.mp4;none;/mnt/e/SyncData/paper2_main/zout/___reports/on_test_set/baseline_vs_accMotion_for_quality_vis/MainPC__ds_UFireIndoorTest__mt_no_temp_method__af4b0d32a3d2__20260330.205208;skipped;/mnt/e/SyncData/paper2_main/zout/___reports/on_test_set/baseline_vs_accMotion_for_quality_vis/MainPC__ds_UFireIndoorTest__mt_temp_method_motion_block__e1ccb7b889a0__20260421.145709
VSD3__lb_mixed_firesmoke__video5.mp4;1120;9018;fire_smoke;/mnt/e/SyncData/paper2_main/datasets/UFireIndoorFull/test/test_firesmoke/VSD3__lb_mixed_firesmoke__video5.mp4;none;/mnt/e/SyncData/paper2_main/zout/___reports/on_test_set/baseline_vs_accMotion_for_quality_vis/MainPC__ds_UFireIndoorTest__mt_no_temp_method__af4b0d32a3d2__20260330.205208;skipped;/mnt/e/SyncData/paper2_main/zout/___reports/on_test_set/baseline_vs_accMotion_for_quality_vis/MainPC__ds_UFireIndoorTest__mt_temp_method_motion_block__e1ccb7b889a0__20260421.145709
VSD3__lb_mixed_firesmoke__video5.mp4;1121;9018;fire_smoke;/mnt/e/SyncData/paper2_main/datasets/UFireIndoorFull/test/test_firesmoke/VSD3__lb_mixed_firesmoke__video5.mp4;none;/mnt/e/SyncData/paper2_main/zout/___reports/on_test_set/baseline_vs_accMotion_for_quality_vis/MainPC__ds_UFireIndoorTest__mt_no_temp_method__af4b0d32a3d2__20260330.205208;skipped;/mnt/e/SyncData/paper2_main/zout/___reports/on_test_set/baseline_vs_accMotion_for_quality_vis/MainPC__ds_UFireIndoorTest__mt_temp_method_motion_block__e1ccb7b889a0__20260421.145709
VSD3__lb_mixed_firesmoke__video5.mp4;1122;9018;fire_smoke;/mnt/e/SyncData/paper2_main/datasets/UFireIndoorFull/test/test_firesmoke/VSD3__lb_mixed_firesmoke__video5.mp4;none;/mnt/e/SyncData/paper2_main/zout/___reports/on_test_set/baseline_vs_accMotion_for_quality_vis/MainPC__ds_UFireIndoorTest__mt_no_temp_method__af4b0d32a3d2__20260330.205208;skipped;/mnt/e/SyncData/paper2_main/zout/___reports/on_test_set/baseline_vs_accMotion_for_quality_vis/MainPC__ds_UFireIndoorTest__mt_temp_method_motion_block__e1ccb7b889a0__20260421.145709
VSD3__lb_mixed_firesmoke__video5.mp4;1126;9018;fire_smoke;/mnt/e/SyncData/paper2_main/datasets/UFireIndoorFull/test/test_firesmoke/VSD3__lb_mixed_firesmoke__video5.mp4;none;/mnt/e/SyncData/paper2_main/zout/___reports/on_test_set/baseline_vs_accMotion_for_quality_vis/MainPC__ds_UFireIndoorTest__mt_no_temp_method__af4b0d32a3d2__20260330.205208;skipped;/mnt/e/SyncData/paper2_main/zout/___reports/on_test_set/baseline_vs_accMotion_for_quality_vis/MainPC__ds_UFireIndoorTest__mt_temp_method_motion_block__e1ccb7b889a0__20260421.145709
VSD3__lb_mixed_firesmoke__video5.mp4;1127;9018;fire_smoke;/mnt/e/SyncData/paper2_main/datasets/UFireIndoorFull/test/test_firesmoke/VSD3__lb_mixed_firesmoke__video5.mp4;none;/mnt/e/SyncData/paper2_main/zout/___reports/on_test_set/baseline_vs_accMotion_for_quality_vis/MainPC__ds_UFireIndoorTest__mt_no_temp_method__af4b0d32a3d2__20260330.205208;skipped;/mnt/e/SyncData/paper2_main/zout/___reports/on_test_set/baseline_vs_accMotion_for_quality_vis/MainPC__ds_UFireIndoorTest__mt_temp_method_motion_block__e1ccb7b889a0__20260421.145709
VSD3__lb_mixed_firesmoke__video5.mp4;1128;9018;fire_smoke;/mnt/e/SyncData/paper2_main/datasets/UFireIndoorFull/test/test_firesmoke/VSD3__lb_mixed_firesmoke__video5.mp4;none;/mnt/e/SyncData/paper2_main/zout/___reports/on_test_set/baseline_vs_accMotion_for_quality_vis/MainPC__ds_UFireIndoorTest__mt_no_temp_method__af4b0d32a3d2__20260330.205208;skipped;/mnt/e/SyncData/paper2_main/zout/___reports/on_test_set/baseline_vs_accMotion_for_quality_vis/MainPC__ds_UFireIndoorTest__mt_temp_method_motion_block__e1ccb7b889a0__20260421.145709
VSD3__lb_mixed_firesmoke__video5.mp4;1129;9018;fire_smoke;/mnt/e/SyncData/paper2_main/datasets/UFireIndoorFull/test/test_firesmoke/VSD3__lb_mixed_firesmoke__video5.mp4;none;/mnt/e/SyncData/paper2_main/zout/___reports/on_test_set/baseline_vs_accMotion_for_quality_vis/MainPC__ds_UFireIndoorTest__mt_no_temp_method__af4b0d32a3d2__20260330.205208;skipped;/mnt/e/SyncData/paper2_main/zout/___reports/on_test_set/baseline_vs_accMotion_for_quality_vis/MainPC__ds_UFireIndoorTest__mt_temp_method_motion_block__e1ccb7b889a0__20260421.145709
VSD3__lb_mixed_firesmoke__video5.mp4;1130;9018;fire_smoke;/mnt/e/SyncData/paper2_main/datasets/UFireIndoorFull/test/test_firesmoke/VSD3__lb_mixed_firesmoke__video5.mp4;none;/mnt/e/SyncData/paper2_main/zout/___reports/on_test_set/baseline_vs_accMotion_for_quality_vis/MainPC__ds_UFireIndoorTest__mt_no_temp_method__af4b0d32a3d2__20260330.205208;skipped;/mnt/e/SyncData/paper2_main/zout/___reports/on_test_set/baseline_vs_accMotion_for_quality_vis/MainPC__ds_UFireIndoorTest__mt_temp_method_motion_block__e1ccb7b889a0__20260421.145709
VSD3__lb_mixed_firesmoke__video5.mp4;1131;9018;fire_smoke;/mnt/e/SyncData/paper2_main/datasets/UFireIndoorFull/test/test_firesmoke/VSD3__lb_mixed_firesmoke__video5.mp4;none;/mnt/e/SyncData/paper2_main/zout/___reports/on_test_set/baseline_vs_accMotion_for_quality_vis/MainPC__ds_UFireIndoorTest__mt_no_temp_method__af4b0d32a3d2__20260330.205208;skipped;/mnt/e/SyncData/paper2_main/zout/___reports/on_test_set/baseline_vs_accMotion_for_quality_vis/MainPC__ds_UFireIndoorTest__mt_temp_method_motion_block__e1ccb7b889a0__20260421.145709
VSD3__lb_mixed_firesmoke__video5.mp4;1132;9018;fire_smoke;/mnt/e/SyncData/paper2_main/datasets/UFireIndoorFull/test/test_firesmoke/VSD3__lb_mixed_firesmoke__video5.mp4;none;/mnt/e/SyncData/paper2_main/zout/___reports/on_test_set/baseline_vs_accMotion_for_quality_vis/MainPC__ds_UFireIndoorTest__mt_no_temp_method__af4b0d32a3d2__20260330.205208;skipped;/mnt/e/SyncData/paper2_main/zout/___reports/on_test_set/baseline_vs_accMotion_for_quality_vis/MainPC__ds_UFireIndoorTest__mt_temp_method_motion_block__e1ccb7b889a0__20260421.145709
VSD3__lb_mixed_firesmoke__video5.mp4;1133;9018;fire_smoke;/mnt/e/SyncData/paper2_main/datasets/UFireIndoorFull/test/test_firesmoke/VSD3__lb_mixed_firesmoke__video5.mp4;none;/mnt/e/SyncData/paper2_main/zout/___reports/on_test_set/baseline_vs_accMotion_for_quality_vis/MainPC__ds_UFireIndoorTest__mt_no_temp_method__af4b0d32a3d2__20260330.205208;skipped;/mnt/e/SyncData/paper2_main/zout/___reports/on_test_set/baseline_vs_accMotion_for_quality_vis/MainPC__ds_UFireIndoorTest__mt_temp_method_motion_block__e1ccb7b889a0__20260421.145709
VSD3__lb_mixed_firesmoke__video5.mp4;1134;9018;fire_smoke;/mnt/e/SyncData/paper2_main/datasets/UFireIndoorFull/test/test_firesmoke/VSD3__lb_mixed_firesmoke__video5.mp4;none;/mnt/e/SyncData/paper2_main/zout/___reports/on_test_set/baseline_vs_accMotion_for_quality_vis/MainPC__ds_UFireIndoorTest__mt_no_temp_method__af4b0d32a3d2__20260330.205208;skipped;/mnt/e/SyncData/paper2_main/zout/___reports/on_test_set/baseline_vs_accMotion_for_quality_vis/MainPC__ds_UFireIndoorTest__mt_temp_method_motion_block__e1ccb7b889a0__20260421.145709
VSD3__lb_mixed_firesmoke__video5.mp4;1135;9018;fire_smoke;/mnt/e/SyncData/paper2_main/datasets/UFireIndoorFull/test/test_firesmoke/VSD3__lb_mixed_firesmoke__video5.mp4;none;/mnt/e/SyncData/paper2_main/zout/___reports/on_test_set/baseline_vs_accMotion_for_quality_vis/MainPC__ds_UFireIndoorTest__mt_no_temp_method__af4b0d32a3d2__20260330.205208;skipped;/mnt/e/SyncData/paper2_main/zout/___reports/on_test_set/baseline_vs_accMotion_for_quality_vis/MainPC__ds_UFireIndoorTest__mt_temp_method_motion_block__e1ccb7b889a0__20260421.145709
VSD3__lb_mixed_firesmoke__video5.mp4;1136;9018;fire_smoke;/mnt/e/SyncData/paper2_main/datasets/UFireIndoorFull/test/test_firesmoke/VSD3__lb_mixed_firesmoke__video5.mp4;none;/mnt/e/SyncData/paper2_main/zout/___reports/on_test_set/baseline_vs_accMotion_for_quality_vis/MainPC__ds_UFireIndoorTest__mt_no_temp_method__af4b0d32a3d2__20260330.205208;skipped;/mnt/e/SyncData/paper2_main/zout/___reports/on_test_set/baseline_vs_accMotion_for_quality_vis/MainPC__ds_UFireIndoorTest__mt_temp_method_motion_block__e1ccb7b889a0__20260421.145709
VSD3__lb_mixed_firesmoke__video5.mp4;1137;9018;fire_smoke;/mnt/e/SyncData/paper2_main/datasets/UFireIndoorFull/test/test_firesmoke/VSD3__lb_mixed_firesmoke__video5.mp4;none;/mnt/e/SyncData/paper2_main/zout/___reports/on_test_set/baseline_vs_accMotion_for_quality_vis/MainPC__ds_UFireIndoorTest__mt_no_temp_method__af4b0d32a3d2__20260330.205208;skipped;/mnt/e/SyncData/paper2_main/zout/___reports/on_test_set/baseline_vs_accMotion_for_quality_vis/MainPC__ds_UFireIndoorTest__mt_temp_method_motion_block__e1ccb7b889a0__20260421.145709
VSD3__lb_mixed_firesmoke__video5.mp4;1138;9018;fire_smoke;/mnt/e/SyncData/paper2_main/datasets/UFireIndoorFull/test/test_firesmoke/VSD3__lb_mixed_firesmoke__video5.mp4;none;/mnt/e/SyncData/paper2_main/zout/___reports/on_test_set/baseline_vs_accMotion_for_quality_vis/MainPC__ds_UFireIndoorTest__mt_no_temp_method__af4b0d32a3d2__20260330.205208;skipped;/mnt/e/SyncData/paper2_main/zout/___reports/on_test_set/baseline_vs_accMotion_for_quality_vis/MainPC__ds_UFireIndoorTest__mt_temp_method_motion_block__e1ccb7b889a0__20260421.145709
VSD3__lb_mixed_firesmoke__video5.mp4;1139;9018;fire_smoke;/mnt/e/SyncData/paper2_main/datasets/UFireIndoorFull/test/test_firesmoke/VSD3__lb_mixed_firesmoke__video5.mp4;none;/mnt/e/SyncData/paper2_main/zout/___reports/on_test_set/baseline_vs_accMotion_for_quality_vis/MainPC__ds_UFireIndoorTest__mt_no_temp_method__af4b0d32a3d2__20260330.205208;skipped;/mnt/e/SyncData/paper2_main/zout/___reports/on_test_set/baseline_vs_accMotion_for_quality_vis/MainPC__ds_UFireIndoorTest__mt_temp_method_motion_block__e1ccb7b889a0__20260421.145709
VSD3__lb_mixed_firesmoke__video5.mp4;1140;9018;fire_smoke;/mnt/e/SyncData/paper2_main/datasets/UFireIndoorFull/test/test_firesmoke/VSD3__lb_mixed_firesmoke__video5.mp4;none;/mnt/e/SyncData/paper2_main/zout/___reports/on_test_set/baseline_vs_accMotion_for_quality_vis/MainPC__ds_UFireIndoorTest__mt_no_temp_method__af4b0d32a3d2__20260330.205208;skipped;/mnt/e/SyncData/paper2_main/zout/___reports/on_test_set/baseline_vs_accMotion_for_quality_vis/MainPC__ds_UFireIndoorTest__mt_temp_method_motion_block__e1ccb7b889a0__20260421.145709
VSD3__lb_mixed_firesmoke__video5.mp4;1141;9018;fire_smoke;/mnt/e/SyncData/paper2_main/datasets/UFireIndoorFull/test/test_firesmoke/VSD3__lb_mixed_firesmoke__video5.mp4;none;/mnt/e/SyncData/paper2_main/zout/___reports/on_test_set/baseline_vs_accMotion_for_quality_vis/MainPC__ds_UFireIndoorTest__mt_no_temp_method__af4b0d32a3d2__20260330.205208;skipped;/mnt/e/SyncData/paper2_main/zout/___reports/on_test_set/baseline_vs_accMotion_for_quality_vis/MainPC__ds_UFireIndoorTest__mt_temp_method_motion_block__e1ccb7b889a0__20260421.145709
VSD3__lb_mixed_firesmoke__video5.mp4;1142;9018;fire_smoke;/mnt/e/SyncData/paper2_main/datasets/UFireIndoorFull/test/test_firesmoke/VSD3__lb_mixed_firesmoke__video5.mp4;none;/mnt/e/SyncData/paper2_main/zout/___reports/on_test_set/baseline_vs_accMotion_for_quality_vis/MainPC__ds_UFireIndoorTest__mt_no_temp_method__af4b0d32a3d2__20260330.205208;skipped;/mnt/e/SyncData/paper2_main/zout/___reports/on_test_set/baseline_vs_accMotion_for_quality_vis/MainPC__ds_UFireIndoorTest__mt_temp_method_motion_block__e1ccb7b889a0__20260421.145709
